Icon,Name,Latitude,Longitude,Ell.Height (m),Code,Solution Type,PP Correction Status,Control,Note,Photo Notes,Layer,Source,Std Dev n (m),Std Dev e (m),Std Dev u (m),Std Dev Hz (m),Color,Point Symbol,Antenna Type,Antenna Height (m),Ant Height Method,Start Time,Stop Time,Duration,GPS Satellites,GLONASS Satellites,PDOP,HDOP,VDOP,Geoid Separation (m),Weighted residual n (m),Weighted residual e (m),Weighted residual u (m)
 ,20251209101609 2025-12-09 10:33:25.156472400 AM,31.81477206,54.64121527,1387.772,USER,Fixed,Corrected,None,376, ,BYCODE(0), ,0.014,0.011,0.013,0.018,         BYLAYER,  BYCODE, ,0,Vertical,12/9/2025 10:33, , , , ,1.344,0.684,1.157, , , , 
 ,20251209104520 2025-12-09 11:01:23.068995200 AM,31.80922545,54.6458712,1403.749,USER,Fixed,Corrected,None,347, ,BYCODE(0), ,0.016,0.011,0.014,0.019,         BYLAYER,  BYCODE, ,0,Vertical,12/9/2025 11:01, , , , ,1.72,0.763,1.541, , , , 
 ,20251209104520 2025-12-09 11:01:25.055753200 AM,31.80934746,54.64602456,1404.077,USER,Fixed,Corrected,None,348, ,BYCODE(0), ,0.016,0.011,0.014,0.019,         BYLAYER,  BYCODE, ,0,Vertical,12/9/2025 11:01, , , , ,1.72,0.763,1.541, , , , 
 ,20251209104520 2025-12-09 11:01:27.050685200 AM,31.80947036,54.64617834,1404.311,USER,Fixed,Corrected,None,349, ,BYCODE(0), ,0.016,0.011,0.014,0.019,         BYLAYER,  BYCODE, ,0,Vertical,12/9/2025 11:01, , , , ,1.72,0.763,1.541, , , , 
 ,20251209104520 2025-12-09 11:01:29.045689100 AM,31.80959318,54.64633251,1404.585,USER,Fixed,Corrected,None,350, ,BYCODE(0), ,0.016,0.011,0.014,0.019,         BYLAYER,  BYCODE, ,0,Vertical,12/9/2025 11:01, , , , ,1.72,0.763,1.541, , , , 
 ,20251209104520 2025-12-09 11:01:31.013745300 AM,31.80971366,54.64648399,1404.955,USER,Fixed,Corrected,None,351, ,BYCODE(0), ,0.016,0.011,0.014,0.019,         BYLAYER,  BYCODE, ,0,Vertical,12/9/2025 11:01, , , , ,1.72,0.763,1.542, , , , 
 ,20251209104520 2025-12-09 11:01:33.035584700 AM,31.80983792,54.64664089,1405.461,USER,Fixed,Corrected,None,352, ,BYCODE(0), ,0.016,0.011,0.014,0.019,         BYLAYER,  BYCODE, ,0,Vertical,12/9/2025 11:01, , , , ,1.72,0.763,1.542, , , , 
 ,20251209104520 2025-12-09 11:01:35.207720500 AM,31.80995492,54.64679209,1405.963,USER,Fixed,Corrected,None,353, ,BYCODE(0), ,0.016,0.011,0.014,0.019,         BYLAYER,  BYCODE, ,0,Vertical,12/9/2025 11:01, , , , ,1.72,0.763,1.542, , , , 
 ,20251209104520 2025-12-09 11:01:37.098796800 AM,31.80997378,54.6468589,1406.089,USER,Fixed,Corrected,None,354, ,BYCODE(0), ,0.016,0.011,0.014,0.019,         BYLAYER,  BYCODE, ,0,Vertical,12/9/2025 11:01, , , , ,1.721,0.763,1.542, , , , 
 ,20251209104520 2025-12-09 11:01:40.458039500 AM,31.80979493,54.64693206,1405.47,USER,Fixed,Corrected,None,355, ,BYCODE(0), ,0.016,0.012,0.014,0.019,         BYLAYER,  BYCODE, ,0,Vertical,12/9/2025 11:01, , , , ,1.721,0.763,1.542, , , , 
 ,20251209104520 2025-12-09 11:01:42.912396000 AM,31.80964113,54.64695515,1405.69,USER,Fixed,Corrected,None,356, ,BYCODE(0), ,0.016,0.012,0.014,0.019,         BYLAYER,  BYCODE, ,0,Vertical,12/9/2025 11:01, , , , ,1.721,0.763,1.543, , , , 
 ,20251209073132 2025-12-09 7:36:57.732669400 AM,31.84519406,54.62140369,1395.249,USER,Partial,Corrected,None,59, ,BYCODE(0), ,0.012,0.011,0.013,0.016,         BYLAYER,  BYCODE, ,0,Vertical,12/9/2025 7:36, , , , ,1.49,0.71,1.31, , , , 
 ,20251209063040 2025-12-09 6:46:36.420736100 AM,31.85233627,54.61002394,1390.519,USER,Partial,Corrected,None,376, ,BYCODE(0), ,0.016,0.013,0.014,0.02,         BYLAYER,  BYCODE, ,0,Vertical,12/9/2025 6:46, , , , ,1.323,0.737,1.099, , , , 
 ,20251209063040 2025-12-09 6:43:14.056170000 AM,31.85293099,54.60786768,1389.01,USER,Partial,Corrected,None,282, ,BYCODE(0), ,0.016,0.013,0.014,0.021,         BYLAYER,  BYCODE, ,0,Vertical,12/9/2025 6:43, , , , ,1.339,0.774,1.093, , , , 
 ,20251209063040 2025-12-09 6:35:30.843347800 AM,31.85652148,54.60546322,1391.952,USER,Fixed,Corrected,None,64, ,BYCODE(0), ,0.015,0.013,0.014,0.02,         BYLAYER,  BYCODE, ,0,Vertical,12/9/2025 6:35, , , , ,1.316,0.778,1.061, , , , 
 ,20251209073132 2025-12-09 7:43:43.846616000 AM,31.84270896,54.62403162,1391.643,USER,Fixed,Corrected,None,248, ,BYCODE(0), ,0.013,0.011,0.011,0.016,         BYLAYER,  BYCODE, ,0,Vertical,12/9/2025 7:43, , , , ,1.277,0.65,1.099, , , , 
 ,20251209070015 2025-12-09 7:06:53.202470300 AM,31.84857888,54.61227936,1386.28,USER,Fixed,Corrected,None,96, ,BYCODE(0), ,0.013,0.012,0.014,0.018,         BYLAYER,  BYCODE, ,0,Vertical,12/9/2025 7:06, , , , ,1.29,0.676,1.099, , , , 
 ,20251209063040 2025-12-09 6:49:41.689029700 AM,31.85022931,54.60969343,1387.536,USER,Partial,Corrected,None,464, ,BYCODE(0), ,0.016,0.013,0.014,0.02,         BYLAYER,  BYCODE, ,0,Vertical,12/9/2025 6:49, , , , ,1.334,0.736,1.112, , , , 
 ,20251209070015 2025-12-09 7:12:18.432753600 AM,31.84677702,54.61464284,1387.55,USER,Partial,Corrected,None,248, ,BYCODE(0), ,0.013,0.012,0.013,0.018,         BYLAYER,  BYCODE, ,0,Vertical,12/9/2025 7:12, , , , ,1.289,0.674,1.099, , , , 
 ,20251209081532 2025-12-09 8:24:55.531606900 AM,31.83735608,54.62950939,1389.724,USER,Fixed,Corrected,None,164, ,BYCODE(0), ,0.013,0.01,0.011,0.016,         BYLAYER,  BYCODE, ,0,Vertical,12/9/2025 8:24, , , , ,1.222,0.636,1.044, , , , 
 ,20251209081532 2025-12-09 8:26:10.543167100 AM,31.83693607,54.62957545,1388.759,USER,Fixed,Corrected,None,200, ,BYCODE(0), ,0.013,0.01,0.011,0.017,         BYLAYER,  BYCODE, ,0,Vertical,12/9/2025 8:26, , , , ,1.222,0.635,1.044, , , , 
 ,20251209081532 2025-12-09 8:32:31.271003200 AM,31.83248625,54.62977282,1382.872,USER,Fixed,Corrected,None,378, ,BYCODE(0), ,0.014,0.011,0.012,0.017,         BYLAYER,  BYCODE, ,0,Vertical,12/9/2025 8:32, , , , ,1.196,0.628,1.018, , , , 
 ,20251209070015 2025-12-09 7:17:15.794810500 AM,31.84697285,54.61931584,1392.318,USER,Partial,Corrected,None,390, ,BYCODE(0), ,0.014,0.011,0.013,0.018,         BYLAYER,  BYCODE, ,0,Vertical,12/9/2025 7:17, , , , ,1.302,0.676,1.112, , , , 
 ,20251209073132 2025-12-09 7:51:44.350964300 AM,31.83783658,54.62434587,1384.607,USER,Fixed,Corrected,None,468, ,BYCODE(0), ,0.014,0.01,0.011,0.017,         BYLAYER,  BYCODE, ,0,Vertical,12/9/2025 7:51, , , , ,1.498,0.752,1.296, , , , 
 ,20251209063040 2025-12-09 6:39:34.085938200 AM,31.85520325,54.60759615,1392.138,USER,Fixed,Corrected,None,179, ,BYCODE(0), ,0.015,0.013,0.014,0.02,         BYLAYER,  BYCODE, ,0,Vertical,12/9/2025 6:39, , , , ,1.335,0.781,1.083, , , , 
 ,20251209070015 2025-12-09 7:06:54.970815700 AM,31.8485191,54.6122439,1386.158,USER,Fixed,Corrected,None,97, ,BYCODE(0), ,0.013,0.012,0.014,0.018,         BYLAYER,  BYCODE, ,0,Vertical,12/9/2025 7:06, , , , ,1.29,0.676,1.099, , , , 
 ,20251209073132 2025-12-09 7:41:41.280094400 AM,31.84157254,54.62086528,1388.004,USER,Fixed,Corrected,None,191, ,BYCODE(0), ,0.012,0.01,0.011,0.016,         BYLAYER,  BYCODE, ,0,Vertical,12/9/2025 7:41, , , , ,1.277,0.651,1.098, , , , 
 ,20251209073132 2025-12-09 7:47:22.382785100 AM,31.83993242,54.6234543,1386.635,USER,Fixed,Corrected,None,343, ,BYCODE(0), ,0.013,0.01,0.011,0.016,         BYLAYER,  BYCODE, ,0,Vertical,12/9/2025 7:47, , , , ,1.284,0.656,1.104, , , , 
 ,20251209081532 2025-12-09 8:25:35.169734700 AM,31.83505056,54.62699422,1384.187,USER,Fixed,Corrected,None,183, ,BYCODE(0), ,0.013,0.01,0.011,0.016,         BYLAYER,  BYCODE, ,0,Vertical,12/9/2025 8:25, , , , ,1.222,0.636,1.044, , , , 
 ,20251209063040 2025-12-09 6:46:38.376431200 AM,31.85221546,54.60987303,1390.21,USER,Partial,Corrected,None,377, ,BYCODE(0), ,0.016,0.013,0.014,0.02,         BYLAYER,  BYCODE, ,0,Vertical,12/9/2025 6:46, , , , ,1.323,0.737,1.099, , , , 
 ,20251209063040 2025-12-09 6:43:16.049092500 AM,31.8530533,54.60802211,1389.247,USER,Partial,Corrected,None,283, ,BYCODE(0), ,0.016,0.013,0.014,0.021,         BYLAYER,  BYCODE, ,0,Vertical,12/9/2025 6:43, , , , ,1.339,0.774,1.093, , , , 
 ,20251209063040 2025-12-09 6:49:43.075814500 AM,31.85018414,54.60967856,1386.787,USER,Fixed,Corrected,None,465, ,BYCODE(0), ,0.016,0.013,0.014,0.02,         BYLAYER,  BYCODE, ,0,Vertical,12/9/2025 6:49, , , , ,1.334,0.736,1.112, , , , 
 ,20251209073132 2025-12-09 7:39:26.991990800 AM,31.84345002,54.62147945,1392.815,USER,Fixed,Corrected,None,128, ,BYCODE(0), ,0.012,0.01,0.011,0.016,         BYLAYER,  BYCODE, ,0,Vertical,12/9/2025 7:39, , , , ,1.488,0.708,1.308, , , , 
 ,20251209063040 2025-12-09 6:35:33.764812500 AM,31.85642307,54.60564328,1391.592,USER,Partial,Corrected,None,65, ,BYCODE(0), ,0.015,0.013,0.014,0.02,         BYLAYER,  BYCODE, ,0,Vertical,12/9/2025 6:35, , , , ,1.316,0.778,1.061, , , , 
 ,20251209081532 2025-12-09 8:24:13.220066800 AM,31.83549998,54.62659751,1385.042,USER,Fixed,Corrected,None,144, ,BYCODE(0), ,0.013,0.01,0.011,0.017,         BYLAYER,  BYCODE, ,0,Vertical,12/9/2025 8:24, , , , ,1.222,0.637,1.043, , , , 
 ,20251209070015 2025-12-09 7:12:21.422814400 AM,31.84665449,54.61452829,1387.356,USER,Partial,Corrected,None,249, ,BYCODE(0), ,0.013,0.012,0.013,0.018,         BYLAYER,  BYCODE, ,0,Vertical,12/9/2025 7:12, , , , ,1.289,0.674,1.099, , , , 
 ,20251209073132 2025-12-09 7:45:38.362090600 AM,31.84069188,54.62324116,1387.477,USER,Fixed,Corrected,None,301, ,BYCODE(0), ,0.013,0.011,0.011,0.016,         BYLAYER,  BYCODE, ,0,Vertical,12/9/2025 7:45, , , , ,1.276,0.649,1.098, , , , 
 ,20251209073132 2025-12-09 7:50:25.381376300 AM,31.83813632,54.62407368,1384.397,USER,Fixed,Corrected,None,430, ,BYCODE(0), ,0.013,0.011,0.011,0.017,         BYLAYER,  BYCODE, ,0,Vertical,12/9/2025 7:50, , , , ,1.279,0.655,1.098, , , , 
 ,20251209070015 2025-12-09 7:17:18.219593000 AM,31.84687522,54.61938939,1392.445,USER,Partial,Corrected,None,391, ,BYCODE(0), ,0.014,0.011,0.013,0.018,         BYLAYER,  BYCODE, ,0,Vertical,12/9/2025 7:17, , , , ,1.302,0.676,1.113, , , , 
 ,20251209081532 2025-12-09 8:22:35.331427800 AM,31.8366825,54.62635656,1385.89,USER,Fixed,Corrected,None,98, ,BYCODE(0), ,0.013,0.01,0.011,0.016,         BYLAYER,  BYCODE, ,0,Vertical,12/9/2025 8:22, , , , ,1.222,0.638,1.042, , , , 
 ,20251209081532 2025-12-09 8:19:30.457955800 AM,31.83870317,54.62657227,1387.917,USER,Fixed,Corrected,None,10, ,BYCODE(0), ,0.013,0.01,0.011,0.016,         BYLAYER,  BYCODE, ,0,Vertical,12/9/2025 8:19, , , , ,1.438,0.74,1.234, , , , 
 ,20251209073132 2025-12-09 7:48:58.688198100 AM,31.83873069,54.62346474,1385.042,USER,Fixed,Corrected,None,389, ,BYCODE(0), ,0.013,0.011,0.011,0.017,         BYLAYER,  BYCODE, ,0,Vertical,12/9/2025 7:48, , , , ,1.282,0.656,1.101, , , , 
 ,20251209070015 2025-12-09 7:06:58.138731000 AM,31.84838527,54.61239816,1385.334,USER,Fixed,Corrected,None,98, ,BYCODE(0), ,0.013,0.012,0.014,0.018,         BYLAYER,  BYCODE, ,0,Vertical,12/9/2025 7:06, , , , ,1.29,0.676,1.099, , , , 
 ,20251209063040 2025-12-09 6:39:36.713351200 AM,31.85511511,54.60769124,1392.109,USER,Fixed,Corrected,None,180, ,BYCODE(0), ,0.015,0.013,0.014,0.02,         BYLAYER,  BYCODE, ,0,Vertical,12/9/2025 6:39, , , , ,1.323,0.773,1.074, , , , 
 ,20251209073132 2025-12-09 7:37:00.787542600 AM,31.84506993,54.62156535,1394.508,USER,Partial,Corrected,None,60, ,BYCODE(0), ,0.012,0.011,0.013,0.016,         BYLAYER,  BYCODE, ,0,Vertical,12/9/2025 7:37, , , , ,1.49,0.71,1.31, , , , 
 ,20251209081532 2025-12-09 8:21:39.202197300 AM,31.83740474,54.62668523,1386.297,USER,Fixed,Corrected,None,71, ,BYCODE(0), ,0.013,0.01,0.011,0.016,         BYLAYER,  BYCODE, ,0,Vertical,12/9/2025 8:21, , , , ,1.373,0.718,1.17, , , , 
 ,20251209063040 2025-12-09 6:43:18.038305000 AM,31.85317612,54.60817549,1389.568,USER,Fixed,Corrected,None,284, ,BYCODE(0), ,0.016,0.013,0.014,0.021,         BYLAYER,  BYCODE, ,0,Vertical,12/9/2025 6:43, , , , ,1.339,0.774,1.093, , , , 
 ,20251209063040 2025-12-09 6:46:40.371763900 AM,31.85209255,54.60971887,1390.075,USER,Partial,Corrected,None,378, ,BYCODE(0), ,0.016,0.013,0.014,0.02,         BYLAYER,  BYCODE, ,0,Vertical,12/9/2025 6:46, , , , ,1.323,0.737,1.099, , , , 
 ,20251209081532 2025-12-09 8:30:52.166703200 AM,31.83368011,54.62954074,1384.048,USER,Fixed,Corrected,None,332, ,BYCODE(0), ,0.013,0.011,0.012,0.017,         BYLAYER,  BYCODE, ,0,Vertical,12/9/2025 8:30, , , , ,1.199,0.629,1.021, , , , 
 ,20251209081532 2025-12-09 8:31:51.113451500 AM,31.83448071,54.63170352,1386.619,USER,Fixed,Corrected,None,359, ,BYCODE(0), ,0.013,0.011,0.012,0.017,         BYLAYER,  BYCODE, ,0,Vertical,12/9/2025 8:31, , , , ,1.197,0.628,1.019, , , , 
 ,20251209063040 2025-12-09 6:35:36.398216500 AM,31.85633501,54.60573935,1391.619,USER,Fixed,Corrected,None,66, ,BYCODE(0), ,0.015,0.013,0.014,0.02,         BYLAYER,  BYCODE, ,0,Vertical,12/9/2025 6:35, , , , ,1.316,0.778,1.061, , , , 
 ,20251209073132 2025-12-09 7:41:43.509182000 AM,31.84148801,54.62080258,1387.953,USER,Fixed,Corrected,None,192, ,BYCODE(0), ,0.012,0.01,0.011,0.016,         BYLAYER,  BYCODE, ,0,Vertical,12/9/2025 7:41, , , , ,1.277,0.651,1.098, , , , 
 ,20251209070015 2025-12-09 7:12:24.548436600 AM,31.84651296,54.61467698,1386.262,USER,Fixed,Corrected,None,250, ,BYCODE(0), ,0.013,0.012,0.013,0.018,         BYLAYER,  BYCODE, ,0,Vertical,12/9/2025 7:12, , , , ,1.239,0.645,1.058, , , , 
 ,20251209073132 2025-12-09 7:39:28.982597600 AM,31.8435716,54.62163184,1392.427,USER,Fixed,Corrected,None,129, ,BYCODE(0), ,0.012,0.01,0.011,0.016,         BYLAYER,  BYCODE, ,0,Vertical,12/9/2025 7:39, , , , ,1.488,0.708,1.308, , , , 
 ,20251209073132 2025-12-09 7:43:46.805376300 AM,31.84280224,54.62418877,1392.435,USER,Fixed,Corrected,None,249, ,BYCODE(0), ,0.013,0.011,0.011,0.016,         BYLAYER,  BYCODE, ,0,Vertical,12/9/2025 7:43, , , , ,1.277,0.65,1.099, , , , 
 ,20251209070015 2025-12-09 7:07:00.532280400 AM,31.84832481,54.61251891,1385.425,USER,Fixed,Corrected,None,99, ,BYCODE(0), ,0.013,0.012,0.014,0.018,         BYLAYER,  BYCODE, ,0,Vertical,12/9/2025 7:07, , , , ,1.29,0.676,1.099, , , , 
 ,20251209081532 2025-12-09 8:27:40.740592000 AM,31.83637169,54.63038405,1387.58,USER,Fixed,Corrected,None,243, ,BYCODE(0), ,0.013,0.01,0.012,0.017,         BYLAYER,  BYCODE, ,0,Vertical,12/9/2025 8:27, , , , ,1.221,0.634,1.043, , , , 
 ,20251209070015 2025-12-09 7:17:21.239197000 AM,31.84673943,54.61923764,1391.995,USER,Partial,Corrected,None,392, ,BYCODE(0), ,0.014,0.011,0.013,0.018,         BYLAYER,  BYCODE, ,0,Vertical,12/9/2025 7:17, , , , ,1.302,0.676,1.113, , , , 
 ,20251209081532 2025-12-09 8:30:09.463857400 AM,31.8347581,54.63031215,1386.895,USER,Fixed,Corrected,None,312, ,BYCODE(0), ,0.014,0.01,0.012,0.017,         BYLAYER,  BYCODE, ,0,Vertical,12/9/2025 8:30, , , , ,1.2,0.63,1.022, , , , 
 ,20251209063040 2025-12-09 6:49:46.274354500 AM,31.85006023,54.60984536,1386.55,USER,Partial,Corrected,None,466, ,BYCODE(0), ,0.016,0.013,0.014,0.02,         BYLAYER,  BYCODE, ,0,Vertical,12/9/2025 6:49, , , , ,1.334,0.736,1.112, , , , 
 ,20251209073132 2025-12-09 7:47:24.411005700 AM,31.83980714,54.62329698,1386.232,USER,Fixed,Corrected,None,344, ,BYCODE(0), ,0.013,0.01,0.011,0.017,         BYLAYER,  BYCODE, ,0,Vertical,12/9/2025 7:47, , , , ,1.284,0.656,1.104, , , , 
 ,20251209063040 2025-12-09 6:43:20.029455400 AM,31.85329888,54.60832958,1389.892,USER,Fixed,Corrected,None,285, ,BYCODE(0), ,0.016,0.013,0.014,0.021,         BYLAYER,  BYCODE, ,0,Vertical,12/9/2025 6:43, , , , ,1.34,0.774,1.093, , , , 
 ,20251209073132 2025-12-09 7:45:40.332311600 AM,31.84057021,54.62308852,1387.356,USER,Fixed,Corrected,None,302, ,BYCODE(0), ,0.013,0.011,0.011,0.016,         BYLAYER,  BYCODE, ,0,Vertical,12/9/2025 7:45, , , , ,1.276,0.649,1.098, , , , 
 ,20251209063040 2025-12-09 6:46:42.379640100 AM,31.85196885,54.60956373,1389.798,USER,Partial,Corrected,None,379, ,BYCODE(0), ,0.016,0.013,0.014,0.02,         BYLAYER,  BYCODE, ,0,Vertical,12/9/2025 6:46, , , , ,1.323,0.737,1.099, , , , 
 ,20251209063040 2025-12-09 6:39:39.801688200 AM,31.85497938,54.60754064,1391.903,USER,Fixed,Corrected,None,181, ,BYCODE(0), ,0.015,0.013,0.014,0.02,         BYLAYER,  BYCODE, ,0,Vertical,12/9/2025 6:39, , , , ,1.323,0.773,1.074, , , , 
 ,20251209081532 2025-12-09 8:28:49.351977800 AM,31.83540513,54.62996567,1387.046,USER,Fixed,Corrected,None,275, ,BYCODE(0), ,0.013,0.01,0.012,0.017,         BYLAYER,  BYCODE, ,0,Vertical,12/9/2025 8:28, , , , ,1.202,0.631,1.023, , , , 
 ,20251209070015 2025-12-09 7:12:26.939863200 AM,31.8464497,54.6147896,1386.55,USER,Partial,Corrected,None,251, ,BYCODE(0), ,0.013,0.012,0.013,0.018,         BYLAYER,  BYCODE, ,0,Vertical,12/9/2025 7:12, , , , ,1.239,0.645,1.058, , , , 
 ,20251209081532 2025-12-09 8:28:05.922105800 AM,31.83490313,54.62875379,1384.924,USER,Fixed,Corrected,None,255, ,BYCODE(0), ,0.013,0.01,0.012,0.017,         BYLAYER,  BYCODE, ,0,Vertical,12/9/2025 8:28, , , , ,1.203,0.631,1.024, , , , 
 ,20251209081532 2025-12-09 8:26:44.546951800 AM,31.83532616,54.62813292,1385.521,USER,Fixed,Corrected,None,216, ,BYCODE(0), ,0.013,0.01,0.011,0.016,         BYLAYER,  BYCODE, ,0,Vertical,12/9/2025 8:26, , , , ,1.222,0.635,1.044, , , , 
 ,20251209070015 2025-12-09 7:17:23.261054800 AM,31.84661327,54.61908091,1391.885,USER,Partial,Corrected,None,393, ,BYCODE(0), ,0.014,0.011,0.013,0.018,         BYLAYER,  BYCODE, ,0,Vertical,12/9/2025 7:17, , , , ,1.302,0.676,1.113, , , , 
 ,20251209073132 2025-12-09 7:37:03.254262900 AM,31.8449722,54.62164351,1394.964,USER,Fixed,Corrected,None,61, ,BYCODE(0), ,0.012,0.011,0.013,0.016,         BYLAYER,  BYCODE, ,0,Vertical,12/9/2025 7:37, , , , ,1.49,0.71,1.31, , , , 
 ,20251209070015 2025-12-09 7:07:03.455715200 AM,31.84844768,54.61268522,1385.324,USER,Fixed,Corrected,None,100, ,BYCODE(0), ,0.013,0.012,0.014,0.018,         BYLAYER,  BYCODE, ,0,Vertical,12/9/2025 7:07, , , , ,1.29,0.676,1.099, , , , 
 ,20251209081532 2025-12-09 8:29:08.561617100 AM,31.83557935,54.63076158,1387.259,USER,Fixed,Corrected,None,283, ,BYCODE(0), ,0.013,0.011,0.012,0.017,         BYLAYER,  BYCODE, ,0,Vertical,12/9/2025 8:29, , , , ,1.201,0.63,1.023, , , , 
 ,20251209063040 2025-12-09 6:35:39.515741600 AM,31.85619799,54.60558571,1391.268,USER,Fixed,Corrected,None,67, ,BYCODE(0), ,0.015,0.013,0.014,0.02,         BYLAYER,  BYCODE, ,0,Vertical,12/9/2025 6:35, , , , ,1.316,0.778,1.061, , , , 
 ,20251209081532 2025-12-09 8:27:14.448772900 AM,31.83519176,54.62853895,1386.111,USER,Fixed,Corrected,None,230, ,BYCODE(0), ,0.013,0.01,0.011,0.016,         BYLAYER,  BYCODE, ,0,Vertical,12/9/2025 8:27, , , , ,1.221,0.634,1.044, , , , 
 ,20251209073132 2025-12-09 7:39:30.936338400 AM,31.84369174,54.62178348,1392.566,USER,Fixed,Corrected,None,130, ,BYCODE(0), ,0.012,0.01,0.011,0.016,         BYLAYER,  BYCODE, ,0,Vertical,12/9/2025 7:39, , , , ,1.488,0.708,1.308, , , , 
 ,20251209081532 2025-12-09 8:19:32.409909000 AM,31.83858312,54.62642282,1387.618,USER,Fixed,Corrected,None,11, ,BYCODE(0), ,0.013,0.01,0.011,0.016,         BYLAYER,  BYCODE, ,0,Vertical,12/9/2025 8:19, , , , ,1.438,0.74,1.233, , , , 
 ,20251209063040 2025-12-09 6:43:22.018167000 AM,31.85342075,54.60848316,1390.178,USER,Fixed,Corrected,None,286, ,BYCODE(0), ,0.016,0.013,0.014,0.021,         BYLAYER,  BYCODE, ,0,Vertical,12/9/2025 6:43, , , , ,1.34,0.774,1.093, , , , 
 ,20251209073132 2025-12-09 7:51:47.360077600 AM,31.83768547,54.62447201,1383.949,USER,Fixed,Corrected,None,469, ,BYCODE(0), ,0.014,0.01,0.012,0.017,         BYLAYER,  BYCODE, ,0,Vertical,12/9/2025 7:51, , , , ,1.498,0.752,1.296, , , , 
 ,20251209063040 2025-12-09 6:39:41.832153800 AM,31.85485274,54.60738297,1391.422,USER,Fixed,Corrected,None,182, ,BYCODE(0), ,0.015,0.013,0.014,0.02,         BYLAYER,  BYCODE, ,0,Vertical,12/9/2025 6:39, , , , ,1.323,0.773,1.074, , , , 
 ,20251209081532 2025-12-09 8:20:39.654329100 AM,31.83903665,54.62793258,1389.085,USER,Fixed,Corrected,None,43, ,BYCODE(0), ,0.013,0.01,0.011,0.016,         BYLAYER,  BYCODE, ,0,Vertical,12/9/2025 8:20, , , , ,1.429,0.737,1.224, , , , 
 ,20251209070015 2025-12-09 7:17:25.227212000 AM,31.84649278,54.61892955,1391.92,USER,Fixed,Corrected,None,394, ,BYCODE(0), ,0.014,0.011,0.013,0.018,         BYLAYER,  BYCODE, ,0,Vertical,12/9/2025 7:17, , , , ,1.302,0.676,1.113, , , , 
 ,20251209070015 2025-12-09 7:07:05.446491700 AM,31.84857087,54.61284341,1385.432,USER,Fixed,Corrected,None,101, ,BYCODE(0), ,0.013,0.012,0.014,0.018,         BYLAYER,  BYCODE, ,0,Vertical,12/9/2025 7:07, , , , ,1.29,0.676,1.099, , , , 
 ,20251209063040 2025-12-09 6:46:44.372673700 AM,31.85184593,54.6094096,1389.442,USER,Fixed,Corrected,None,380, ,BYCODE(0), ,0.016,0.013,0.014,0.02,         BYLAYER,  BYCODE, ,0,Vertical,12/9/2025 6:46, , , , ,1.323,0.737,1.1, , , , 
 ,20251209070015 2025-12-09 7:12:29.898737400 AM,31.84656959,54.61495302,1385.981,USER,Fixed,Corrected,None,252, ,BYCODE(0), ,0.013,0.012,0.013,0.018,         BYLAYER,  BYCODE, ,0,Vertical,12/9/2025 7:12, , , , ,1.239,0.645,1.058, , , , 
 ,20251209063040 2025-12-09 6:49:48.634699800 AM,31.85000774,54.60997223,1387.625,USER,Partial,Corrected,None,467, ,BYCODE(0), ,0.016,0.013,0.014,0.02,         BYLAYER,  BYCODE, ,0,Vertical,12/9/2025 6:49, , , , ,1.334,0.736,1.112, , , , 
 ,20251209073132 2025-12-09 7:49:01.211232400 AM,31.83865684,54.62357177,1385.061,USER,Fixed,Corrected,None,390, ,BYCODE(0), ,0.013,0.01,0.011,0.017,         BYLAYER,  BYCODE, ,0,Vertical,12/9/2025 7:49, , , , ,1.282,0.656,1.101, , , , 
 ,20251209063040 2025-12-09 6:35:41.510734300 AM,31.85607256,54.6054305,1391.119,USER,Partial,Corrected,None,68, ,BYCODE(0), ,0.015,0.013,0.014,0.02,         BYLAYER,  BYCODE, ,0,Vertical,12/9/2025 6:35, , , , ,1.316,0.778,1.062, , , , 
 ,20251209073132 2025-12-09 7:47:26.368812100 AM,31.83968706,54.62314597,1385.875,USER,Fixed,Corrected,None,345, ,BYCODE(0), ,0.013,0.011,0.011,0.016,         BYLAYER,  BYCODE, ,0,Vertical,12/9/2025 7:47, , , , ,1.284,0.656,1.104, , , , 
 ,20251209073132 2025-12-09 7:45:42.323244600 AM,31.84044777,54.62293511,1387.248,USER,Fixed,Corrected,None,303, ,BYCODE(0), ,0.013,0.011,0.011,0.016,         BYLAYER,  BYCODE, ,0,Vertical,12/9/2025 7:45, , , , ,1.276,0.649,1.098, , , , 
 ,20251209073132 2025-12-09 7:41:46.605605800 AM,31.8413421,54.62093947,1387.017,USER,Fixed,Corrected,None,193, ,BYCODE(0), ,0.012,0.01,0.011,0.016,         BYLAYER,  BYCODE, ,0,Vertical,12/9/2025 7:41, , , , ,1.277,0.651,1.098, , , , 
 ,20251209081532 2025-12-09 8:21:41.195028100 AM,31.83752794,54.6268384,1386.593,USER,Fixed,Corrected,None,72, ,BYCODE(0), ,0.013,0.01,0.011,0.016,         BYLAYER,  BYCODE, ,0,Vertical,12/9/2025 8:21, , , , ,1.373,0.718,1.17, , , , 
 ,20251209073132 2025-12-09 7:43:50.008002300 AM,31.84266644,54.62434413,1391.786,USER,Fixed,Corrected,None,250, ,BYCODE(0), ,0.013,0.011,0.011,0.016,         BYLAYER,  BYCODE, ,0,Vertical,12/9/2025 7:43, , , , ,1.277,0.65,1.099, , , , 
 ,20251209070015 2025-12-09 7:07:07.406651000 AM,31.84869052,54.61299523,1386.074,USER,Fixed,Corrected,None,102, ,BYCODE(0), ,0.013,0.012,0.014,0.018,         BYLAYER,  BYCODE, ,0,Vertical,12/9/2025 7:07, , , , ,1.29,0.676,1.099, , , , 
 ,20251209063040 2025-12-09 6:39:43.790134900 AM,31.85473256,54.60723269,1391.219,USER,Fixed,Corrected,None,183, ,BYCODE(0), ,0.015,0.013,0.014,0.02,         BYLAYER,  BYCODE, ,0,Vertical,12/9/2025 6:39, , , , ,1.323,0.773,1.074, , , , 
 ,20251209070015 2025-12-09 7:17:27.224673300 AM,31.84637069,54.61877631,1391.787,USER,Fixed,Corrected,None,395, ,BYCODE(0), ,0.014,0.011,0.013,0.018,         BYLAYER,  BYCODE, ,0,Vertical,12/9/2025 7:17, , , , ,1.302,0.676,1.113, , , , 
 ,20251209070015 2025-12-09 7:12:31.923064200 AM,31.8466946,54.61511567,1386.176,USER,Fixed,Corrected,None,253, ,BYCODE(0), ,0.013,0.012,0.013,0.018,         BYLAYER,  BYCODE, ,0,Vertical,12/9/2025 7:12, , , , ,1.239,0.645,1.058, , , , 
 ,20251209063040 2025-12-09 6:43:24.007068400 AM,31.85354274,54.60863677,1390.437,USER,Fixed,Corrected,None,287, ,BYCODE(0), ,0.016,0.013,0.014,0.021,         BYLAYER,  BYCODE, ,0,Vertical,12/9/2025 6:43, , , , ,1.34,0.774,1.093, , , , 
 ,20251209073132 2025-12-09 7:50:28.411329500 AM,31.83825785,54.62424299,1384.278,USER,Fixed,Corrected,None,431, ,BYCODE(0), ,0.013,0.011,0.011,0.017,         BYLAYER,  BYCODE, ,0,Vertical,12/9/2025 7:50, , , , ,1.279,0.655,1.098, , , , 
 ,20251209073132 2025-12-09 7:39:32.939456000 AM,31.84381485,54.62193828,1392.769,USER,Fixed,Corrected,None,131, ,BYCODE(0), ,0.012,0.01,0.011,0.016,         BYLAYER,  BYCODE, ,0,Vertical,12/9/2025 7:39, , , , ,1.488,0.708,1.308, , , , 
 ,20251209081532 2025-12-09 8:31:38.705863200 AM,31.83472274,54.63142945,1387.517,USER,Fixed,Corrected,None,354, ,BYCODE(0), ,0.013,0.011,0.012,0.017,         BYLAYER,  BYCODE, ,0,Vertical,12/9/2025 8:31, , , , ,1.198,0.628,1.02, , , , 
 ,20251209063040 2025-12-09 6:35:43.499513100 AM,31.85595021,54.60527768,1391.111,USER,Partial,Corrected,None,69, ,BYCODE(0), ,0.015,0.013,0.014,0.02,         BYLAYER,  BYCODE, ,0,Vertical,12/9/2025 6:35, , , , ,1.317,0.779,1.062, , , , 
 ,20251209063040 2025-12-09 6:46:46.359322800 AM,31.85172289,54.60925608,1389.173,USER,Fixed,Corrected,None,381, ,BYCODE(0), ,0.016,0.013,0.014,0.021,         BYLAYER,  BYCODE, ,0,Vertical,12/9/2025 6:46, , , , ,1.324,0.737,1.1, , , , 
 ,20251209073132 2025-12-09 7:37:06.281808600 AM,31.84483566,54.62148562,1394.257,USER,Fixed,Corrected,None,62, ,BYCODE(0), ,0.012,0.011,0.013,0.016,         BYLAYER,  BYCODE, ,0,Vertical,12/9/2025 7:37, , , , ,1.49,0.71,1.31, , , , 
 ,20251209070015 2025-12-09 7:07:09.427126200 AM,31.84881465,54.61315125,1386.87,USER,Fixed,Corrected,None,103, ,BYCODE(0), ,0.013,0.012,0.014,0.018,         BYLAYER,  BYCODE, ,0,Vertical,12/9/2025 7:07, , , , ,1.29,0.676,1.099, , , , 
 ,20251209081532 2025-12-09 8:22:37.351434900 AM,31.83655864,54.62620041,1385.625,USER,Fixed,Corrected,None,99, ,BYCODE(0), ,0.013,0.01,0.011,0.016,         BYLAYER,  BYCODE, ,0,Vertical,12/9/2025 8:22, , , , ,1.222,0.638,1.042, , , , 
 ,20251209081532 2025-12-09 8:30:21.805321700 AM,31.83541914,54.63118467,1387.682,USER,Fixed,Corrected,None,318, ,BYCODE(0), ,0.013,0.011,0.012,0.017,         BYLAYER,  BYCODE, ,0,Vertical,12/9/2025 8:30, , , , ,1.2,0.629,1.022, , , , 
 ,20251209081532 2025-12-09 8:23:28.646332700 AM,31.83798906,54.62894045,1388.602,USER,Fixed,Corrected,None,123, ,BYCODE(0), ,0.013,0.01,0.011,0.016,         BYLAYER,  BYCODE, ,0,Vertical,12/9/2025 8:23, , , , ,1.222,0.638,1.043, , , , 
 ,20251209070015 2025-12-09 7:12:33.916018000 AM,31.84681659,54.61526893,1386.908,USER,Fixed,Corrected,None,254, ,BYCODE(0), ,0.013,0.012,0.013,0.018,         BYLAYER,  BYCODE, ,0,Vertical,12/9/2025 7:12, , , , ,1.239,0.645,1.058, , , , 
 ,20251209070015 2025-12-09 7:17:29.213741800 AM,31.84624915,54.61862274,1391.384,USER,Partial,Corrected,None,396, ,BYCODE(0), ,0.014,0.011,0.013,0.018,         BYLAYER,  BYCODE, ,0,Vertical,12/9/2025 7:17, , , , ,1.302,0.676,1.113, , , , 
 ,20251209081532 2025-12-09 8:26:12.899413100 AM,31.83705314,54.62972766,1389.185,USER,Fixed,Corrected,None,201, ,BYCODE(0), ,0.013,0.01,0.012,0.016,         BYLAYER,  BYCODE, ,0,Vertical,12/9/2025 8:26, , , , ,1.222,0.635,1.044, , , , 
 ,20251209063040 2025-12-09 6:39:45.785605000 AM,31.85460991,54.60707843,1391.008,USER,Fixed,Corrected,None,184, ,BYCODE(0), ,0.015,0.013,0.014,0.02,         BYLAYER,  BYCODE, ,0,Vertical,12/9/2025 6:39, , , , ,1.324,0.773,1.074, , , , 
 ,20251209063040 2025-12-09 6:43:25.993870700 AM,31.85366497,54.60879043,1390.717,USER,Fixed,Corrected,None,288, ,BYCODE(0), ,0.016,0.013,0.014,0.021,         BYLAYER,  BYCODE, ,0,Vertical,12/9/2025 6:43, , , , ,1.34,0.774,1.094, , , , 
 ,20251209063040 2025-12-09 6:49:51.495417600 AM,31.85012825,54.61013957,1390.737,USER,Fixed,Corrected,None,468, ,BYCODE(0), ,0.016,0.012,0.014,0.02,         BYLAYER,  BYCODE, ,0,Vertical,12/9/2025 6:49, , , , ,1.334,0.736,1.113, , , , 
 ,20251209070015 2025-12-09 7:07:11.397290200 AM,31.84893533,54.61330292,1387.563,USER,Fixed,Corrected,None,104, ,BYCODE(0), ,0.013,0.012,0.014,0.018,         BYLAYER,  BYCODE, ,0,Vertical,12/9/2025 7:07, , , , ,1.29,0.676,1.099, , , , 
 ,20251209081532 2025-12-09 8:24:58.459119100 AM,31.83721999,54.62935452,1389.13,USER,Fixed,Corrected,None,165, ,BYCODE(0), ,0.013,0.01,0.011,0.016,         BYLAYER,  BYCODE, ,0,Vertical,12/9/2025 8:24, , , , ,1.222,0.636,1.044, , , , 
 ,20251209063040 2025-12-09 6:35:45.488529000 AM,31.85582871,54.60512455,1390.896,USER,Partial,Corrected,None,70, ,BYCODE(0), ,0.015,0.013,0.014,0.02,         BYLAYER,  BYCODE, ,0,Vertical,12/9/2025 6:35, , , , ,1.317,0.779,1.062, , , , 
 ,20251209081532 2025-12-09 8:32:15.032919900 AM,31.83300988,54.62985806,1383.997,USER,Fixed,Corrected,None,371, ,BYCODE(0), ,0.013,0.011,0.012,0.017,         BYLAYER,  BYCODE, ,0,Vertical,12/9/2025 8:32, , , , ,1.197,0.628,1.019, , , , 
 ,20251209081532 2025-12-09 8:25:37.659319600 AM,31.83497932,54.62709834,1384.553,USER,Fixed,Corrected,None,184, ,BYCODE(0), ,0.013,0.01,0.011,0.016,         BYLAYER,  BYCODE, ,0,Vertical,12/9/2025 8:25, , , , ,1.222,0.636,1.044, , , , 
 ,20251209073132 2025-12-09 7:45:44.320250500 AM,31.8403257,54.62278094,1386.977,USER,Fixed,Corrected,None,304, ,BYCODE(0), ,0.013,0.011,0.011,0.016,         BYLAYER,  BYCODE, ,0,Vertical,12/9/2025 7:45, , , , ,1.276,0.649,1.098, , , , 
 ,20251209070015 2025-12-09 7:12:35.888288700 AM,31.84693778,54.61542117,1387.401,USER,Partial,Corrected,None,255, ,BYCODE(0), ,0.013,0.012,0.013,0.018,         BYLAYER,  BYCODE, ,0,Vertical,12/9/2025 7:12, , , , ,1.239,0.645,1.058, , , , 
 ,20251209063040 2025-12-09 6:46:48.350233600 AM,31.8516007,54.6091023,1388.95,USER,Fixed,Corrected,None,382, ,BYCODE(0), ,0.016,0.013,0.014,0.02,         BYLAYER,  BYCODE, ,0,Vertical,12/9/2025 6:46, , , , ,1.324,0.737,1.1, , , , 
 ,20251209070015 2025-12-09 7:17:31.200703400 AM,31.84612609,54.61846969,1391.038,USER,Fixed,Corrected,None,397, ,BYCODE(0), ,0.014,0.011,0.013,0.018,         BYLAYER,  BYCODE, ,0,Vertical,12/9/2025 7:17, , , , ,1.303,0.676,1.113, , , , 
 ,20251209073132 2025-12-09 7:41:49.030764800 AM,31.84127625,54.62105049,1387.309,USER,Fixed,Corrected,None,194, ,BYCODE(0), ,0.012,0.01,0.011,0.016,         BYLAYER,  BYCODE, ,0,Vertical,12/9/2025 7:41, , , , ,1.277,0.651,1.098, , , , 
 ,20251209073132 2025-12-09 7:39:34.930270000 AM,31.84393733,54.62209263,1393.137,USER,Fixed,Corrected,None,132, ,BYCODE(0), ,0.012,0.011,0.011,0.016,         BYLAYER,  BYCODE, ,0,Vertical,12/9/2025 7:39, , , , ,1.488,0.708,1.308, , , , 
 ,20251209070015 2025-12-09 7:07:13.392156800 AM,31.84905762,54.61345727,1388.126,USER,Partial,Corrected,None,105, ,BYCODE(0), ,0.013,0.012,0.014,0.018,         BYLAYER,  BYCODE, ,0,Vertical,12/9/2025 7:07, , , , ,1.29,0.676,1.099, , , , 
 ,20251209073132 2025-12-09 7:37:08.233571300 AM,31.84471331,54.62133527,1393.633,USER,Fixed,Corrected,None,63, ,BYCODE(0), ,0.012,0.011,0.013,0.016,         BYLAYER,  BYCODE, ,0,Vertical,12/9/2025 7:37, , , , ,1.49,0.71,1.31, , , , 
 ,20251209063040 2025-12-09 6:39:47.779035100 AM,31.8544874,54.60692418,1390.862,USER,Fixed,Corrected,None,185, ,BYCODE(0), ,0.015,0.013,0.014,0.02,         BYLAYER,  BYCODE, ,0,Vertical,12/9/2025 6:39, , , , ,1.324,0.773,1.075, , , , 
 ,20251209073132 2025-12-09 7:47:28.359915300 AM,31.83956473,54.62299282,1385.646,USER,Fixed,Corrected,None,346, ,BYCODE(0), ,0.013,0.011,0.011,0.017,         BYLAYER,  BYCODE, ,0,Vertical,12/9/2025 7:47, , , , ,1.284,0.656,1.104, , , , 
 ,20251209063040 2025-12-09 6:43:27.984776000 AM,31.85378796,54.60894439,1391.159,USER,Fixed,Corrected,None,289, ,BYCODE(0), ,0.016,0.013,0.014,0.021,         BYLAYER,  BYCODE, ,0,Vertical,12/9/2025 6:43, , , , ,1.34,0.774,1.094, , , , 
 ,20251209063040 2025-12-09 6:35:47.477221700 AM,31.85570754,54.60497087,1390.317,USER,Partial,Corrected,None,71, ,BYCODE(0), ,0.015,0.013,0.014,0.02,         BYLAYER,  BYCODE, ,0,Vertical,12/9/2025 6:35, , , , ,1.317,0.779,1.062, , , , 
 ,20251209073132 2025-12-09 7:43:52.395767500 AM,31.84256514,54.62441181,1392.091,USER,Fixed,Corrected,None,251, ,BYCODE(0), ,0.013,0.011,0.011,0.016,         BYLAYER,  BYCODE, ,0,Vertical,12/9/2025 7:43, , , , ,1.277,0.65,1.099, , , , 
 ,20251209070015 2025-12-09 7:12:37.885613200 AM,31.84706022,54.61557662,1388.237,USER,Fixed,Corrected,None,256, ,BYCODE(0), ,0.013,0.012,0.013,0.018,         BYLAYER,  BYCODE, ,0,Vertical,12/9/2025 7:12, , , , ,1.239,0.645,1.058, , , , 
 ,20251209081532 2025-12-09 8:19:34.438184700 AM,31.83845863,54.62626814,1387.332,USER,Fixed,Corrected,None,12, ,BYCODE(0), ,0.013,0.01,0.011,0.016,         BYLAYER,  BYCODE, ,0,Vertical,12/9/2025 8:19, , , , ,1.438,0.74,1.233, , , , 
 ,20251209070015 2025-12-09 7:17:33.187463000 AM,31.84600445,54.61831589,1390.728,USER,Fixed,Corrected,None,398, ,BYCODE(0), ,0.014,0.011,0.013,0.018,         BYLAYER,  BYCODE, ,0,Vertical,12/9/2025 7:17, , , , ,1.303,0.676,1.113, , , , 
 ,20251209063040 2025-12-09 6:49:53.449156300 AM,31.85024494,54.6102897,1393.698,USER,Fixed,Corrected,None,469, ,BYCODE(0), ,0.016,0.013,0.014,0.02,         BYLAYER,  BYCODE, ,0,Vertical,12/9/2025 6:49, , , , ,1.334,0.736,1.113, , , , 
 ,20251209070015 2025-12-09 7:07:15.387248500 AM,31.84917984,54.61361089,1388.747,USER,Partial,Corrected,None,106, ,BYCODE(0), ,0.013,0.012,0.014,0.018,         BYLAYER,  BYCODE, ,0,Vertical,12/9/2025 7:07, , , , ,1.29,0.676,1.099, , , , 
 ,20251209081532 2025-12-09 8:24:16.249725800 AM,31.8356234,54.62676683,1385.133,USER,Fixed,Corrected,None,145, ,BYCODE(0), ,0.013,0.01,0.011,0.017,         BYLAYER,  BYCODE, ,0,Vertical,12/9/2025 8:24, , , , ,1.222,0.637,1.043, , , , 
 ,20251209073132 2025-12-09 7:50:30.431059400 AM,31.83838097,54.62440145,1384.237,USER,Fixed,Corrected,None,432, ,BYCODE(0), ,0.013,0.011,0.011,0.017,         BYLAYER,  BYCODE, ,0,Vertical,12/9/2025 7:50, , , , ,1.279,0.655,1.098, , , , 
 ,20251209081532 2025-12-09 8:28:29.429617900 AM,31.83418067,54.6284251,1383.292,USER,Partial,Corrected,None,265, ,BYCODE(0), ,0.013,0.01,0.012,0.017,         BYLAYER,  BYCODE, ,0,Vertical,12/9/2025 8:28, , , , ,1.202,0.631,1.023, , , , 
 ,20251209063040 2025-12-09 6:46:50.312202000 AM,31.85148052,54.60895085,1388.606,USER,Fixed,Corrected,None,383, ,BYCODE(0), ,0.016,0.013,0.014,0.02,         BYLAYER,  BYCODE, ,0,Vertical,12/9/2025 6:46, , , , ,1.324,0.737,1.1, , , , 
 ,20251209073132 2025-12-09 7:51:49.849988000 AM,31.8376144,54.62457788,1384.214,USER,Fixed,Corrected,None,470, ,BYCODE(0), ,0.014,0.01,0.011,0.017,         BYLAYER,  BYCODE, ,0,Vertical,12/9/2025 7:51, , , , ,1.498,0.752,1.296, , , , 
 ,20251209063040 2025-12-09 6:39:49.768231400 AM,31.85436486,54.60677073,1390.663,USER,Fixed,Corrected,None,186, ,BYCODE(0), ,0.015,0.013,0.014,0.02,         BYLAYER,  BYCODE, ,0,Vertical,12/9/2025 6:39, , , , ,1.324,0.773,1.075, , , , 
 ,20251209073132 2025-12-09 7:49:04.240860500 AM,31.83877818,54.62374107,1385.038,USER,Fixed,Corrected,None,391, ,BYCODE(0), ,0.013,0.011,0.011,0.017,         BYLAYER,  BYCODE, ,0,Vertical,12/9/2025 7:49, , , , ,1.282,0.656,1.101, , , , 
 ,20251209070015 2025-12-09 7:12:39.864532000 AM,31.84718152,54.61572957,1388.772,USER,Fixed,Corrected,None,257, ,BYCODE(0), ,0.013,0.012,0.013,0.018,         BYLAYER,  BYCODE, ,0,Vertical,12/9/2025 7:12, , , , ,1.239,0.645,1.058, , , , 
 ,20251209063040 2025-12-09 6:35:49.468214500 AM,31.85558408,54.60481704,1389.803,USER,Partial,Corrected,None,72, ,BYCODE(0), ,0.015,0.013,0.014,0.02,         BYLAYER,  BYCODE, ,0,Vertical,12/9/2025 6:35, , , , ,1.317,0.779,1.062, , , , 
 ,20251209081532 2025-12-09 8:21:43.188001900 AM,31.83765108,54.62699094,1386.788,USER,Fixed,Corrected,None,73, ,BYCODE(0), ,0.013,0.01,0.011,0.016,         BYLAYER,  BYCODE, ,0,Vertical,12/9/2025 8:21, , , , ,1.372,0.718,1.17, , , , 
 ,20251209070015 2025-12-09 7:07:17.378077000 AM,31.84930176,54.61376417,1389.243,USER,Fixed,Corrected,None,107, ,BYCODE(0), ,0.013,0.012,0.014,0.018,         BYLAYER,  BYCODE, ,0,Vertical,12/9/2025 7:07, , , , ,1.29,0.676,1.099, , , , 
 ,20251209070015 2025-12-09 7:17:35.182825300 AM,31.84588204,54.61816102,1390.322,USER,Fixed,Corrected,None,399, ,BYCODE(0), ,0.014,0.011,0.013,0.018,         BYLAYER,  BYCODE, ,0,Vertical,12/9/2025 7:17, , , , ,1.303,0.676,1.113, , , , 
 ,20251209063040 2025-12-09 6:43:29.973500500 AM,31.85391061,54.60909964,1391.639,USER,Partial,Corrected,None,290, ,BYCODE(0), ,0.016,0.013,0.014,0.021,         BYLAYER,  BYCODE, ,0,Vertical,12/9/2025 6:43, , , , ,1.34,0.774,1.094, , , , 
 ,20251209081532 2025-12-09 8:20:42.046193100 AM,31.83893156,54.62799759,1389.532,USER,Fixed,Corrected,None,44, ,BYCODE(0), ,0.013,0.01,0.011,0.016,         BYLAYER,  BYCODE, ,0,Vertical,12/9/2025 8:20, , , , ,1.429,0.737,1.224, , , , 
 ,20251209073132 2025-12-09 7:37:10.239148600 AM,31.84459092,54.62118123,1393.221,USER,Fixed,Corrected,None,64, ,BYCODE(0), ,0.012,0.011,0.013,0.016,         BYLAYER,  BYCODE, ,0,Vertical,12/9/2025 7:37, , , , ,1.49,0.71,1.31, , , , 
 ,20251209073132 2025-12-09 7:39:36.918943600 AM,31.84405983,54.62224684,1393.526,USER,Fixed,Corrected,None,133, ,BYCODE(0), ,0.012,0.011,0.011,0.016,         BYLAYER,  BYCODE, ,0,Vertical,12/9/2025 7:39, , , , ,1.488,0.708,1.308, , , , 
 ,20251209081532 2025-12-09 8:29:26.462605500 AM,31.83447734,54.62938048,1385.229,USER,Fixed,Corrected,None,292, ,BYCODE(0), ,0.014,0.01,0.012,0.017,         BYLAYER,  BYCODE, ,0,Vertical,12/9/2025 8:29, , , , ,1.201,0.63,1.023, , , , 
 ,20251209063040 2025-12-09 6:49:55.433952800 AM,31.8503652,54.6104397,1396.552,USER,Fixed,Corrected,None,470, ,BYCODE(0), ,0.016,0.013,0.014,0.02,         BYLAYER,  BYCODE, ,0,Vertical,12/9/2025 6:49, , , , ,1.335,0.736,1.113, , , , 
 ,20251209073132 2025-12-09 7:45:46.313118700 AM,31.84020292,54.62262684,1386.679,USER,Fixed,Corrected,None,305, ,BYCODE(0), ,0.013,0.011,0.011,0.016,         BYLAYER,  BYCODE, ,0,Vertical,12/9/2025 7:45, , , , ,1.276,0.649,1.098, , , , 
 ,20251209070015 2025-12-09 7:12:41.859361400 AM,31.84730379,54.61588601,1389.286,USER,Fixed,Corrected,None,258, ,BYCODE(0), ,0.013,0.012,0.013,0.018,         BYLAYER,  BYCODE, ,0,Vertical,12/9/2025 7:12, , , , ,1.239,0.645,1.058, , , , 
 ,20251209081532 2025-12-09 8:31:22.755125800 AM,31.83374123,54.63019922,1385.875,USER,Fixed,Corrected,None,346, ,BYCODE(0), ,0.014,0.011,0.012,0.017,         BYLAYER,  BYCODE, ,0,Vertical,12/9/2025 8:31, , , , ,1.198,0.629,1.02, , , , 
 ,20251209070015 2025-12-09 7:07:19.346138500 AM,31.84942231,54.61391633,1389.64,USER,Partial,Corrected,None,108, ,BYCODE(0), ,0.013,0.012,0.014,0.018,         BYLAYER,  BYCODE, ,0,Vertical,12/9/2025 7:07, , , , ,1.29,0.676,1.099, , , , 
 ,20251209063040 2025-12-09 6:39:51.759206500 AM,31.85424231,54.60661709,1390.46,USER,Fixed,Corrected,None,187, ,BYCODE(0), ,0.015,0.013,0.014,0.02,         BYLAYER,  BYCODE, ,0,Vertical,12/9/2025 6:39, , , , ,1.324,0.773,1.075, , , , 
 ,20251209063040 2025-12-09 6:35:51.457123500 AM,31.85546199,54.60466409,1389.458,USER,Fixed,Corrected,None,73, ,BYCODE(0), ,0.015,0.013,0.014,0.02,         BYLAYER,  BYCODE, ,0,Vertical,12/9/2025 6:35, , , , ,1.317,0.779,1.063, , , , 
 ,20251209070015 2025-12-09 7:17:37.173745200 AM,31.84576044,54.61800779,1389.822,USER,Fixed,Corrected,None,400, ,BYCODE(0), ,0.014,0.011,0.013,0.018,         BYLAYER,  BYCODE, ,0,Vertical,12/9/2025 7:17, , , , ,1.303,0.676,1.113, , , , 
 ,20251209063040 2025-12-09 6:46:52.334557300 AM,31.85135629,54.60879437,1388.301,USER,Fixed,Corrected,None,384, ,BYCODE(0), ,0.016,0.013,0.014,0.02,         BYLAYER,  BYCODE, ,0,Vertical,12/9/2025 6:46, , , , ,1.324,0.737,1.1, , , , 
 ,20251209081532 2025-12-09 8:22:39.342341700 AM,31.83643694,54.62604654,1385.299,USER,Fixed,Corrected,None,100, ,BYCODE(0), ,0.013,0.01,0.011,0.016,         BYLAYER,  BYCODE, ,0,Vertical,12/9/2025 8:22, , , , ,1.222,0.638,1.042, , , , 
 ,20251209081532 2025-12-09 8:31:28.736193400 AM,31.83410878,54.63065928,1385.999,USER,Fixed,Corrected,None,349, ,BYCODE(0), ,0.013,0.011,0.012,0.017,         BYLAYER,  BYCODE, ,0,Vertical,12/9/2025 8:31, , , , ,1.198,0.629,1.02, , , , 
 ,20251209063040 2025-12-09 6:43:31.964184800 AM,31.85403038,54.60924979,1391.951,USER,Fixed,Corrected,None,291, ,BYCODE(0), ,0.016,0.013,0.014,0.021,         BYLAYER,  BYCODE, ,0,Vertical,12/9/2025 6:43, , , , ,1.34,0.774,1.094, , , , 
 ,20251209073132 2025-12-09 7:41:52.027182300 AM,31.84139778,54.62121958,1387.14,USER,Partial,Corrected,None,195, ,BYCODE(0), ,0.012,0.01,0.011,0.016,         BYLAYER,  BYCODE, ,0,Vertical,12/9/2025 7:41, , , , ,1.277,0.651,1.099, , , , 
 ,20251209081532 2025-12-09 8:32:01.086735000 AM,31.83386652,54.63093555,1385.903,USER,Fixed,Corrected,None,364, ,BYCODE(0), ,0.013,0.011,0.012,0.017,         BYLAYER,  BYCODE, ,0,Vertical,12/9/2025 8:32, , , , ,1.197,0.628,1.019, , , , 
 ,20251209070015 2025-12-09 7:12:43.862639900 AM,31.84742667,54.61604157,1389.962,USER,Fixed,Corrected,None,259, ,BYCODE(0), ,0.013,0.012,0.013,0.018,         BYLAYER,  BYCODE, ,0,Vertical,12/9/2025 7:12, , , , ,1.239,0.645,1.058, , , , 
 ,20251209070015 2025-12-09 7:07:21.368170500 AM,31.84954633,54.61407204,1390.072,USER,Fixed,Corrected,None,109, ,BYCODE(0), ,0.013,0.012,0.014,0.018,         BYLAYER,  BYCODE, ,0,Vertical,12/9/2025 7:07, , , , ,1.29,0.676,1.099, , , , 
 ,20251209073132 2025-12-09 7:47:30.849785100 AM,31.83944244,54.6228473,1385.694,USER,Fixed,Corrected,None,347, ,BYCODE(0), ,0.013,0.011,0.011,0.017,         BYLAYER,  BYCODE, ,0,Vertical,12/9/2025 7:47, , , , ,1.284,0.656,1.104, , , , 
 ,20251209073132 2025-12-09 7:43:55.387680300 AM,31.84242771,54.6242571,1391.43,USER,Fixed,Corrected,None,252, ,BYCODE(0), ,0.013,0.01,0.011,0.016,         BYLAYER,  BYCODE, ,0,Vertical,12/9/2025 7:43, , , , ,1.277,0.65,1.099, , , , 
 ,20251209073132 2025-12-09 7:37:12.227944400 AM,31.84446939,54.62102907,1392.913,USER,Fixed,Corrected,None,65, ,BYCODE(0), ,0.012,0.011,0.013,0.016,         BYLAYER,  BYCODE, ,0,Vertical,12/9/2025 7:37, , , , ,1.49,0.71,1.31, , , , 
 ,20251209073132 2025-12-09 7:50:32.391079400 AM,31.83850064,54.62455236,1384.522,USER,Fixed,Corrected,None,433, ,BYCODE(0), ,0.013,0.011,0.011,0.017,         BYLAYER,  BYCODE, ,0,Vertical,12/9/2025 7:50, , , , ,1.279,0.655,1.098, , , , 
 ,20251209070015 2025-12-09 7:17:39.166781700 AM,31.84563798,54.61785424,1389.246,USER,Fixed,Corrected,None,401, ,BYCODE(0), ,0.014,0.011,0.013,0.018,         BYLAYER,  BYCODE, ,0,Vertical,12/9/2025 7:17, , , , ,1.303,0.676,1.114, , , , 
 ,20251209063040 2025-12-09 6:35:53.447831400 AM,31.85534001,54.60450994,1389.167,USER,Partial,Corrected,None,74, ,BYCODE(0), ,0.015,0.013,0.014,0.02,         BYLAYER,  BYCODE, ,0,Vertical,12/9/2025 6:35, , , , ,1.317,0.779,1.063, , , , 
 ,20251209063040 2025-12-09 6:39:53.749933000 AM,31.8541197,54.6064632,1390.212,USER,Fixed,Corrected,None,188, ,BYCODE(0), ,0.015,0.013,0.014,0.02,         BYLAYER,  BYCODE, ,0,Vertical,12/9/2025 6:39, , , , ,1.324,0.773,1.075, , , , 
 ,20251209063040 2025-12-09 6:49:57.460175500 AM,31.85049098,54.61059642,1395.729,USER,Fixed,Corrected,None,471, ,BYCODE(0), ,0.016,0.012,0.014,0.02,         BYLAYER,  BYCODE, ,0,Vertical,12/9/2025 6:49, , , , ,1.335,0.736,1.113, , , , 
 ,20251209073132 2025-12-09 7:39:38.944849700 AM,31.84418285,54.62240208,1394.005,USER,Fixed,Corrected,None,134, ,BYCODE(0), ,0.012,0.011,0.011,0.016,         BYLAYER,  BYCODE, ,0,Vertical,12/9/2025 7:39, , , , ,1.487,0.708,1.308, , , , 
 ,20251209063040 2025-12-09 6:46:54.300964600 AM,31.85123535,54.60864326,1387.839,USER,Fixed,Corrected,None,385, ,BYCODE(0), ,0.016,0.013,0.014,0.02,         BYLAYER,  BYCODE, ,0,Vertical,12/9/2025 6:46, , , , ,1.324,0.737,1.1, , , , 
 ,20251209070015 2025-12-09 7:07:23.334207800 AM,31.84966706,54.61422314,1390.495,USER,Partial,Corrected,None,110, ,BYCODE(0), ,0.013,0.012,0.014,0.018,         BYLAYER,  BYCODE, ,0,Vertical,12/9/2025 7:07, , , , ,1.29,0.676,1.099, , , , 
 ,20251209070015 2025-12-09 7:12:45.857726300 AM,31.84754815,54.61619526,1390.316,USER,Partial,Corrected,None,260, ,BYCODE(0), ,0.013,0.012,0.013,0.018,         BYLAYER,  BYCODE, ,0,Vertical,12/9/2025 7:12, , , , ,1.239,0.645,1.058, , , , 
 ,20251209081532 2025-12-09 8:26:46.540175700 AM,31.83520386,54.62797925,1385.229,USER,Fixed,Corrected,None,217, ,BYCODE(0), ,0.013,0.01,0.011,0.016,         BYLAYER,  BYCODE, ,0,Vertical,12/9/2025 8:26, , , , ,1.222,0.635,1.044, , , , 
 ,20251209081532 2025-12-09 8:19:36.400439700 AM,31.83833824,54.62611691,1387.148,USER,Fixed,Corrected,None,13, ,BYCODE(0), ,0.013,0.01,0.011,0.016,         BYLAYER,  BYCODE, ,0,Vertical,12/9/2025 8:19, , , , ,1.438,0.74,1.233, , , , 
 ,20251209063040 2025-12-09 6:43:34.187013600 AM,31.85408677,54.60936691,1391.957,USER,Fixed,Corrected,None,292, ,BYCODE(0), ,0.016,0.013,0.014,0.021,         BYLAYER,  BYCODE, ,0,Vertical,12/9/2025 6:43, , , , ,1.34,0.774,1.094, , , , 
 ,20251209073132 2025-12-09 7:49:06.231520900 AM,31.83890001,54.62389817,1384.974,USER,Fixed,Corrected,None,392, ,BYCODE(0), ,0.013,0.011,0.011,0.017,         BYLAYER,  BYCODE, ,0,Vertical,12/9/2025 7:49, , , , ,1.281,0.655,1.101, , , , 
 ,20251209081532 2025-12-09 8:26:14.217087500 AM,31.83706221,54.62977905,1389.251,USER,Fixed,Corrected,None,202, ,BYCODE(0), ,0.013,0.01,0.011,0.016,         BYLAYER,  BYCODE, ,0,Vertical,12/9/2025 8:26, , , , ,1.222,0.635,1.044, , , , 
 ,20251209070015 2025-12-09 7:17:41.161954200 AM,31.84551518,54.61769989,1388.677,USER,Fixed,Corrected,None,402, ,BYCODE(0), ,0.014,0.011,0.013,0.018,         BYLAYER,  BYCODE, ,0,Vertical,12/9/2025 7:17, , , , ,1.303,0.676,1.114, , , , 
 ,20251209073132 2025-12-09 7:45:48.303923800 AM,31.84008044,54.62247304,1386.355,USER,Fixed,Corrected,None,306, ,BYCODE(0), ,0.013,0.011,0.011,0.017,         BYLAYER,  BYCODE, ,0,Vertical,12/9/2025 7:45, , , , ,1.276,0.649,1.098, , , , 
 ,20251209063040 2025-12-09 6:35:55.421958700 AM,31.85521835,54.60435722,1388.902,USER,Fixed,Corrected,None,75, ,BYCODE(0), ,0.015,0.013,0.014,0.02,         BYLAYER,  BYCODE, ,0,Vertical,12/9/2025 6:35, , , , ,1.318,0.779,1.063, , , , 
 ,20251209073132 2025-12-09 7:47:31.836117700 AM,31.8394045,54.62283743,1385.657,USER,Fixed,Corrected,None,348, ,BYCODE(0), ,0.013,0.011,0.011,0.017,         BYLAYER,  BYCODE, ,0,Vertical,12/9/2025 7:47, , , , ,1.284,0.656,1.104, , , , 
 ,20251209070015 2025-12-09 7:07:25.358413900 AM,31.84979172,54.6143803,1390.946,USER,Partial,Corrected,None,111, ,BYCODE(0), ,0.013,0.012,0.014,0.018,         BYLAYER,  BYCODE, ,0,Vertical,12/9/2025 7:07, , , , ,1.29,0.676,1.099, , , , 
 ,20251209063040 2025-12-09 6:39:55.740841200 AM,31.85399696,54.6063092,1390.018,USER,Fixed,Corrected,None,189, ,BYCODE(0), ,0.015,0.013,0.014,0.02,         BYLAYER,  BYCODE, ,0,Vertical,12/9/2025 6:39, , , , ,1.324,0.773,1.075, , , , 
 ,20251209070015 2025-12-09 7:12:47.815547700 AM,31.84766889,54.61634504,1390.165,USER,Partial,Corrected,None,261, ,BYCODE(0), ,0.013,0.012,0.013,0.018,         BYLAYER,  BYCODE, ,0,Vertical,12/9/2025 7:12, , , , ,1.239,0.645,1.058, , , , 
 ,20251209073132 2025-12-09 7:41:54.020049100 AM,31.8415191,54.62137723,1387.544,USER,Partial,Corrected,None,196, ,BYCODE(0), ,0.012,0.01,0.011,0.016,         BYLAYER,  BYCODE, ,0,Vertical,12/9/2025 7:41, , , , ,1.277,0.651,1.099, , , , 
 ,20251209081532 2025-12-09 8:23:31.035818800 AM,31.83788511,54.62900373,1388.815,USER,Partial,Corrected,None,124, ,BYCODE(0), ,0.013,0.01,0.011,0.016,         BYLAYER,  BYCODE, ,0,Vertical,12/9/2025 8:23, , , , ,1.222,0.638,1.043, , , , 
 ,20251209073132 2025-12-09 7:37:14.220809000 AM,31.84434676,54.62087542,1392.632,USER,Fixed,Corrected,None,66, ,BYCODE(0), ,0.012,0.011,0.013,0.016,         BYLAYER,  BYCODE, ,0,Vertical,12/9/2025 7:37, , , , ,1.49,0.71,1.31, , , , 
 ,20251209063040 2025-12-09 6:49:59.415862100 AM,31.85060953,54.6107467,1394.84,USER,Fixed,Corrected,None,472, ,BYCODE(0), ,0.016,0.012,0.014,0.02,         BYLAYER,  BYCODE, ,0,Vertical,12/9/2025 6:49, , , , ,1.335,0.736,1.113, , , , 
 ,20251209063040 2025-12-09 6:46:56.294220400 AM,31.85111376,54.60849037,1387.477,USER,Fixed,Corrected,None,386, ,BYCODE(0), ,0.016,0.013,0.014,0.02,         BYLAYER,  BYCODE, ,0,Vertical,12/9/2025 6:46, , , , ,1.324,0.737,1.1, , , , 
 ,20251209081532 2025-12-09 8:27:43.144796800 AM,31.83626272,54.63044251,1387.697,USER,Fixed,Corrected,None,244, ,BYCODE(0), ,0.013,0.01,0.011,0.017,         BYLAYER,  BYCODE, ,0,Vertical,12/9/2025 8:27, , , , ,1.221,0.634,1.043, , , , 
 ,20251209070015 2025-12-09 7:17:43.148957000 AM,31.84539267,54.61754621,1388.292,USER,Fixed,Corrected,None,403, ,BYCODE(0), ,0.014,0.011,0.013,0.018,         BYLAYER,  BYCODE, ,0,Vertical,12/9/2025 7:17, , , , ,1.303,0.676,1.114, , , , 
 ,20251209081532 2025-12-09 8:25:00.448153000 AM,31.83709611,54.62920011,1388.55,USER,Fixed,Corrected,None,166, ,BYCODE(0), ,0.013,0.01,0.011,0.016,         BYLAYER,  BYCODE, ,0,Vertical,12/9/2025 8:25, , , , ,1.222,0.636,1.044, , , , 
 ,20251209070015 2025-12-09 7:07:27.314185400 AM,31.84991215,54.61453291,1391.601,USER,Fixed,Corrected,None,112, ,BYCODE(0), ,0.013,0.012,0.014,0.018,         BYLAYER,  BYCODE, ,0,Vertical,12/9/2025 7:07, , , , ,1.29,0.676,1.099, , , , 
 ,20251209073132 2025-12-09 7:43:57.349682100 AM,31.84230425,54.6241055,1390.842,USER,Fixed,Corrected,None,253, ,BYCODE(0), ,0.013,0.01,0.011,0.016,         BYLAYER,  BYCODE, ,0,Vertical,12/9/2025 7:43, , , , ,1.277,0.65,1.099, , , , 
 ,20251209063040 2025-12-09 6:35:57.419302700 AM,31.85509584,54.60420278,1388.538,USER,Partial,Corrected,None,76, ,BYCODE(0), ,0.015,0.013,0.014,0.02,         BYLAYER,  BYCODE, ,0,Vertical,12/9/2025 6:35, , , , ,1.318,0.779,1.063, , , , 
 ,20251209070015 2025-12-09 7:12:49.840020700 AM,31.84779366,54.61650051,1390.243,USER,Partial,Corrected,None,262, ,BYCODE(0), ,0.013,0.012,0.013,0.018,         BYLAYER,  BYCODE, ,0,Vertical,12/9/2025 7:12, , , , ,1.239,0.645,1.058, , , , 
 ,20251209081532 2025-12-09 8:21:45.176792900 AM,31.837774,54.62714446,1386.983,USER,Fixed,Corrected,None,74, ,BYCODE(0), ,0.013,0.01,0.011,0.016,         BYLAYER,  BYCODE, ,0,Vertical,12/9/2025 8:21, , , , ,1.372,0.718,1.169, , , , 
 ,20251209073132 2025-12-09 7:39:41.369849700 AM,31.84424204,54.6225212,1394.436,USER,Fixed,Corrected,None,135, ,BYCODE(0), ,0.012,0.011,0.011,0.016,         BYLAYER,  BYCODE, ,0,Vertical,12/9/2025 7:39, , , , ,1.487,0.708,1.308, , , , 
 ,20251209063040 2025-12-09 6:39:57.731743600 AM,31.85387482,54.60615532,1389.703,USER,Fixed,Corrected,None,190, ,BYCODE(0), ,0.016,0.012,0.014,0.02,         BYLAYER,  BYCODE, ,0,Vertical,12/9/2025 6:39, , , , ,1.324,0.773,1.076, , , , 
 ,20251209081532 2025-12-09 8:29:57.511171300 AM,31.83402373,54.62938828,1384.816,USER,Fixed,Corrected,None,306, ,BYCODE(0), ,0.014,0.011,0.012,0.017,         BYLAYER,  BYCODE, ,0,Vertical,12/9/2025 8:29, , , , ,1.2,0.63,1.022, , , , 
 ,20251209063040 2025-12-09 6:43:37.144352900 AM,31.85398678,54.60954986,1391.574,USER,Fixed,Corrected,None,293, ,BYCODE(0), ,0.016,0.013,0.014,0.021,         BYLAYER,  BYCODE, ,0,Vertical,12/9/2025 6:43, , , , ,1.341,0.774,1.094, , , , 
 ,20251209073132 2025-12-09 7:51:52.905071700 AM,31.83773483,54.62474809,1384.149,USER,Partial,Corrected,None,471, ,BYCODE(0), ,0.014,0.01,0.011,0.017,         BYLAYER,  BYCODE, ,0,Vertical,12/9/2025 7:51, , , , ,1.456,0.735,1.257, , , , 
 ,20251209081532 2025-12-09 8:24:18.220055100 AM,31.83574369,54.62692328,1385.404,USER,Fixed,Corrected,None,146, ,BYCODE(0), ,0.013,0.01,0.011,0.017,         BYLAYER,  BYCODE, ,0,Vertical,12/9/2025 8:24, , , , ,1.222,0.637,1.043, , , , 
 ,20251209070015 2025-12-09 7:07:29.321875100 AM,31.85003632,54.61468842,1392.021,USER,Fixed,Corrected,None,113, ,BYCODE(0), ,0.013,0.012,0.014,0.018,         BYLAYER,  BYCODE, ,0,Vertical,12/9/2025 7:07, , , , ,1.29,0.676,1.099, , , , 
 ,20251209070015 2025-12-09 7:17:45.135860900 AM,31.84527029,54.61739271,1387.906,USER,Fixed,Corrected,None,404, ,BYCODE(0), ,0.014,0.011,0.013,0.018,         BYLAYER,  BYCODE, ,0,Vertical,12/9/2025 7:17, , , , ,1.303,0.676,1.114, , , , 
 ,20251209081532 2025-12-09 8:27:16.448176400 AM,31.83531408,54.62869278,1386.282,USER,Fixed,Corrected,None,231, ,BYCODE(0), ,0.013,0.01,0.011,0.016,         BYLAYER,  BYCODE, ,0,Vertical,12/9/2025 8:27, , , , ,1.221,0.634,1.044, , , , 
 ,20251209070015 2025-12-09 7:12:51.799964900 AM,31.84791385,54.61665053,1390.432,USER,Fixed,Corrected,None,263, ,BYCODE(0), ,0.013,0.012,0.013,0.018,         BYLAYER,  BYCODE, ,0,Vertical,12/9/2025 7:12, , , , ,1.264,0.66,1.078, , , , 
 ,20251209073132 2025-12-09 7:41:55.973882400 AM,31.84163872,54.62152781,1388.465,USER,Fixed,Corrected,None,197, ,BYCODE(0), ,0.012,0.01,0.011,0.016,         BYLAYER,  BYCODE, ,0,Vertical,12/9/2025 7:41, , , , ,1.277,0.651,1.099, , , , 
 ,20251209063040 2025-12-09 6:50:01.439801700 AM,31.85073262,54.61090256,1393.406,USER,Fixed,Corrected,None,473, ,BYCODE(0), ,0.016,0.012,0.014,0.02,         BYLAYER,  BYCODE, ,0,Vertical,12/9/2025 6:50, , , , ,1.335,0.736,1.113, , , , 
 ,20251209063040 2025-12-09 6:35:59.418470600 AM,31.85497242,54.60404853,1388.231,USER,Partial,Corrected,None,77, ,BYCODE(0), ,0.015,0.013,0.014,0.02,         BYLAYER,  BYCODE, ,0,Vertical,12/9/2025 6:35, , , , ,1.318,0.779,1.063, , , , 
 ,20251209073132 2025-12-09 7:37:16.209500100 AM,31.84422453,54.62072077,1392.645,USER,Fixed,Corrected,None,67, ,BYCODE(0), ,0.012,0.011,0.013,0.016,         BYLAYER,  BYCODE, ,0,Vertical,12/9/2025 7:37, , , , ,1.49,0.71,1.31, , , , 
 ,20251209073132 2025-12-09 7:50:34.412813200 AM,31.8386242,54.62470746,1384.881,USER,Fixed,Corrected,None,434, ,BYCODE(0), ,0.013,0.011,0.011,0.017,         BYLAYER,  BYCODE, ,0,Vertical,12/9/2025 7:50, , , , ,1.279,0.655,1.098, , , , 
 ,20251209073132 2025-12-09 7:49:08.226296200 AM,31.83902183,54.6240519,1385.674,USER,Fixed,Corrected,None,393, ,BYCODE(0), ,0.013,0.011,0.011,0.017,         BYLAYER,  BYCODE, ,0,Vertical,12/9/2025 7:49, , , , ,1.281,0.655,1.101, , , , 
 ,20251209063040 2025-12-09 6:39:59.726742700 AM,31.85375212,54.60600101,1389.4,USER,Fixed,Corrected,None,191, ,BYCODE(0), ,0.015,0.013,0.014,0.02,         BYLAYER,  BYCODE, ,0,Vertical,12/9/2025 6:39:60 AM, , , , ,1.325,0.773,1.076, , , , 
 ,20251209070015 2025-12-09 7:07:31.308842900 AM,31.85015805,54.61484343,1392.462,USER,Fixed,Corrected,None,114, ,BYCODE(0), ,0.013,0.012,0.014,0.018,         BYLAYER,  BYCODE, ,0,Vertical,12/9/2025 7:07, , , , ,1.29,0.676,1.099, , , , 
 ,20251209063040 2025-12-09 6:46:59.052624700 AM,31.85101022,54.60840029,1387.344,USER,Fixed,Corrected,None,387, ,BYCODE(0), ,0.016,0.013,0.014,0.02,         BYLAYER,  BYCODE, ,0,Vertical,12/9/2025 6:46, , , , ,1.324,0.737,1.101, , , , 
 ,20251209081532 2025-12-09 8:20:44.969513200 AM,31.83879659,54.62784635,1389.113,USER,Fixed,Corrected,None,45, ,BYCODE(0), ,0.013,0.01,0.011,0.016,         BYLAYER,  BYCODE, ,0,Vertical,12/9/2025 8:20, , , , ,1.428,0.737,1.224, , , , 
 ,20251209070015 2025-12-09 7:17:47.139451500 AM,31.84514718,54.61723785,1387.422,USER,Fixed,Corrected,None,405, ,BYCODE(0), ,0.014,0.011,0.013,0.018,         BYLAYER,  BYCODE, ,0,Vertical,12/9/2025 7:17, , , , ,1.303,0.676,1.114, , , , 
 ,20251209070015 2025-12-09 7:12:53.788888900 AM,31.84803762,54.61680265,1390.688,USER,Fixed,Corrected,None,264, ,BYCODE(0), ,0.013,0.012,0.013,0.018,         BYLAYER,  BYCODE, ,0,Vertical,12/9/2025 7:12, , , , ,1.291,0.677,1.099, , , , 
 ,20251209081532 2025-12-09 8:19:38.395373100 AM,31.83821559,54.62596266,1387.131,USER,Fixed,Corrected,None,14, ,BYCODE(0), ,0.013,0.01,0.011,0.016,         BYLAYER,  BYCODE, ,0,Vertical,12/9/2025 8:19, , , , ,1.437,0.74,1.232, , , , 
 ,20251209073132 2025-12-09 7:45:50.927262500 AM,31.83995754,54.62233637,1386.396,USER,Fixed,Corrected,None,307, ,BYCODE(0), ,0.013,0.011,0.011,0.016,         BYLAYER,  BYCODE, ,0,Vertical,12/9/2025 7:45, , , , ,1.276,0.649,1.098, , , , 
 ,20251209073132 2025-12-09 7:43:59.338463800 AM,31.84218237,54.62395344,1390.734,USER,Fixed,Corrected,None,254, ,BYCODE(0), ,0.013,0.01,0.011,0.016,         BYLAYER,  BYCODE, ,0,Vertical,12/9/2025 7:43, , , , ,1.277,0.65,1.099, , , , 
 ,20251209063040 2025-12-09 6:43:39.769353400 AM,31.8538987,54.60964486,1391.839,USER,Fixed,Corrected,None,294, ,BYCODE(0), ,0.016,0.013,0.014,0.021,         BYLAYER,  BYCODE, ,0,Vertical,12/9/2025 6:43, , , , ,1.341,0.774,1.095, , , , 
 ,20251209063040 2025-12-09 6:36:01.409171800 AM,31.85485053,54.60389509,1387.893,USER,Fixed,Corrected,None,78, ,BYCODE(0), ,0.015,0.013,0.014,0.02,         BYLAYER,  BYCODE, ,0,Vertical,12/9/2025 6:36, , , , ,1.318,0.779,1.064, , , , 
 ,20251209081532 2025-12-09 8:28:07.917669300 AM,31.83478042,54.62859949,1384.788,USER,Fixed,Corrected,None,256, ,BYCODE(0), ,0.013,0.01,0.012,0.017,         BYLAYER,  BYCODE, ,0,Vertical,12/9/2025 8:28, , , , ,1.203,0.631,1.024, , , , 
 ,20251209081532 2025-12-09 8:22:41.464345500 AM,31.83631681,54.62589748,1384.997,USER,Fixed,Corrected,None,101, ,BYCODE(0), ,0.013,0.01,0.011,0.016,         BYLAYER,  BYCODE, ,0,Vertical,12/9/2025 8:22, , , , ,1.222,0.638,1.042, , , , 
 ,20251209070015 2025-12-09 7:07:33.428929600 AM,31.85027559,54.61499644,1393.104,USER,Fixed,Corrected,None,115, ,BYCODE(0), ,0.013,0.012,0.014,0.018,         BYLAYER,  BYCODE, ,0,Vertical,12/9/2025 7:07, , , , ,1.29,0.676,1.099, , , , 
 ,20251209063040 2025-12-09 6:50:03.397784000 AM,31.85085282,54.61105402,1391.686,USER,Fixed,Corrected,None,474, ,BYCODE(0), ,0.016,0.012,0.014,0.02,         BYLAYER,  BYCODE, ,0,Vertical,12/9/2025 6:50, , , , ,1.335,0.736,1.113, , , , 
 ,20251209081532 2025-12-09 8:30:44.186421400 AM,31.83417029,54.63015715,1385.881,USER,Fixed,Corrected,None,328, ,BYCODE(0), ,0.013,0.011,0.012,0.017,         BYLAYER,  BYCODE, ,0,Vertical,12/9/2025 8:30, , , , ,1.199,0.629,1.021, , , , 
 ,20251209063040 2025-12-09 6:40:01.728094800 AM,31.85362888,54.60584672,1389.218,USER,Fixed,Corrected,None,192, ,BYCODE(0), ,0.015,0.013,0.014,0.02,         BYLAYER,  BYCODE, ,0,Vertical,12/9/2025 6:40, , , , ,1.325,0.773,1.076, , , , 
 ,20251209070015 2025-12-09 7:12:55.781872500 AM,31.84815991,54.61695613,1390.889,USER,Fixed,Corrected,None,265, ,BYCODE(0), ,0.013,0.012,0.013,0.018,         BYLAYER,  BYCODE, ,0,Vertical,12/9/2025 7:12, , , , ,1.291,0.677,1.099, , , , 
 ,20251209070015 2025-12-09 7:17:49.130822200 AM,31.84502404,54.61708373,1386.954,USER,Fixed,Corrected,None,406, ,BYCODE(0), ,0.014,0.011,0.013,0.018,         BYLAYER,  BYCODE, ,0,Vertical,12/9/2025 7:17, , , , ,1.303,0.676,1.114, , , , 
 ,20251209073132 2025-12-09 7:37:18.198661800 AM,31.84410284,54.62056711,1392.476,USER,Fixed,Corrected,None,68, ,BYCODE(0), ,0.012,0.011,0.013,0.016,         BYLAYER,  BYCODE, ,0,Vertical,12/9/2025 7:37, , , , ,1.49,0.71,1.31, , , , 
 ,20251209073132 2025-12-09 7:47:34.832504500 AM,31.8392535,54.62296369,1385.066,USER,Fixed,Corrected,None,349, ,BYCODE(0), ,0.013,0.011,0.011,0.017,         BYLAYER,  BYCODE, ,0,Vertical,12/9/2025 7:47, , , , ,1.284,0.656,1.104, , , , 
 ,20251209073132 2025-12-09 7:41:57.997947200 AM,31.84176241,54.62168331,1389.066,USER,Fixed,Corrected,None,198, ,BYCODE(0), ,0.012,0.01,0.011,0.016,         BYLAYER,  BYCODE, ,0,Vertical,12/9/2025 7:41, , , , ,1.277,0.651,1.099, , , , 
 ,20251209070015 2025-12-09 7:07:35.153587800 AM,31.85030328,54.61507825,1393.577,USER,Fixed,Corrected,None,116, ,BYCODE(0), ,0.013,0.012,0.014,0.018,         BYLAYER,  BYCODE, ,0,Vertical,12/9/2025 7:07, , , , ,1.29,0.676,1.099, , , , 
 ,20251209073132 2025-12-09 7:39:44.430831900 AM,31.84411883,54.62268446,1393.488,USER,Fixed,Corrected,None,136, ,BYCODE(0), ,0.012,0.01,0.011,0.016,         BYLAYER,  BYCODE, ,0,Vertical,12/9/2025 7:39, , , , ,1.487,0.708,1.308, , , , 
 ,20251209063040 2025-12-09 6:36:03.396101200 AM,31.85472843,54.60374193,1387.452,USER,Partial,Corrected,None,79, ,BYCODE(0), ,0.015,0.013,0.014,0.02,         BYLAYER,  BYCODE, ,0,Vertical,12/9/2025 6:36, , , , ,1.318,0.779,1.064, , , , 
 ,20251209073132 2025-12-09 7:45:51.651595100 AM,31.83992942,54.62233345,1386.333,USER,Fixed,Corrected,None,308, ,BYCODE(0), ,0.013,0.011,0.011,0.016,         BYLAYER,  BYCODE, ,0,Vertical,12/9/2025 7:45, , , , ,1.276,0.649,1.098, , , , 
 ,20251209081532 2025-12-09 8:28:51.309870000 AM,31.8355257,54.63011676,1387.377,USER,Fixed,Corrected,None,276, ,BYCODE(0), ,0.013,0.01,0.012,0.017,         BYLAYER,  BYCODE, ,0,Vertical,12/9/2025 8:28, , , , ,1.202,0.631,1.023, , , , 
 ,20251209081532 2025-12-09 8:31:16.780265300 AM,31.83337298,54.62973731,1384.446,USER,Fixed,Corrected,None,343, ,BYCODE(0), ,0.014,0.011,0.012,0.017,         BYLAYER,  BYCODE, ,0,Vertical,12/9/2025 8:31, , , , ,1.198,0.629,1.02, , , , 
 ,20251209081532 2025-12-09 8:29:10.548357000 AM,31.83545465,54.63060773,1386.709,USER,Fixed,Corrected,None,284, ,BYCODE(0), ,0.013,0.01,0.012,0.017,         BYLAYER,  BYCODE, ,0,Vertical,12/9/2025 8:29, , , , ,1.201,0.63,1.023, , , , 
 ,20251209070015 2025-12-09 7:12:57.774872300 AM,31.84828215,54.61711088,1391.196,USER,Fixed,Corrected,None,266, ,BYCODE(0), ,0.013,0.012,0.013,0.018,         BYLAYER,  BYCODE, ,0,Vertical,12/9/2025 7:12, , , , ,1.291,0.677,1.099, , , , 
 ,20251209063040 2025-12-09 6:47:02.236875100 AM,31.85088497,54.60856513,1386.633,USER,Fixed,Corrected,None,388, ,BYCODE(0), ,0.016,0.013,0.014,0.02,         BYLAYER,  BYCODE, ,0,Vertical,12/9/2025 6:47, , , , ,1.325,0.737,1.101, , , , 
 ,20251209070015 2025-12-09 7:17:51.117752100 AM,31.84490199,54.61693032,1386.667,USER,Fixed,Corrected,None,407, ,BYCODE(0), ,0.014,0.011,0.013,0.018,         BYLAYER,  BYCODE, ,0,Vertical,12/9/2025 7:17, , , , ,1.303,0.676,1.114, , , , 
 ,20251209073132 2025-12-09 7:51:54.883801500 AM,31.83785603,54.62490443,1384.287,USER,Partial,Corrected,None,472, ,BYCODE(0), ,0.014,0.01,0.011,0.017,         BYLAYER,  BYCODE, ,0,Vertical,12/9/2025 7:51, , , , ,1.456,0.735,1.257, , , , 
 ,20251209063040 2025-12-09 6:40:03.684074200 AM,31.85350895,54.60569567,1389.033,USER,Fixed,Corrected,None,193, ,BYCODE(0), ,0.015,0.013,0.014,0.02,         BYLAYER,  BYCODE, ,0,Vertical,12/9/2025 6:40, , , , ,1.325,0.773,1.076, , , , 
 ,20251209073132 2025-12-09 7:49:10.188234100 AM,31.83914312,54.62420205,1386.271,USER,Fixed,Corrected,None,394, ,BYCODE(0), ,0.013,0.011,0.011,0.017,         BYLAYER,  BYCODE, ,0,Vertical,12/9/2025 7:49, , , , ,1.281,0.655,1.101, , , , 
 ,20251209063040 2025-12-09 6:50:05.422208800 AM,31.85097698,54.61121033,1389.714,USER,Fixed,Corrected,None,475, ,BYCODE(0), ,0.016,0.012,0.014,0.02,         BYLAYER,  BYCODE, ,0,Vertical,12/9/2025 6:50, , , , ,1.335,0.736,1.114, , , , 
 ,20251209063040 2025-12-09 6:43:42.895181200 AM,31.85375969,54.60949018,1391.322,USER,Fixed,Corrected,None,295, ,BYCODE(0), ,0.016,0.013,0.014,0.021,         BYLAYER,  BYCODE, ,0,Vertical,12/9/2025 6:43, , , , ,1.341,0.774,1.095, , , , 
 ,20251209063040 2025-12-09 6:36:05.378629700 AM,31.85460597,54.60358911,1387.076,USER,Fixed,Corrected,None,80, ,BYCODE(0), ,0.015,0.013,0.014,0.02,         BYLAYER,  BYCODE, ,0,Vertical,12/9/2025 6:36, , , , ,1.318,0.779,1.064, , , , 
 ,20251209070015 2025-12-09 7:07:38.183371300 AM,31.85019008,54.61524736,1393.058,USER,Fixed,Corrected,None,117, ,BYCODE(0), ,0.013,0.012,0.014,0.018,         BYLAYER,  BYCODE, ,0,Vertical,12/9/2025 7:07, , , , ,1.29,0.676,1.099, , , , 
 ,20251209073132 2025-12-09 7:44:01.364699600 AM,31.84205843,54.62379799,1390.602,USER,Fixed,Corrected,None,255, ,BYCODE(0), ,0.013,0.01,0.011,0.016,         BYLAYER,  BYCODE, ,0,Vertical,12/9/2025 7:44, , , , ,1.277,0.65,1.099, , , , 
 ,20251209073132 2025-12-09 7:37:20.193741600 AM,31.84398031,54.6204137,1392.252,USER,Fixed,Corrected,None,69, ,BYCODE(0), ,0.012,0.011,0.013,0.016,         BYLAYER,  BYCODE, ,0,Vertical,12/9/2025 7:37, , , , ,1.49,0.71,1.31, , , , 
 ,20251209070015 2025-12-09 7:12:59.770038100 AM,31.8484046,54.61726688,1391.664,USER,Fixed,Corrected,None,267, ,BYCODE(0), ,0.013,0.012,0.013,0.018,         BYLAYER,  BYCODE, ,0,Vertical,12/9/2025 7:12:60 AM, , , , ,1.291,0.677,1.099, , , , 
 ,20251209073132 2025-12-09 7:50:36.386963600 AM,31.83874497,54.62485922,1385.338,USER,Fixed,Corrected,None,435, ,BYCODE(0), ,0.013,0.011,0.011,0.017,         BYLAYER,  BYCODE, ,0,Vertical,12/9/2025 7:50, , , , ,1.278,0.655,1.098, , , , 
 ,20251209081532 2025-12-09 8:25:40.687477400 AM,31.83510128,54.62726839,1384.658,USER,Fixed,Corrected,None,185, ,BYCODE(0), ,0.013,0.01,0.011,0.016,         BYLAYER,  BYCODE, ,0,Vertical,12/9/2025 8:25, , , , ,1.222,0.636,1.044, , , , 
 ,20251209081532 2025-12-09 8:21:47.167696700 AM,31.83789656,54.62729897,1387.205,USER,Fixed,Corrected,None,75, ,BYCODE(0), ,0.013,0.01,0.011,0.016,         BYLAYER,  BYCODE, ,0,Vertical,12/9/2025 8:21, , , , ,1.372,0.718,1.169, , , , 
 ,20251209073132 2025-12-09 7:41:59.959942100 AM,31.84188267,54.62183448,1389.467,USER,Partial,Corrected,None,199, ,BYCODE(0), ,0.012,0.01,0.011,0.016,         BYLAYER,  BYCODE, ,0,Vertical,12/9/2025 7:41:60 AM, , , , ,1.277,0.651,1.099, , , , 
 ,20251209081532 2025-12-09 8:30:34.229681700 AM,31.83478391,54.6309263,1386.259,USER,Fixed,Corrected,None,323, ,BYCODE(0), ,0.013,0.011,0.012,0.017,         BYLAYER,  BYCODE, ,0,Vertical,12/9/2025 8:30, , , , ,1.2,0.629,1.021, , , , 
 ,20251209063040 2025-12-09 6:40:05.706181800 AM,31.85338452,54.60553911,1388.876,USER,Fixed,Corrected,None,194, ,BYCODE(0), ,0.015,0.013,0.014,0.02,         BYLAYER,  BYCODE, ,0,Vertical,12/9/2025 6:40, , , , ,1.325,0.773,1.076, , , , 
 ,20251209073132 2025-12-09 7:39:46.886960000 AM,31.84402228,54.62275962,1393.659,USER,Fixed,Corrected,None,137, ,BYCODE(0), ,0.012,0.01,0.011,0.016,         BYLAYER,  BYCODE, ,0,Vertical,12/9/2025 7:39, , , , ,1.487,0.708,1.308, , , , 
 ,20251209070015 2025-12-09 7:17:54.039101800 AM,31.84477912,54.6168078,1386.423,USER,Fixed,Corrected,None,408, ,BYCODE(0), ,0.014,0.011,0.013,0.018,         BYLAYER,  BYCODE, ,0,Vertical,12/9/2025 7:17, , , , ,1.303,0.676,1.114, , , , 
 ,20251209063040 2025-12-09 6:47:04.599176400 AM,31.85083042,54.60869301,1387.053,USER,Fixed,Corrected,None,389, ,BYCODE(0), ,0.016,0.013,0.014,0.02,         BYLAYER,  BYCODE, ,0,Vertical,12/9/2025 6:47, , , , ,1.325,0.737,1.101, , , , 
 ,20251209063040 2025-12-09 6:36:07.369620800 AM,31.85448356,54.60343545,1386.76,USER,Fixed,Corrected,None,81, ,BYCODE(0), ,0.015,0.013,0.014,0.02,         BYLAYER,  BYCODE, ,0,Vertical,12/9/2025 6:36, , , , ,1.319,0.779,1.064, , , , 
 ,20251209070015 2025-12-09 7:07:40.679162300 AM,31.85009655,54.61532761,1392.755,USER,Fixed,Corrected,None,118, ,BYCODE(0), ,0.013,0.012,0.014,0.018,         BYLAYER,  BYCODE, ,0,Vertical,12/9/2025 7:07, , , , ,1.29,0.676,1.099, , , , 
 ,20251209081532 2025-12-09 8:28:31.418768400 AM,31.83430173,54.62857856,1383.673,USER,Fixed,Corrected,None,266, ,BYCODE(0), ,0.013,0.01,0.012,0.017,         BYLAYER,  BYCODE, ,0,Vertical,12/9/2025 8:28, , , , ,1.202,0.631,1.023, , , , 
 ,20251209063040 2025-12-09 6:43:44.850957600 AM,31.85363768,54.60933909,1390.901,USER,Fixed,Corrected,None,296, ,BYCODE(0), ,0.016,0.013,0.014,0.021,         BYLAYER,  BYCODE, ,0,Vertical,12/9/2025 6:43, , , , ,1.341,0.774,1.095, , , , 
 ,20251209063040 2025-12-09 6:50:07.365503500 AM,31.85109554,54.61135909,1387.874,USER,Fixed,Corrected,None,476, ,BYCODE(0), ,0.016,0.012,0.014,0.02,         BYLAYER,  BYCODE, ,0,Vertical,12/9/2025 6:50, , , , ,1.335,0.736,1.114, , , , 
 ,20251209081532 2025-12-09 8:19:40.384272300 AM,31.83809255,54.6258092,1387.12,USER,Fixed,Corrected,None,15, ,BYCODE(0), ,0.013,0.01,0.011,0.016,         BYLAYER,  BYCODE, ,0,Vertical,12/9/2025 8:19, , , , ,1.437,0.74,1.232, , , , 
 ,20251209070015 2025-12-09 7:13:02.528559900 AM,31.84850538,54.61742794,1392.17,USER,Fixed,Corrected,None,268, ,BYCODE(0), ,0.014,0.012,0.013,0.018,         BYLAYER,  BYCODE, ,0,Vertical,12/9/2025 7:13, , , , ,1.291,0.677,1.099, , , , 
 ,20251209081532 2025-12-09 8:20:46.995783800 AM,31.83866816,54.6276907,1388.602,USER,Fixed,Corrected,None,46, ,BYCODE(0), ,0.013,0.01,0.011,0.016,         BYLAYER,  BYCODE, ,0,Vertical,12/9/2025 8:20, , , , ,1.428,0.737,1.223, , , , 
 ,20251209073132 2025-12-09 7:47:37.328345800 AM,31.83918149,54.6230695,1385.547,USER,Fixed,Corrected,None,350, ,BYCODE(0), ,0.013,0.011,0.011,0.017,         BYLAYER,  BYCODE, ,0,Vertical,12/9/2025 7:47, , , , ,1.284,0.656,1.104, , , , 
 ,20251209073132 2025-12-09 7:37:22.188769300 AM,31.84385772,54.62025894,1391.93,USER,Partial,Corrected,None,70, ,BYCODE(0), ,0.012,0.011,0.013,0.016,         BYLAYER,  BYCODE, ,0,Vertical,12/9/2025 7:37, , , , ,1.49,0.71,1.31, , , , 
 ,20251209081532 2025-12-09 8:25:02.440962800 AM,31.83697398,54.62904844,1388.251,USER,Fixed,Corrected,None,167, ,BYCODE(0), ,0.013,0.01,0.011,0.016,         BYLAYER,  BYCODE, ,0,Vertical,12/9/2025 8:25, , , , ,1.222,0.636,1.044, , , , 
 ,20251209070015 2025-12-09 7:13:03.251280300 AM,31.84850123,54.61746164,1392.003,USER,Fixed,Corrected,None,269, ,BYCODE(0), ,0.014,0.012,0.013,0.018,         BYLAYER,  BYCODE, ,0,Vertical,12/9/2025 7:13, , , , ,1.291,0.677,1.099, , , , 
 ,20251209063040 2025-12-09 6:40:07.657994000 AM,31.85326405,54.60538824,1388.677,USER,Fixed,Corrected,None,195, ,BYCODE(0), ,0.015,0.013,0.014,0.02,         BYLAYER,  BYCODE, ,0,Vertical,12/9/2025 6:40, , , , ,1.325,0.773,1.076, , , , 
 ,20251209081532 2025-12-09 8:22:43.190992100 AM,31.83625412,54.62586165,1384.912,USER,Fixed,Corrected,None,102, ,BYCODE(0), ,0.013,0.01,0.011,0.016,         BYLAYER,  BYCODE, ,0,Vertical,12/9/2025 8:22, , , , ,1.222,0.638,1.042, , , , 
 ,20251209073132 2025-12-09 7:44:03.318534900 AM,31.84193885,54.62364731,1390.491,USER,Fixed,Corrected,None,256, ,BYCODE(0), ,0.013,0.01,0.011,0.016,         BYLAYER,  BYCODE, ,0,Vertical,12/9/2025 7:44, , , , ,1.277,0.65,1.099, , , , 
 ,20251209073132 2025-12-09 7:45:54.600508700 AM,31.83978071,54.62245825,1385.291,USER,Fixed,Corrected,None,309, ,BYCODE(0), ,0.013,0.011,0.011,0.017,         BYLAYER,  BYCODE, ,0,Vertical,12/9/2025 7:45, , , , ,1.276,0.649,1.098, , , , 
 ,20251209081532 2025-12-09 8:23:33.961542800 AM,31.83775034,54.62885153,1388.372,USER,Partial,Corrected,None,125, ,BYCODE(0), ,0.013,0.01,0.011,0.016,         BYLAYER,  BYCODE, ,0,Vertical,12/9/2025 8:23, , , , ,1.222,0.637,1.043, , , , 
 ,20251209070015 2025-12-09 7:07:43.742311000 AM,31.84995899,54.61517331,1391.872,USER,Fixed,Corrected,None,119, ,BYCODE(0), ,0.013,0.012,0.014,0.018,         BYLAYER,  BYCODE, ,0,Vertical,12/9/2025 7:07, , , , ,1.29,0.676,1.099, , , , 
 ,20251209063040 2025-12-09 6:36:09.998936900 AM,31.85436273,54.60329206,1386.593,USER,Partial,Corrected,None,82, ,BYCODE(0), ,0.015,0.013,0.014,0.02,         BYLAYER,  BYCODE, ,0,Vertical,12/9/2025 6:36, , , , ,1.319,0.779,1.064, , , , 
 ,20251209070015 2025-12-09 7:17:57.329410300 AM,31.84463302,54.61695481,1385.97,USER,Fixed,Corrected,None,409, ,BYCODE(0), ,0.014,0.011,0.013,0.018,         BYLAYER,  BYCODE, ,0,Vertical,12/9/2025 7:17, , , , ,1.304,0.676,1.114, , , , 
 ,20251209063040 2025-12-09 6:43:46.879314700 AM,31.8535131,54.6091832,1390.733,USER,Fixed,Corrected,None,297, ,BYCODE(0), ,0.016,0.013,0.014,0.021,         BYLAYER,  BYCODE, ,0,Vertical,12/9/2025 6:43, , , , ,1.341,0.774,1.095, , , , 
 ,20251209073132 2025-12-09 7:42:01.985888700 AM,31.84200683,54.62199102,1389.729,USER,Fixed,Corrected,None,200, ,BYCODE(0), ,0.012,0.01,0.011,0.016,         BYLAYER,  BYCODE, ,0,Vertical,12/9/2025 7:42, , , , ,1.277,0.651,1.099, , , , 
 ,20251209081532 2025-12-09 8:24:20.246217000 AM,31.83586767,54.62707891,1385.921,USER,Fixed,Corrected,None,147, ,BYCODE(0), ,0.013,0.01,0.011,0.016,         BYLAYER,  BYCODE, ,0,Vertical,12/9/2025 8:24, , , , ,1.222,0.637,1.043, , , , 
 ,20251209063040 2025-12-09 6:50:09.454515900 AM,31.85122324,54.611518,1387.539,USER,Fixed,Corrected,None,477, ,BYCODE(0), ,0.016,0.012,0.014,0.02,         BYLAYER,  BYCODE, ,0,Vertical,12/9/2025 6:50, , , , ,1.335,0.736,1.114, , , , 
 ,20251209073132 2025-12-09 7:49:12.206073500 AM,31.83926751,54.62435723,1386.461,USER,Fixed,Corrected,None,395, ,BYCODE(0), ,0.013,0.011,0.011,0.017,         BYLAYER,  BYCODE, ,0,Vertical,12/9/2025 7:49, , , , ,1.281,0.655,1.101, , , , 
 ,20251209063040 2025-12-09 6:36:10.899314400 AM,31.8543335,54.60328831,1386.424,USER,Fixed,Corrected,None,83, ,BYCODE(0), ,0.015,0.013,0.014,0.02,         BYLAYER,  BYCODE, ,0,Vertical,12/9/2025 6:36, , , , ,1.319,0.779,1.064, , , , 
 ,20251209070015 2025-12-09 7:13:05.903598800 AM,31.84839151,54.61761523,1391.039,USER,Fixed,Corrected,None,270, ,BYCODE(0), ,0.014,0.012,0.013,0.018,         BYLAYER,  BYCODE, ,0,Vertical,12/9/2025 7:13, , , , ,1.291,0.677,1.099, , , , 
 ,20251209063040 2025-12-09 6:47:07.470676700 AM,31.85095318,54.60886128,1387.061,USER,Fixed,Corrected,None,390, ,BYCODE(0), ,0.016,0.013,0.014,0.02,         BYLAYER,  BYCODE, ,0,Vertical,12/9/2025 6:47, , , , ,1.325,0.737,1.101, , , , 
 ,20251209070015 2025-12-09 7:07:45.731244100 AM,31.84983505,54.61501927,1391.452,USER,Partial,Corrected,None,120, ,BYCODE(0), ,0.013,0.012,0.014,0.018,         BYLAYER,  BYCODE, ,0,Vertical,12/9/2025 7:07, , , , ,1.29,0.676,1.099, , , , 
 ,20251209073132 2025-12-09 7:50:38.375520700 AM,31.83886702,54.62501359,1385.756,USER,Fixed,Corrected,None,436, ,BYCODE(0), ,0.013,0.011,0.011,0.017,         BYLAYER,  BYCODE, ,0,Vertical,12/9/2025 7:50, , , , ,1.278,0.655,1.098, , , , 
 ,20251209063040 2025-12-09 6:40:09.847276700 AM,31.85314421,54.60523737,1388.45,USER,Fixed,Corrected,None,196, ,BYCODE(0), ,0.015,0.013,0.014,0.02,         BYLAYER,  BYCODE, ,0,Vertical,12/9/2025 6:40, , , , ,1.325,0.773,1.077, , , , 
 ,20251209073132 2025-12-09 7:51:56.874710800 AM,31.83797827,54.62505798,1385.138,USER,Partial,Corrected,None,473, ,BYCODE(0), ,0.014,0.01,0.011,0.017,         BYLAYER,  BYCODE, ,0,Vertical,12/9/2025 7:51, , , , ,1.456,0.735,1.257, , , , 
 ,20251209073132 2025-12-09 7:37:24.177758200 AM,31.84373554,54.62010519,1391.615,USER,Fixed,Corrected,None,71, ,BYCODE(0), ,0.012,0.011,0.013,0.016,         BYLAYER,  BYCODE, ,0,Vertical,12/9/2025 7:37, , , , ,1.49,0.71,1.31, , , , 
 ,20251209081532 2025-12-09 8:26:48.528995500 AM,31.835082,54.62782505,1384.786,USER,Fixed,Corrected,None,218, ,BYCODE(0), ,0.013,0.01,0.011,0.016,         BYLAYER,  BYCODE, ,0,Vertical,12/9/2025 8:26, , , , ,1.222,0.635,1.044, , , , 
 ,20251209070015 2025-12-09 7:17:59.754397400 AM,31.84456848,54.6170701,1386.325,USER,Fixed,Corrected,None,410, ,BYCODE(0), ,0.014,0.011,0.013,0.018,         BYLAYER,  BYCODE, ,0,Vertical,12/9/2025 7:17:60 AM, , , , ,1.304,0.676,1.115, , , , 
 ,20251209073132 2025-12-09 7:39:49.916752100 AM,31.84388445,54.62260566,1393.121,USER,Fixed,Corrected,None,138, ,BYCODE(0), ,0.012,0.01,0.011,0.016,         BYLAYER,  BYCODE, ,0,Vertical,12/9/2025 7:39, , , , ,1.487,0.708,1.308, , , , 
 ,20251209063040 2025-12-09 6:43:48.841455200 AM,31.85339281,54.60903181,1390.442,USER,Fixed,Corrected,None,298, ,BYCODE(0), ,0.016,0.013,0.014,0.021,         BYLAYER,  BYCODE, ,0,Vertical,12/9/2025 6:43, , , , ,1.341,0.774,1.095, , , , 
 ,20251209070015 2025-12-09 7:01:56.919179000 AM,31.85138772,54.61116777,1288.455,USER,Fixed,Corrected,None,1, ,BYCODE(0), ,0.013,0.012,0.014,0.018,         BYLAYER,  BYCODE, ,0,Vertical,12/9/2025 7:01, , , , ,1.344,0.711,1.14, , , , 
 ,20251209081532 2025-12-09 8:31:55.111956400 AM,31.83423309,54.6313964,1386.115,USER,Fixed,Corrected,None,361, ,BYCODE(0), ,0.013,0.011,0.012,0.017,         BYLAYER,  BYCODE, ,0,Vertical,12/9/2025 8:31, , , , ,1.197,0.628,1.019, , , , 
 ,20251209081532 2025-12-09 8:30:11.415602200 AM,31.83487949,54.6304635,1387.07,USER,Fixed,Corrected,None,313, ,BYCODE(0), ,0.014,0.01,0.012,0.017,         BYLAYER,  BYCODE, ,0,Vertical,12/9/2025 8:30, , , , ,1.2,0.63,1.022, , , , 
 ,20251209070015 2025-12-09 7:07:47.709926600 AM,31.84971452,54.61486611,1391.146,USER,Partial,Corrected,None,121, ,BYCODE(0), ,0.013,0.012,0.014,0.018,         BYLAYER,  BYCODE, ,0,Vertical,12/9/2025 7:07, , , , ,1.29,0.676,1.099, , , , 
 ,20251209081532 2025-12-09 8:29:44.022588500 AM,31.83348593,54.62849755,1383.081,USER,Fixed,Corrected,None,300, ,BYCODE(0), ,0.013,0.011,0.012,0.017,         BYLAYER,  BYCODE, ,0,Vertical,12/9/2025 8:29, , , , ,1.201,0.63,1.022, , , , 
 ,20251209070015 2025-12-09 7:13:08.389021200 AM,31.84829734,54.61769579,1391.129,USER,Fixed,Corrected,None,271, ,BYCODE(0), ,0.014,0.012,0.013,0.018,         BYLAYER,  BYCODE, ,0,Vertical,12/9/2025 7:13, , , , ,1.291,0.677,1.099, , , , 
 ,20251209073132 2025-12-09 7:44:05.318158400 AM,31.84181606,54.62349286,1390.116,USER,Fixed,Corrected,None,257, ,BYCODE(0), ,0.013,0.01,0.011,0.016,         BYLAYER,  BYCODE, ,0,Vertical,12/9/2025 7:44, , , , ,1.277,0.65,1.099, , , , 
 ,20251209063040 2025-12-09 6:40:11.673516500 AM,31.85308343,54.60520339,1388.25,USER,Fixed,Corrected,None,197, ,BYCODE(0), ,0.015,0.013,0.014,0.02,         BYLAYER,  BYCODE, ,0,Vertical,12/9/2025 6:40, , , , ,1.326,0.773,1.077, , , , 
 ,20251209063040 2025-12-09 6:50:11.476806900 AM,31.85134769,54.61167326,1387.742,USER,Fixed,Corrected,None,478, ,BYCODE(0), ,0.016,0.012,0.014,0.02,         BYLAYER,  BYCODE, ,0,Vertical,12/9/2025 6:50, , , , ,1.335,0.736,1.114, , , , 
 ,20251209063040 2025-12-09 6:47:09.459514100 AM,31.85107545,54.60901958,1387.074,USER,Fixed,Corrected,None,391, ,BYCODE(0), ,0.016,0.013,0.014,0.02,         BYLAYER,  BYCODE, ,0,Vertical,12/9/2025 6:47, , , , ,1.325,0.737,1.101, , , , 
 ,20251209081532 2025-12-09 8:21:49.156499900 AM,31.83801887,54.62745288,1387.513,USER,Fixed,Corrected,None,76, ,BYCODE(0), ,0.013,0.01,0.011,0.016,         BYLAYER,  BYCODE, ,0,Vertical,12/9/2025 8:21, , , , ,1.372,0.718,1.169, , , , 
 ,20251209063040 2025-12-09 6:36:14.091821900 AM,31.8542094,54.60345371,1385.702,USER,Fixed,Corrected,None,84, ,BYCODE(0), ,0.015,0.013,0.014,0.02,         BYLAYER,  BYCODE, ,0,Vertical,12/9/2025 6:36, , , , ,1.319,0.779,1.065, , , , 
 ,20251209073132 2025-12-09 7:42:03.947925600 AM,31.84212723,54.62214379,1390.322,USER,Fixed,Corrected,None,201, ,BYCODE(0), ,0.012,0.01,0.011,0.016,         BYLAYER,  BYCODE, ,0,Vertical,12/9/2025 7:42, , , , ,1.277,0.651,1.099, , , , 
 ,20251209081532 2025-12-09 8:19:42.381379400 AM,31.83796961,54.62565494,1387.042,USER,Fixed,Corrected,None,16, ,BYCODE(0), ,0.013,0.01,0.011,0.016,         BYLAYER,  BYCODE, ,0,Vertical,12/9/2025 8:19, , , , ,1.437,0.739,1.232, , , , 
 ,20251209070015 2025-12-09 7:07:49.703129500 AM,31.84959274,54.61471223,1390.637,USER,Fixed,Corrected,None,122, ,BYCODE(0), ,0.013,0.012,0.014,0.018,         BYLAYER,  BYCODE, ,0,Vertical,12/9/2025 7:07, , , , ,1.29,0.676,1.099, , , , 
 ,20251209081532 2025-12-09 8:27:18.405893300 AM,31.83543427,54.62884436,1386.353,USER,Partial,Corrected,None,232, ,BYCODE(0), ,0.013,0.01,0.011,0.017,         BYLAYER,  BYCODE, ,0,Vertical,12/9/2025 8:27, , , , ,1.221,0.634,1.044, , , , 
 ,20251209063040 2025-12-09 6:43:50.834223000 AM,31.85326947,54.60887652,1390.395,USER,Fixed,Corrected,None,299, ,BYCODE(0), ,0.016,0.013,0.014,0.021,         BYLAYER,  BYCODE, ,0,Vertical,12/9/2025 6:43, , , , ,1.342,0.774,1.096, , , , 
 ,20251209070015 2025-12-09 7:18:02.677822600 AM,31.84468884,54.61723721,1386.327,USER,Fixed,Corrected,None,411, ,BYCODE(0), ,0.014,0.011,0.013,0.018,         BYLAYER,  BYCODE, ,0,Vertical,12/9/2025 7:18, , , , ,1.304,0.676,1.115, , , , 
 ,20251209073132 2025-12-09 7:37:26.172900200 AM,31.84361319,54.61995182,1391.131,USER,Fixed,Corrected,None,72, ,BYCODE(0), ,0.012,0.011,0.013,0.016,         BYLAYER,  BYCODE, ,0,Vertical,12/9/2025 7:37, , , , ,1.49,0.71,1.31, , , , 
 ,20251209073132 2025-12-09 7:45:57.090131000 AM,31.83970825,54.62256448,1385.628,USER,Fixed,Corrected,None,310, ,BYCODE(0), ,0.013,0.011,0.011,0.017,         BYLAYER,  BYCODE, ,0,Vertical,12/9/2025 7:45, , , , ,1.276,0.649,1.098, , , , 
 ,20251209073132 2025-12-09 7:49:14.180356000 AM,31.83938922,54.6245096,1386.84,USER,Fixed,Corrected,None,396, ,BYCODE(0), ,0.013,0.011,0.011,0.017,         BYLAYER,  BYCODE, ,0,Vertical,12/9/2025 7:49, , , , ,1.281,0.655,1.101, , , , 
 ,20251209073132 2025-12-09 7:39:51.878595800 AM,31.84376206,54.62245464,1392.61,USER,Fixed,Corrected,None,139, ,BYCODE(0), ,0.012,0.01,0.011,0.016,         BYLAYER,  BYCODE, ,0,Vertical,12/9/2025 7:39, , , , ,1.487,0.708,1.308, , , , 
 ,20251209073132 2025-12-09 7:47:40.347697300 AM,31.83930272,54.6232379,1385.705,USER,Fixed,Corrected,None,351, ,BYCODE(0), ,0.013,0.011,0.011,0.017,         BYLAYER,  BYCODE, ,0,Vertical,12/9/2025 7:47, , , , ,1.284,0.656,1.103, , , , 
 ,20251209070015 2025-12-09 7:13:11.449966200 AM,31.84816003,54.61754237,1390.555,USER,Fixed,Corrected,None,272, ,BYCODE(0), ,0.014,0.012,0.013,0.018,         BYLAYER,  BYCODE, ,0,Vertical,12/9/2025 7:13, , , , ,1.292,0.677,1.1, , , , 
 ,20251209081532 2025-12-09 8:20:48.957932000 AM,31.83854666,54.62754034,1388.4,USER,Fixed,Corrected,None,47, ,BYCODE(0), ,0.013,0.01,0.011,0.016,         BYLAYER,  BYCODE, ,0,Vertical,12/9/2025 8:20, , , , ,1.428,0.737,1.223, , , , 
 ,20251209070015 2025-12-09 7:07:51.689707800 AM,31.84947136,54.61455887,1390.037,USER,Fixed,Corrected,None,123, ,BYCODE(0), ,0.013,0.012,0.014,0.018,         BYLAYER,  BYCODE, ,0,Vertical,12/9/2025 7:07, , , , ,1.29,0.676,1.099, , , , 
 ,20251209063040 2025-12-09 6:47:11.435822000 AM,31.85119598,54.60917244,1387.725,USER,Fixed,Corrected,None,392, ,BYCODE(0), ,0.016,0.013,0.014,0.02,         BYLAYER,  BYCODE, ,0,Vertical,12/9/2025 6:47, , , , ,1.325,0.737,1.102, , , , 
 ,20251209063040 2025-12-09 6:50:13.440960900 AM,31.85146882,54.61182523,1388.353,USER,Fixed,Corrected,None,479, ,BYCODE(0), ,0.016,0.012,0.014,0.02,         BYLAYER,  BYCODE, ,0,Vertical,12/9/2025 6:50, , , , ,1.335,0.736,1.114, , , , 
 ,20251209063040 2025-12-09 6:36:16.454074600 AM,31.85415636,54.60358203,1385.926,USER,Fixed,Corrected,None,85, ,BYCODE(0), ,0.015,0.013,0.014,0.02,         BYLAYER,  BYCODE, ,0,Vertical,12/9/2025 6:36, , , , ,1.319,0.779,1.065, , , , 
 ,20251209081532 2025-12-09 8:26:17.389051400 AM,31.83691692,54.62991788,1388.481,USER,Fixed,Corrected,None,203, ,BYCODE(0), ,0.013,0.01,0.011,0.017,         BYLAYER,  BYCODE, ,0,Vertical,12/9/2025 8:26, , , , ,1.222,0.635,1.044, , , , 
 ,20251209070015 2025-12-09 7:18:04.679296500 AM,31.84481083,54.61739394,1386.508,USER,Fixed,Corrected,None,412, ,BYCODE(0), ,0.014,0.011,0.013,0.018,         BYLAYER,  BYCODE, ,0,Vertical,12/9/2025 7:18, , , , ,1.304,0.676,1.115, , , , 
 ,20251209063040 2025-12-09 6:40:14.865951800 AM,31.8529591,54.60536921,1386.836,USER,Fixed,Corrected,None,198, ,BYCODE(0), ,0.015,0.013,0.014,0.02,         BYLAYER,  BYCODE, ,0,Vertical,12/9/2025 6:40, , , , ,1.326,0.773,1.077, , , , 
 ,20251209073132 2025-12-09 7:50:40.370543700 AM,31.83898996,54.62516794,1386.32,USER,Fixed,Corrected,None,437, ,BYCODE(0), ,0.013,0.011,0.011,0.017,         BYLAYER,  BYCODE, ,0,Vertical,12/9/2025 7:50, , , , ,1.278,0.655,1.098, , , , 
 ,20251209063040 2025-12-09 6:43:52.826985600 AM,31.85314645,54.60872246,1390.325,USER,Fixed,Corrected,None,300, ,BYCODE(0), ,0.016,0.013,0.014,0.021,         BYLAYER,  BYCODE, ,0,Vertical,12/9/2025 6:43, , , , ,1.342,0.774,1.096, , , , 
 ,20251209081532 2025-12-09 8:29:28.451689500 AM,31.83435477,54.62922649,1385.202,USER,Fixed,Corrected,None,293, ,BYCODE(0), ,0.014,0.01,0.012,0.017,         BYLAYER,  BYCODE, ,0,Vertical,12/9/2025 8:29, , , , ,1.201,0.63,1.023, , , , 
 ,20251209070015 2025-12-09 7:13:13.442876100 AM,31.84803455,54.61738756,1390.544,USER,Fixed,Corrected,None,273, ,BYCODE(0), ,0.014,0.012,0.013,0.018,         BYLAYER,  BYCODE, ,0,Vertical,12/9/2025 7:13, , , , ,1.292,0.677,1.1, , , , 
 ,20251209070015 2025-12-09 7:07:53.687084900 AM,31.84934867,54.61440476,1389.625,USER,Fixed,Corrected,None,124, ,BYCODE(0), ,0.013,0.012,0.014,0.018,         BYLAYER,  BYCODE, ,0,Vertical,12/9/2025 7:07, , , , ,1.29,0.676,1.099, , , , 
 ,20251209073132 2025-12-09 7:44:07.309103000 AM,31.84169319,54.62333843,1389.94,USER,Fixed,Corrected,None,258, ,BYCODE(0), ,0.013,0.01,0.011,0.016,         BYLAYER,  BYCODE, ,0,Vertical,12/9/2025 7:44, , , , ,1.277,0.65,1.099, , , , 
 ,20251209073132 2025-12-09 7:42:05.936729700 AM,31.84224952,54.62229772,1390.851,USER,Fixed,Corrected,None,202, ,BYCODE(0), ,0.012,0.01,0.011,0.016,         BYLAYER,  BYCODE, ,0,Vertical,12/9/2025 7:42, , , , ,1.277,0.651,1.099, , , , 
 ,20251209073132 2025-12-09 7:37:28.165666100 AM,31.84349033,54.61979677,1390.795,USER,Fixed,Corrected,None,73, ,BYCODE(0), ,0.012,0.011,0.013,0.016,         BYLAYER,  BYCODE, ,0,Vertical,12/9/2025 7:37, , , , ,1.49,0.71,1.31, , , , 
 ,20251209073132 2025-12-09 7:51:58.869724300 AM,31.83810084,54.62521182,1385.776,USER,Fixed,Corrected,None,474, ,BYCODE(0), ,0.014,0.01,0.011,0.017,         BYLAYER,  BYCODE, ,0,Vertical,12/9/2025 7:51, , , , ,1.456,0.735,1.257, , , , 
 ,20251209081532 2025-12-09 8:28:09.904816200 AM,31.83465802,54.62844646,1384.555,USER,Fixed,Corrected,None,257, ,BYCODE(0), ,0.013,0.01,0.012,0.017,         BYLAYER,  BYCODE, ,0,Vertical,12/9/2025 8:28, , , , ,1.203,0.631,1.024, , , , 
 ,20251209081532 2025-12-09 8:25:42.676397800 AM,31.83522302,54.6274257,1384.709,USER,Fixed,Corrected,None,186, ,BYCODE(0), ,0.013,0.01,0.011,0.016,         BYLAYER,  BYCODE, ,0,Vertical,12/9/2025 8:25, , , , ,1.222,0.636,1.044, , , , 
 ,20251209070015 2025-12-09 7:18:06.668197900 AM,31.84493225,54.61754734,1387.257,USER,Fixed,Corrected,None,413, ,BYCODE(0), ,0.014,0.011,0.013,0.018,         BYLAYER,  BYCODE, ,0,Vertical,12/9/2025 7:18, , , , ,1.304,0.676,1.115, , , , 
 ,20251209063040 2025-12-09 6:47:13.457806300 AM,31.8513206,54.60932858,1388.224,USER,Fixed,Corrected,None,393, ,BYCODE(0), ,0.016,0.013,0.014,0.02,         BYLAYER,  BYCODE, ,0,Vertical,12/9/2025 6:47, , , , ,1.325,0.737,1.102, , , , 
 ,20251209063040 2025-12-09 6:31:58.367455000 AM,31.85590656,54.60496156,1287.026,USER,Fixed,Corrected,None,1, ,BYCODE(0), ,0.015,0.014,0.014,0.02,         BYLAYER,  BYCODE, ,0,Vertical,12/9/2025 6:31, , , , ,1.233,0.735,0.99, , , , 
 ,20251209073132 2025-12-09 7:39:53.900554900 AM,31.84363774,54.62229981,1392.576,USER,Fixed,Corrected,None,140, ,BYCODE(0), ,0.012,0.01,0.011,0.016,         BYLAYER,  BYCODE, ,0,Vertical,12/9/2025 7:39, , , , ,1.487,0.708,1.308, , , , 
 ,20251209070015 2025-12-09 7:07:55.690825700 AM,31.84922556,54.61425079,1389.362,USER,Fixed,Corrected,None,125, ,BYCODE(0), ,0.013,0.012,0.014,0.018,         BYLAYER,  BYCODE, ,0,Vertical,12/9/2025 7:07, , , , ,1.29,0.676,1.099, , , , 
 ,20251209070015 2025-12-09 7:13:15.427637300 AM,31.84791345,54.61723511,1390.636,USER,Fixed,Corrected,None,274, ,BYCODE(0), ,0.014,0.012,0.013,0.018,         BYLAYER,  BYCODE, ,0,Vertical,12/9/2025 7:13, , , , ,1.292,0.677,1.1, , , , 
 ,20251209063040 2025-12-09 6:50:15.432501300 AM,31.85159144,54.6119796,1389.063,USER,Fixed,Corrected,None,480, ,BYCODE(0), ,0.016,0.012,0.014,0.02,         BYLAYER,  BYCODE, ,0,Vertical,12/9/2025 6:50, , , , ,1.336,0.736,1.114, , , , 
 ,20251209063040 2025-12-09 6:36:19.310890000 AM,31.85427773,54.60375036,1386.002,USER,Fixed,Corrected,None,86, ,BYCODE(0), ,0.016,0.013,0.014,0.02,         BYLAYER,  BYCODE, ,0,Vertical,12/9/2025 6:36, , , , ,1.32,0.779,1.065, , , , 
 ,20251209063040 2025-12-09 6:40:17.226162200 AM,31.85290598,54.60549707,1386.521,USER,Fixed,Corrected,None,199, ,BYCODE(0), ,0.015,0.013,0.014,0.02,         BYLAYER,  BYCODE, ,0,Vertical,12/9/2025 6:40, , , , ,1.326,0.773,1.077, , , , 
 ,20251209063040 2025-12-09 6:43:54.830806000 AM,31.85302326,54.60856753,1390.178,USER,Fixed,Corrected,None,301, ,BYCODE(0), ,0.016,0.013,0.014,0.021,         BYLAYER,  BYCODE, ,0,Vertical,12/9/2025 6:43, , , , ,1.342,0.774,1.096, , , , 
 ,20251209081532 2025-12-09 8:23:35.950447100 AM,31.83762592,54.62869919,1387.871,USER,Fixed,Corrected,None,126, ,BYCODE(0), ,0.013,0.01,0.011,0.016,         BYLAYER,  BYCODE, ,0,Vertical,12/9/2025 8:23, , , , ,1.222,0.637,1.043, , , , 
 ,20251209081532 2025-12-09 8:32:18.985543500 AM,31.83276661,54.62955138,1383.575,USER,Fixed,Corrected,None,373, ,BYCODE(0), ,0.014,0.011,0.012,0.017,         BYLAYER,  BYCODE, ,0,Vertical,12/9/2025 8:32, , , , ,1.197,0.628,1.019, , , , 
 ,20251209081532 2025-12-09 8:24:22.214221200 AM,31.83598749,54.62723146,1386.329,USER,Fixed,Corrected,None,148, ,BYCODE(0), ,0.013,0.01,0.011,0.016,         BYLAYER,  BYCODE, ,0,Vertical,12/9/2025 8:24, , , , ,1.222,0.637,1.043, , , , 
 ,20251209070015 2025-12-09 7:18:08.657033200 AM,31.84505451,54.61770048,1387.915,USER,Fixed,Corrected,None,414, ,BYCODE(0), ,0.014,0.011,0.013,0.018,         BYLAYER,  BYCODE, ,0,Vertical,12/9/2025 7:18, , , , ,1.304,0.676,1.115, , , , 
 ,20251209073132 2025-12-09 7:47:42.338540800 AM,31.83942403,54.62339467,1385.66,USER,Fixed,Corrected,None,352, ,BYCODE(0), ,0.013,0.011,0.011,0.017,         BYLAYER,  BYCODE, ,0,Vertical,12/9/2025 7:47, , , , ,1.284,0.656,1.103, , , , 
 ,20251209070015 2025-12-09 7:07:57.669715200 AM,31.84910408,54.61409831,1389.178,USER,Partial,Corrected,None,126, ,BYCODE(0), ,0.013,0.012,0.014,0.018,         BYLAYER,  BYCODE, ,0,Vertical,12/9/2025 7:07, , , , ,1.29,0.676,1.099, , , , 
 ,20251209073132 2025-12-09 7:49:16.175428200 AM,31.83951194,54.6246639,1387.117,USER,Fixed,Corrected,None,397, ,BYCODE(0), ,0.013,0.011,0.011,0.017,         BYLAYER,  BYCODE, ,0,Vertical,12/9/2025 7:49, , , , ,1.281,0.655,1.101, , , , 
 ,20251209070015 2025-12-09 7:13:17.416469600 AM,31.8477923,54.61708187,1390.461,USER,Fixed,Corrected,None,275, ,BYCODE(0), ,0.014,0.012,0.013,0.018,         BYLAYER,  BYCODE, ,0,Vertical,12/9/2025 7:13, , , , ,1.292,0.677,1.1, , , , 
 ,20251209081532 2025-12-09 8:25:04.433968500 AM,31.83685159,54.62889491,1388.076,USER,Fixed,Corrected,None,168, ,BYCODE(0), ,0.013,0.01,0.011,0.016,         BYLAYER,  BYCODE, ,0,Vertical,12/9/2025 8:25, , , , ,1.222,0.636,1.044, , , , 
 ,20251209073132 2025-12-09 7:37:30.156760000 AM,31.84336783,54.61964233,1390.694,USER,Fixed,Corrected,None,74, ,BYCODE(0), ,0.012,0.011,0.013,0.016,         BYLAYER,  BYCODE, ,0,Vertical,12/9/2025 7:37, , , , ,1.49,0.71,1.31, , , , 
 ,20251209073132 2025-12-09 7:46:00.105130700 AM,31.83982755,54.62273153,1385.624,USER,Fixed,Corrected,None,311, ,BYCODE(0), ,0.013,0.011,0.011,0.016,         BYLAYER,  BYCODE, ,0,Vertical,12/9/2025 7:46, , , , ,1.276,0.649,1.098, , , , 
 ,20251209063040 2025-12-09 6:36:21.299833100 AM,31.85439934,54.60390695,1386.034,USER,Fixed,Corrected,None,87, ,BYCODE(0), ,0.015,0.013,0.014,0.02,         BYLAYER,  BYCODE, ,0,Vertical,12/9/2025 6:36, , , , ,1.32,0.779,1.065, , , , 
 ,20251209063040 2025-12-09 6:47:15.411560300 AM,31.85144119,54.60947955,1388.72,USER,Fixed,Corrected,None,394, ,BYCODE(0), ,0.016,0.013,0.014,0.02,         BYLAYER,  BYCODE, ,0,Vertical,12/9/2025 6:47, , , , ,1.325,0.737,1.102, , , , 
 ,20251209063040 2025-12-09 6:43:56.782322600 AM,31.85290394,54.6084171,1389.799,USER,Fixed,Corrected,None,302, ,BYCODE(0), ,0.016,0.013,0.014,0.021,         BYLAYER,  BYCODE, ,0,Vertical,12/9/2025 6:43, , , , ,1.342,0.774,1.096, , , , 
 ,20251209073132 2025-12-09 7:42:07.960948900 AM,31.84237475,54.62245314,1391.039,USER,Fixed,Corrected,None,203, ,BYCODE(0), ,0.012,0.01,0.011,0.016,         BYLAYER,  BYCODE, ,0,Vertical,12/9/2025 7:42, , , , ,1.277,0.651,1.099, , , , 
 ,20251209073132 2025-12-09 7:44:09.308531800 AM,31.84157079,54.62318419,1389.65,USER,Fixed,Corrected,None,259, ,BYCODE(0), ,0.013,0.01,0.011,0.016,         BYLAYER,  BYCODE, ,0,Vertical,12/9/2025 7:44, , , , ,1.277,0.65,1.099, , , , 
 ,20251209070015 2025-12-09 7:07:59.661340500 AM,31.84898239,54.61394483,1389.047,USER,Partial,Corrected,None,127, ,BYCODE(0), ,0.013,0.012,0.014,0.018,         BYLAYER,  BYCODE, ,0,Vertical,12/9/2025 7:07:60 AM, , , , ,1.29,0.676,1.099, , , , 
 ,20251209070015 2025-12-09 7:18:10.650647400 AM,31.84517738,54.61785517,1388.487,USER,Fixed,Corrected,None,415, ,BYCODE(0), ,0.014,0.011,0.013,0.018,         BYLAYER,  BYCODE, ,0,Vertical,12/9/2025 7:18, , , , ,1.304,0.676,1.115, , , , 
 ,20251209063040 2025-12-09 6:50:17.423857900 AM,31.8517138,54.61213315,1389.713,USER,Fixed,Corrected,None,481, ,BYCODE(0), ,0.016,0.012,0.014,0.02,         BYLAYER,  BYCODE, ,0,Vertical,12/9/2025 6:50, , , , ,1.336,0.736,1.114, , , , 
 ,20251209070015 2025-12-09 7:13:19.407338600 AM,31.84767078,54.6169287,1390.14,USER,Fixed,Corrected,None,276, ,BYCODE(0), ,0.014,0.012,0.013,0.018,         BYLAYER,  BYCODE, ,0,Vertical,12/9/2025 7:13, , , , ,1.292,0.677,1.1, , , , 
 ,20251209063040 2025-12-09 6:40:20.082768700 AM,31.853027,54.60566449,1386.325,USER,Fixed,Corrected,None,200, ,BYCODE(0), ,0.016,0.013,0.014,0.02,         BYLAYER,  BYCODE, ,0,Vertical,12/9/2025 6:40, , , , ,1.326,0.773,1.078, , , , 
 ,20251209081532 2025-12-09 8:19:44.376479600 AM,31.83784653,54.62550169,1386.887,USER,Fixed,Corrected,None,17, ,BYCODE(0), ,0.013,0.01,0.011,0.016,         BYLAYER,  BYCODE, ,0,Vertical,12/9/2025 8:19, , , , ,1.437,0.739,1.232, , , , 
 ,20251209073132 2025-12-09 7:39:55.858336700 AM,31.84351753,54.62214895,1392.282,USER,Fixed,Corrected,None,141, ,BYCODE(0), ,0.012,0.01,0.011,0.016,         BYLAYER,  BYCODE, ,0,Vertical,12/9/2025 7:39, , , , ,1.487,0.708,1.308, , , , 
 ,20251209081532 2025-12-09 8:31:02.248088800 AM,31.83311193,54.62887297,1383.299,USER,Fixed,Corrected,None,337, ,BYCODE(0), ,0.014,0.011,0.012,0.017,         BYLAYER,  BYCODE, ,0,Vertical,12/9/2025 8:31, , , , ,1.199,0.629,1.021, , , , 
 ,20251209073132 2025-12-09 7:50:42.351054700 AM,31.83911203,54.62532124,1386.774,USER,Fixed,Corrected,None,438, ,BYCODE(0), ,0.013,0.011,0.011,0.017,         BYLAYER,  BYCODE, ,0,Vertical,12/9/2025 7:50, , , , ,1.278,0.655,1.098, , , , 
 ,20251209063040 2025-12-09 6:36:23.292774900 AM,31.85452061,54.60405991,1386.434,USER,Fixed,Corrected,None,88, ,BYCODE(0), ,0.015,0.013,0.014,0.02,         BYLAYER,  BYCODE, ,0,Vertical,12/9/2025 6:36, , , , ,1.32,0.779,1.066, , , , 
 ,20251209081532 2025-12-09 8:21:51.153559400 AM,31.83814181,54.62760661,1387.721,USER,Fixed,Corrected,None,77, ,BYCODE(0), ,0.013,0.01,0.011,0.016,         BYLAYER,  BYCODE, ,0,Vertical,12/9/2025 8:21, , , , ,1.372,0.718,1.169, , , , 
 ,20251209070015 2025-12-09 7:08:01.640242100 AM,31.8488606,54.61379198,1388.886,USER,Fixed,Corrected,None,128, ,BYCODE(0), ,0.013,0.012,0.014,0.018,         BYLAYER,  BYCODE, ,0,Vertical,12/9/2025 7:08, , , , ,1.29,0.676,1.099, , , , 
 ,20251209081532 2025-12-09 8:20:50.959291200 AM,31.83842369,54.62738753,1388.286,USER,Fixed,Corrected,None,48, ,BYCODE(0), ,0.013,0.01,0.011,0.016,         BYLAYER,  BYCODE, ,0,Vertical,12/9/2025 8:20, , , , ,1.428,0.737,1.223, , , , 
 ,20251209073132 2025-12-09 7:52:00.858611800 AM,31.83822303,54.62536514,1386.298,USER,Partial,Corrected,None,475, ,BYCODE(0), ,0.014,0.01,0.011,0.017,         BYLAYER,  BYCODE, ,0,Vertical,12/9/2025 7:52, , , , ,1.456,0.735,1.257, , , , 
 ,20251209070015 2025-12-09 7:13:21.396112900 AM,31.84754921,54.61677497,1389.777,USER,Fixed,Corrected,None,277, ,BYCODE(0), ,0.014,0.012,0.013,0.018,         BYLAYER,  BYCODE, ,0,Vertical,12/9/2025 7:13, , , , ,1.292,0.677,1.1, , , , 
 ,20251209070015 2025-12-09 7:18:12.639516600 AM,31.8452998,54.61800928,1389.219,USER,Fixed,Corrected,None,416, ,BYCODE(0), ,0.014,0.011,0.013,0.018,         BYLAYER,  BYCODE, ,0,Vertical,12/9/2025 7:18, , , , ,1.304,0.676,1.115, , , , 
 ,20251209063040 2025-12-09 6:43:58.783756300 AM,31.85277967,54.60826257,1389.45,USER,Fixed,Corrected,None,303, ,BYCODE(0), ,0.016,0.013,0.014,0.021,         BYLAYER,  BYCODE, ,0,Vertical,12/9/2025 6:43, , , , ,1.342,0.774,1.096, , , , 
 ,20251209063040 2025-12-09 6:47:17.440368400 AM,31.85156646,54.6096362,1389.277,USER,Fixed,Corrected,None,395, ,BYCODE(0), ,0.016,0.013,0.014,0.02,         BYLAYER,  BYCODE, ,0,Vertical,12/9/2025 6:47, , , , ,1.325,0.737,1.102, , , , 
 ,20251209073132 2025-12-09 7:37:32.110821000 AM,31.84324783,54.61949156,1390.522,USER,Fixed,Corrected,None,75, ,BYCODE(0), ,0.012,0.011,0.013,0.016,         BYLAYER,  BYCODE, ,0,Vertical,12/9/2025 7:37, , , , ,1.49,0.71,1.31, , , , 
 ,20251209063040 2025-12-09 6:40:22.046666100 AM,31.85314822,54.60581997,1386.344,USER,Fixed,Corrected,None,201, ,BYCODE(0), ,0.015,0.013,0.014,0.02,         BYLAYER,  BYCODE, ,0,Vertical,12/9/2025 6:40, , , , ,1.326,0.773,1.078, , , , 
 ,20251209081532 2025-12-09 8:22:46.218621300 AM,31.83610041,54.62598794,1384.653,USER,Fixed,Corrected,None,103, ,BYCODE(0), ,0.013,0.01,0.011,0.017,         BYLAYER,  BYCODE, ,0,Vertical,12/9/2025 8:22, , , , ,1.222,0.638,1.042, , , , 
 ,20251209081532 2025-12-09 8:27:46.036780800 AM,31.83612642,54.63028856,1387.408,USER,Partial,Corrected,None,245, ,BYCODE(0), ,0.013,0.01,0.011,0.017,         BYLAYER,  BYCODE, ,0,Vertical,12/9/2025 8:27, , , , ,1.221,0.634,1.043, , , , 
 ,20251209070015 2025-12-09 7:08:03.644117800 AM,31.84873814,54.61363709,1388.559,USER,Fixed,Corrected,None,129, ,BYCODE(0), ,0.013,0.012,0.014,0.018,         BYLAYER,  BYCODE, ,0,Vertical,12/9/2025 7:08, , , , ,1.29,0.676,1.099, , , , 
 ,20251209063040 2025-12-09 6:50:19.418838500 AM,31.85183578,54.61228674,1390.218,USER,Fixed,Corrected,None,482, ,BYCODE(0), ,0.016,0.012,0.014,0.02,         BYLAYER,  BYCODE, ,0,Vertical,12/9/2025 6:50, , , , ,1.336,0.736,1.114, , , , 
 ,20251209063040 2025-12-09 6:36:25.281492700 AM,31.85464297,54.60421266,1386.914,USER,Fixed,Corrected,None,89, ,BYCODE(0), ,0.015,0.013,0.014,0.02,         BYLAYER,  BYCODE, ,0,Vertical,12/9/2025 6:36, , , , ,1.32,0.779,1.066, , , , 
 ,20251209073132 2025-12-09 7:47:44.329372400 AM,31.83954549,54.62354753,1386.243,USER,Fixed,Corrected,None,353, ,BYCODE(0), ,0.013,0.011,0.011,0.016,         BYLAYER,  BYCODE, ,0,Vertical,12/9/2025 7:47, , , , ,1.284,0.656,1.103, , , , 
 ,20251209070015 2025-12-09 7:13:23.391495000 AM,31.84742682,54.61662124,1389.21,USER,Fixed,Corrected,None,278, ,BYCODE(0), ,0.014,0.012,0.013,0.018,         BYLAYER,  BYCODE, ,0,Vertical,12/9/2025 7:13, , , , ,1.292,0.677,1.1, , , , 
 ,20251209073132 2025-12-09 7:42:09.916761900 AM,31.84249524,54.62260371,1391.108,USER,Partial,Corrected,None,204, ,BYCODE(0), ,0.012,0.01,0.011,0.016,         BYLAYER,  BYCODE, ,0,Vertical,12/9/2025 7:42, , , , ,1.277,0.651,1.099, , , , 
 ,20251209070015 2025-12-09 7:18:14.630474600 AM,31.84542239,54.61816195,1389.761,USER,Fixed,Corrected,None,417, ,BYCODE(0), ,0.014,0.011,0.013,0.018,         BYLAYER,  BYCODE, ,0,Vertical,12/9/2025 7:18, , , , ,1.304,0.676,1.115, , , , 
 ,20251209081532 2025-12-09 8:30:54.141204400 AM,31.83355852,54.62938905,1383.715,USER,Fixed,Corrected,None,333, ,BYCODE(0), ,0.013,0.011,0.012,0.017,         BYLAYER,  BYCODE, ,0,Vertical,12/9/2025 8:30, , , , ,1.199,0.629,1.021, , , , 
 ,20251209073132 2025-12-09 7:39:57.878516200 AM,31.84339429,54.62199273,1392.023,USER,Fixed,Corrected,None,142, ,BYCODE(0), ,0.012,0.01,0.011,0.016,         BYLAYER,  BYCODE, ,0,Vertical,12/9/2025 7:39, , , , ,1.487,0.708,1.308, , , , 
 ,20251209073132 2025-12-09 7:44:11.301621700 AM,31.84144864,54.62303019,1389.399,USER,Fixed,Corrected,None,260, ,BYCODE(0), ,0.013,0.01,0.011,0.016,         BYLAYER,  BYCODE, ,0,Vertical,12/9/2025 7:44, , , , ,1.277,0.65,1.099, , , , 
 ,20251209063040 2025-12-09 6:44:00.780937900 AM,31.8526577,54.60810921,1388.908,USER,Fixed,Corrected,None,304, ,BYCODE(0), ,0.017,0.013,0.014,0.021,         BYLAYER,  BYCODE, ,0,Vertical,12/9/2025 6:44, , , , ,1.342,0.774,1.096, , , , 
 ,20251209070015 2025-12-09 7:08:05.636897100 AM,31.84861569,54.61348329,1388.211,USER,Fixed,Corrected,None,130, ,BYCODE(0), ,0.013,0.012,0.014,0.018,         BYLAYER,  BYCODE, ,0,Vertical,12/9/2025 7:08, , , , ,1.29,0.676,1.099, , , , 
 ,20251209073132 2025-12-09 7:46:02.128968500 AM,31.83995099,54.62289103,1385.676,USER,Fixed,Corrected,None,312, ,BYCODE(0), ,0.013,0.011,0.011,0.016,         BYLAYER,  BYCODE, ,0,Vertical,12/9/2025 7:46, , , , ,1.276,0.649,1.098, , , , 
 ,20251209063040 2025-12-09 6:40:24.066709300 AM,31.85327227,54.60597753,1386.938,USER,Fixed,Corrected,None,202, ,BYCODE(0), ,0.015,0.013,0.014,0.02,         BYLAYER,  BYCODE, ,0,Vertical,12/9/2025 6:40, , , , ,1.327,0.773,1.078, , , , 
 ,20251209063040 2025-12-09 6:47:19.400176300 AM,31.85168726,54.60978607,1389.475,USER,Fixed,Corrected,None,396, ,BYCODE(0), ,0.016,0.013,0.014,0.02,         BYLAYER,  BYCODE, ,0,Vertical,12/9/2025 6:47, , , , ,1.326,0.737,1.102, , , , 
 ,20251209073132 2025-12-09 7:34:55.695350600 AM,31.84377672,54.61800128,1388.389,USER,Fixed,Corrected,None,2, ,BYCODE(0), ,0.012,0.011,0.013,0.017,         BYLAYER,  BYCODE, ,0,Vertical,12/9/2025 7:34, , , , ,1.492,0.712,1.311, , , , 
 ,20251209070015 2025-12-09 7:13:25.382768200 AM,31.84730466,54.61646756,1388.886,USER,Fixed,Corrected,None,279, ,BYCODE(0), ,0.014,0.012,0.013,0.018,         BYLAYER,  BYCODE, ,0,Vertical,12/9/2025 7:13, , , , ,1.292,0.677,1.1, , , , 
 ,20251209063040 2025-12-09 6:36:27.272346500 AM,31.85476532,54.6043662,1387.575,USER,Fixed,Corrected,None,90, ,BYCODE(0), ,0.015,0.013,0.014,0.02,         BYLAYER,  BYCODE, ,0,Vertical,12/9/2025 6:36, , , , ,1.32,0.779,1.066, , , , 
 ,20251209073132 2025-12-09 7:49:18.168448200 AM,31.83963411,54.62481774,1387.483,USER,Partial,Corrected,None,398, ,BYCODE(0), ,0.013,0.011,0.011,0.017,         BYLAYER,  BYCODE, ,0,Vertical,12/9/2025 7:49, , , , ,1.281,0.655,1.101, , , , 
 ,20251209070015 2025-12-09 7:18:16.619516600 AM,31.84554456,54.61831609,1389.995,USER,Fixed,Corrected,None,418, ,BYCODE(0), ,0.014,0.011,0.013,0.018,         BYLAYER,  BYCODE, ,0,Vertical,12/9/2025 7:18, , , , ,1.304,0.676,1.115, , , , 
 ,20251209081532 2025-12-09 8:26:50.524158200 AM,31.83495896,54.6276705,1384.551,USER,Fixed,Corrected,None,219, ,BYCODE(0), ,0.013,0.01,0.011,0.017,         BYLAYER,  BYCODE, ,0,Vertical,12/9/2025 8:26, , , , ,1.222,0.635,1.044, , , , 
 ,20251209073132 2025-12-09 7:37:34.141198200 AM,31.84312314,54.61933434,1390.278,USER,Fixed,Corrected,None,76, ,BYCODE(0), ,0.012,0.011,0.013,0.016,         BYLAYER,  BYCODE, ,0,Vertical,12/9/2025 7:37, , , , ,1.49,0.71,1.31, , , , 
 ,20251209070015 2025-12-09 7:08:07.638087000 AM,31.84849305,54.61332918,1387.982,USER,Partial,Corrected,None,131, ,BYCODE(0), ,0.013,0.012,0.014,0.018,         BYLAYER,  BYCODE, ,0,Vertical,12/9/2025 7:08, , , , ,1.29,0.676,1.099, , , , 
 ,20251209063040 2025-12-09 6:50:21.440969000 AM,31.85195822,54.61244107,1390.658,USER,Fixed,Corrected,None,483, ,BYCODE(0), ,0.016,0.012,0.014,0.02,         BYLAYER,  BYCODE, ,0,Vertical,12/9/2025 6:50, , , , ,1.336,0.736,1.115, , , , 
 ,20251209081532 2025-12-09 8:28:53.297087400 AM,31.83564828,54.63026979,1387.517,USER,Fixed,Corrected,None,277, ,BYCODE(0), ,0.013,0.01,0.012,0.017,         BYLAYER,  BYCODE, ,0,Vertical,12/9/2025 8:28, , , , ,1.202,0.631,1.023, , , , 
 ,20251209081532 2025-12-09 8:31:34.717513800 AM,31.83447676,54.63112107,1386.7,USER,Fixed,Corrected,None,352, ,BYCODE(0), ,0.013,0.011,0.012,0.017,         BYLAYER,  BYCODE, ,0,Vertical,12/9/2025 8:31, , , , ,1.198,0.629,1.02, , , , 
 ,20251209081532 2025-12-09 8:32:28.251607700 AM,31.83236505,54.62960462,1383.09,USER,Fixed,Corrected,None,377, ,BYCODE(0), ,0.014,0.011,0.012,0.017,         BYLAYER,  BYCODE, ,0,Vertical,12/9/2025 8:32, , , , ,1.196,0.628,1.018, , , , 
 ,20251209063040 2025-12-09 6:44:02.771698000 AM,31.85253588,54.60795522,1388.401,USER,Fixed,Corrected,None,305, ,BYCODE(0), ,0.016,0.013,0.014,0.021,         BYLAYER,  BYCODE, ,0,Vertical,12/9/2025 6:44, , , , ,1.342,0.774,1.096, , , , 
 ,20251209070015 2025-12-09 7:13:27.371926300 AM,31.8471822,54.6163135,1388.716,USER,Fixed,Corrected,None,280, ,BYCODE(0), ,0.014,0.012,0.013,0.018,         BYLAYER,  BYCODE, ,0,Vertical,12/9/2025 7:13, , , , ,1.292,0.677,1.1, , , , 
 ,20251209063040 2025-12-09 6:40:26.024762400 AM,31.85339295,54.60612807,1387.515,USER,Fixed,Corrected,None,203, ,BYCODE(0), ,0.015,0.013,0.014,0.02,         BYLAYER,  BYCODE, ,0,Vertical,12/9/2025 6:40, , , , ,1.327,0.773,1.078, , , , 
 ,20251209073132 2025-12-09 7:50:44.339918600 AM,31.83923392,54.62547589,1387.268,USER,Fixed,Corrected,None,439, ,BYCODE(0), ,0.013,0.011,0.011,0.017,         BYLAYER,  BYCODE, ,0,Vertical,12/9/2025 7:50, , , , ,1.278,0.655,1.098, , , , 
 ,20251209063040 2025-12-09 6:36:29.263403200 AM,31.85488697,54.60451996,1388.285,USER,Fixed,Corrected,None,91, ,BYCODE(0), ,0.016,0.013,0.014,0.02,         BYLAYER,  BYCODE, ,0,Vertical,12/9/2025 6:36, , , , ,1.32,0.779,1.066, , , , 
 ,20251209070015 2025-12-09 7:08:09.599881900 AM,31.8483722,54.61317796,1387.731,USER,Fixed,Corrected,None,132, ,BYCODE(0), ,0.013,0.012,0.014,0.018,         BYLAYER,  BYCODE, ,0,Vertical,12/9/2025 7:08, , , , ,1.29,0.676,1.099, , , , 
 ,20251209070015 2025-12-09 7:18:18.627351300 AM,31.84566795,54.61847068,1390.26,USER,Fixed,Corrected,None,419, ,BYCODE(0), ,0.014,0.011,0.013,0.018,         BYLAYER,  BYCODE, ,0,Vertical,12/9/2025 7:18, , , , ,1.304,0.676,1.115, , , , 
 ,20251209093040 2025-12-09 9:48:57.893720400 AM,31.82342914,54.63986315,1387.255,USER,Fixed,Corrected,None,448, ,BYCODE(0), ,0.015,0.009,0.012,0.018,         BYLAYER,  BYCODE, ,0,Vertical,12/9/2025 9:48, , , , ,1.327,0.664,1.149, , , , 
 ,20251209081532 2025-12-09 8:19:46.365409900 AM,31.83772438,54.62534951,1386.66,USER,Fixed,Corrected,None,18, ,BYCODE(0), ,0.013,0.01,0.011,0.016,         BYLAYER,  BYCODE, ,0,Vertical,12/9/2025 8:19, , , , ,1.436,0.739,1.231, , , , 
 ,20251209073132 2025-12-09 7:42:11.940810900 AM,31.84261992,54.62276121,1391.389,USER,Partial,Corrected,None,205, ,BYCODE(0), ,0.012,0.01,0.011,0.016,         BYLAYER,  BYCODE, ,0,Vertical,12/9/2025 7:42, , , , ,1.277,0.651,1.099, , , , 
 ,20251209073132 2025-12-09 7:39:59.834191100 AM,31.84327444,54.62184164,1391.667,USER,Fixed,Corrected,None,143, ,BYCODE(0), ,0.012,0.011,0.011,0.016,         BYLAYER,  BYCODE, ,0,Vertical,12/9/2025 7:39:60 AM, , , , ,1.487,0.708,1.308, , , , 
 ,20251209073132 2025-12-09 7:34:57.717398400 AM,31.84367731,54.61811915,1388.254,USER,Partial,Corrected,None,3, ,BYCODE(0), ,0.012,0.011,0.013,0.017,         BYLAYER,  BYCODE, ,0,Vertical,12/9/2025 7:34, , , , ,1.492,0.712,1.311, , , , 
 ,20251209081532 2025-12-09 8:23:37.943354400 AM,31.83750348,54.62854724,1387.676,USER,Fixed,Corrected,None,127, ,BYCODE(0), ,0.013,0.01,0.011,0.016,         BYLAYER,  BYCODE, ,0,Vertical,12/9/2025 8:23, , , , ,1.222,0.637,1.043, , , , 
 ,20251209070015 2025-12-09 7:13:29.360935700 AM,31.84705973,54.61615978,1388.578,USER,Fixed,Corrected,None,281, ,BYCODE(0), ,0.014,0.012,0.013,0.018,         BYLAYER,  BYCODE, ,0,Vertical,12/9/2025 7:13, , , , ,1.292,0.677,1.101, , , , 
 ,20251209081532 2025-12-09 8:28:33.411650200 AM,31.83442395,54.62873272,1384.205,USER,Fixed,Corrected,None,267, ,BYCODE(0), ,0.013,0.01,0.012,0.017,         BYLAYER,  BYCODE, ,0,Vertical,12/9/2025 8:28, , , , ,1.202,0.631,1.023, , , , 
 ,20251209073132 2025-12-09 7:44:13.297112500 AM,31.84132601,54.62287597,1389.045,USER,Fixed,Corrected,None,261, ,BYCODE(0), ,0.013,0.01,0.011,0.016,         BYLAYER,  BYCODE, ,0,Vertical,12/9/2025 7:44, , , , ,1.277,0.65,1.099, , , , 
 ,20251209070015 2025-12-09 7:08:11.592866900 AM,31.84824909,54.61302367,1387.626,USER,Partial,Corrected,None,133, ,BYCODE(0), ,0.013,0.012,0.014,0.018,         BYLAYER,  BYCODE, ,0,Vertical,12/9/2025 7:08, , , , ,1.29,0.676,1.099, , , , 
 ,20251209073132 2025-12-09 7:37:36.129781500 AM,31.84300254,54.61918226,1389.915,USER,Fixed,Corrected,None,77, ,BYCODE(0), ,0.012,0.011,0.013,0.016,         BYLAYER,  BYCODE, ,0,Vertical,12/9/2025 7:37, , , , ,1.49,0.71,1.31, , , , 
 ,20251209063040 2025-12-09 6:40:28.050869000 AM,31.8535177,54.60628418,1388.075,USER,Fixed,Corrected,None,204, ,BYCODE(0), ,0.015,0.013,0.014,0.02,         BYLAYER,  BYCODE, ,0,Vertical,12/9/2025 6:40, , , , ,1.327,0.773,1.078, , , , 
 ,20251209070015 2025-12-09 7:18:20.618426300 AM,31.84579186,54.61862437,1390.369,USER,Fixed,Corrected,None,420, ,BYCODE(0), ,0.014,0.011,0.013,0.018,         BYLAYER,  BYCODE, ,0,Vertical,12/9/2025 7:18, , , , ,1.304,0.676,1.116, , , , 
 ,20251209063040 2025-12-09 6:36:31.262422600 AM,31.85500853,54.60467457,1388.741,USER,Fixed,Corrected,None,92, ,BYCODE(0), ,0.016,0.013,0.014,0.02,         BYLAYER,  BYCODE, ,0,Vertical,12/9/2025 6:36, , , , ,1.321,0.779,1.066, , , , 
 ,20251209063040 2025-12-09 6:44:04.758673200 AM,31.85241379,54.60780186,1388.124,USER,Fixed,Corrected,None,306, ,BYCODE(0), ,0.016,0.013,0.014,0.021,         BYLAYER,  BYCODE, ,0,Vertical,12/9/2025 6:44, , , , ,1.343,0.774,1.097, , , , 
 ,20251209063040 2025-12-09 6:50:23.899180900 AM,31.85202321,54.61257351,1391.272,USER,Fixed,Corrected,None,484, ,BYCODE(0), ,0.016,0.012,0.014,0.02,         BYLAYER,  BYCODE, ,0,Vertical,12/9/2025 6:50, , , , ,1.336,0.736,1.115, , , , 
 ,20251209073132 2025-12-09 7:47:46.324275500 AM,31.83966724,54.6237013,1386.723,USER,Fixed,Corrected,None,354, ,BYCODE(0), ,0.013,0.01,0.011,0.016,         BYLAYER,  BYCODE, ,0,Vertical,12/9/2025 7:47, , , , ,1.284,0.656,1.103, , , , 
 ,20251209063040 2025-12-09 6:47:23.382090100 AM,31.85193318,54.61009074,1389.568,USER,Fixed,Corrected,None,398, ,BYCODE(0), ,0.016,0.013,0.014,0.02,         BYLAYER,  BYCODE, ,0,Vertical,12/9/2025 6:47, , , , ,1.326,0.737,1.102, , , , 
 ,20251209070015 2025-12-09 7:13:31.351869800 AM,31.84693697,54.61600604,1388.346,USER,Fixed,Corrected,None,282, ,BYCODE(0), ,0.014,0.012,0.013,0.018,         BYLAYER,  BYCODE, ,0,Vertical,12/9/2025 7:13, , , , ,1.292,0.677,1.101, , , , 
 ,20251209073132 2025-12-09 7:52:02.849527100 AM,31.83834495,54.62551811,1386.388,USER,Fixed,Corrected,None,476, ,BYCODE(0), ,0.014,0.01,0.011,0.017,         BYLAYER,  BYCODE, ,0,Vertical,12/9/2025 7:52, , , , ,1.456,0.735,1.257, , , , 
 ,20251209081532 2025-12-09 8:27:20.411865500 AM,31.83555849,54.62900006,1386.662,USER,Fixed,Corrected,None,233, ,BYCODE(0), ,0.013,0.01,0.011,0.017,         BYLAYER,  BYCODE, ,0,Vertical,12/9/2025 8:27, , , , ,1.221,0.634,1.044, , , , 
 ,20251209070015 2025-12-09 7:08:13.714978900 AM,31.84812821,54.6128711,1387.506,USER,Fixed,Corrected,None,134, ,BYCODE(0), ,0.013,0.012,0.014,0.018,         BYLAYER,  BYCODE, ,0,Vertical,12/9/2025 7:08, , , , ,1.291,0.676,1.099, , , , 
 ,20251209073132 2025-12-09 7:49:20.171691700 AM,31.83975765,54.62497274,1387.716,USER,Partial,Corrected,None,399, ,BYCODE(0), ,0.013,0.011,0.011,0.017,         BYLAYER,  BYCODE, ,0,Vertical,12/9/2025 7:49, , , , ,1.281,0.655,1.101, , , , 
 ,20251209081532 2025-12-09 8:20:52.944099400 AM,31.83830196,54.62723521,1388.081,USER,Fixed,Corrected,None,49, ,BYCODE(0), ,0.013,0.01,0.011,0.016,         BYLAYER,  BYCODE, ,0,Vertical,12/9/2025 8:20, , , , ,1.427,0.737,1.222, , , , 
 ,20251209070015 2025-12-09 7:18:22.580605000 AM,31.84591274,54.61877633,1390.558,USER,Fixed,Corrected,None,421, ,BYCODE(0), ,0.014,0.011,0.013,0.018,         BYLAYER,  BYCODE, ,0,Vertical,12/9/2025 7:18, , , , ,1.305,0.676,1.116, , , , 
 ,20251209081532 2025-12-09 8:21:53.144394400 AM,31.83826471,54.62775953,1387.827,USER,Fixed,Corrected,None,78, ,BYCODE(0), ,0.013,0.01,0.011,0.016,         BYLAYER,  BYCODE, ,0,Vertical,12/9/2025 8:21, , , , ,1.371,0.718,1.169, , , , 
 ,20251209081532 2025-12-09 8:24:24.207395800 AM,31.83611097,54.62738487,1386.776,USER,Fixed,Corrected,None,149, ,BYCODE(0), ,0.013,0.01,0.011,0.016,         BYLAYER,  BYCODE, ,0,Vertical,12/9/2025 8:24, , , , ,1.222,0.637,1.043, , , , 
 ,20251209063040 2025-12-09 6:36:33.226567700 AM,31.85512955,54.60482711,1389.022,USER,Fixed,Corrected,None,93, ,BYCODE(0), ,0.015,0.013,0.014,0.02,         BYLAYER,  BYCODE, ,0,Vertical,12/9/2025 6:36, , , , ,1.321,0.779,1.067, , , , 
 ,20251209063040 2025-12-09 6:40:30.012930900 AM,31.85363817,54.60643559,1388.493,USER,Fixed,Corrected,None,205, ,BYCODE(0), ,0.015,0.013,0.014,0.02,         BYLAYER,  BYCODE, ,0,Vertical,12/9/2025 6:40, , , , ,1.327,0.773,1.078, , , , 
 ,20251209073132 2025-12-09 7:34:59.979781900 AM,31.84362379,54.61822647,1389.017,USER,Partial,Corrected,None,4, ,BYCODE(0), ,0.012,0.011,0.013,0.017,         BYLAYER,  BYCODE, ,0,Vertical,12/9/2025 7:34:60 AM, , , , ,1.492,0.712,1.311, , , , 
 ,20251209070015 2025-12-09 7:13:33.338566300 AM,31.84681418,54.61585306,1388.418,USER,Fixed,Corrected,None,283, ,BYCODE(0), ,0.014,0.012,0.013,0.018,         BYLAYER,  BYCODE, ,0,Vertical,12/9/2025 7:13, , , , ,1.292,0.677,1.101, , , , 
 ,20251209063040 2025-12-09 6:44:06.746031500 AM,31.85229219,54.60764883,1387.766,USER,Fixed,Corrected,None,307, ,BYCODE(0), ,0.016,0.013,0.014,0.021,         BYLAYER,  BYCODE, ,0,Vertical,12/9/2025 6:44, , , , ,1.343,0.774,1.097, , , , 
 ,20251209070015 2025-12-09 7:08:15.637281700 AM,31.84806057,54.61282654,1387.507,USER,Fixed,Corrected,None,135, ,BYCODE(0), ,0.013,0.012,0.014,0.018,         BYLAYER,  BYCODE, ,0,Vertical,12/9/2025 7:08, , , , ,1.291,0.676,1.099, , , , 
 ,20251209073132 2025-12-09 7:40:01.860254500 AM,31.84314921,54.62168455,1391.195,USER,Fixed,Corrected,None,144, ,BYCODE(0), ,0.012,0.011,0.011,0.016,         BYLAYER,  BYCODE, ,0,Vertical,12/9/2025 7:40, , , , ,1.487,0.708,1.308, , , , 
 ,20251209073132 2025-12-09 7:42:13.896917600 AM,31.8427396,54.62291159,1391.85,USER,Fixed,Corrected,None,206, ,BYCODE(0), ,0.012,0.01,0.011,0.016,         BYLAYER,  BYCODE, ,0,Vertical,12/9/2025 7:42, , , , ,1.277,0.651,1.099, , , , 
 ,20251209081532 2025-12-09 8:25:44.665241200 AM,31.83534397,54.62757874,1385.083,USER,Fixed,Corrected,None,187, ,BYCODE(0), ,0.013,0.01,0.011,0.016,         BYLAYER,  BYCODE, ,0,Vertical,12/9/2025 8:25, , , , ,1.222,0.636,1.044, , , , 
 ,20251209063040 2025-12-09 6:47:25.372927200 AM,31.85205527,54.61024555,1389.979,USER,Fixed,Corrected,None,399, ,BYCODE(0), ,0.016,0.013,0.014,0.02,         BYLAYER,  BYCODE, ,0,Vertical,12/9/2025 6:47, , , , ,1.326,0.737,1.103, , , , 
 ,20251209081532 2025-12-09 8:25:06.424966300 AM,31.83672827,54.62873974,1388.097,USER,Fixed,Corrected,None,169, ,BYCODE(0), ,0.013,0.01,0.011,0.016,         BYLAYER,  BYCODE, ,0,Vertical,12/9/2025 8:25, , , , ,1.222,0.636,1.044, , , , 
 ,20251209070015 2025-12-09 7:18:24.606752400 AM,31.84603721,54.61893217,1390.916,USER,Fixed,Corrected,None,422, ,BYCODE(0), ,0.014,0.011,0.013,0.018,         BYLAYER,  BYCODE, ,0,Vertical,12/9/2025 7:18, , , , ,1.305,0.676,1.116, , , , 
 ,20251209073132 2025-12-09 7:50:46.341166300 AM,31.83935678,54.62563066,1387.749,USER,Fixed,Corrected,None,440, ,BYCODE(0), ,0.013,0.011,0.011,0.017,         BYLAYER,  BYCODE, ,0,Vertical,12/9/2025 7:50, , , , ,1.278,0.655,1.098, , , , 
 ,20251209073132 2025-12-09 7:44:15.284040700 AM,31.84120392,54.62272187,1388.804,USER,Fixed,Corrected,None,262, ,BYCODE(0), ,0.013,0.01,0.011,0.016,         BYLAYER,  BYCODE, ,0,Vertical,12/9/2025 7:44, , , , ,1.277,0.65,1.099, , , , 
 ,20251209063040 2025-12-09 6:36:35.246550600 AM,31.85525341,54.60498384,1389.516,USER,Fixed,Corrected,None,94, ,BYCODE(0), ,0.015,0.013,0.014,0.02,         BYLAYER,  BYCODE, ,0,Vertical,12/9/2025 6:36, , , , ,1.321,0.779,1.067, , , , 
 ,20251209070015 2025-12-09 7:13:35.333707600 AM,31.84669204,54.61569903,1388.302,USER,Fixed,Corrected,None,284, ,BYCODE(0), ,0.014,0.012,0.013,0.018,         BYLAYER,  BYCODE, ,0,Vertical,12/9/2025 7:13, , , , ,1.293,0.677,1.101, , , , 
 ,20251209081532 2025-12-09 8:32:33.266043400 AM,31.83260799,54.62993061,1382.902,USER,Fixed,Corrected,None,379, ,BYCODE(0), ,0.014,0.011,0.012,0.017,         BYLAYER,  BYCODE, ,0,Vertical,12/9/2025 8:32, , , , ,1.196,0.628,1.018, , , , 
 ,20251209063040 2025-12-09 6:40:32.001820800 AM,31.85376039,54.60658983,1388.852,USER,Fixed,Corrected,None,206, ,BYCODE(0), ,0.015,0.013,0.014,0.02,         BYLAYER,  BYCODE, ,0,Vertical,12/9/2025 6:40, , , , ,1.327,0.773,1.079, , , , 
 ,20251209063040 2025-12-09 6:50:26.861984000 AM,31.85191892,54.61274952,1391.226,USER,Fixed,Corrected,None,485, ,BYCODE(0), ,0.016,0.012,0.014,0.02,         BYLAYER,  BYCODE, ,0,Vertical,12/9/2025 6:50, , , , ,1.336,0.736,1.115, , , , 
 ,20251209073132 2025-12-09 7:37:38.759095700 AM,31.84289966,54.61909583,1389.741,USER,Fixed,Corrected,None,78, ,BYCODE(0), ,0.012,0.011,0.013,0.016,         BYLAYER,  BYCODE, ,0,Vertical,12/9/2025 7:37, , , , ,1.49,0.71,1.31, , , , 
 ,20251209063040 2025-12-09 6:44:08.770601000 AM,31.85216793,54.60749264,1387.333,USER,Fixed,Corrected,None,308, ,BYCODE(0), ,0.016,0.013,0.014,0.021,         BYLAYER,  BYCODE, ,0,Vertical,12/9/2025 6:44, , , , ,1.343,0.774,1.097, , , , 
 ,20251209070015 2025-12-09 7:08:18.759146200 AM,31.84792063,54.61297313,1387.557,USER,Fixed,Corrected,None,136, ,BYCODE(0), ,0.013,0.012,0.014,0.018,         BYLAYER,  BYCODE, ,0,Vertical,12/9/2025 7:08, , , , ,1.291,0.676,1.099, , , , 
 ,20251209081532 2025-12-09 8:22:48.710470000 AM,31.83602628,54.62609185,1384.791,USER,Fixed,Corrected,None,104, ,BYCODE(0), ,0.013,0.01,0.011,0.017,         BYLAYER,  BYCODE, ,0,Vertical,12/9/2025 8:22, , , , ,1.222,0.638,1.042, , , , 
 ,20251209070015 2025-12-09 7:18:26.560677300 AM,31.84615672,54.61908347,1390.99,USER,Fixed,Corrected,None,423, ,BYCODE(0), ,0.014,0.011,0.013,0.018,         BYLAYER,  BYCODE, ,0,Vertical,12/9/2025 7:18, , , , ,1.305,0.676,1.116, , , , 
 ,20251209073132 2025-12-09 7:47:48.317365400 AM,31.83979041,54.62385485,1387.215,USER,Partial,Corrected,None,355, ,BYCODE(0), ,0.013,0.011,0.011,0.017,         BYLAYER,  BYCODE, ,0,Vertical,12/9/2025 7:47, , , , ,1.284,0.656,1.103, , , , 
 ,20251209081532 2025-12-09 8:26:19.776857900 AM,31.83680814,54.62997711,1388.854,USER,Fixed,Corrected,None,204, ,BYCODE(0), ,0.013,0.01,0.011,0.017,         BYLAYER,  BYCODE, ,0,Vertical,12/9/2025 8:26, , , , ,1.222,0.635,1.044, , , , 
 ,20251209081532 2025-12-09 8:19:48.352332400 AM,31.8376026,54.62519515,1386.485,USER,Fixed,Corrected,None,19, ,BYCODE(0), ,0.013,0.01,0.011,0.016,         BYLAYER,  BYCODE, ,0,Vertical,12/9/2025 8:19, , , , ,1.436,0.739,1.231, , , , 
 ,20251209070015 2025-12-09 7:13:37.320239800 AM,31.8465702,54.61554561,1388.069,USER,Fixed,Corrected,None,285, ,BYCODE(0), ,0.014,0.012,0.013,0.018,         BYLAYER,  BYCODE, ,0,Vertical,12/9/2025 7:13, , , , ,1.293,0.677,1.101, , , , 
 ,20251209063040 2025-12-09 6:47:27.361982300 AM,31.85217709,54.6103996,1390.368,USER,Fixed,Corrected,None,400, ,BYCODE(0), ,0.016,0.013,0.014,0.02,         BYLAYER,  BYCODE, ,0,Vertical,12/9/2025 6:47, , , , ,1.326,0.737,1.103, , , , 
 ,20251209063040 2025-12-09 6:36:37.204571000 AM,31.85537377,54.60513489,1389.907,USER,Fixed,Corrected,None,95, ,BYCODE(0), ,0.015,0.013,0.014,0.02,         BYLAYER,  BYCODE, ,0,Vertical,12/9/2025 6:36, , , , ,1.321,0.779,1.067, , , , 
 ,20251209081532 2025-12-09 8:29:12.516428200 AM,31.83533403,54.63045674,1386.623,USER,Fixed,Corrected,None,285, ,BYCODE(0), ,0.013,0.01,0.012,0.017,         BYLAYER,  BYCODE, ,0,Vertical,12/9/2025 8:29, , , , ,1.201,0.63,1.023, , , , 
 ,20251209063040 2025-12-09 6:40:33.992705800 AM,31.85388352,54.60674455,1389.474,USER,Fixed,Corrected,None,207, ,BYCODE(0), ,0.015,0.013,0.014,0.02,         BYLAYER,  BYCODE, ,0,Vertical,12/9/2025 6:40, , , , ,1.327,0.773,1.079, , , , 
 ,20251209073132 2025-12-09 7:40:03.853285800 AM,31.84302647,54.62153083,1391.024,USER,Fixed,Corrected,None,145, ,BYCODE(0), ,0.012,0.011,0.011,0.016,         BYLAYER,  BYCODE, ,0,Vertical,12/9/2025 7:40, , , , ,1.487,0.708,1.308, , , , 
 ,20251209073132 2025-12-09 7:49:22.164588700 AM,31.8398802,54.62512716,1388.068,USER,Partial,Corrected,None,400, ,BYCODE(0), ,0.013,0.011,0.011,0.017,         BYLAYER,  BYCODE, ,0,Vertical,12/9/2025 7:49, , , , ,1.281,0.655,1.101, , , , 
 ,20251209070015 2025-12-09 7:08:21.165464600 AM,31.84785458,54.61308915,1388.287,USER,Fixed,Corrected,None,137, ,BYCODE(0), ,0.013,0.012,0.014,0.018,         BYLAYER,  BYCODE, ,0,Vertical,12/9/2025 7:08, , , , ,1.291,0.676,1.099, , , , 
 ,20251209073132 2025-12-09 7:42:15.925390700 AM,31.84286393,54.62306741,1391.929,USER,Fixed,Corrected,None,207, ,BYCODE(0), ,0.012,0.01,0.011,0.016,         BYLAYER,  BYCODE, ,0,Vertical,12/9/2025 7:42, , , , ,1.277,0.651,1.099, , , , 
 ,20251209070015 2025-12-09 7:18:28.584887500 AM,31.84628063,54.61924074,1391.203,USER,Partial,Corrected,None,424, ,BYCODE(0), ,0.014,0.011,0.013,0.018,         BYLAYER,  BYCODE, ,0,Vertical,12/9/2025 7:18, , , , ,1.305,0.676,1.116, , , , 
 ,20251209073132 2025-12-09 7:35:02.899082900 AM,31.84374436,54.61839213,1389.188,USER,Partial,Corrected,None,5, ,BYCODE(0), ,0.012,0.011,0.013,0.017,         BYLAYER,  BYCODE, ,0,Vertical,12/9/2025 7:35, , , , ,1.492,0.712,1.311, , , , 
 ,20251209063040 2025-12-09 6:44:10.734730000 AM,31.85204705,54.60734099,1386.881,USER,Fixed,Corrected,None,309, ,BYCODE(0), ,0.016,0.013,0.014,0.021,         BYLAYER,  BYCODE, ,0,Vertical,12/9/2025 6:44, , , , ,1.343,0.774,1.097, , , , 
 ,20251209070015 2025-12-09 7:13:39.309186200 AM,31.84644888,54.61539175,1387.718,USER,Fixed,Corrected,None,286, ,BYCODE(0), ,0.014,0.012,0.013,0.018,         BYLAYER,  BYCODE, ,0,Vertical,12/9/2025 7:13, , , , ,1.293,0.677,1.101, , , , 
 ,20251209073132 2025-12-09 7:52:04.846659400 AM,31.83846712,54.62567205,1386.313,USER,Fixed,Corrected,None,477, ,BYCODE(0), ,0.013,0.01,0.012,0.017,         BYLAYER,  BYCODE, ,0,Vertical,12/9/2025 7:52, , , , ,1.456,0.735,1.258, , , , 
 ,20251209081532 2025-12-09 8:29:59.500095100 AM,31.83414604,54.62954146,1385.177,USER,Fixed,Corrected,None,307, ,BYCODE(0), ,0.013,0.011,0.012,0.017,         BYLAYER,  BYCODE, ,0,Vertical,12/9/2025 8:29:60 AM, , , , ,1.2,0.63,1.022, , , , 
 ,20251209081532 2025-12-09 8:31:48.244241000 AM,31.83461459,54.63185557,1387.193,USER,Fixed,Corrected,None,358, ,BYCODE(0), ,0.013,0.011,0.012,0.017,         BYLAYER,  BYCODE, ,0,Vertical,12/9/2025 8:31, , , , ,1.198,0.628,1.019, , , , 
 ,20251209063040 2025-12-09 6:36:39.233018400 AM,31.85549871,54.60529145,1390.45,USER,Fixed,Corrected,None,96, ,BYCODE(0), ,0.015,0.013,0.014,0.02,         BYLAYER,  BYCODE, ,0,Vertical,12/9/2025 6:36, , , , ,1.321,0.779,1.067, , , , 
 ,20251209063040 2025-12-09 6:50:29.432676100 AM,31.85182878,54.6128393,1391.633,USER,Fixed,Corrected,None,486, ,BYCODE(0), ,0.016,0.012,0.014,0.02,         BYLAYER,  BYCODE, ,0,Vertical,12/9/2025 6:50, , , , ,1.336,0.736,1.115, , , , 
 ,20251209081532 2025-12-09 8:28:11.906322700 AM,31.83453509,54.62829147,1384.23,USER,Fixed,Corrected,None,258, ,BYCODE(0), ,0.013,0.01,0.012,0.017,         BYLAYER,  BYCODE, ,0,Vertical,12/9/2025 8:28, , , , ,1.202,0.631,1.024, , , , 
 ,20251209063040 2025-12-09 6:40:35.981667000 AM,31.85400624,54.60689725,1389.814,USER,Fixed,Corrected,None,208, ,BYCODE(0), ,0.015,0.013,0.014,0.02,         BYLAYER,  BYCODE, ,0,Vertical,12/9/2025 6:40, , , , ,1.327,0.773,1.079, , , , 
 ,20251209063040 2025-12-09 6:47:29.351018200 AM,31.85229865,54.61055372,1390.718,USER,Fixed,Corrected,None,401, ,BYCODE(0), ,0.016,0.013,0.014,0.02,         BYLAYER,  BYCODE, ,0,Vertical,12/9/2025 6:47, , , , ,1.326,0.737,1.103, , , , 
 ,20251209070015 2025-12-09 7:18:30.541203300 AM,31.84640109,54.61939142,1391.405,USER,Partial,Corrected,None,425, ,BYCODE(0), ,0.014,0.011,0.013,0.018,         BYLAYER,  BYCODE, ,0,Vertical,12/9/2025 7:18, , , , ,1.305,0.676,1.116, , , , 
 ,20251209073132 2025-12-09 7:44:17.270944800 AM,31.84108186,54.62256855,1388.654,USER,Fixed,Corrected,None,263, ,BYCODE(0), ,0.013,0.01,0.011,0.016,         BYLAYER,  BYCODE, ,0,Vertical,12/9/2025 7:44, , , , ,1.277,0.65,1.099, , , , 
 ,20251209070015 2025-12-09 7:08:24.128482600 AM,31.84797518,54.61325351,1388.264,USER,Fixed,Corrected,None,138, ,BYCODE(0), ,0.013,0.012,0.014,0.018,         BYLAYER,  BYCODE, ,0,Vertical,12/9/2025 7:08, , , , ,1.291,0.676,1.099, , , , 
 ,20251209070015 2025-12-09 7:13:41.316845200 AM,31.84632547,54.61523675,1387.126,USER,Fixed,Corrected,None,287, ,BYCODE(0), ,0.014,0.012,0.013,0.018,         BYLAYER,  BYCODE, ,0,Vertical,12/9/2025 7:13, , , , ,1.293,0.677,1.101, , , , 
 ,20251209081532 2025-12-09 8:20:54.943444000 AM,31.83817932,54.62708129,1387.849,USER,Fixed,Corrected,None,50, ,BYCODE(0), ,0.013,0.01,0.011,0.016,         BYLAYER,  BYCODE, ,0,Vertical,12/9/2025 8:20, , , , ,1.427,0.737,1.222, , , , 
 ,20251209081532 2025-12-09 8:23:39.946557300 AM,31.83738014,54.62839317,1387.59,USER,Fixed,Corrected,None,128, ,BYCODE(0), ,0.013,0.01,0.011,0.016,         BYLAYER,  BYCODE, ,0,Vertical,12/9/2025 8:23, , , , ,1.222,0.637,1.043, , , , 
 ,20251209073132 2025-12-09 7:47:50.320745000 AM,31.8399134,54.62400927,1387.649,USER,Partial,Corrected,None,356, ,BYCODE(0), ,0.013,0.011,0.011,0.017,         BYLAYER,  BYCODE, ,0,Vertical,12/9/2025 7:47, , , , ,1.284,0.656,1.103, , , , 
 ,20251209063040 2025-12-09 6:44:12.759396600 AM,31.85192615,54.60718838,1386.6,USER,Fixed,Corrected,None,310, ,BYCODE(0), ,0.016,0.013,0.014,0.021,         BYLAYER,  BYCODE, ,0,Vertical,12/9/2025 6:44, , , , ,1.343,0.774,1.097, , , , 
 ,20251209073132 2025-12-09 7:37:41.878548900 AM,31.8427597,54.61924059,1388.878,USER,Fixed,Corrected,None,79, ,BYCODE(0), ,0.012,0.011,0.013,0.016,         BYLAYER,  BYCODE, ,0,Vertical,12/9/2025 7:37, , , , ,1.49,0.71,1.31, , , , 
 ,20251209063040 2025-12-09 6:36:41.203128300 AM,31.85561914,54.60544111,1390.636,USER,Fixed,Corrected,None,97, ,BYCODE(0), ,0.015,0.013,0.014,0.02,         BYLAYER,  BYCODE, ,0,Vertical,12/9/2025 6:36, , , , ,1.321,0.779,1.067, , , , 
 ,20251209073132 2025-12-09 7:40:05.842086300 AM,31.84290402,54.62137697,1390.805,USER,Fixed,Corrected,None,146, ,BYCODE(0), ,0.012,0.01,0.011,0.016,         BYLAYER,  BYCODE, ,0,Vertical,12/9/2025 7:40, , , , ,1.487,0.708,1.308, , , , 
 ,20251209073132 2025-12-09 7:35:04.893980500 AM,31.8438671,54.61854978,1389.213,USER,Fixed,Corrected,None,6, ,BYCODE(0), ,0.012,0.011,0.013,0.017,         BYLAYER,  BYCODE, ,0,Vertical,12/9/2025 7:35, , , , ,1.492,0.712,1.311, , , , 
 ,20251209073132 2025-12-09 7:50:48.329986100 AM,31.83947973,54.62578389,1387.993,USER,Fixed,Corrected,None,441, ,BYCODE(0), ,0.013,0.011,0.011,0.017,         BYLAYER,  BYCODE, ,0,Vertical,12/9/2025 7:50, , , , ,1.278,0.655,1.098, , , , 
 ,20251209070015 2025-12-09 7:08:26.121705300 AM,31.84809822,54.61341373,1388.369,USER,Fixed,Corrected,None,139, ,BYCODE(0), ,0.013,0.012,0.014,0.018,         BYLAYER,  BYCODE, ,0,Vertical,12/9/2025 7:08, , , , ,1.291,0.676,1.099, , , , 
 ,20251209070015 2025-12-09 7:18:32.559552400 AM,31.84652558,54.61954741,1391.513,USER,Partial,Corrected,None,426, ,BYCODE(0), ,0.014,0.011,0.013,0.018,         BYLAYER,  BYCODE, ,0,Vertical,12/9/2025 7:18, , , , ,1.305,0.676,1.116, , , , 
 ,20251209063040 2025-12-09 6:40:37.970439900 AM,31.85412895,54.60705176,1390.132,USER,Fixed,Corrected,None,209, ,BYCODE(0), ,0.015,0.013,0.014,0.02,         BYLAYER,  BYCODE, ,0,Vertical,12/9/2025 6:40, , , , ,1.328,0.773,1.079, , , , 
 ,20251209081532 2025-12-09 8:21:55.133231400 AM,31.83838612,54.62791339,1388.131,USER,Fixed,Corrected,None,79, ,BYCODE(0), ,0.012,0.01,0.011,0.016,         BYLAYER,  BYCODE, ,0,Vertical,12/9/2025 8:21, , , , ,1.222,0.639,1.041, , , , 
 ,20251209073132 2025-12-09 7:42:17.899750900 AM,31.84298506,54.62322004,1392.202,USER,Fixed,Corrected,None,208, ,BYCODE(0), ,0.012,0.01,0.011,0.016,         BYLAYER,  BYCODE, ,0,Vertical,12/9/2025 7:42, , , , ,1.277,0.651,1.099, , , , 
 ,20251209063040 2025-12-09 6:47:31.340055200 AM,31.85242083,54.61070784,1391.026,USER,Fixed,Corrected,None,402, ,BYCODE(0), ,0.016,0.013,0.014,0.02,         BYLAYER,  BYCODE, ,0,Vertical,12/9/2025 6:47, , , , ,1.326,0.737,1.103, , , , 
 ,20251209070015 2025-12-09 7:13:44.011152500 AM,31.84620538,54.61509975,1386.805,USER,Fixed,Corrected,None,288, ,BYCODE(0), ,0.014,0.012,0.013,0.018,         BYLAYER,  BYCODE, ,0,Vertical,12/9/2025 7:13, , , , ,1.293,0.677,1.101, , , , 
 ,20251209081532 2025-12-09 8:32:16.992512000 AM,31.83288911,54.62970587,1383.827,USER,Fixed,Corrected,None,372, ,BYCODE(0), ,0.014,0.011,0.012,0.017,         BYLAYER,  BYCODE, ,0,Vertical,12/9/2025 8:32, , , , ,1.197,0.628,1.019, , , , 
 ,20251209081532 2025-12-09 8:26:52.521390900 AM,31.83483611,54.62751665,1384.467,USER,Fixed,Corrected,None,220, ,BYCODE(0), ,0.013,0.01,0.011,0.017,         BYLAYER,  BYCODE, ,0,Vertical,12/9/2025 8:26, , , , ,1.222,0.635,1.044, , , , 
 ,20251209063040 2025-12-09 6:36:43.195892800 AM,31.85574193,54.60559443,1390.776,USER,Fixed,Corrected,None,98, ,BYCODE(0), ,0.015,0.013,0.014,0.02,         BYLAYER,  BYCODE, ,0,Vertical,12/9/2025 6:36, , , , ,1.322,0.779,1.067, , , , 
 ,20251209070015 2025-12-09 7:13:44.737845900 AM,31.84617995,54.61509999,1386.765,USER,Fixed,Corrected,None,289, ,BYCODE(0), ,0.014,0.012,0.013,0.018,         BYLAYER,  BYCODE, ,0,Vertical,12/9/2025 7:13, , , , ,1.293,0.677,1.101, , , , 
 ,20251209070015 2025-12-09 7:08:28.088265900 AM,31.84821808,54.6135677,1388.848,USER,Fixed,Corrected,None,140, ,BYCODE(0), ,0.013,0.012,0.014,0.018,         BYLAYER,  BYCODE, ,0,Vertical,12/9/2025 7:08, , , , ,1.291,0.676,1.099, , , , 
 ,20251209073132 2025-12-09 7:49:24.151250600 AM,31.84000233,54.62528045,1388.307,USER,Partial,Corrected,None,401, ,BYCODE(0), ,0.013,0.011,0.011,0.017,         BYLAYER,  BYCODE, ,0,Vertical,12/9/2025 7:49, , , , ,1.281,0.655,1.101, , , , 
 ,20251209081532 2025-12-09 8:24:26.198090600 AM,31.83623436,54.62753773,1386.922,USER,Fixed,Corrected,None,150, ,BYCODE(0), ,0.013,0.01,0.011,0.016,         BYLAYER,  BYCODE, ,0,Vertical,12/9/2025 8:24, , , , ,1.222,0.637,1.043, , , , 
 ,20251209063040 2025-12-09 6:50:32.522867400 AM,31.851692,54.61268687,1390.661,USER,Fixed,Corrected,None,487, ,BYCODE(0), ,0.016,0.012,0.014,0.02,         BYLAYER,  BYCODE, ,0,Vertical,12/9/2025 6:50, , , , ,1.336,0.736,1.115, , , , 
 ,20251209063040 2025-12-09 6:44:15.180134800 AM,31.85184044,54.60712221,1386.504,USER,Fixed,Corrected,None,311, ,BYCODE(0), ,0.016,0.013,0.014,0.021,         BYLAYER,  BYCODE, ,0,Vertical,12/9/2025 6:44, , , , ,1.343,0.774,1.098, , , , 
 ,20251209081532 2025-12-09 8:19:50.343166600 AM,31.83748025,54.62504164,1386.26,USER,Fixed,Corrected,None,20, ,BYCODE(0), ,0.013,0.01,0.011,0.016,         BYLAYER,  BYCODE, ,0,Vertical,12/9/2025 8:19, , , , ,1.436,0.739,1.231, , , , 
 ,20251209063040 2025-12-09 6:40:39.961170000 AM,31.85425103,54.60720507,1390.276,USER,Fixed,Corrected,None,210, ,BYCODE(0), ,0.015,0.013,0.014,0.02,         BYLAYER,  BYCODE, ,0,Vertical,12/9/2025 6:40, , , , ,1.328,0.773,1.079, , , , 
 ,20251209073132 2025-12-09 7:44:19.259887200 AM,31.84095953,54.62241481,1388.579,USER,Fixed,Corrected,None,264, ,BYCODE(0), ,0.013,0.01,0.011,0.016,         BYLAYER,  BYCODE, ,0,Vertical,12/9/2025 7:44, , , , ,1.277,0.65,1.099, , , , 
 ,20251209073132 2025-12-09 7:52:06.833309900 AM,31.83858969,54.62582586,1386.472,USER,Fixed,Corrected,None,478, ,BYCODE(0), ,0.013,0.01,0.012,0.017,         BYLAYER,  BYCODE, ,0,Vertical,12/9/2025 7:52, , , , ,1.457,0.735,1.258, , , , 
 ,20251209070015 2025-12-09 7:18:35.447518800 AM,31.84661864,54.61970764,1391.998,USER,Fixed,Corrected,None,427, ,BYCODE(0), ,0.014,0.011,0.013,0.018,         BYLAYER,  BYCODE, ,0,Vertical,12/9/2025 7:18, , , , ,1.305,0.676,1.116, , , , 
 ,20251209073132 2025-12-09 7:35:06.880773500 AM,31.8439888,54.6187037,1389.772,USER,Fixed,Corrected,None,7, ,BYCODE(0), ,0.012,0.011,0.013,0.016,         BYLAYER,  BYCODE, ,0,Vertical,12/9/2025 7:35, , , , ,1.492,0.712,1.311, , , , 
 ,20251209070015 2025-12-09 7:08:30.113099800 AM,31.84834308,54.61372397,1389.365,USER,Fixed,Corrected,None,141, ,BYCODE(0), ,0.013,0.012,0.014,0.018,         BYLAYER,  BYCODE, ,0,Vertical,12/9/2025 7:08, , , , ,1.291,0.676,1.099, , , , 
 ,20251209073132 2025-12-09 7:40:07.836895700 AM,31.84278144,54.62122276,1390.523,USER,Fixed,Corrected,None,147, ,BYCODE(0), ,0.012,0.011,0.011,0.016,         BYLAYER,  BYCODE, ,0,Vertical,12/9/2025 7:40, , , , ,1.487,0.708,1.307, , , , 
 ,20251209063040 2025-12-09 6:36:45.159933800 AM,31.85586231,54.6057463,1391.17,USER,Fixed,Corrected,None,99, ,BYCODE(0), ,0.015,0.013,0.014,0.02,         BYLAYER,  BYCODE, ,0,Vertical,12/9/2025 6:36, , , , ,1.322,0.779,1.068, , , , 
 ,20251209063040 2025-12-09 6:47:33.326940300 AM,31.85254303,54.61086163,1391.374,USER,Fixed,Corrected,None,403, ,BYCODE(0), ,0.016,0.013,0.014,0.02,         BYLAYER,  BYCODE, ,0,Vertical,12/9/2025 6:47, , , , ,1.326,0.737,1.103, , , , 
 ,20251209073132 2025-12-09 7:37:44.305828300 AM,31.84269638,54.61935883,1389.239,USER,Fixed,Corrected,None,80, ,BYCODE(0), ,0.012,0.011,0.013,0.016,         BYLAYER,  BYCODE, ,0,Vertical,12/9/2025 7:37, , , , ,1.49,0.71,1.31, , , , 
 ,20251209081532 2025-12-09 8:27:48.027787200 AM,31.83600216,54.63013488,1386.835,USER,Fixed,Corrected,None,246, ,BYCODE(0), ,0.013,0.01,0.011,0.017,         BYLAYER,  BYCODE, ,0,Vertical,12/9/2025 8:27, , , , ,1.221,0.634,1.043, , , , 
 ,20251209070015 2025-12-09 7:13:47.713288800 AM,31.84604397,54.61524499,1386.716,USER,Fixed,Corrected,None,290, ,BYCODE(0), ,0.014,0.012,0.013,0.018,         BYLAYER,  BYCODE, ,0,Vertical,12/9/2025 7:13, , , , ,1.293,0.677,1.102, , , , 
 ,20251209081532 2025-12-09 8:30:24.962157700 AM,31.83527668,54.6313243,1386.847,USER,Fixed,Corrected,None,319, ,BYCODE(0), ,0.013,0.011,0.012,0.017,         BYLAYER,  BYCODE, ,0,Vertical,12/9/2025 8:30, , , , ,1.2,0.629,1.021, , , , 
 ,20251209073132 2025-12-09 7:47:52.309935100 AM,31.84003575,54.62416323,1388.205,USER,Fixed,Corrected,None,357, ,BYCODE(0), ,0.013,0.011,0.011,0.017,         BYLAYER,  BYCODE, ,0,Vertical,12/9/2025 7:47, , , , ,1.283,0.656,1.103, , , , 
 ,20251209073132 2025-12-09 7:42:19.886390900 AM,31.84310739,54.62337431,1392.572,USER,Fixed,Corrected,None,209, ,BYCODE(0), ,0.012,0.01,0.011,0.016,         BYLAYER,  BYCODE, ,0,Vertical,12/9/2025 7:42, , , , ,1.277,0.651,1.099, , , , 
 ,20251209063040 2025-12-09 6:40:41.985313400 AM,31.85437597,54.6073599,1390.333,USER,Fixed,Corrected,None,211, ,BYCODE(0), ,0.015,0.013,0.014,0.02,         BYLAYER,  BYCODE, ,0,Vertical,12/9/2025 6:40, , , , ,1.328,0.773,1.079, , , , 
 ,20251209070015 2025-12-09 7:08:32.069030300 AM,31.84846278,54.61387254,1389.626,USER,Fixed,Corrected,None,142, ,BYCODE(0), ,0.013,0.012,0.014,0.018,         BYLAYER,  BYCODE, ,0,Vertical,12/9/2025 7:08, , , , ,1.291,0.676,1.099, , , , 
 ,20251209063040 2025-12-09 6:50:34.511629600 AM,31.85156734,54.61253344,1389.986,USER,Fixed,Corrected,None,488, ,BYCODE(0), ,0.016,0.012,0.014,0.02,         BYLAYER,  BYCODE, ,0,Vertical,12/9/2025 6:50, , , , ,1.337,0.736,1.115, , , , 
 ,20251209081532 2025-12-09 8:31:10.805684300 AM,31.83300756,54.62927292,1382.968,USER,Fixed,Corrected,None,340, ,BYCODE(0), ,0.014,0.011,0.012,0.017,         BYLAYER,  BYCODE, ,0,Vertical,12/9/2025 8:31, , , , ,1.199,0.629,1.02, , , , 
 ,20251209081532 2025-12-09 8:25:08.417939200 AM,31.83660628,54.62858598,1387.995,USER,Fixed,Corrected,None,170, ,BYCODE(0), ,0.013,0.01,0.011,0.017,         BYLAYER,  BYCODE, ,0,Vertical,12/9/2025 8:25, , , , ,1.222,0.636,1.044, , , , 
 ,20251209063040 2025-12-09 6:36:47.186047300 AM,31.8559865,54.60590262,1391.563,USER,Fixed,Corrected,None,100, ,BYCODE(0), ,0.015,0.013,0.014,0.02,         BYLAYER,  BYCODE, ,0,Vertical,12/9/2025 6:36, , , , ,1.322,0.779,1.068, , , , 
 ,20251209073132 2025-12-09 7:50:50.327019700 AM,31.83960293,54.62593778,1388.325,USER,Fixed,Corrected,None,442, ,BYCODE(0), ,0.013,0.011,0.011,0.017,         BYLAYER,  BYCODE, ,0,Vertical,12/9/2025 7:50, , , , ,1.278,0.655,1.098, , , , 
 ,20251209081532 2025-12-09 8:25:46.649987700 AM,31.83546585,54.62773091,1385.356,USER,Fixed,Corrected,None,188, ,BYCODE(0), ,0.013,0.01,0.011,0.016,         BYLAYER,  BYCODE, ,0,Vertical,12/9/2025 8:25, , , , ,1.222,0.636,1.044, , , , 
 ,20251209070015 2025-12-09 7:18:38.639812000 AM,31.84649643,54.619876,1391.062,USER,Partial,Corrected,None,428, ,BYCODE(0), ,0.014,0.011,0.013,0.018,         BYLAYER,  BYCODE, ,0,Vertical,12/9/2025 7:18, , , , ,1.305,0.676,1.116, , , , 
 ,20251209063040 2025-12-09 6:44:18.372516200 AM,31.85171547,54.60728769,1386.686,USER,Fixed,Corrected,None,312, ,BYCODE(0), ,0.016,0.013,0.014,0.021,         BYLAYER,  BYCODE, ,0,Vertical,12/9/2025 6:44, , , , ,1.343,0.774,1.098, , , , 
 ,20251209070015 2025-12-09 7:13:50.138025300 AM,31.8459789,54.61536147,1387.782,USER,Fixed,Corrected,None,291, ,BYCODE(0), ,0.014,0.011,0.013,0.018,         BYLAYER,  BYCODE, ,0,Vertical,12/9/2025 7:13, , , , ,1.293,0.677,1.102, , , , 
 ,20251209063040 2025-12-09 6:47:35.319845000 AM,31.8526661,54.61101633,1391.869,USER,Fixed,Corrected,None,404, ,BYCODE(0), ,0.016,0.013,0.014,0.02,         BYLAYER,  BYCODE, ,0,Vertical,12/9/2025 6:47, , , , ,1.327,0.737,1.103, , , , 
 ,20251209070015 2025-12-09 7:08:34.093446500 AM,31.84858714,54.61402889,1389.792,USER,Fixed,Corrected,None,143, ,BYCODE(0), ,0.013,0.012,0.014,0.018,         BYLAYER,  BYCODE, ,0,Vertical,12/9/2025 7:08, , , , ,1.291,0.676,1.099, , , , 
 ,20251209073132 2025-12-09 7:35:08.869596500 AM,31.84411136,54.61885703,1390.444,USER,Fixed,Corrected,None,8, ,BYCODE(0), ,0.012,0.011,0.013,0.016,         BYLAYER,  BYCODE, ,0,Vertical,12/9/2025 7:35, , , , ,1.492,0.712,1.311, , , , 
 ,20251209081532 2025-12-09 8:20:56.930201100 AM,31.838057,54.62692853,1387.687,USER,Fixed,Corrected,None,51, ,BYCODE(0), ,0.013,0.01,0.011,0.016,         BYLAYER,  BYCODE, ,0,Vertical,12/9/2025 8:20, , , , ,1.427,0.737,1.222, , , , 
 ,20251209073132 2025-12-09 7:40:09.798965000 AM,31.84266079,54.62107184,1390.159,USER,Fixed,Corrected,None,148, ,BYCODE(0), ,0.012,0.011,0.011,0.016,         BYLAYER,  BYCODE, ,0,Vertical,12/9/2025 7:40, , , , ,1.487,0.708,1.307, , , , 
 ,20251209063040 2025-12-09 6:40:43.941169300 AM,31.85449624,54.60751138,1390.597,USER,Fixed,Corrected,None,212, ,BYCODE(0), ,0.015,0.013,0.014,0.02,         BYLAYER,  BYCODE, ,0,Vertical,12/9/2025 6:40, , , , ,1.328,0.773,1.08, , , , 
 ,20251209073132 2025-12-09 7:49:26.129842500 AM,31.84012479,54.6254335,1388.521,USER,Fixed,Corrected,None,402, ,BYCODE(0), ,0.013,0.011,0.011,0.017,         BYLAYER,  BYCODE, ,0,Vertical,12/9/2025 7:49, , , , ,1.281,0.655,1.101, , , , 
 ,20251209073132 2025-12-09 7:44:21.253031500 AM,31.84083717,54.62226107,1388.412,USER,Fixed,Corrected,None,265, ,BYCODE(0), ,0.013,0.011,0.011,0.016,         BYLAYER,  BYCODE, ,0,Vertical,12/9/2025 7:44, , , , ,1.277,0.65,1.099, , , , 
 ,20251209081532 2025-12-09 8:29:30.455440000 AM,31.83423108,54.62907131,1385.067,USER,Fixed,Corrected,None,294, ,BYCODE(0), ,0.014,0.01,0.012,0.017,         BYLAYER,  BYCODE, ,0,Vertical,12/9/2025 8:29, , , , ,1.201,0.63,1.023, , , , 
 ,20251209063040 2025-12-09 6:50:36.504585700 AM,31.8514446,54.6123789,1389.816,USER,Fixed,Corrected,None,489, ,BYCODE(0), ,0.016,0.012,0.014,0.02,         BYLAYER,  BYCODE, ,0,Vertical,12/9/2025 6:50, , , , ,1.337,0.736,1.116, , , , 
 ,20251209063040 2025-12-09 6:36:49.477453500 AM,31.85610119,54.60605434,1391.764,USER,Fixed,Corrected,None,101, ,BYCODE(0), ,0.015,0.013,0.014,0.02,         BYLAYER,  BYCODE, ,0,Vertical,12/9/2025 6:36, , , , ,1.322,0.779,1.068, , , , 
 ,20251209081532 2025-12-09 8:22:51.744429300 AM,31.83615097,54.62625956,1384.589,USER,Partial,Corrected,None,105, ,BYCODE(0), ,0.013,0.01,0.011,0.016,         BYLAYER,  BYCODE, ,0,Vertical,12/9/2025 8:22, , , , ,1.222,0.638,1.042, , , , 
 ,20251209070015 2025-12-09 7:08:36.051786200 AM,31.8487076,54.61418058,1390.088,USER,Fixed,Corrected,None,144, ,BYCODE(0), ,0.013,0.012,0.014,0.018,         BYLAYER,  BYCODE, ,0,Vertical,12/9/2025 7:08, , , , ,1.291,0.676,1.099, , , , 
 ,20251209070015 2025-12-09 7:18:41.092224600 AM,31.84639812,54.61994997,1391.387,USER,Partial,Corrected,None,429, ,BYCODE(0), ,0.014,0.011,0.013,0.018,         BYLAYER,  BYCODE, ,0,Vertical,12/9/2025 7:18, , , , ,1.305,0.676,1.117, , , , 
 ,20251209081532 2025-12-09 8:21:57.093387800 AM,31.83850705,54.62806491,1388.488,USER,Fixed,Corrected,None,80, ,BYCODE(0), ,0.013,0.01,0.011,0.016,         BYLAYER,  BYCODE, ,0,Vertical,12/9/2025 8:21, , , , ,1.222,0.639,1.041, , , , 
 ,20251209073132 2025-12-09 7:37:47.243856200 AM,31.84281731,54.61952478,1389.338,USER,Fixed,Corrected,None,81, ,BYCODE(0), ,0.012,0.011,0.013,0.016,         BYLAYER,  BYCODE, ,0,Vertical,12/9/2025 7:37, , , , ,1.49,0.71,1.31, , , , 
 ,20251209063040 2025-12-09 6:47:37.319162600 AM,31.85278837,54.61117076,1392.373,USER,Fixed,Corrected,None,405, ,BYCODE(0), ,0.016,0.013,0.014,0.02,         BYLAYER,  BYCODE, ,0,Vertical,12/9/2025 6:47, , , , ,1.327,0.737,1.103, , , , 
 ,20251209070015 2025-12-09 7:13:53.096774100 AM,31.84610086,54.61552846,1387.683,USER,Fixed,Corrected,None,292, ,BYCODE(0), ,0.014,0.011,0.013,0.018,         BYLAYER,  BYCODE, ,0,Vertical,12/9/2025 7:13, , , , ,1.293,0.677,1.102, , , , 
 ,20251209063040 2025-12-09 6:44:20.726656400 AM,31.85166086,54.60741428,1387.269,USER,Partial,Corrected,None,313, ,BYCODE(0), ,0.016,0.013,0.014,0.021,         BYLAYER,  BYCODE, ,0,Vertical,12/9/2025 6:44, , , , ,1.344,0.774,1.098, , , , 
 ,20251209073132 2025-12-09 7:42:21.881360500 AM,31.8432284,54.62352574,1392.958,USER,Fixed,Corrected,None,210, ,BYCODE(0), ,0.012,0.01,0.011,0.016,         BYLAYER,  BYCODE, ,0,Vertical,12/9/2025 7:42, , , , ,1.277,0.651,1.099, , , , 
 ,20251209063040 2025-12-09 6:36:50.670103300 AM,31.85611311,54.6061135,1391.938,USER,Fixed,Corrected,None,102, ,BYCODE(0), ,0.015,0.013,0.014,0.02,         BYLAYER,  BYCODE, ,0,Vertical,12/9/2025 6:36, , , , ,1.322,0.779,1.068, , , , 
 ,20251209063040 2025-12-09 6:40:45.967274700 AM,31.85462023,54.60766813,1390.948,USER,Fixed,Corrected,None,213, ,BYCODE(0), ,0.015,0.013,0.014,0.02,         BYLAYER,  BYCODE, ,0,Vertical,12/9/2025 6:40, , , , ,1.328,0.773,1.08, , , , 
 ,20251209081532 2025-12-09 8:27:22.384219400 AM,31.83568004,54.62915136,1386.845,USER,Partial,Corrected,None,234, ,BYCODE(0), ,0.013,0.01,0.011,0.017,         BYLAYER,  BYCODE, ,0,Vertical,12/9/2025 8:27, , , , ,1.221,0.634,1.044, , , , 
 ,20251209070015 2025-12-09 7:08:38.073927400 AM,31.84883208,54.61433664,1390.406,USER,Fixed,Corrected,None,145, ,BYCODE(0), ,0.013,0.012,0.014,0.018,         BYLAYER,  BYCODE, ,0,Vertical,12/9/2025 7:08, , , , ,1.291,0.676,1.099, , , , 
 ,20251209073132 2025-12-09 7:35:10.858279200 AM,31.84423387,54.61901068,1391.121,USER,Partial,Corrected,None,9, ,BYCODE(0), ,0.012,0.011,0.013,0.016,         BYLAYER,  BYCODE, ,0,Vertical,12/9/2025 7:35, , , , ,1.492,0.712,1.311, , , , 
 ,20251209073132 2025-12-09 7:47:54.307045700 AM,31.84015825,54.62431794,1388.679,USER,Partial,Corrected,None,358, ,BYCODE(0), ,0.013,0.011,0.011,0.016,         BYLAYER,  BYCODE, ,0,Vertical,12/9/2025 7:47, , , , ,1.283,0.656,1.103, , , , 
 ,20251209073132 2025-12-09 7:52:08.834723700 AM,31.83871253,54.6259803,1386.694,USER,Partial,Corrected,None,479, ,BYCODE(0), ,0.013,0.01,0.012,0.017,         BYLAYER,  BYCODE, ,0,Vertical,12/9/2025 7:52, , , , ,1.457,0.735,1.258, , , , 
 ,20251209081532 2025-12-09 8:23:41.941444400 AM,31.83725751,54.62823914,1387.571,USER,Fixed,Corrected,None,129, ,BYCODE(0), ,0.013,0.01,0.011,0.016,         BYLAYER,  BYCODE, ,0,Vertical,12/9/2025 8:23, , , , ,1.222,0.637,1.043, , , , 
 ,20251209081532 2025-12-09 8:19:52.498787400 AM,31.83735923,54.62489111,1385.984,USER,Fixed,Corrected,None,21, ,BYCODE(0), ,0.013,0.01,0.011,0.016,         BYLAYER,  BYCODE, ,0,Vertical,12/9/2025 8:19, , , , ,1.435,0.739,1.231, , , , 
 ,20251209070015 2025-12-09 7:13:55.083781200 AM,31.84622279,54.61568704,1387.761,USER,Fixed,Corrected,None,293, ,BYCODE(0), ,0.014,0.011,0.013,0.018,         BYLAYER,  BYCODE, ,0,Vertical,12/9/2025 7:13, , , , ,1.293,0.677,1.102, , , , 
 ,20251209063040 2025-12-09 6:50:38.495500100 AM,31.85132254,54.61222571,1389.467,USER,Fixed,Corrected,None,490, ,BYCODE(0), ,0.016,0.012,0.014,0.02,         BYLAYER,  BYCODE, ,0,Vertical,12/9/2025 6:50, , , , ,1.337,0.736,1.116, , , , 
 ,20251209073132 2025-12-09 7:40:11.816763900 AM,31.84253726,54.62091658,1389.684,USER,Fixed,Corrected,None,149, ,BYCODE(0), ,0.012,0.01,0.011,0.016,         BYLAYER,  BYCODE, ,0,Vertical,12/9/2025 7:40, , , , ,1.487,0.708,1.307, , , , 
 ,20251209070015 2025-12-09 7:18:44.130574700 AM,31.84626049,54.61979724,1391.055,USER,Partial,Corrected,None,430, ,BYCODE(0), ,0.014,0.011,0.013,0.018,         BYLAYER,  BYCODE, ,0,Vertical,12/9/2025 7:18, , , , ,1.305,0.676,1.117, , , , 
 ,20251209081532 2025-12-09 8:30:46.177455700 AM,31.83404782,54.63000449,1385.555,USER,Fixed,Corrected,None,329, ,BYCODE(0), ,0.013,0.011,0.012,0.017,         BYLAYER,  BYCODE, ,0,Vertical,12/9/2025 8:30, , , , ,1.199,0.629,1.021, , , , 
 ,20251209070015 2025-12-09 7:08:40.029913900 AM,31.8489522,54.61448757,1390.597,USER,Fixed,Corrected,None,146, ,BYCODE(0), ,0.013,0.012,0.013,0.018,         BYLAYER,  BYCODE, ,0,Vertical,12/9/2025 7:08, , , , ,1.291,0.676,1.099, , , , 
 ,20251209073132 2025-12-09 7:50:52.299456800 AM,31.83972332,54.62608939,1388.412,USER,Fixed,Corrected,None,443, ,BYCODE(0), ,0.013,0.011,0.011,0.017,         BYLAYER,  BYCODE, ,0,Vertical,12/9/2025 7:50, , , , ,1.278,0.655,1.097, , , , 
 ,20251209063040 2025-12-09 6:40:47.929447400 AM,31.85474091,54.60781986,1391.197,USER,Fixed,Corrected,None,214, ,BYCODE(0), ,0.015,0.013,0.014,0.02,         BYLAYER,  BYCODE, ,0,Vertical,12/9/2025 6:40, , , , ,1.328,0.773,1.08, , , , 
 ,20251209073132 2025-12-09 7:44:23.239727000 AM,31.8407145,54.6221078,1388.258,USER,Fixed,Corrected,None,266, ,BYCODE(0), ,0.013,0.011,0.011,0.016,         BYLAYER,  BYCODE, ,0,Vertical,12/9/2025 7:44, , , , ,1.277,0.65,1.099, , , , 
 ,20251209073132 2025-12-09 7:37:49.234655400 AM,31.84293906,54.61968152,1389.281,USER,Partial,Corrected,None,82, ,BYCODE(0), ,0.012,0.011,0.013,0.016,         BYLAYER,  BYCODE, ,0,Vertical,12/9/2025 7:37, , , , ,1.49,0.71,1.31, , , , 
 ,20251209063040 2025-12-09 6:36:53.566078700 AM,31.85601403,54.60629285,1391.796,USER,Fixed,Corrected,None,103, ,BYCODE(0), ,0.015,0.013,0.014,0.02,         BYLAYER,  BYCODE, ,0,Vertical,12/9/2025 6:36, , , , ,1.322,0.779,1.068, , , , 
 ,20251209063040 2025-12-09 6:47:39.911167400 AM,31.85286306,54.61131178,1392.823,USER,Fixed,Corrected,None,406, ,BYCODE(0), ,0.016,0.013,0.014,0.02,         BYLAYER,  BYCODE, ,0,Vertical,12/9/2025 6:47, , , , ,1.327,0.737,1.104, , , , 
 ,20251209070015 2025-12-09 7:13:57.079143300 AM,31.84634398,54.61584175,1388.532,USER,Fixed,Corrected,None,294, ,BYCODE(0), ,0.014,0.012,0.013,0.018,         BYLAYER,  BYCODE, ,0,Vertical,12/9/2025 7:13, , , , ,1.294,0.677,1.102, , , , 
 ,20251209081532 2025-12-09 8:28:55.304808600 AM,31.83577128,54.63042459,1387.465,USER,Partial,Corrected,None,278, ,BYCODE(0), ,0.013,0.01,0.012,0.017,         BYLAYER,  BYCODE, ,0,Vertical,12/9/2025 8:28, , , , ,1.202,0.63,1.023, , , , 
 ,20251209063040 2025-12-09 6:44:23.608394100 AM,31.85178413,54.6075833,1387.089,USER,Partial,Corrected,None,314, ,BYCODE(0), ,0.016,0.013,0.014,0.021,         BYLAYER,  BYCODE, ,0,Vertical,12/9/2025 6:44, , , , ,1.344,0.774,1.098, , , , 
 ,20251209073132 2025-12-09 7:35:12.880129300 AM,31.84435828,54.61916678,1391.721,USER,Fixed,Corrected,None,10, ,BYCODE(0), ,0.012,0.011,0.013,0.016,         BYLAYER,  BYCODE, ,0,Vertical,12/9/2025 7:35, , , , ,1.492,0.712,1.311, , , , 
 ,20251209070015 2025-12-09 7:08:42.052288300 AM,31.84907682,54.61464527,1390.818,USER,Fixed,Corrected,None,147, ,BYCODE(0), ,0.013,0.012,0.013,0.018,         BYLAYER,  BYCODE, ,0,Vertical,12/9/2025 7:08, , , , ,1.291,0.676,1.099, , , , 
 ,20251209070015 2025-12-09 7:18:46.100956400 AM,31.84613866,54.61964447,1390.52,USER,Partial,Corrected,None,431, ,BYCODE(0), ,0.014,0.011,0.013,0.018,         BYLAYER,  BYCODE, ,0,Vertical,12/9/2025 7:18, , , , ,1.305,0.676,1.117, , , , 
 ,20251209073132 2025-12-09 7:49:28.122635400 AM,31.8402478,54.62558737,1388.762,USER,Fixed,Corrected,None,403, ,BYCODE(0), ,0.013,0.011,0.011,0.017,         BYLAYER,  BYCODE, ,0,Vertical,12/9/2025 7:49, , , , ,1.281,0.655,1.1, , , , 
 ,20251209081532 2025-12-09 8:30:13.440067500 AM,31.83500314,54.63061925,1387.196,USER,Fixed,Corrected,None,314, ,BYCODE(0), ,0.014,0.01,0.012,0.017,         BYLAYER,  BYCODE, ,0,Vertical,12/9/2025 8:30, , , , ,1.2,0.63,1.022, , , , 
 ,20251209081532 2025-12-09 8:24:28.189100300 AM,31.83635706,54.62769068,1387.008,USER,Fixed,Corrected,None,151, ,BYCODE(0), ,0.013,0.01,0.011,0.016,         BYLAYER,  BYCODE, ,0,Vertical,12/9/2025 8:24, , , , ,1.222,0.637,1.044, , , , 
 ,20251209063040 2025-12-09 6:50:40.482390600 AM,31.851201,54.61207278,1389.023,USER,Fixed,Corrected,None,491, ,BYCODE(0), ,0.016,0.012,0.014,0.02,         BYLAYER,  BYCODE, ,0,Vertical,12/9/2025 6:50, , , , ,1.337,0.736,1.116, , , , 
 ,20251209073132 2025-12-09 7:42:24.271201100 AM,31.84328644,54.62364112,1393.316,USER,Fixed,Corrected,None,211, ,BYCODE(0), ,0.012,0.01,0.011,0.016,         BYLAYER,  BYCODE, ,0,Vertical,12/9/2025 7:42, , , , ,1.277,0.651,1.099, , , , 
 ,20251209063040 2025-12-09 6:40:50.018130100 AM,31.85486193,54.60797441,1391.613,USER,Fixed,Corrected,None,215, ,BYCODE(0), ,0.015,0.013,0.014,0.02,         BYLAYER,  BYCODE, ,0,Vertical,12/9/2025 6:40, , , , ,1.329,0.773,1.08, , , , 
 ,20251209070015 2025-12-09 7:13:59.066257200 AM,31.84646712,54.61599397,1389.364,USER,Fixed,Corrected,None,295, ,BYCODE(0), ,0.014,0.011,0.013,0.018,         BYLAYER,  BYCODE, ,0,Vertical,12/9/2025 7:13, , , , ,1.294,0.677,1.102, , , , 
 ,20251209081532 2025-12-09 8:28:35.406862700 AM,31.83454688,54.62888742,1384.857,USER,Fixed,Corrected,None,268, ,BYCODE(0), ,0.013,0.01,0.012,0.017,         BYLAYER,  BYCODE, ,0,Vertical,12/9/2025 8:28, , , , ,1.202,0.631,1.023, , , , 
 ,20251209073132 2025-12-09 7:47:56.260913400 AM,31.84027829,54.62446896,1389.104,USER,Fixed,Corrected,None,359, ,BYCODE(0), ,0.013,0.011,0.011,0.016,         BYLAYER,  BYCODE, ,0,Vertical,12/9/2025 7:47, , , , ,1.283,0.656,1.103, , , , 
 ,20251209070015 2025-12-09 7:08:44.051787900 AM,31.84919884,54.6147993,1390.962,USER,Fixed,Corrected,None,148, ,BYCODE(0), ,0.013,0.012,0.013,0.018,         BYLAYER,  BYCODE, ,0,Vertical,12/9/2025 7:08, , , , ,1.291,0.676,1.099, , , , 
 ,20251209073132 2025-12-09 7:40:13.805376500 AM,31.84241531,54.62076274,1389.413,USER,Fixed,Corrected,None,150, ,BYCODE(0), ,0.012,0.01,0.011,0.016,         BYLAYER,  BYCODE, ,0,Vertical,12/9/2025 7:40, , , , ,1.487,0.708,1.307, , , , 
 ,20251209063040 2025-12-09 6:36:56.195425000 AM,31.85592585,54.60638827,1391.949,USER,Fixed,Corrected,None,104, ,BYCODE(0), ,0.015,0.013,0.014,0.02,         BYLAYER,  BYCODE, ,0,Vertical,12/9/2025 6:36, , , , ,1.323,0.779,1.069, , , , 
 ,20251209070015 2025-12-09 7:18:48.092265600 AM,31.84601665,54.61949081,1390.293,USER,Fixed,Corrected,None,432, ,BYCODE(0), ,0.014,0.011,0.013,0.018,         BYLAYER,  BYCODE, ,0,Vertical,12/9/2025 7:18, , , , ,1.306,0.676,1.117, , , , 
 ,20251209063040 2025-12-09 6:44:25.570213300 AM,31.85190485,54.6077382,1386.912,USER,Fixed,Corrected,None,315, ,BYCODE(0), ,0.016,0.013,0.014,0.021,         BYLAYER,  BYCODE, ,0,Vertical,12/9/2025 6:44, , , , ,1.344,0.774,1.098, , , , 
 ,20251209081532 2025-12-09 8:20:58.919180400 AM,31.83793508,54.62677658,1387.355,USER,Partial,Corrected,None,52, ,BYCODE(0), ,0.013,0.01,0.011,0.016,         BYLAYER,  BYCODE, ,0,Vertical,12/9/2025 8:20, , , , ,1.427,0.737,1.222, , , , 
 ,20251209081532 2025-12-09 8:26:22.635769800 AM,31.83667416,54.62982548,1388.408,USER,Fixed,Corrected,None,205, ,BYCODE(0), ,0.013,0.01,0.011,0.017,         BYLAYER,  BYCODE, ,0,Vertical,12/9/2025 8:26, , , , ,1.222,0.635,1.044, , , , 
 ,20251209073132 2025-12-09 7:37:51.236047300 AM,31.84306192,54.61983668,1389.502,USER,Partial,Corrected,None,83, ,BYCODE(0), ,0.012,0.011,0.013,0.016,         BYLAYER,  BYCODE, ,0,Vertical,12/9/2025 7:37, , , , ,1.49,0.71,1.31, , , , 
 ,20251209073132 2025-12-09 7:35:14.835868800 AM,31.84447843,54.61931794,1392.201,USER,Fixed,Corrected,None,11, ,BYCODE(0), ,0.012,0.011,0.013,0.016,         BYLAYER,  BYCODE, ,0,Vertical,12/9/2025 7:35, , , , ,1.492,0.712,1.311, , , , 
 ,20251209070015 2025-12-09 7:14:01.053340400 AM,31.84658974,54.61614765,1390.122,USER,Fixed,Corrected,None,296, ,BYCODE(0), ,0.014,0.011,0.013,0.018,         BYLAYER,  BYCODE, ,0,Vertical,12/9/2025 7:14, , , , ,1.294,0.677,1.102, , , , 
 ,20251209073132 2025-12-09 7:52:10.792557700 AM,31.83883287,54.62613278,1387.181,USER,Fixed,Corrected,None,480, ,BYCODE(0), ,0.013,0.01,0.012,0.017,         BYLAYER,  BYCODE, ,0,Vertical,12/9/2025 7:52, , , , ,1.457,0.735,1.258, , , , 
 ,20251209070015 2025-12-09 7:08:46.005404700 AM,31.84931959,54.61494964,1391.054,USER,Fixed,Corrected,None,149, ,BYCODE(0), ,0.013,0.012,0.014,0.018,         BYLAYER,  BYCODE, ,0,Vertical,12/9/2025 7:08, , , , ,1.291,0.676,1.1, , , , 
 ,20251209063040 2025-12-09 6:40:51.842517100 AM,31.8548985,54.6080658,1391.865,USER,Fixed,Corrected,None,216, ,BYCODE(0), ,0.015,0.013,0.014,0.02,         BYLAYER,  BYCODE, ,0,Vertical,12/9/2025 6:40, , , , ,1.329,0.773,1.08, , , , 
 ,20251209063040 2025-12-09 6:47:42.905411000 AM,31.85275762,54.61148913,1391.917,USER,Fixed,Corrected,None,407, ,BYCODE(0), ,0.016,0.013,0.014,0.02,         BYLAYER,  BYCODE, ,0,Vertical,12/9/2025 6:47, , , , ,1.327,0.737,1.104, , , , 
 ,20251209081532 2025-12-09 8:29:46.479175800 AM,31.8334128,54.62860143,1383.748,USER,Fixed,Corrected,None,301, ,BYCODE(0), ,0.013,0.011,0.012,0.017,         BYLAYER,  BYCODE, ,0,Vertical,12/9/2025 8:29, , , , ,1.201,0.63,1.022, , , , 
 ,20251209063040 2025-12-09 6:50:42.459098300 AM,31.85107913,54.61191984,1388.488,USER,Fixed,Corrected,None,492, ,BYCODE(0), ,0.016,0.012,0.014,0.02,         BYLAYER,  BYCODE, ,0,Vertical,12/9/2025 6:50, , , , ,1.337,0.736,1.116, , , , 
 ,20251209070015 2025-12-09 7:18:50.081154100 AM,31.84589452,54.6193377,1389.86,USER,Fixed,Corrected,None,433, ,BYCODE(0), ,0.014,0.011,0.013,0.018,         BYLAYER,  BYCODE, ,0,Vertical,12/9/2025 7:18, , , , ,1.306,0.676,1.117, , , , 
 ,20251209073132 2025-12-09 7:44:25.228556400 AM,31.84059225,54.621954,1387.978,USER,Fixed,Corrected,None,267, ,BYCODE(0), ,0.013,0.011,0.011,0.016,         BYLAYER,  BYCODE, ,0,Vertical,12/9/2025 7:44, , , , ,1.277,0.65,1.099, , , , 
 ,20251209081532 2025-12-09 8:30:36.226728700 AM,31.83466067,54.63077133,1386.134,USER,Fixed,Corrected,None,324, ,BYCODE(0), ,0.013,0.011,0.012,0.017,         BYLAYER,  BYCODE, ,0,Vertical,12/9/2025 8:30, , , , ,1.2,0.629,1.021, , , , 
 ,20251209063040 2025-12-09 6:44:27.590291700 AM,31.85202867,54.60789573,1387.551,USER,Partial,Corrected,None,316, ,BYCODE(0), ,0.016,0.013,0.014,0.021,         BYLAYER,  BYCODE, ,0,Vertical,12/9/2025 6:44, , , , ,1.344,0.775,1.098, , , , 
 ,20251209081532 2025-12-09 8:19:54.216995000 AM,31.83729657,54.62485618,1385.924,USER,Fixed,Corrected,None,22, ,BYCODE(0), ,0.013,0.01,0.011,0.016,         BYLAYER,  BYCODE, ,0,Vertical,12/9/2025 8:19, , , , ,1.435,0.739,1.23, , , , 
 ,20251209070015 2025-12-09 7:14:03.040327500 AM,31.84671114,54.61630025,1390.674,USER,Fixed,Corrected,None,297, ,BYCODE(0), ,0.014,0.011,0.013,0.018,         BYLAYER,  BYCODE, ,0,Vertical,12/9/2025 7:14, , , , ,1.294,0.677,1.102, , , , 
 ,20251209070015 2025-12-09 7:08:48.033773700 AM,31.8494446,54.61510794,1391.393,USER,Fixed,Corrected,None,150, ,BYCODE(0), ,0.013,0.012,0.014,0.018,         BYLAYER,  BYCODE, ,0,Vertical,12/9/2025 7:08, , , , ,1.291,0.676,1.1, , , , 
 ,20251209073132 2025-12-09 7:50:54.292496400 AM,31.83984591,54.62624324,1388.485,USER,Fixed,Corrected,None,444, ,BYCODE(0), ,0.013,0.011,0.011,0.017,         BYLAYER,  BYCODE, ,0,Vertical,12/9/2025 7:50, , , , ,1.278,0.655,1.097, , , , 
 ,20251209073132 2025-12-09 7:49:30.111478100 AM,31.84037032,54.62574142,1388.95,USER,Fixed,Corrected,None,404, ,BYCODE(0), ,0.013,0.011,0.011,0.017,         BYLAYER,  BYCODE, ,0,Vertical,12/9/2025 7:49, , , , ,1.281,0.655,1.1, , , , 
 ,20251209063040 2025-12-09 6:36:59.325155300 AM,31.85578775,54.60623465,1391.488,USER,Fixed,Corrected,None,105, ,BYCODE(0), ,0.015,0.013,0.014,0.02,         BYLAYER,  BYCODE, ,0,Vertical,12/9/2025 6:36, , , , ,1.323,0.779,1.069, , , , 
 ,20251209073132 2025-12-09 7:40:15.775449800 AM,31.84229445,54.62061067,1388.99,USER,Fixed,Corrected,None,151, ,BYCODE(0), ,0.012,0.01,0.011,0.016,         BYLAYER,  BYCODE, ,0,Vertical,12/9/2025 7:40, , , , ,1.487,0.708,1.307, , , , 
 ,20251209081532 2025-12-09 8:22:53.733160700 AM,31.83627194,54.62641471,1384.514,USER,Fixed,Corrected,None,106, ,BYCODE(0), ,0.013,0.01,0.011,0.016,         BYLAYER,  BYCODE, ,0,Vertical,12/9/2025 8:22, , , , ,1.222,0.638,1.042, , , , 
 ,20251209073132 2025-12-09 7:37:53.194130900 AM,31.84318252,54.61998805,1390.228,USER,Fixed,Corrected,None,84, ,BYCODE(0), ,0.012,0.011,0.013,0.016,         BYLAYER,  BYCODE, ,0,Vertical,12/9/2025 7:37, , , , ,1.49,0.71,1.31, , , , 
 ,20251209070015 2025-12-09 7:18:52.070305300 AM,31.84577232,54.61918406,1389.652,USER,Fixed,Corrected,None,434, ,BYCODE(0), ,0.014,0.011,0.013,0.018,         BYLAYER,  BYCODE, ,0,Vertical,12/9/2025 7:18, , , , ,1.306,0.676,1.117, , , , 
 ,20251209073132 2025-12-09 7:35:16.855702600 AM,31.84460347,54.619473,1392.639,USER,Fixed,Corrected,None,12, ,BYCODE(0), ,0.012,0.011,0.013,0.016,         BYLAYER,  BYCODE, ,0,Vertical,12/9/2025 7:35, , , , ,1.492,0.712,1.311, , , , 
 ,20251209081532 2025-12-09 8:21:59.264144400 AM,31.83862689,54.62821701,1389.126,USER,Fixed,Corrected,None,81, ,BYCODE(0), ,0.013,0.01,0.011,0.016,         BYLAYER,  BYCODE, ,0,Vertical,12/9/2025 8:21, , , , ,1.222,0.639,1.041, , , , 
 ,20251209070015 2025-12-09 7:08:49.991515400 AM,31.84956493,54.6152596,1391.778,USER,Fixed,Corrected,None,151, ,BYCODE(0), ,0.013,0.012,0.014,0.018,         BYLAYER,  BYCODE, ,0,Vertical,12/9/2025 7:08, , , , ,1.291,0.676,1.1, , , , 
 ,20251209063040 2025-12-09 6:50:44.447695000 AM,31.85095764,54.61176695,1387.884,USER,Fixed,Corrected,None,493, ,BYCODE(0), ,0.016,0.012,0.014,0.02,         BYLAYER,  BYCODE, ,0,Vertical,12/9/2025 6:50, , , , ,1.337,0.736,1.116, , , , 
 ,20251209070015 2025-12-09 7:14:05.033193300 AM,31.8468334,54.61645403,1390.768,USER,Fixed,Corrected,None,298, ,BYCODE(0), ,0.014,0.011,0.013,0.018,         BYLAYER,  BYCODE, ,0,Vertical,12/9/2025 7:14, , , , ,1.294,0.677,1.103, , , , 
 ,20251209063040 2025-12-09 6:40:54.805399400 AM,31.85479875,54.60824743,1391.365,USER,Fixed,Corrected,None,217, ,BYCODE(0), ,0.015,0.013,0.014,0.02,         BYLAYER,  BYCODE, ,0,Vertical,12/9/2025 6:40, , , , ,1.329,0.773,1.081, , , , 
 ,20251209063040 2025-12-09 6:47:45.493191200 AM,31.85266755,54.61157755,1391.656,USER,Fixed,Corrected,None,408, ,BYCODE(0), ,0.016,0.013,0.014,0.02,         BYLAYER,  BYCODE, ,0,Vertical,12/9/2025 6:47, , , , ,1.327,0.737,1.104, , , , 
 ,20251209063040 2025-12-09 6:44:29.552392500 AM,31.85214896,54.60804662,1388.125,USER,Fixed,Corrected,None,317, ,BYCODE(0), ,0.016,0.013,0.014,0.021,         BYLAYER,  BYCODE, ,0,Vertical,12/9/2025 6:44, , , , ,1.344,0.775,1.099, , , , 
 ,20251209073132 2025-12-09 7:47:58.251844900 AM,31.84040091,54.624623,1389.516,USER,Fixed,Corrected,None,360, ,BYCODE(0), ,0.013,0.011,0.011,0.016,         BYLAYER,  BYCODE, ,0,Vertical,12/9/2025 7:47, , , , ,1.283,0.656,1.103, , , , 
 ,20251209063040 2025-12-09 6:37:01.284984800 AM,31.85566536,54.6060817,1391.196,USER,Fixed,Corrected,None,106, ,BYCODE(0), ,0.016,0.013,0.014,0.02,         BYLAYER,  BYCODE, ,0,Vertical,12/9/2025 6:37, , , , ,1.323,0.779,1.069, , , , 
 ,20251209081532 2025-12-09 8:25:10.413013700 AM,31.83648384,54.62843296,1387.726,USER,Fixed,Corrected,None,171, ,BYCODE(0), ,0.013,0.01,0.011,0.016,         BYLAYER,  BYCODE, ,0,Vertical,12/9/2025 8:25, , , , ,1.222,0.636,1.044, , , , 
 ,20251209073132 2025-12-09 7:42:27.342778200 AM,31.84316294,54.62380509,1392.009,USER,Fixed,Corrected,None,212, ,BYCODE(0), ,0.012,0.01,0.011,0.016,         BYLAYER,  BYCODE, ,0,Vertical,12/9/2025 7:42, , , , ,1.277,0.651,1.099, , , , 
 ,20251209070015 2025-12-09 7:18:54.063566700 AM,31.84564982,54.61902927,1389.527,USER,Fixed,Corrected,None,435, ,BYCODE(0), ,0.014,0.011,0.013,0.018,         BYLAYER,  BYCODE, ,0,Vertical,12/9/2025 7:18, , , , ,1.306,0.676,1.117, , , , 
 ,20251209081532 2025-12-09 8:28:13.893441000 AM,31.83441354,54.62813815,1383.807,USER,Fixed,Corrected,None,259, ,BYCODE(0), ,0.013,0.01,0.012,0.017,         BYLAYER,  BYCODE, ,0,Vertical,12/9/2025 8:28, , , , ,1.202,0.631,1.024, , , , 
 ,20251209070015 2025-12-09 7:08:52.015717500 AM,31.8496899,54.6154154,1392.019,USER,Fixed,Corrected,None,152, ,BYCODE(0), ,0.013,0.012,0.014,0.018,         BYLAYER,  BYCODE, ,0,Vertical,12/9/2025 7:08, , , , ,1.291,0.676,1.1, , , , 
 ,20251209081532 2025-12-09 8:23:43.934352400 AM,31.83713471,54.62808517,1387.409,USER,Fixed,Corrected,None,130, ,BYCODE(0), ,0.013,0.01,0.011,0.016,         BYLAYER,  BYCODE, ,0,Vertical,12/9/2025 8:23, , , , ,1.222,0.637,1.043, , , , 
 ,20251209070015 2025-12-09 7:14:07.001231000 AM,31.84695393,54.61660624,1391.035,USER,Fixed,Corrected,None,299, ,BYCODE(0), ,0.014,0.011,0.013,0.018,         BYLAYER,  BYCODE, ,0,Vertical,12/9/2025 7:14, , , , ,1.294,0.677,1.103, , , , 
 ,20251209081532 2025-12-09 8:25:48.653497700 AM,31.8355892,54.62788548,1385.639,USER,Fixed,Corrected,None,189, ,BYCODE(0), ,0.013,0.01,0.011,0.016,         BYLAYER,  BYCODE, ,0,Vertical,12/9/2025 8:25, , , , ,1.222,0.636,1.044, , , , 
 ,20251209081532 2025-12-09 8:26:54.983820400 AM,31.83471758,54.62737436,1384.397,USER,Fixed,Corrected,None,221, ,BYCODE(0), ,0.013,0.01,0.011,0.017,         BYLAYER,  BYCODE, ,0,Vertical,12/9/2025 8:26, , , , ,1.222,0.635,1.044, , , , 
 ,20251209081532 2025-12-09 8:21:00.910178700 AM,31.83781232,54.62662395,1387.127,USER,Fixed,Corrected,None,53, ,BYCODE(0), ,0.013,0.01,0.011,0.016,         BYLAYER,  BYCODE, ,0,Vertical,12/9/2025 8:21, , , , ,1.426,0.736,1.221, , , , 
 ,20251209073132 2025-12-09 7:40:17.764291800 AM,31.84217207,54.62045653,1388.479,USER,Fixed,Corrected,None,152, ,BYCODE(0), ,0.012,0.01,0.011,0.016,         BYLAYER,  BYCODE, ,0,Vertical,12/9/2025 7:40, , , , ,1.487,0.708,1.307, , , , 
 ,20251209073132 2025-12-09 7:35:18.815784000 AM,31.84472408,54.6196246,1393.014,USER,Fixed,Corrected,None,13, ,BYCODE(0), ,0.012,0.011,0.013,0.017,         BYLAYER,  BYCODE, ,0,Vertical,12/9/2025 7:35, , , , ,1.492,0.712,1.311, , , , 
 ,20251209063040 2025-12-09 6:44:31.553845200 AM,31.85227201,54.60820175,1388.617,USER,Fixed,Corrected,None,318, ,BYCODE(0), ,0.016,0.013,0.014,0.021,         BYLAYER,  BYCODE, ,0,Vertical,12/9/2025 6:44, , , , ,1.344,0.775,1.099, , , , 
 ,20251209063040 2025-12-09 6:37:03.282092600 AM,31.85554351,54.60592872,1391.074,USER,Fixed,Corrected,None,107, ,BYCODE(0), ,0.016,0.013,0.014,0.02,         BYLAYER,  BYCODE, ,0,Vertical,12/9/2025 6:37, , , , ,1.323,0.779,1.069, , , , 
 ,20251209063040 2025-12-09 6:40:57.428616500 AM,31.85471203,54.60834285,1391.501,USER,Partial,Corrected,None,218, ,BYCODE(0), ,0.015,0.013,0.014,0.02,         BYLAYER,  BYCODE, ,0,Vertical,12/9/2025 6:40, , , , ,1.329,0.773,1.081, , , , 
 ,20251209070015 2025-12-09 7:08:54.004407400 AM,31.84980745,54.61556515,1392.238,USER,Fixed,Corrected,None,153, ,BYCODE(0), ,0.013,0.012,0.014,0.018,         BYLAYER,  BYCODE, ,0,Vertical,12/9/2025 7:08, , , , ,1.291,0.676,1.1, , , , 
 ,20251209070015 2025-12-09 7:18:56.056642100 AM,31.84552706,54.61887579,1389.469,USER,Fixed,Corrected,None,436, ,BYCODE(0), ,0.014,0.011,0.013,0.018,         BYLAYER,  BYCODE, ,0,Vertical,12/9/2025 7:18, , , , ,1.306,0.676,1.117, , , , 
 ,20251209070015 2025-12-09 7:14:08.996214900 AM,31.84707674,54.61676116,1391.379,USER,Fixed,Corrected,None,300, ,BYCODE(0), ,0.014,0.011,0.013,0.018,         BYLAYER,  BYCODE, ,0,Vertical,12/9/2025 7:14, , , , ,1.294,0.677,1.103, , , , 
 ,20251209063040 2025-12-09 6:50:46.446924400 AM,31.85083556,54.61161357,1387.209,USER,Fixed,Corrected,None,494, ,BYCODE(0), ,0.016,0.012,0.014,0.02,         BYLAYER,  BYCODE, ,0,Vertical,12/9/2025 6:50, , , , ,1.337,0.736,1.116, , , , 
 ,20251209073132 2025-12-09 7:52:12.814574200 AM,31.83895694,54.62628924,1387.745,USER,Fixed,Corrected,None,481, ,BYCODE(0), ,0.013,0.01,0.012,0.017,         BYLAYER,  BYCODE, ,0,Vertical,12/9/2025 7:52, , , , ,1.457,0.735,1.258, , , , 
 ,20251209073132 2025-12-09 7:37:55.222499800 AM,31.84330669,54.62014459,1390.812,USER,Fixed,Corrected,None,85, ,BYCODE(0), ,0.012,0.011,0.013,0.016,         BYLAYER,  BYCODE, ,0,Vertical,12/9/2025 7:37, , , , ,1.49,0.71,1.31, , , , 
 ,20251209073132 2025-12-09 7:44:28.029034400 AM,31.84046679,54.62182563,1388.034,USER,Fixed,Corrected,None,268, ,BYCODE(0), ,0.013,0.011,0.011,0.016,         BYLAYER,  BYCODE, ,0,Vertical,12/9/2025 7:44, , , , ,1.277,0.65,1.099, , , , 
 ,20251209081532 2025-12-09 8:27:50.016546500 AM,31.8358801,54.62998166,1386.6,USER,Fixed,Corrected,None,247, ,BYCODE(0), ,0.013,0.01,0.011,0.017,         BYLAYER,  BYCODE, ,0,Vertical,12/9/2025 8:27, , , , ,1.221,0.634,1.043, , , , 
 ,20251209063040 2025-12-09 6:47:48.581388700 AM,31.85253022,54.61142502,1391.318,USER,Fixed,Corrected,None,409, ,BYCODE(0), ,0.016,0.013,0.014,0.02,         BYLAYER,  BYCODE, ,0,Vertical,12/9/2025 6:47, , , , ,1.327,0.737,1.104, , , , 
 ,20251209073132 2025-12-09 7:49:32.100307700 AM,31.84049261,54.62589545,1389.212,USER,Fixed,Corrected,None,405, ,BYCODE(0), ,0.013,0.011,0.011,0.017,         BYLAYER,  BYCODE, ,0,Vertical,12/9/2025 7:49, , , , ,1.281,0.655,1.1, , , , 
 ,20251209073132 2025-12-09 7:50:56.283431300 AM,31.83996806,54.62639749,1388.576,USER,Fixed,Corrected,None,445, ,BYCODE(0), ,0.013,0.011,0.011,0.017,         BYLAYER,  BYCODE, ,0,Vertical,12/9/2025 7:50, , , , ,1.278,0.655,1.097, , , , 
 ,20251209070015 2025-12-09 7:08:56.128455200 AM,31.84985398,54.61567049,1392.318,USER,Fixed,Corrected,None,154, ,BYCODE(0), ,0.013,0.012,0.014,0.018,         BYLAYER,  BYCODE, ,0,Vertical,12/9/2025 7:08, , , , ,1.291,0.676,1.1, , , , 
 ,20251209073132 2025-12-09 7:48:00.278193000 AM,31.84052556,54.624779,1389.729,USER,Fixed,Corrected,None,361, ,BYCODE(0), ,0.013,0.011,0.011,0.016,         BYLAYER,  BYCODE, ,0,Vertical,12/9/2025 7:48, , , , ,1.283,0.656,1.103, , , , 
 ,20251209063040 2025-12-09 6:37:05.275142700 AM,31.85542137,54.60577505,1390.798,USER,Fixed,Corrected,None,108, ,BYCODE(0), ,0.015,0.013,0.014,0.02,         BYLAYER,  BYCODE, ,0,Vertical,12/9/2025 6:37, , , , ,1.323,0.779,1.07, , , , 
 ,20251209070015 2025-12-09 7:18:58.048319600 AM,31.84540445,54.61872216,1389.34,USER,Fixed,Corrected,None,437, ,BYCODE(0), ,0.014,0.011,0.013,0.018,         BYLAYER,  BYCODE, ,0,Vertical,12/9/2025 7:18, , , , ,1.306,0.676,1.117, , , , 
 ,20251209070015 2025-12-09 7:14:11.022399200 AM,31.84720117,54.61691759,1391.72,USER,Fixed,Corrected,None,301, ,BYCODE(0), ,0.014,0.011,0.013,0.018,         BYLAYER,  BYCODE, ,0,Vertical,12/9/2025 7:14, , , , ,1.294,0.677,1.103, , , , 
 ,20251209081532 2025-12-09 8:29:14.544738300 AM,31.83520907,54.63030117,1386.582,USER,Fixed,Corrected,None,286, ,BYCODE(0), ,0.013,0.01,0.012,0.017,         BYLAYER,  BYCODE, ,0,Vertical,12/9/2025 8:29, , , , ,1.201,0.63,1.023, , , , 
 ,20251209063040 2025-12-09 6:44:33.548834800 AM,31.8523936,54.60835532,1389.014,USER,Fixed,Corrected,None,319, ,BYCODE(0), ,0.016,0.013,0.014,0.021,         BYLAYER,  BYCODE, ,0,Vertical,12/9/2025 6:44, , , , ,1.344,0.775,1.099, , , , 
 ,20251209073132 2025-12-09 7:42:29.780117800 AM,31.84306683,54.62388157,1392.107,USER,Fixed,Corrected,None,213, ,BYCODE(0), ,0.012,0.01,0.011,0.016,         BYLAYER,  BYCODE, ,0,Vertical,12/9/2025 7:42, , , , ,1.277,0.651,1.099, , , , 
 ,20251209063040 2025-12-09 6:50:48.342520200 AM,31.85071845,54.61146777,1387.247,USER,Fixed,Corrected,None,495, ,BYCODE(0), ,0.016,0.012,0.014,0.02,         BYLAYER,  BYCODE, ,0,Vertical,12/9/2025 6:50, , , , ,1.337,0.736,1.116, , , , 
 ,20251209073132 2025-12-09 7:46:19.698210200 AM,31.84009201,54.62307057,1386.114,USER,Fixed,Corrected,None,313, ,BYCODE(0), ,0.013,0.011,0.011,0.016,         BYLAYER,  BYCODE, ,0,Vertical,12/9/2025 7:46, , , , ,1.275,0.649,1.098, , , , 
 ,20251209073132 2025-12-09 7:35:20.841829800 AM,31.84484847,54.61978098,1393.376,USER,Fixed,Corrected,None,14, ,BYCODE(0), ,0.012,0.011,0.013,0.016,         BYLAYER,  BYCODE, ,0,Vertical,12/9/2025 7:35, , , , ,1.492,0.712,1.311, , , , 
 ,20251209063040 2025-12-09 6:41:00.533619400 AM,31.85457444,54.60819078,1391.219,USER,Partial,Corrected,None,219, ,BYCODE(0), ,0.015,0.012,0.014,0.02,         BYLAYER,  BYCODE, ,0,Vertical,12/9/2025 6:41, , , , ,1.329,0.773,1.081, , , , 
 ,20251209081532 2025-12-09 8:24:30.182000900 AM,31.8364785,54.62784551,1387.191,USER,Fixed,Corrected,None,152, ,BYCODE(0), ,0.013,0.01,0.011,0.016,         BYLAYER,  BYCODE, ,0,Vertical,12/9/2025 8:24, , , , ,1.222,0.637,1.044, , , , 
 ,20251209073132 2025-12-09 7:37:57.184717400 AM,31.84342787,54.62029522,1391.198,USER,Partial,Corrected,None,86, ,BYCODE(0), ,0.012,0.011,0.013,0.016,         BYLAYER,  BYCODE, ,0,Vertical,12/9/2025 7:37, , , , ,1.49,0.71,1.31, , , , 
 ,20251209070015 2025-12-09 7:14:12.978211900 AM,31.84732164,54.61706846,1392.08,USER,Fixed,Corrected,None,302, ,BYCODE(0), ,0.014,0.011,0.013,0.018,         BYLAYER,  BYCODE, ,0,Vertical,12/9/2025 7:14, , , , ,1.294,0.677,1.103, , , , 
 ,20251209063040 2025-12-09 6:47:50.572472300 AM,31.85240554,54.61127108,1391.076,USER,Fixed,Corrected,None,410, ,BYCODE(0), ,0.016,0.013,0.014,0.02,         BYLAYER,  BYCODE, ,0,Vertical,12/9/2025 6:47, , , , ,1.327,0.737,1.104, , , , 
 ,20251209070015 2025-12-09 7:08:59.158330700 AM,31.84974135,54.61584105,1391.962,USER,Fixed,Corrected,None,155, ,BYCODE(0), ,0.013,0.012,0.014,0.018,         BYLAYER,  BYCODE, ,0,Vertical,12/9/2025 7:08, , , , ,1.291,0.676,1.1, , , , 
 ,20251209070015 2025-12-09 7:19:00.037746200 AM,31.84528262,54.61856851,1389.241,USER,Fixed,Corrected,None,438, ,BYCODE(0), ,0.014,0.011,0.013,0.018,         BYLAYER,  BYCODE, ,0,Vertical,12/9/2025 7:19, , , , ,1.306,0.676,1.117, , , , 
 ,20251209063040 2025-12-09 6:37:07.270085600 AM,31.85529907,54.60562145,1390.518,USER,Fixed,Corrected,None,109, ,BYCODE(0), ,0.015,0.013,0.014,0.02,         BYLAYER,  BYCODE, ,0,Vertical,12/9/2025 6:37, , , , ,1.324,0.78,1.07, , , , 
 ,20251209073132 2025-12-09 7:40:19.784220000 AM,31.84204976,54.62030291,1388.242,USER,Fixed,Corrected,None,153, ,BYCODE(0), ,0.012,0.01,0.011,0.016,         BYLAYER,  BYCODE, ,0,Vertical,12/9/2025 7:40, , , , ,1.487,0.708,1.307, , , , 
 ,20251209081532 2025-12-09 8:32:21.177080400 AM,31.83264774,54.62940286,1383.524,USER,Fixed,Corrected,None,374, ,BYCODE(0), ,0.014,0.011,0.012,0.017,         BYLAYER,  BYCODE, ,0,Vertical,12/9/2025 8:32, , , , ,1.197,0.628,1.018, , , , 
 ,20251209081532 2025-12-09 8:22:01.034502000 AM,31.83865059,54.62829153,1389.493,USER,Fixed,Corrected,None,82, ,BYCODE(0), ,0.013,0.01,0.011,0.016,         BYLAYER,  BYCODE, ,0,Vertical,12/9/2025 8:22, , , , ,1.222,0.639,1.041, , , , 
 ,20251209063040 2025-12-09 6:44:35.554620300 AM,31.85251714,54.6085097,1389.2,USER,Partial,Corrected,None,320, ,BYCODE(0), ,0.016,0.013,0.014,0.021,         BYLAYER,  BYCODE, ,0,Vertical,12/9/2025 6:44, , , , ,1.345,0.775,1.099, , , , 
 ,20251209081532 2025-12-09 8:31:59.091662900 AM,31.83398898,54.631089,1386.004,USER,Fixed,Corrected,None,363, ,BYCODE(0), ,0.013,0.011,0.012,0.017,         BYLAYER,  BYCODE, ,0,Vertical,12/9/2025 8:31, , , , ,1.197,0.628,1.019, , , , 
 ,20251209081532 2025-12-09 8:22:55.724031200 AM,31.83639445,54.62656775,1384.821,USER,Fixed,Corrected,None,107, ,BYCODE(0), ,0.013,0.01,0.011,0.016,         BYLAYER,  BYCODE, ,0,Vertical,12/9/2025 8:22, , , , ,1.222,0.638,1.042, , , , 
 ,20251209081532 2025-12-09 8:19:57.213332200 AM,31.83714506,54.62498285,1385.827,USER,Fixed,Corrected,None,23, ,BYCODE(0), ,0.013,0.01,0.011,0.016,         BYLAYER,  BYCODE, ,0,Vertical,12/9/2025 8:19, , , , ,1.435,0.739,1.23, , , , 
 ,20251209070015 2025-12-09 7:14:14.981770500 AM,31.84744434,54.61722352,1392.43,USER,Fixed,Corrected,None,303, ,BYCODE(0), ,0.014,0.011,0.013,0.018,         BYLAYER,  BYCODE, ,0,Vertical,12/9/2025 7:14, , , , ,1.294,0.677,1.103, , , , 
 ,20251209063040 2025-12-09 6:41:02.526715300 AM,31.85444897,54.60803577,1390.991,USER,Partial,Corrected,None,220, ,BYCODE(0), ,0.015,0.013,0.014,0.02,         BYLAYER,  BYCODE, ,0,Vertical,12/9/2025 6:41, , , , ,1.33,0.773,1.081, , , , 
 ,20251209063040 2025-12-09 6:50:50.331461900 AM,31.85059637,54.61131487,1389.099,USER,Fixed,Corrected,None,496, ,BYCODE(0), ,0.016,0.012,0.014,0.02,         BYLAYER,  BYCODE, ,0,Vertical,12/9/2025 6:50, , , , ,1.337,0.736,1.116, , , , 
 ,20251209070015 2025-12-09 7:19:02.008105300 AM,31.84516162,54.61841645,1389.02,USER,Fixed,Corrected,None,439, ,BYCODE(0), ,0.014,0.011,0.013,0.018,         BYLAYER,  BYCODE, ,0,Vertical,12/9/2025 7:19, , , , ,1.306,0.676,1.118, , , , 
 ,20251209070015 2025-12-09 7:09:01.647893000 AM,31.84964796,54.61592337,1392.216,USER,Fixed,Corrected,None,156, ,BYCODE(0), ,0.013,0.012,0.014,0.018,         BYLAYER,  BYCODE, ,0,Vertical,12/9/2025 7:09, , , , ,1.291,0.676,1.1, , , , 
 ,20251209081532 2025-12-09 8:27:24.410501700 AM,31.83580495,54.62930744,1386.797,USER,Fixed,Corrected,None,235, ,BYCODE(0), ,0.013,0.01,0.011,0.017,         BYLAYER,  BYCODE, ,0,Vertical,12/9/2025 8:27, , , , ,1.221,0.634,1.044, , , , 
 ,20251209063040 2025-12-09 6:37:09.258962900 AM,31.85517706,54.60546825,1389.988,USER,Fixed,Corrected,None,110, ,BYCODE(0), ,0.015,0.013,0.014,0.02,         BYLAYER,  BYCODE, ,0,Vertical,12/9/2025 6:37, , , , ,1.324,0.78,1.07, , , , 
 ,20251209073132 2025-12-09 7:35:22.798098800 AM,31.84496851,54.61993136,1393.53,USER,Fixed,Corrected,None,15, ,BYCODE(0), ,0.012,0.011,0.013,0.016,         BYLAYER,  BYCODE, ,0,Vertical,12/9/2025 7:35, , , , ,1.492,0.712,1.311, , , , 
 ,20251209073132 2025-12-09 7:52:14.770500200 AM,31.83907647,54.62644077,1388.01,USER,Partial,Corrected,None,482, ,BYCODE(0), ,0.013,0.01,0.012,0.017,         BYLAYER,  BYCODE, ,0,Vertical,12/9/2025 7:52, , , , ,1.457,0.735,1.258, , , , 
 ,20251209063040 2025-12-09 6:47:52.574070700 AM,31.85228315,54.61111703,1390.87,USER,Fixed,Corrected,None,411, ,BYCODE(0), ,0.016,0.013,0.014,0.02,         BYLAYER,  BYCODE, ,0,Vertical,12/9/2025 6:47, , , , ,1.328,0.737,1.105, , , , 
 ,20251209073132 2025-12-09 7:49:34.089240300 AM,31.84061524,54.62604858,1389.29,USER,Fixed,Corrected,None,406, ,BYCODE(0), ,0.013,0.011,0.011,0.017,         BYLAYER,  BYCODE, ,0,Vertical,12/9/2025 7:49, , , , ,1.281,0.655,1.1, , , , 
 ,20251209073132 2025-12-09 7:48:02.271041400 AM,31.84064754,54.62493313,1390.026,USER,Partial,Corrected,None,362, ,BYCODE(0), ,0.013,0.011,0.011,0.016,         BYLAYER,  BYCODE, ,0,Vertical,12/9/2025 7:48, , , , ,1.283,0.656,1.103, , , , 
 ,20251209070015 2025-12-09 7:14:16.974921700 AM,31.84756625,54.6173779,1392.671,USER,Fixed,Corrected,None,304, ,BYCODE(0), ,0.014,0.011,0.013,0.018,         BYLAYER,  BYCODE, ,0,Vertical,12/9/2025 7:14, , , , ,1.294,0.677,1.103, , , , 
 ,20251209063040 2025-12-09 6:44:37.524922400 AM,31.85263863,54.6086615,1389.562,USER,Fixed,Corrected,None,321, ,BYCODE(0), ,0.016,0.013,0.014,0.021,         BYLAYER,  BYCODE, ,0,Vertical,12/9/2025 6:44, , , , ,1.345,0.775,1.099, , , , 
 ,20251209073132 2025-12-09 7:37:59.171490200 AM,31.8435501,54.62044835,1391.469,USER,Fixed,Corrected,None,87, ,BYCODE(0), ,0.012,0.011,0.013,0.016,         BYLAYER,  BYCODE, ,0,Vertical,12/9/2025 7:37, , , , ,1.49,0.71,1.31, , , , 
 ,20251209070015 2025-12-09 7:19:03.995225200 AM,31.84504024,54.61826366,1388.642,USER,Fixed,Corrected,None,440, ,BYCODE(0), ,0.014,0.011,0.013,0.018,         BYLAYER,  BYCODE, ,0,Vertical,12/9/2025 7:19, , , , ,1.306,0.676,1.118, , , , 
 ,20251209073132 2025-12-09 7:44:31.358998800 AM,31.8403035,54.62195171,1386.539,USER,Fixed,Corrected,None,269, ,BYCODE(0), ,0.013,0.011,0.011,0.017,         BYLAYER,  BYCODE, ,0,Vertical,12/9/2025 7:44, , , , ,1.277,0.65,1.099, , , , 
 ,20251209063040 2025-12-09 6:41:04.515918000 AM,31.85432688,54.60788311,1390.848,USER,Partial,Corrected,None,221, ,BYCODE(0), ,0.015,0.013,0.014,0.02,         BYLAYER,  BYCODE, ,0,Vertical,12/9/2025 6:41, , , , ,1.33,0.773,1.082, , , , 
 ,20251209081532 2025-12-09 8:26:55.938528300 AM,31.83468179,54.6273658,1384.364,USER,Fixed,Corrected,None,222, ,BYCODE(0), ,0.013,0.01,0.011,0.017,         BYLAYER,  BYCODE, ,0,Vertical,12/9/2025 8:26, , , , ,1.222,0.635,1.044, , , , 
 ,20251209063040 2025-12-09 6:37:11.266640400 AM,31.85505373,54.60531385,1389.502,USER,Fixed,Corrected,None,111, ,BYCODE(0), ,0.015,0.013,0.014,0.02,         BYLAYER,  BYCODE, ,0,Vertical,12/9/2025 6:37, , , , ,1.324,0.78,1.07, , , , 
 ,20251209070015 2025-12-09 7:09:04.738135100 AM,31.84950941,54.61576917,1391.851,USER,Fixed,Corrected,None,157, ,BYCODE(0), ,0.013,0.012,0.014,0.018,         BYLAYER,  BYCODE, ,0,Vertical,12/9/2025 7:09, , , , ,1.29,0.676,1.1, , , , 
 ,20251209073132 2025-12-09 7:50:58.276324700 AM,31.8400907,54.62655237,1388.755,USER,Fixed,Corrected,None,446, ,BYCODE(0), ,0.013,0.011,0.011,0.017,         BYLAYER,  BYCODE, ,0,Vertical,12/9/2025 7:50, , , , ,1.278,0.655,1.097, , , , 
 ,20251209073132 2025-12-09 7:40:22.184328100 AM,31.84195935,54.62023247,1388.276,USER,Fixed,Corrected,None,154, ,BYCODE(0), ,0.012,0.01,0.011,0.016,         BYLAYER,  BYCODE, ,0,Vertical,12/9/2025 7:40, , , , ,1.486,0.708,1.307, , , , 
 ,20251209063040 2025-12-09 6:50:52.322717400 AM,31.85047443,54.61116101,1391.072,USER,Fixed,Corrected,None,497, ,BYCODE(0), ,0.016,0.012,0.014,0.02,         BYLAYER,  BYCODE, ,0,Vertical,12/9/2025 6:50, , , , ,1.337,0.736,1.117, , , , 
 ,20251209070015 2025-12-09 7:14:18.961989900 AM,31.84768823,54.61753125,1393.141,USER,Fixed,Corrected,None,305, ,BYCODE(0), ,0.014,0.011,0.013,0.018,         BYLAYER,  BYCODE, ,0,Vertical,12/9/2025 7:14, , , , ,1.294,0.677,1.103, , , , 
 ,20251209081532 2025-12-09 8:26:24.639723100 AM,31.83654861,54.62967004,1387.813,USER,Fixed,Corrected,None,206, ,BYCODE(0), ,0.013,0.01,0.011,0.017,         BYLAYER,  BYCODE, ,0,Vertical,12/9/2025 8:26, , , , ,1.222,0.635,1.044, , , , 
 ,20251209081532 2025-12-09 8:21:02.899041900 AM,31.83768944,54.62647095,1386.947,USER,Fixed,Corrected,None,54, ,BYCODE(0), ,0.013,0.01,0.011,0.016,         BYLAYER,  BYCODE, ,0,Vertical,12/9/2025 8:21, , , , ,1.426,0.736,1.221, , , , 
 ,20251209063040 2025-12-09 6:47:54.531853900 AM,31.85216352,54.61096587,1390.614,USER,Fixed,Corrected,None,412, ,BYCODE(0), ,0.016,0.013,0.014,0.02,         BYLAYER,  BYCODE, ,0,Vertical,12/9/2025 6:47, , , , ,1.328,0.737,1.105, , , , 
 ,20251209070015 2025-12-09 7:19:05.982226100 AM,31.84491822,54.61811055,1388.091,USER,Fixed,Corrected,None,441, ,BYCODE(0), ,0.014,0.011,0.013,0.018,         BYLAYER,  BYCODE, ,0,Vertical,12/9/2025 7:19, , , , ,1.306,0.676,1.118, , , , 
 ,20251209073132 2025-12-09 7:35:24.797457200 AM,31.84509138,54.62008532,1393.754,USER,Fixed,Corrected,None,16, ,BYCODE(0), ,0.012,0.011,0.013,0.016,         BYLAYER,  BYCODE, ,0,Vertical,12/9/2025 7:35, , , , ,1.492,0.712,1.311, , , , 
 ,20251209063040 2025-12-09 6:44:39.518079800 AM,31.85276157,54.6088148,1389.874,USER,Fixed,Corrected,None,322, ,BYCODE(0), ,0.016,0.013,0.014,0.021,         BYLAYER,  BYCODE, ,0,Vertical,12/9/2025 6:44, , , , ,1.345,0.775,1.099, , , , 
 ,20251209070015 2025-12-09 7:09:06.693835000 AM,31.84938675,54.61561742,1391.565,USER,Partial,Corrected,None,158, ,BYCODE(0), ,0.013,0.012,0.014,0.018,         BYLAYER,  BYCODE, ,0,Vertical,12/9/2025 7:09, , , , ,1.29,0.676,1.1, , , , 
 ,20251209073132 2025-12-09 7:42:32.813781000 AM,31.84292952,54.62372715,1391.668,USER,Fixed,Corrected,None,214, ,BYCODE(0), ,0.012,0.01,0.011,0.016,         BYLAYER,  BYCODE, ,0,Vertical,12/9/2025 7:42, , , , ,1.277,0.651,1.099, , , , 
 ,20251209063040 2025-12-09 6:41:06.504698800 AM,31.85420452,54.60772934,1390.696,USER,Fixed,Corrected,None,222, ,BYCODE(0), ,0.015,0.013,0.014,0.02,         BYLAYER,  BYCODE, ,0,Vertical,12/9/2025 6:41, , , , ,1.33,0.774,1.082, , , , 
 ,20251209063040 2025-12-09 6:37:13.230776300 AM,31.85493234,54.60516196,1389.074,USER,Fixed,Corrected,None,112, ,BYCODE(0), ,0.015,0.013,0.014,0.02,         BYLAYER,  BYCODE, ,0,Vertical,12/9/2025 6:37, , , , ,1.324,0.78,1.07, , , , 
 ,20251209081532 2025-12-09 8:23:45.923172700 AM,31.8370123,54.62793054,1387.262,USER,Fixed,Corrected,None,131, ,BYCODE(0), ,0.013,0.01,0.011,0.016,         BYLAYER,  BYCODE, ,0,Vertical,12/9/2025 8:23, , , , ,1.222,0.637,1.043, , , , 
 ,20251209070015 2025-12-09 7:14:20.953140700 AM,31.84781106,54.6176838,1393.39,USER,Fixed,Corrected,None,306, ,BYCODE(0), ,0.014,0.011,0.013,0.018,         BYLAYER,  BYCODE, ,0,Vertical,12/9/2025 7:14, , , , ,1.295,0.677,1.103, , , , 
 ,20251209073132 2025-12-09 7:46:22.755064000 AM,31.84019292,54.62319473,1386.173,USER,Fixed,Corrected,None,314, ,BYCODE(0), ,0.013,0.011,0.011,0.016,         BYLAYER,  BYCODE, ,0,Vertical,12/9/2025 7:46, , , , ,1.275,0.649,1.098, , , , 
 ,20251209081532 2025-12-09 8:25:12.406100500 AM,31.83636221,54.6282805,1387.276,USER,Fixed,Corrected,None,172, ,BYCODE(0), ,0.013,0.01,0.011,0.016,         BYLAYER,  BYCODE, ,0,Vertical,12/9/2025 8:25, , , , ,1.222,0.636,1.044, , , , 
 ,20251209073132 2025-12-09 7:38:01.191425300 AM,31.8436744,54.62060366,1391.684,USER,Fixed,Corrected,None,88, ,BYCODE(0), ,0.012,0.011,0.013,0.016,         BYLAYER,  BYCODE, ,0,Vertical,12/9/2025 7:38, , , , ,1.489,0.709,1.31, , , , 
 ,20251209081532 2025-12-09 8:31:24.748072600 AM,31.83386378,54.6303521,1385.983,USER,Fixed,Corrected,None,347, ,BYCODE(0), ,0.014,0.011,0.012,0.017,         BYLAYER,  BYCODE, ,0,Vertical,12/9/2025 8:31, , , , ,1.198,0.629,1.02, , , , 
 ,20251209081532 2025-12-09 8:30:01.491050000 AM,31.83426777,54.62969532,1385.53,USER,Fixed,Corrected,None,308, ,BYCODE(0), ,0.014,0.01,0.012,0.017,         BYLAYER,  BYCODE, ,0,Vertical,12/9/2025 8:30, , , , ,1.2,0.63,1.022, , , , 
 ,20251209070015 2025-12-09 7:09:08.691165000 AM,31.84926482,54.61546433,1391.579,USER,Fixed,Corrected,None,159, ,BYCODE(0), ,0.013,0.012,0.014,0.018,         BYLAYER,  BYCODE, ,0,Vertical,12/9/2025 7:09, , , , ,1.29,0.676,1.1, , , , 
 ,20251209070015 2025-12-09 7:19:08.006777300 AM,31.84479394,54.61795473,1387.68,USER,Fixed,Corrected,None,442, ,BYCODE(0), ,0.014,0.011,0.013,0.018,         BYLAYER,  BYCODE, ,0,Vertical,12/9/2025 7:19, , , , ,1.306,0.676,1.118, , , , 
 ,20251209063040 2025-12-09 6:50:54.313588900 AM,31.85035311,54.61100721,1393.062,USER,Fixed,Corrected,None,498, ,BYCODE(0), ,0.016,0.012,0.014,0.02,         BYLAYER,  BYCODE, ,0,Vertical,12/9/2025 6:50, , , , ,1.338,0.736,1.117, , , , 
 ,20251209081532 2025-12-09 8:25:50.650698400 AM,31.83571233,54.62803996,1385.991,USER,Fixed,Corrected,None,190, ,BYCODE(0), ,0.013,0.01,0.011,0.016,         BYLAYER,  BYCODE, ,0,Vertical,12/9/2025 8:25, , , , ,1.222,0.636,1.044, , , , 
 ,20251209063040 2025-12-09 6:47:56.527268400 AM,31.8520413,54.61081206,1390.365,USER,Partial,Corrected,None,413, ,BYCODE(0), ,0.016,0.013,0.014,0.02,         BYLAYER,  BYCODE, ,0,Vertical,12/9/2025 6:47, , , , ,1.328,0.737,1.105, , , , 
 ,20251209063040 2025-12-09 6:44:41.507037200 AM,31.852884,54.60896785,1390.173,USER,Fixed,Corrected,None,323, ,BYCODE(0), ,0.016,0.013,0.014,0.021,         BYLAYER,  BYCODE, ,0,Vertical,12/9/2025 6:44, , , , ,1.345,0.775,1.1, , , , 
 ,20251209070015 2025-12-09 7:14:22.942106700 AM,31.84793374,54.61783703,1393.48,USER,Fixed,Corrected,None,307, ,BYCODE(0), ,0.014,0.011,0.013,0.018,         BYLAYER,  BYCODE, ,0,Vertical,12/9/2025 7:14, , , , ,1.295,0.677,1.103, , , , 
 ,20251209063040 2025-12-09 6:37:15.219605200 AM,31.85480944,54.60500758,1388.943,USER,Fixed,Corrected,None,113, ,BYCODE(0), ,0.015,0.013,0.014,0.02,         BYLAYER,  BYCODE, ,0,Vertical,12/9/2025 6:37, , , , ,1.324,0.78,1.07, , , , 
 ,20251209063040 2025-12-09 6:41:08.493845700 AM,31.85408268,54.60757618,1390.509,USER,Partial,Corrected,None,223, ,BYCODE(0), ,0.015,0.013,0.014,0.02,         BYLAYER,  BYCODE, ,0,Vertical,12/9/2025 6:41, , , , ,1.33,0.774,1.082, , , , 
 ,20251209081532 2025-12-09 8:32:09.031392300 AM,31.83337844,54.63032143,1384.714,USER,Fixed,Corrected,None,368, ,BYCODE(0), ,0.013,0.011,0.012,0.017,         BYLAYER,  BYCODE, ,0,Vertical,12/9/2025 8:32, , , , ,1.197,0.628,1.019, , , , 
 ,20251209073132 2025-12-09 7:48:04.230974700 AM,31.84076779,54.62508437,1390.379,USER,Fixed,Corrected,None,363, ,BYCODE(0), ,0.013,0.011,0.011,0.016,         BYLAYER,  BYCODE, ,0,Vertical,12/9/2025 7:48, , , , ,1.283,0.656,1.103, , , , 
 ,20251209070015 2025-12-09 7:09:10.678216200 AM,31.84914353,54.6153108,1391.469,USER,Partial,Corrected,None,160, ,BYCODE(0), ,0.013,0.012,0.014,0.018,         BYLAYER,  BYCODE, ,0,Vertical,12/9/2025 7:09, , , , ,1.29,0.676,1.1, , , , 
 ,20251209081532 2025-12-09 8:24:32.183441400 AM,31.83660151,54.62800176,1387.765,USER,Fixed,Corrected,None,153, ,BYCODE(0), ,0.013,0.01,0.011,0.016,         BYLAYER,  BYCODE, ,0,Vertical,12/9/2025 8:24, , , , ,1.222,0.637,1.044, , , , 
 ,20251209070015 2025-12-09 7:19:09.979493600 AM,31.84467236,54.61780245,1387.264,USER,Fixed,Corrected,None,443, ,BYCODE(0), ,0.014,0.011,0.013,0.018,         BYLAYER,  BYCODE, ,0,Vertical,12/9/2025 7:19, , , , ,1.306,0.676,1.118, , , , 
 ,20251209073132 2025-12-09 7:35:26.805149300 AM,31.84521522,54.62024014,1394.022,USER,Fixed,Corrected,None,17, ,BYCODE(0), ,0.012,0.011,0.013,0.016,         BYLAYER,  BYCODE, ,0,Vertical,12/9/2025 7:35, , , , ,1.492,0.712,1.311, , , , 
 ,20251209073132 2025-12-09 7:42:34.781918500 AM,31.84280623,54.62357575,1391.319,USER,Fixed,Corrected,None,215, ,BYCODE(0), ,0.013,0.011,0.011,0.016,         BYLAYER,  BYCODE, ,0,Vertical,12/9/2025 7:42, , , , ,1.277,0.651,1.099, , , , 
 ,20251209073132 2025-12-09 7:44:33.850901100 AM,31.84023023,54.62205842,1386.506,USER,Fixed,Corrected,None,270, ,BYCODE(0), ,0.013,0.011,0.011,0.016,         BYLAYER,  BYCODE, ,0,Vertical,12/9/2025 7:44, , , , ,1.277,0.65,1.099, , , , 
 ,20251209073132 2025-12-09 7:49:36.349486800 AM,31.84073219,54.62619946,1389.486,USER,Fixed,Corrected,None,407, ,BYCODE(0), ,0.013,0.011,0.011,0.017,         BYLAYER,  BYCODE, ,0,Vertical,12/9/2025 7:49, , , , ,1.281,0.655,1.1, , , , 
 ,20251209073132 2025-12-09 7:52:16.792514800 AM,31.83920005,54.62659637,1388.093,USER,Fixed,Corrected,None,483, ,BYCODE(0), ,0.013,0.01,0.012,0.017,         BYLAYER,  BYCODE, ,0,Vertical,12/9/2025 7:52, , , , ,1.457,0.735,1.258, , , , 
 ,20251209073132 2025-12-09 7:38:03.180378000 AM,31.84379704,54.6207583,1392.168,USER,Fixed,Corrected,None,89, ,BYCODE(0), ,0.012,0.011,0.013,0.016,         BYLAYER,  BYCODE, ,0,Vertical,12/9/2025 7:38, , , , ,1.489,0.709,1.31, , , , 
 ,20251209063040 2025-12-09 6:37:17.208402400 AM,31.85468681,54.60485402,1388.83,USER,Fixed,Corrected,None,114, ,BYCODE(0), ,0.015,0.013,0.014,0.02,         BYLAYER,  BYCODE, ,0,Vertical,12/9/2025 6:37, , , , ,1.324,0.78,1.071, , , , 
 ,20251209070015 2025-12-09 7:14:25.486345100 AM,31.84804547,54.61799529,1393.999,USER,Fixed,Corrected,None,308, ,BYCODE(0), ,0.014,0.011,0.013,0.018,         BYLAYER,  BYCODE, ,0,Vertical,12/9/2025 7:14, , , , ,1.295,0.677,1.104, , , , 
 ,20251209070015 2025-12-09 7:09:12.668983500 AM,31.8490227,54.61515759,1391.213,USER,Partial,Corrected,None,161, ,BYCODE(0), ,0.013,0.012,0.014,0.018,         BYLAYER,  BYCODE, ,0,Vertical,12/9/2025 7:09, , , , ,1.29,0.676,1.1, , , , 
 ,20251209063040 2025-12-09 6:50:56.302663600 AM,31.85023171,54.61085481,1394.925,USER,Fixed,Corrected,None,499, ,BYCODE(0), ,0.016,0.013,0.014,0.02,         BYLAYER,  BYCODE, ,0,Vertical,12/9/2025 6:50, , , , ,1.338,0.736,1.117, , , , 
 ,20251209063040 2025-12-09 6:41:10.482757600 AM,31.85396097,54.60742284,1390.144,USER,Partial,Corrected,None,224, ,BYCODE(0), ,0.015,0.013,0.014,0.02,         BYLAYER,  BYCODE, ,0,Vertical,12/9/2025 6:41, , , , ,1.33,0.774,1.082, , , , 
 ,20251209063040 2025-12-09 6:44:43.499768500 AM,31.85300605,54.6091211,1390.295,USER,Fixed,Corrected,None,324, ,BYCODE(0), ,0.016,0.013,0.014,0.021,         BYLAYER,  BYCODE, ,0,Vertical,12/9/2025 6:44, , , , ,1.345,0.775,1.1, , , , 
 ,20251209070015 2025-12-09 7:19:11.972734700 AM,31.84454971,54.61764933,1386.975,USER,Fixed,Corrected,None,444, ,BYCODE(0), ,0.014,0.011,0.013,0.018,         BYLAYER,  BYCODE, ,0,Vertical,12/9/2025 7:19, , , , ,1.307,0.676,1.118, , , , 
 ,20251209070015 2025-12-09 7:14:26.343135400 AM,31.84804874,54.61803383,1393.999,USER,Fixed,Corrected,None,309, ,BYCODE(0), ,0.014,0.011,0.013,0.018,         BYLAYER,  BYCODE, ,0,Vertical,12/9/2025 7:14, , , , ,1.295,0.677,1.104, , , , 
 ,20251209063040 2025-12-09 6:47:58.516287300 AM,31.85191875,54.61065815,1390.276,USER,Partial,Corrected,None,414, ,BYCODE(0), ,0.016,0.013,0.014,0.02,         BYLAYER,  BYCODE, ,0,Vertical,12/9/2025 6:47, , , , ,1.328,0.737,1.105, , , , 
 ,20251209073132 2025-12-09 7:40:25.326881600 AM,31.84181876,54.62038015,1387.971,USER,Fixed,Corrected,None,155, ,BYCODE(0), ,0.012,0.01,0.011,0.016,         BYLAYER,  BYCODE, ,0,Vertical,12/9/2025 7:40, , , , ,1.486,0.708,1.307, , , , 
 ,20251209081532 2025-12-09 8:22:57.718982500 AM,31.83651733,54.62672196,1385.222,USER,Fixed,Corrected,None,108, ,BYCODE(0), ,0.013,0.01,0.011,0.016,         BYLAYER,  BYCODE, ,0,Vertical,12/9/2025 8:22, , , , ,1.222,0.638,1.042, , , , 
 ,20251209073132 2025-12-09 7:46:24.743865500 AM,31.84031634,54.62335081,1386.435,USER,Fixed,Corrected,None,315, ,BYCODE(0), ,0.013,0.011,0.011,0.016,         BYLAYER,  BYCODE, ,0,Vertical,12/9/2025 7:46, , , , ,1.275,0.649,1.098, , , , 
 ,20251209073132 2025-12-09 7:51:00.438153700 AM,31.84021073,54.62670533,1389.437,USER,Fixed,Corrected,None,447, ,BYCODE(0), ,0.013,0.011,0.011,0.017,         BYLAYER,  BYCODE, ,0,Vertical,12/9/2025 7:51, , , , ,1.278,0.655,1.097, , , , 
 ,20251209070015 2025-12-09 7:09:14.691092000 AM,31.84889891,54.61500054,1390.803,USER,Partial,Corrected,None,162, ,BYCODE(0), ,0.013,0.012,0.014,0.018,         BYLAYER,  BYCODE, ,0,Vertical,12/9/2025 7:09, , , , ,1.29,0.675,1.1, , , , 
 ,20251209073132 2025-12-09 7:35:28.773239100 AM,31.84533684,54.62039198,1394.323,USER,Fixed,Corrected,None,18, ,BYCODE(0), ,0.012,0.011,0.013,0.016,         BYLAYER,  BYCODE, ,0,Vertical,12/9/2025 7:35, , , , ,1.492,0.712,1.311, , , , 
 ,20251209063040 2025-12-09 6:37:19.197283300 AM,31.85456401,54.60469997,1388.704,USER,Fixed,Corrected,None,115, ,BYCODE(0), ,0.015,0.013,0.014,0.02,         BYLAYER,  BYCODE, ,0,Vertical,12/9/2025 6:37, , , , ,1.325,0.78,1.071, , , , 
 ,20251209063040 2025-12-09 6:50:57.363636500 AM,31.85016668,54.61077322,1395.309,USER,Fixed,Corrected,None,500, ,BYCODE(0), ,0.016,0.013,0.014,0.02,         BYLAYER,  BYCODE, ,0,Vertical,12/9/2025 6:50, , , , ,1.338,0.736,1.117, , , , 
 ,20251209081532 2025-12-09 8:19:59.740338800 AM,31.8370697,54.6250887,1386.086,USER,Fixed,Corrected,None,24, ,BYCODE(0), ,0.013,0.01,0.011,0.016,         BYLAYER,  BYCODE, ,0,Vertical,12/9/2025 8:19:60 AM, , , , ,1.435,0.739,1.23, , , , 
 ,20251209070015 2025-12-09 7:03:33.541207300 AM,31.85157203,54.61327725,1393.195,USER,Fixed,Corrected,None,2, ,BYCODE(0), ,0.013,0.012,0.014,0.018,         BYLAYER,  BYCODE, ,0,Vertical,12/9/2025 7:03, , , , ,1.299,0.698,1.096, , , , 
 ,20251209081532 2025-12-09 8:31:18.769110700 AM,31.83349556,54.62989136,1384.997,USER,Fixed,Corrected,None,344, ,BYCODE(0), ,0.014,0.011,0.012,0.017,         BYLAYER,  BYCODE, ,0,Vertical,12/9/2025 8:31, , , , ,1.198,0.629,1.02, , , , 
 ,20251209070015 2025-12-09 7:19:13.961732600 AM,31.84442755,54.61749631,1386.689,USER,Fixed,Corrected,None,445, ,BYCODE(0), ,0.014,0.011,0.013,0.018,         BYLAYER,  BYCODE, ,0,Vertical,12/9/2025 7:19, , , , ,1.307,0.676,1.118, , , , 
 ,20251209063040 2025-12-09 6:41:12.471495600 AM,31.85383939,54.60726957,1389.75,USER,Partial,Corrected,None,225, ,BYCODE(0), ,0.015,0.013,0.014,0.02,         BYLAYER,  BYCODE, ,0,Vertical,12/9/2025 6:41, , , , ,1.33,0.774,1.082, , , , 
 ,20251209081532 2025-12-09 8:28:37.395907400 AM,31.8346693,54.62904098,1385.318,USER,Fixed,Corrected,None,269, ,BYCODE(0), ,0.013,0.01,0.012,0.017,         BYLAYER,  BYCODE, ,0,Vertical,12/9/2025 8:28, , , , ,1.202,0.631,1.023, , , , 
 ,20251209063040 2025-12-09 6:44:45.488558100 AM,31.85312814,54.60927459,1390.376,USER,Fixed,Corrected,None,325, ,BYCODE(0), ,0.016,0.013,0.014,0.021,         BYLAYER,  BYCODE, ,0,Vertical,12/9/2025 6:44, , , , ,1.345,0.775,1.1, , , , 
 ,20251209081532 2025-12-09 8:21:04.892016900 AM,31.83756646,54.62631766,1386.813,USER,Fixed,Corrected,None,55, ,BYCODE(0), ,0.013,0.01,0.011,0.016,         BYLAYER,  BYCODE, ,0,Vertical,12/9/2025 8:21, , , , ,1.426,0.736,1.221, , , , 
 ,20251209070015 2025-12-09 7:09:16.655268000 AM,31.84877723,54.61484835,1390.526,USER,Partial,Corrected,None,163, ,BYCODE(0), ,0.013,0.012,0.014,0.018,         BYLAYER,  BYCODE, ,0,Vertical,12/9/2025 7:09, , , , ,1.29,0.675,1.1, , , , 
 ,20251209063040 2025-12-09 6:48:00.520051700 AM,31.85179613,54.61050362,1389.926,USER,Partial,Corrected,None,415, ,BYCODE(0), ,0.016,0.013,0.014,0.02,         BYLAYER,  BYCODE, ,0,Vertical,12/9/2025 6:48, , , , ,1.328,0.737,1.105, , , , 
 ,20251209070015 2025-12-09 7:03:35.127931100 AM,31.85150187,54.61338082,1392.987,USER,Fixed,Corrected,None,3, ,BYCODE(0), ,0.013,0.012,0.014,0.018,         BYLAYER,  BYCODE, ,0,Vertical,12/9/2025 7:03, , , , ,1.299,0.698,1.096, , , , 
 ,20251209070015 2025-12-09 7:14:29.402047600 AM,31.84792668,54.61819559,1392.569,USER,Fixed,Corrected,None,310, ,BYCODE(0), ,0.014,0.011,0.013,0.018,         BYLAYER,  BYCODE, ,0,Vertical,12/9/2025 7:14, , , , ,1.295,0.677,1.104, , , , 
 ,20251209081532 2025-12-09 8:22:04.158103000 AM,31.83851214,54.62843952,1389.429,USER,Fixed,Corrected,None,83, ,BYCODE(0), ,0.013,0.01,0.011,0.016,         BYLAYER,  BYCODE, ,0,Vertical,12/9/2025 8:22, , , , ,1.222,0.639,1.042, , , , 
 ,20251209073132 2025-12-09 7:42:36.807998900 AM,31.84268222,54.62342063,1391.197,USER,Fixed,Corrected,None,216, ,BYCODE(0), ,0.013,0.011,0.011,0.016,         BYLAYER,  BYCODE, ,0,Vertical,12/9/2025 7:42, , , , ,1.277,0.651,1.099, , , , 
 ,20251209063040 2025-12-09 6:37:21.192201100 AM,31.85444167,54.60454651,1388.398,USER,Fixed,Corrected,None,116, ,BYCODE(0), ,0.016,0.013,0.014,0.02,         BYLAYER,  BYCODE, ,0,Vertical,12/9/2025 6:37, , , , ,1.325,0.78,1.071, , , , 
 ,20251209073132 2025-12-09 7:38:05.159225000 AM,31.84391919,54.62091122,1392.711,USER,Fixed,Corrected,None,90, ,BYCODE(0), ,0.012,0.011,0.013,0.016,         BYLAYER,  BYCODE, ,0,Vertical,12/9/2025 7:38, , , , ,1.489,0.709,1.31, , , , 
 ,20251209073132 2025-12-09 7:48:06.221757400 AM,31.84089047,54.62523861,1390.752,USER,Fixed,Corrected,None,364, ,BYCODE(0), ,0.013,0.011,0.011,0.016,         BYLAYER,  BYCODE, ,0,Vertical,12/9/2025 7:48, , , , ,1.283,0.656,1.103, , , , 
 ,20251209073132 2025-12-09 7:49:37.804799600 AM,31.84074696,54.62626099,1389.732,USER,Fixed,Corrected,None,408, ,BYCODE(0), ,0.013,0.011,0.011,0.017,         BYLAYER,  BYCODE, ,0,Vertical,12/9/2025 7:49, , , , ,1.28,0.655,1.1, , , , 
 ,20251209081532 2025-12-09 8:28:57.291966000 AM,31.83589344,54.63057789,1387.779,USER,Fixed,Corrected,None,279, ,BYCODE(0), ,0.013,0.01,0.012,0.017,         BYLAYER,  BYCODE, ,0,Vertical,12/9/2025 8:28, , , , ,1.202,0.63,1.023, , , , 
 ,20251209063040 2025-12-09 6:41:14.464212900 AM,31.85371666,54.60711595,1389.364,USER,Fixed,Corrected,None,226, ,BYCODE(0), ,0.015,0.013,0.014,0.02,         BYLAYER,  BYCODE, ,0,Vertical,12/9/2025 6:41, , , , ,1.33,0.774,1.082, , , , 
 ,20251209070015 2025-12-09 7:09:18.652645100 AM,31.84865465,54.61469453,1390.252,USER,Partial,Corrected,None,164, ,BYCODE(0), ,0.013,0.012,0.014,0.018,         BYLAYER,  BYCODE, ,0,Vertical,12/9/2025 7:09, , , , ,1.29,0.675,1.1, , , , 
 ,20251209063040 2025-12-09 6:50:59.371508600 AM,31.85004341,54.61061866,1393.628,USER,Fixed,Corrected,None,501, ,BYCODE(0), ,0.016,0.012,0.014,0.02,         BYLAYER,  BYCODE, ,0,Vertical,12/9/2025 6:50, , , , ,1.338,0.736,1.117, , , , 
 ,20251209073132 2025-12-09 7:35:30.768135300 AM,31.84545997,54.62054622,1394.622,USER,Fixed,Corrected,None,19, ,BYCODE(0), ,0.012,0.011,0.013,0.016,         BYLAYER,  BYCODE, ,0,Vertical,12/9/2025 7:35, , , , ,1.491,0.712,1.311, , , , 
 ,20251209070015 2025-12-09 7:19:16.957951800 AM,31.84430437,54.61738147,1386.452,USER,Fixed,Corrected,None,446, ,BYCODE(0), ,0.014,0.011,0.013,0.018,         BYLAYER,  BYCODE, ,0,Vertical,12/9/2025 7:19, , , , ,1.307,0.676,1.118, , , , 
 ,20251209063040 2025-12-09 6:44:47.485711300 AM,31.85325064,54.60942944,1390.667,USER,Fixed,Corrected,None,326, ,BYCODE(0), ,0.016,0.013,0.014,0.021,         BYLAYER,  BYCODE, ,0,Vertical,12/9/2025 6:44, , , , ,1.345,0.775,1.1, , , , 
 ,20251209070015 2025-12-09 7:03:37.851159100 AM,31.8514011,54.61348186,1393.162,USER,Partial,Corrected,None,4, ,BYCODE(0), ,0.013,0.012,0.014,0.018,         BYLAYER,  BYCODE, ,0,Vertical,12/9/2025 7:03, , , , ,1.299,0.698,1.096, , , , 
 ,20251209070015 2025-12-09 7:14:31.860366800 AM,31.84782801,54.61826803,1392.41,USER,Fixed,Corrected,None,311, ,BYCODE(0), ,0.014,0.011,0.013,0.018,         BYLAYER,  BYCODE, ,0,Vertical,12/9/2025 7:14, , , , ,1.295,0.677,1.104, , , , 
 ,20251209073132 2025-12-09 7:40:27.718527800 AM,31.84175608,54.62049436,1388.559,USER,Fixed,Corrected,None,156, ,BYCODE(0), ,0.012,0.011,0.011,0.016,         BYLAYER,  BYCODE, ,0,Vertical,12/9/2025 7:40, , , , ,1.486,0.708,1.307, , , , 
 ,20251209081532 2025-12-09 8:29:32.448520200 AM,31.83410888,54.62891755,1384.902,USER,Fixed,Corrected,None,295, ,BYCODE(0), ,0.014,0.01,0.012,0.017,         BYLAYER,  BYCODE, ,0,Vertical,12/9/2025 8:29, , , , ,1.201,0.63,1.022, , , , 
 ,20251209063040 2025-12-09 6:37:23.181361200 AM,31.85431938,54.60439228,1388.07,USER,Fixed,Corrected,None,117, ,BYCODE(0), ,0.015,0.013,0.014,0.02,         BYLAYER,  BYCODE, ,0,Vertical,12/9/2025 6:37, , , , ,1.325,0.78,1.071, , , , 
 ,20251209063040 2025-12-09 6:48:02.507102700 AM,31.85167388,54.61035,1389.608,USER,Partial,Corrected,None,416, ,BYCODE(0), ,0.016,0.013,0.014,0.02,         BYLAYER,  BYCODE, ,0,Vertical,12/9/2025 6:48, , , , ,1.328,0.737,1.105, , , , 
 ,20251209073132 2025-12-09 7:46:26.772210100 AM,31.84044093,54.62350718,1387.16,USER,Fixed,Corrected,None,316, ,BYCODE(0), ,0.013,0.011,0.011,0.016,         BYLAYER,  BYCODE, ,0,Vertical,12/9/2025 7:46, , , , ,1.275,0.649,1.098, , , , 
 ,20251209070015 2025-12-09 7:09:20.639732600 AM,31.84853246,54.61454078,1389.865,USER,Partial,Corrected,None,165, ,BYCODE(0), ,0.013,0.012,0.014,0.018,         BYLAYER,  BYCODE, ,0,Vertical,12/9/2025 7:09, , , , ,1.29,0.675,1.1, , , , 
 ,20251209073132 2025-12-09 7:44:36.907691700 AM,31.84035294,54.62222917,1386.501,USER,Fixed,Corrected,None,271, ,BYCODE(0), ,0.013,0.011,0.011,0.016,         BYLAYER,  BYCODE, ,0,Vertical,12/9/2025 7:44, , , , ,1.277,0.65,1.099, , , , 
 ,20251209081532 2025-12-09 8:23:47.913889900 AM,31.83688987,54.62777753,1387.1,USER,Fixed,Corrected,None,132, ,BYCODE(0), ,0.013,0.01,0.011,0.016,         BYLAYER,  BYCODE, ,0,Vertical,12/9/2025 8:23, , , , ,1.222,0.637,1.043, , , , 
 ,20251209073132 2025-12-09 7:51:02.133544200 AM,31.84023505,54.62677613,1389.629,USER,Fixed,Corrected,None,448, ,BYCODE(0), ,0.013,0.011,0.011,0.017,         BYLAYER,  BYCODE, ,0,Vertical,12/9/2025 7:51, , , , ,1.277,0.655,1.097, , , , 
 ,20251209063040 2025-12-09 6:41:16.450802800 AM,31.85359409,54.60696292,1389.185,USER,Fixed,Corrected,None,227, ,BYCODE(0), ,0.015,0.013,0.014,0.02,         BYLAYER,  BYCODE, ,0,Vertical,12/9/2025 6:41, , , , ,1.331,0.774,1.083, , , , 
 ,20251209081532 2025-12-09 8:27:52.007453900 AM,31.83575803,54.62982807,1386.418,USER,Partial,Corrected,None,248, ,BYCODE(0), ,0.013,0.01,0.011,0.017,         BYLAYER,  BYCODE, ,0,Vertical,12/9/2025 8:27, , , , ,1.221,0.634,1.043, , , , 
 ,20251209073132 2025-12-09 7:38:07.152161600 AM,31.84404164,54.62106558,1393.139,USER,Fixed,Corrected,None,91, ,BYCODE(0), ,0.012,0.011,0.013,0.016,         BYLAYER,  BYCODE, ,0,Vertical,12/9/2025 7:38, , , , ,1.489,0.709,1.31, , , , 
 ,20251209073132 2025-12-09 7:42:38.770285800 AM,31.84256166,54.62326957,1390.94,USER,Fixed,Corrected,None,217, ,BYCODE(0), ,0.013,0.01,0.011,0.016,         BYLAYER,  BYCODE, ,0,Vertical,12/9/2025 7:42, , , , ,1.277,0.651,1.099, , , , 
 ,20251209063040 2025-12-09 6:44:49.474467500 AM,31.85337326,54.60958359,1390.958,USER,Fixed,Corrected,None,327, ,BYCODE(0), ,0.016,0.013,0.014,0.021,         BYLAYER,  BYCODE, ,0,Vertical,12/9/2025 6:44, , , , ,1.346,0.775,1.1, , , , 
 ,20251209070015 2025-12-09 7:03:40.905922200 AM,31.85126666,54.61332784,1392.602,USER,Partial,Corrected,None,5, ,BYCODE(0), ,0.013,0.012,0.014,0.018,         BYLAYER,  BYCODE, ,0,Vertical,12/9/2025 7:03, , , , ,1.299,0.698,1.096, , , , 
 ,20251209063040 2025-12-09 6:37:25.166342500 AM,31.85419776,54.6042393,1387.58,USER,Fixed,Corrected,None,118, ,BYCODE(0), ,0.015,0.013,0.014,0.02,         BYLAYER,  BYCODE, ,0,Vertical,12/9/2025 6:37, , , , ,1.325,0.78,1.071, , , , 
 ,20251209063040 2025-12-09 6:51:01.362792000 AM,31.84992173,54.61046603,1391.619,USER,Fixed,Corrected,None,502, ,BYCODE(0), ,0.016,0.013,0.014,0.02,         BYLAYER,  BYCODE, ,0,Vertical,12/9/2025 6:51, , , , ,1.338,0.736,1.117, , , , 
 ,20251209070015 2025-12-09 7:09:22.662256500 AM,31.84840763,54.6143847,1389.605,USER,Partial,Corrected,None,166, ,BYCODE(0), ,0.013,0.012,0.014,0.018,         BYLAYER,  BYCODE, ,0,Vertical,12/9/2025 7:09, , , , ,1.29,0.675,1.1, , , , 
 ,20251209070015 2025-12-09 7:14:34.856815800 AM,31.84769201,54.61811619,1391.821,USER,Fixed,Corrected,None,312, ,BYCODE(0), ,0.014,0.011,0.013,0.018,         BYLAYER,  BYCODE, ,0,Vertical,12/9/2025 7:14, , , , ,1.295,0.677,1.104, , , , 
 ,20251209070015 2025-12-09 7:19:20.062927000 AM,31.84416454,54.61752649,1385.614,USER,Fixed,Corrected,None,447, ,BYCODE(0), ,0.014,0.011,0.013,0.018,         BYLAYER,  BYCODE, ,0,Vertical,12/9/2025 7:19, , , , ,1.307,0.676,1.118, , , , 
 ,20251209073132 2025-12-09 7:52:18.764985600 AM,31.83932148,54.62674869,1388.22,USER,Fixed,Corrected,None,484, ,BYCODE(0), ,0.013,0.01,0.012,0.017,         BYLAYER,  BYCODE, ,0,Vertical,12/9/2025 7:52, , , , ,1.457,0.735,1.258, , , , 
 ,20251209073132 2025-12-09 7:35:32.761071700 AM,31.84558267,54.62070032,1395.045,USER,Fixed,Corrected,None,20, ,BYCODE(0), ,0.012,0.011,0.013,0.016,         BYLAYER,  BYCODE, ,0,Vertical,12/9/2025 7:35, , , , ,1.491,0.712,1.311, , , , 
 ,20251209063040 2025-12-09 6:48:04.493917700 AM,31.85155217,54.61019619,1389.292,USER,Partial,Corrected,None,417, ,BYCODE(0), ,0.016,0.013,0.014,0.02,         BYLAYER,  BYCODE, ,0,Vertical,12/9/2025 6:48, , , , ,1.328,0.737,1.105, , , , 
 ,20251209081532 2025-12-09 8:25:14.396981000 AM,31.83624017,54.62812593,1386.954,USER,Partial,Corrected,None,173, ,BYCODE(0), ,0.013,0.01,0.011,0.016,         BYLAYER,  BYCODE, ,0,Vertical,12/9/2025 8:25, , , , ,1.222,0.636,1.044, , , , 
 ,20251209081532 2025-12-09 8:28:15.884456200 AM,31.83429108,54.62798452,1383.406,USER,Fixed,Corrected,None,260, ,BYCODE(0), ,0.013,0.01,0.012,0.017,         BYLAYER,  BYCODE, ,0,Vertical,12/9/2025 8:28, , , , ,1.202,0.631,1.024, , , , 
 ,20251209070015 2025-12-09 7:03:42.903084300 AM,31.85114223,54.61317281,1392.098,USER,Fixed,Corrected,None,6, ,BYCODE(0), ,0.013,0.012,0.014,0.018,         BYLAYER,  BYCODE, ,0,Vertical,12/9/2025 7:03, , , , ,1.299,0.698,1.096, , , , 
 ,20251209063040 2025-12-09 6:41:18.445873000 AM,31.85347177,54.60680965,1388.89,USER,Partial,Corrected,None,228, ,BYCODE(0), ,0.015,0.013,0.014,0.02,         BYLAYER,  BYCODE, ,0,Vertical,12/9/2025 6:41, , , , ,1.331,0.774,1.083, , , , 
 ,20251209081532 2025-12-09 8:27:26.357953100 AM,31.83592434,54.62945824,1386.929,USER,Partial,Corrected,None,236, ,BYCODE(0), ,0.013,0.011,0.012,0.016,         BYLAYER,  BYCODE, ,0,Vertical,12/9/2025 8:27, , , , ,1.221,0.634,1.044, , , , 
 ,20251209073132 2025-12-09 7:48:08.225078600 AM,31.84101366,54.62539368,1391.198,USER,Fixed,Corrected,None,365, ,BYCODE(0), ,0.013,0.011,0.011,0.016,         BYLAYER,  BYCODE, ,0,Vertical,12/9/2025 7:48, , , , ,1.283,0.656,1.103, , , , 
 ,20251209070015 2025-12-09 7:09:24.620388700 AM,31.84828698,54.6142332,1389.426,USER,Partial,Corrected,None,167, ,BYCODE(0), ,0.013,0.012,0.014,0.018,         BYLAYER,  BYCODE, ,0,Vertical,12/9/2025 7:09, , , , ,1.29,0.675,1.1, , , , 
 ,20251209081532 2025-12-09 8:26:26.628736500 AM,31.83642711,54.62951745,1387.66,USER,Fixed,Corrected,None,207, ,BYCODE(0), ,0.013,0.01,0.011,0.016,         BYLAYER,  BYCODE, ,0,Vertical,12/9/2025 8:26, , , , ,1.222,0.635,1.044, , , , 
 ,20251209070015 2025-12-09 7:14:36.845829000 AM,31.84756843,54.61796098,1391.516,USER,Fixed,Corrected,None,313, ,BYCODE(0), ,0.014,0.011,0.013,0.018,         BYLAYER,  BYCODE, ,0,Vertical,12/9/2025 7:14, , , , ,1.295,0.677,1.104, , , , 
 ,20251209063040 2025-12-09 6:37:27.190859800 AM,31.85407293,54.60408259,1387.295,USER,Fixed,Corrected,None,119, ,BYCODE(0), ,0.015,0.013,0.014,0.02,         BYLAYER,  BYCODE, ,0,Vertical,12/9/2025 6:37, , , , ,1.325,0.78,1.072, , , , 
 ,20251209081532 2025-12-09 8:22:59.711873800 AM,31.83663984,54.62687665,1385.778,USER,Fixed,Corrected,None,109, ,BYCODE(0), ,0.013,0.01,0.011,0.016,         BYLAYER,  BYCODE, ,0,Vertical,12/9/2025 8:22:60 AM, , , , ,1.222,0.638,1.042, , , , 
 ,20251209063040 2025-12-09 6:44:51.469400900 AM,31.85349627,54.60973793,1391.232,USER,Fixed,Corrected,None,328, ,BYCODE(0), ,0.016,0.013,0.014,0.021,         BYLAYER,  BYCODE, ,0,Vertical,12/9/2025 6:44, , , , ,1.346,0.775,1.1, , , , 
 ,20251209070015 2025-12-09 7:19:22.498678000 AM,31.84410023,54.61764229,1386.044,USER,Fixed,Corrected,None,448, ,BYCODE(0), ,0.014,0.011,0.013,0.018,         BYLAYER,  BYCODE, ,0,Vertical,12/9/2025 7:19, , , , ,1.307,0.676,1.119, , , , 
 ,20251209070015 2025-12-09 7:03:44.906375400 AM,31.85101929,54.61301854,1391.874,USER,Partial,Corrected,None,7, ,BYCODE(0), ,0.013,0.012,0.014,0.018,         BYLAYER,  BYCODE, ,0,Vertical,12/9/2025 7:03, , , , ,1.299,0.698,1.096, , , , 
 ,20251209073132 2025-12-09 7:44:38.875635100 AM,31.84047304,54.62238396,1386.559,USER,Fixed,Corrected,None,272, ,BYCODE(0), ,0.013,0.011,0.011,0.017,         BYLAYER,  BYCODE, ,0,Vertical,12/9/2025 7:44, , , , ,1.277,0.65,1.099, , , , 
 ,20251209073132 2025-12-09 7:40:30.677347900 AM,31.84187787,54.62066297,1388.565,USER,Fixed,Corrected,None,157, ,BYCODE(0), ,0.012,0.011,0.011,0.016,         BYLAYER,  BYCODE, ,0,Vertical,12/9/2025 7:40, , , , ,1.486,0.708,1.307, , , , 
 ,20251209073132 2025-12-09 7:38:09.136804100 AM,31.84416377,54.6212187,1393.387,USER,Fixed,Corrected,None,92, ,BYCODE(0), ,0.012,0.011,0.013,0.016,         BYLAYER,  BYCODE, ,0,Vertical,12/9/2025 7:38, , , , ,1.489,0.709,1.31, , , , 
 ,20251209073132 2025-12-09 7:46:28.734258200 AM,31.84056159,54.62365848,1387.723,USER,Fixed,Corrected,None,317, ,BYCODE(0), ,0.013,0.011,0.011,0.016,         BYLAYER,  BYCODE, ,0,Vertical,12/9/2025 7:46, , , , ,1.275,0.649,1.098, , , , 
 ,20251209070015 2025-12-09 7:09:26.609120400 AM,31.84816475,54.61407922,1389.197,USER,Partial,Corrected,None,168, ,BYCODE(0), ,0.013,0.012,0.014,0.018,         BYLAYER,  BYCODE, ,0,Vertical,12/9/2025 7:09, , , , ,1.29,0.675,1.1, , , , 
 ,20251209063040 2025-12-09 6:48:06.482400700 AM,31.85143043,54.61004316,1389.065,USER,Fixed,Corrected,None,418, ,BYCODE(0), ,0.016,0.013,0.014,0.02,         BYLAYER,  BYCODE, ,0,Vertical,12/9/2025 6:48, , , , ,1.328,0.737,1.106, , , , 
 ,20251209063040 2025-12-09 6:41:20.453328600 AM,31.85334755,54.60665395,1388.644,USER,Fixed,Corrected,None,229, ,BYCODE(0), ,0.015,0.013,0.014,0.02,         BYLAYER,  BYCODE, ,0,Vertical,12/9/2025 6:41, , , , ,1.331,0.774,1.083, , , , 
 ,20251209070015 2025-12-09 7:14:38.820127500 AM,31.84744794,54.61780914,1391.434,USER,Fixed,Corrected,None,314, ,BYCODE(0), ,0.014,0.011,0.013,0.018,         BYLAYER,  BYCODE, ,0,Vertical,12/9/2025 7:14, , , , ,1.295,0.677,1.104, , , , 
 ,20251209081532 2025-12-09 8:21:06.883055200 AM,31.83744348,54.62616435,1386.536,USER,Fixed,Corrected,None,56, ,BYCODE(0), ,0.013,0.01,0.011,0.016,         BYLAYER,  BYCODE, ,0,Vertical,12/9/2025 8:21, , , , ,1.425,0.736,1.221, , , , 
 ,20251209063040 2025-12-09 6:51:03.883978100 AM,31.84980379,54.61032357,1389.445,USER,Fixed,Corrected,None,503, ,BYCODE(0), ,0.016,0.013,0.014,0.02,         BYLAYER,  BYCODE, ,0,Vertical,12/9/2025 6:51, , , , ,1.338,0.736,1.117, , , , 
 ,20251209070015 2025-12-09 7:03:46.901527600 AM,31.85089644,54.61286478,1391.757,USER,Partial,Corrected,None,8, ,BYCODE(0), ,0.013,0.012,0.014,0.018,         BYLAYER,  BYCODE, ,0,Vertical,12/9/2025 7:03, , , , ,1.3,0.698,1.096, , , , 
 ,20251209073132 2025-12-09 7:42:40.759056100 AM,31.8424398,54.62311694,1390.672,USER,Fixed,Corrected,None,218, ,BYCODE(0), ,0.013,0.01,0.011,0.016,         BYLAYER,  BYCODE, ,0,Vertical,12/9/2025 7:42, , , , ,1.277,0.651,1.099, , , , 
 ,20251209081532 2025-12-09 8:30:56.142375900 AM,31.83343504,54.6292343,1383.441,USER,Fixed,Corrected,None,334, ,BYCODE(0), ,0.013,0.011,0.012,0.017,         BYLAYER,  BYCODE, ,0,Vertical,12/9/2025 8:30, , , , ,1.199,0.629,1.021, , , , 
 ,20251209063040 2025-12-09 6:37:29.585080100 AM,31.85395568,54.60393812,1387.101,USER,Fixed,Corrected,None,120, ,BYCODE(0), ,0.015,0.013,0.014,0.02,         BYLAYER,  BYCODE, ,0,Vertical,12/9/2025 6:37, , , , ,1.325,0.78,1.072, , , , 
 ,20251209081532 2025-12-09 8:20:36.534847500 AM,31.83917446,54.62778369,1389.221,USER,Fixed,Corrected,None,42, ,BYCODE(0), ,0.013,0.01,0.011,0.016,         BYLAYER,  BYCODE, ,0,Vertical,12/9/2025 8:20, , , , ,1.43,0.737,1.225, , , , 
 ,20251209063040 2025-12-09 6:44:53.460377200 AM,31.85361762,54.60989107,1391.584,USER,Fixed,Corrected,None,329, ,BYCODE(0), ,0.016,0.013,0.014,0.021,         BYLAYER,  BYCODE, ,0,Vertical,12/9/2025 6:44, , , , ,1.346,0.775,1.101, , , , 
 ,20251209070015 2025-12-09 7:09:28.601938700 AM,31.84804213,54.61392512,1388.95,USER,Partial,Corrected,None,169, ,BYCODE(0), ,0.013,0.012,0.014,0.018,         BYLAYER,  BYCODE, ,0,Vertical,12/9/2025 7:09, , , , ,1.29,0.675,1.1, , , , 
 ,20251209073132 2025-12-09 7:35:35.550906900 AM,31.84566267,54.62084677,1395.694,USER,Fixed,Corrected,None,21, ,BYCODE(0), ,0.012,0.011,0.013,0.016,         BYLAYER,  BYCODE, ,0,Vertical,12/9/2025 7:35, , , , ,1.491,0.711,1.311, , , , 
 ,20251209081532 2025-12-09 8:24:34.172270300 AM,31.83672392,54.62815469,1388.389,USER,Fixed,Corrected,None,154, ,BYCODE(0), ,0.013,0.01,0.011,0.016,         BYLAYER,  BYCODE, ,0,Vertical,12/9/2025 8:24, , , , ,1.222,0.637,1.044, , , , 
 ,20251209070015 2025-12-09 7:19:25.418032400 AM,31.84422009,54.61780716,1385.92,USER,Fixed,Corrected,None,449, ,BYCODE(0), ,0.014,0.011,0.013,0.018,         BYLAYER,  BYCODE, ,0,Vertical,12/9/2025 7:19, , , , ,1.307,0.676,1.119, , , , 
 ,20251209070015 2025-12-09 7:14:40.846318700 AM,31.84732333,54.61765218,1391.302,USER,Fixed,Corrected,None,315, ,BYCODE(0), ,0.014,0.011,0.013,0.018,         BYLAYER,  BYCODE, ,0,Vertical,12/9/2025 7:14, , , , ,1.295,0.677,1.104, , , , 
 ,20251209070015 2025-12-09 7:03:48.896537100 AM,31.85077328,54.61271087,1391.533,USER,Fixed,Corrected,None,9, ,BYCODE(0), ,0.013,0.012,0.014,0.018,         BYLAYER,  BYCODE, ,0,Vertical,12/9/2025 7:03, , , , ,1.3,0.698,1.096, , , , 
 ,20251209063040 2025-12-09 6:51:04.913748700 AM,31.84976983,54.61031803,1388.842,USER,Fixed,Corrected,None,504, ,BYCODE(0), ,0.016,0.013,0.014,0.02,         BYLAYER,  BYCODE, ,0,Vertical,12/9/2025 6:51, , , , ,1.338,0.736,1.117, , , , 
 ,20251209073132 2025-12-09 7:49:40.901254900 AM,31.84061263,54.62640978,1388.874,USER,Fixed,Corrected,None,409, ,BYCODE(0), ,0.013,0.011,0.011,0.017,         BYLAYER,  BYCODE, ,0,Vertical,12/9/2025 7:49, , , , ,1.28,0.655,1.1, , , , 
 ,20251209063040 2025-12-09 6:41:22.446265500 AM,31.85322411,54.60649925,1388.68,USER,Partial,Corrected,None,230, ,BYCODE(0), ,0.015,0.013,0.014,0.02,         BYLAYER,  BYCODE, ,0,Vertical,12/9/2025 6:41, , , , ,1.331,0.774,1.083, , , , 
 ,20251209063040 2025-12-09 6:37:30.838384200 AM,31.85391487,54.60392581,1386.95,USER,Fixed,Corrected,None,121, ,BYCODE(0), ,0.016,0.013,0.014,0.02,         BYLAYER,  BYCODE, ,0,Vertical,12/9/2025 6:37, , , , ,1.325,0.78,1.072, , , , 
 ,20251209081532 2025-12-09 8:25:52.641907500 AM,31.83583437,54.62819334,1386.342,USER,Fixed,Corrected,None,191, ,BYCODE(0), ,0.013,0.01,0.011,0.017,         BYLAYER,  BYCODE, ,0,Vertical,12/9/2025 8:25, , , , ,1.222,0.636,1.044, , , , 
 ,20251209070015 2025-12-09 7:09:30.590564500 AM,31.84791988,54.61377144,1388.689,USER,Fixed,Corrected,None,170, ,BYCODE(0), ,0.013,0.012,0.014,0.018,         BYLAYER,  BYCODE, ,0,Vertical,12/9/2025 7:09, , , , ,1.29,0.675,1.1, , , , 
 ,20251209063040 2025-12-09 6:48:08.466829800 AM,31.85130825,54.60989039,1388.795,USER,Partial,Corrected,None,419, ,BYCODE(0), ,0.016,0.013,0.014,0.02,         BYLAYER,  BYCODE, ,0,Vertical,12/9/2025 6:48, , , , ,1.329,0.737,1.106, , , , 
 ,20251209073132 2025-12-09 7:52:20.753824900 AM,31.83944413,54.62690203,1388.498,USER,Fixed,Corrected,None,485, ,BYCODE(0), ,0.013,0.01,0.012,0.017,         BYLAYER,  BYCODE, ,0,Vertical,12/9/2025 7:52, , , , ,1.457,0.735,1.258, , , , 
 ,20251209081532 2025-12-09 8:22:06.543685700 AM,31.8384089,54.62850201,1389.726,USER,Fixed,Corrected,None,84, ,BYCODE(0), ,0.013,0.01,0.011,0.016,         BYLAYER,  BYCODE, ,0,Vertical,12/9/2025 8:22, , , , ,1.222,0.639,1.042, , , , 
 ,20251209073132 2025-12-09 7:38:11.127533700 AM,31.84428596,54.62137289,1393.569,USER,Fixed,Corrected,None,93, ,BYCODE(0), ,0.012,0.011,0.013,0.016,         BYLAYER,  BYCODE, ,0,Vertical,12/9/2025 7:38, , , , ,1.489,0.709,1.31, , , , 
 ,20251209070015 2025-12-09 7:03:50.887724400 AM,31.85065106,54.61255757,1391.211,USER,Fixed,Corrected,None,10, ,BYCODE(0), ,0.013,0.012,0.014,0.018,         BYLAYER,  BYCODE, ,0,Vertical,12/9/2025 7:03, , , , ,1.3,0.697,1.097, , , , 
 ,20251209073132 2025-12-09 7:40:32.643508900 AM,31.84199937,54.62081871,1388.603,USER,Fixed,Corrected,None,158, ,BYCODE(0), ,0.012,0.011,0.011,0.016,         BYLAYER,  BYCODE, ,0,Vertical,12/9/2025 7:40, , , , ,1.486,0.708,1.307, , , , 
 ,20251209070015 2025-12-09 7:14:42.801883000 AM,31.84720373,54.61750197,1391.123,USER,Fixed,Corrected,None,316, ,BYCODE(0), ,0.014,0.011,0.013,0.018,         BYLAYER,  BYCODE, ,0,Vertical,12/9/2025 7:14, , , , ,1.295,0.677,1.105, , , , 
 ,20251209070015 2025-12-09 7:19:27.419270800 AM,31.84434267,54.61796579,1386.004,USER,Fixed,Corrected,None,450, ,BYCODE(0), ,0.014,0.011,0.013,0.018,         BYLAYER,  BYCODE, ,0,Vertical,12/9/2025 7:19, , , , ,1.307,0.676,1.119, , , , 
 ,20251209073132 2025-12-09 7:48:10.219945000 AM,31.84113627,54.62554767,1391.605,USER,Fixed,Corrected,None,366, ,BYCODE(0), ,0.013,0.011,0.011,0.016,         BYLAYER,  BYCODE, ,0,Vertical,12/9/2025 7:48, , , , ,1.283,0.656,1.103, , , , 
 ,20251209073132 2025-12-09 7:44:40.866487000 AM,31.84059467,54.62253741,1386.955,USER,Fixed,Corrected,None,273, ,BYCODE(0), ,0.013,0.011,0.011,0.016,         BYLAYER,  BYCODE, ,0,Vertical,12/9/2025 7:44, , , , ,1.277,0.65,1.099, , , , 
 ,20251209063040 2025-12-09 6:44:55.835319800 AM,31.85368065,54.61001948,1392.12,USER,Fixed,Corrected,None,330, ,BYCODE(0), ,0.016,0.013,0.014,0.021,         BYLAYER,  BYCODE, ,0,Vertical,12/9/2025 6:44, , , , ,1.346,0.775,1.101, , , , 
 ,20251209070015 2025-12-09 7:09:32.583706900 AM,31.847797,54.61361708,1388.341,USER,Partial,Corrected,None,171, ,BYCODE(0), ,0.013,0.012,0.014,0.018,         BYLAYER,  BYCODE, ,0,Vertical,12/9/2025 7:09, , , , ,1.29,0.675,1.1, , , , 
 ,20251209081532 2025-12-09 8:31:30.727115400 AM,31.83423187,54.6308131,1386.263,USER,Fixed,Corrected,None,350, ,BYCODE(0), ,0.013,0.011,0.012,0.017,         BYLAYER,  BYCODE, ,0,Vertical,12/9/2025 8:31, , , , ,1.198,0.629,1.02, , , , 
 ,20251209063040 2025-12-09 6:41:24.406326300 AM,31.85310367,54.60634774,1388.687,USER,Fixed,Corrected,None,231, ,BYCODE(0), ,0.015,0.013,0.014,0.02,         BYLAYER,  BYCODE, ,0,Vertical,12/9/2025 6:41, , , , ,1.331,0.774,1.083, , , , 
 ,20251209073132 2025-12-09 7:42:42.762354400 AM,31.84231619,54.62296268,1390.422,USER,Fixed,Corrected,None,219, ,BYCODE(0), ,0.013,0.01,0.011,0.016,         BYLAYER,  BYCODE, ,0,Vertical,12/9/2025 7:42, , , , ,1.277,0.651,1.099, , , , 
 ,20251209070015 2025-12-09 7:03:52.849696600 AM,31.85053045,54.6124061,1390.773,USER,Fixed,Corrected,None,11, ,BYCODE(0), ,0.013,0.012,0.014,0.018,         BYLAYER,  BYCODE, ,0,Vertical,12/9/2025 7:03, , , , ,1.288,0.678,1.096, , , , 
 ,20251209073132 2025-12-09 7:46:30.725368300 AM,31.84068386,54.62381277,1388.318,USER,Fixed,Corrected,None,318, ,BYCODE(0), ,0.013,0.01,0.011,0.016,         BYLAYER,  BYCODE, ,0,Vertical,12/9/2025 7:46, , , , ,1.275,0.649,1.098, , , , 
 ,20251209081532 2025-12-09 8:32:07.065650500 AM,31.83349979,54.63047321,1385.024,USER,Fixed,Corrected,None,367, ,BYCODE(0), ,0.013,0.011,0.012,0.017,         BYLAYER,  BYCODE, ,0,Vertical,12/9/2025 8:32, , , , ,1.197,0.628,1.019, , , , 
 ,20251209063040 2025-12-09 6:48:10.466039700 AM,31.85118535,54.60973601,1388.56,USER,Fixed,Corrected,None,420, ,BYCODE(0), ,0.016,0.013,0.014,0.02,         BYLAYER,  BYCODE, ,0,Vertical,12/9/2025 6:48, , , , ,1.329,0.737,1.106, , , , 
 ,20251209070015 2025-12-09 7:14:44.824104500 AM,31.84707972,54.61734568,1390.765,USER,Fixed,Corrected,None,317, ,BYCODE(0), ,0.014,0.011,0.013,0.018,         BYLAYER,  BYCODE, ,0,Vertical,12/9/2025 7:14, , , , ,1.296,0.677,1.105, , , , 
 ,20251209073132 2025-12-09 7:51:05.292746300 AM,31.84009575,54.62692734,1388.906,USER,Fixed,Corrected,None,449, ,BYCODE(0), ,0.013,0.011,0.011,0.017,         BYLAYER,  BYCODE, ,0,Vertical,12/9/2025 7:51, , , , ,1.277,0.654,1.097, , , , 
 ,20251209070015 2025-12-09 7:19:29.414723200 AM,31.84446433,54.61812032,1386.624,USER,Fixed,Corrected,None,451, ,BYCODE(0), ,0.014,0.011,0.013,0.018,         BYLAYER,  BYCODE, ,0,Vertical,12/9/2025 7:19, , , , ,1.307,0.676,1.119, , , , 
 ,20251209063040 2025-12-09 6:37:34.030893100 AM,31.85379089,54.60409054,1386.372,USER,Fixed,Corrected,None,122, ,BYCODE(0), ,0.015,0.013,0.014,0.02,         BYLAYER,  BYCODE, ,0,Vertical,12/9/2025 6:37, , , , ,1.326,0.78,1.072, , , , 
 ,20251209070015 2025-12-09 7:09:34.597945700 AM,31.84767633,54.6134655,1388.257,USER,Partial,Corrected,None,172, ,BYCODE(0), ,0.013,0.012,0.014,0.018,         BYLAYER,  BYCODE, ,0,Vertical,12/9/2025 7:09, , , , ,1.29,0.675,1.1, , , , 
 ,20251209081532 2025-12-09 8:23:49.902649400 AM,31.83676726,54.62762444,1386.783,USER,Fixed,Corrected,None,133, ,BYCODE(0), ,0.013,0.01,0.011,0.016,         BYLAYER,  BYCODE, ,0,Vertical,12/9/2025 8:23, , , , ,1.222,0.637,1.043, , , , 
 ,20251209081532 2025-12-09 8:29:16.508754500 AM,31.83508897,54.63015018,1386.56,USER,Fixed,Corrected,None,287, ,BYCODE(0), ,0.013,0.01,0.012,0.017,         BYLAYER,  BYCODE, ,0,Vertical,12/9/2025 8:29, , , , ,1.201,0.63,1.023, , , , 
 ,20251209070015 2025-12-09 7:03:54.876158200 AM,31.85040544,54.61224944,1390.334,USER,Partial,Corrected,None,12, ,BYCODE(0), ,0.013,0.012,0.014,0.018,         BYLAYER,  BYCODE, ,0,Vertical,12/9/2025 7:03, , , , ,1.288,0.678,1.096, , , , 
 ,20251209073132 2025-12-09 7:35:38.641025800 AM,31.84553993,54.62101085,1394.44,USER,Fixed,Corrected,None,22, ,BYCODE(0), ,0.012,0.011,0.013,0.016,         BYLAYER,  BYCODE, ,0,Vertical,12/9/2025 7:35, , , , ,1.491,0.711,1.311, , , , 
 ,20251209063040 2025-12-09 6:51:08.108413900 AM,31.84964538,54.61048332,1387.654,USER,Fixed,Corrected,None,505, ,BYCODE(0), ,0.016,0.013,0.014,0.02,         BYLAYER,  BYCODE, ,0,Vertical,12/9/2025 6:51, , , , ,1.338,0.736,1.118, , , , 
 ,20251209073132 2025-12-09 7:38:13.141163600 AM,31.84440939,54.62152878,1393.849,USER,Fixed,Corrected,None,94, ,BYCODE(0), ,0.012,0.011,0.013,0.016,         BYLAYER,  BYCODE, ,0,Vertical,12/9/2025 7:38, , , , ,1.489,0.709,1.309, , , , 
 ,20251209063040 2025-12-09 6:33:21.945361100 AM,31.85708773,54.60438719,1391.076,USER,Fixed,Corrected,None,2, ,BYCODE(0), ,0.016,0.013,0.014,0.02,         BYLAYER,  BYCODE, ,0,Vertical,12/9/2025 6:33, , , , ,1.159,0.677,0.941, , , , 
 ,20251209070015 2025-12-09 7:14:46.782082800 AM,31.84695995,54.61719496,1390.302,USER,Fixed,Corrected,None,318, ,BYCODE(0), ,0.014,0.012,0.013,0.018,         BYLAYER,  BYCODE, ,0,Vertical,12/9/2025 7:14, , , , ,1.296,0.677,1.105, , , , 
 ,20251209063040 2025-12-09 6:41:26.428572400 AM,31.85297955,54.6061912,1388.407,USER,Partial,Corrected,None,232, ,BYCODE(0), ,0.015,0.013,0.014,0.02,         BYLAYER,  BYCODE, ,0,Vertical,12/9/2025 6:41, , , , ,1.331,0.774,1.083, , , , 
 ,20251209081532 2025-12-09 8:31:40.831976200 AM,31.83484085,54.63158192,1387.863,USER,Fixed,Corrected,None,355, ,BYCODE(0), ,0.013,0.011,0.012,0.017,         BYLAYER,  BYCODE, ,0,Vertical,12/9/2025 8:31, , , , ,1.198,0.628,1.02, , , , 
 ,20251209073132 2025-12-09 7:40:34.632293200 AM,31.84212117,54.62097265,1389.223,USER,Fixed,Corrected,None,159, ,BYCODE(0), ,0.012,0.01,0.011,0.016,         BYLAYER,  BYCODE, ,0,Vertical,12/9/2025 7:40, , , , ,1.486,0.708,1.307, , , , 
 ,20251209070015 2025-12-09 7:19:31.405600500 AM,31.84458676,54.61827376,1387.37,USER,Fixed,Corrected,None,452, ,BYCODE(0), ,0.014,0.011,0.013,0.017,         BYLAYER,  BYCODE, ,0,Vertical,12/9/2025 7:19, , , , ,1.307,0.676,1.119, , , , 
 ,20251209081532 2025-12-09 8:26:58.943306000 AM,31.83452959,54.62749149,1383.719,USER,Fixed,Corrected,None,223, ,BYCODE(0), ,0.013,0.01,0.011,0.016,         BYLAYER,  BYCODE, ,0,Vertical,12/9/2025 8:26, , , , ,1.222,0.635,1.044, , , , 
 ,20251209070015 2025-12-09 7:03:56.836035500 AM,31.85028465,54.61209855,1390.055,USER,Fixed,Corrected,None,13, ,BYCODE(0), ,0.013,0.012,0.014,0.018,         BYLAYER,  BYCODE, ,0,Vertical,12/9/2025 7:03, , , , ,1.288,0.678,1.096, , , , 
 ,20251209070015 2025-12-09 7:09:36.954081800 AM,31.84759003,54.61339702,1388.262,USER,Partial,Corrected,None,173, ,BYCODE(0), ,0.013,0.012,0.014,0.018,         BYLAYER,  BYCODE, ,0,Vertical,12/9/2025 7:09, , , , ,1.29,0.675,1.1, , , , 
 ,20251209063040 2025-12-09 6:44:58.791957400 AM,31.85358033,54.61020229,1391.964,USER,Fixed,Corrected,None,331, ,BYCODE(0), ,0.016,0.013,0.014,0.02,         BYLAYER,  BYCODE, ,0,Vertical,12/9/2025 6:44, , , , ,1.346,0.775,1.101, , , , 
 ,20251209081532 2025-12-09 8:21:08.871902200 AM,31.83732173,54.62601027,1386.398,USER,Fixed,Corrected,None,57, ,BYCODE(0), ,0.013,0.01,0.011,0.016,         BYLAYER,  BYCODE, ,0,Vertical,12/9/2025 8:21, , , , ,1.425,0.736,1.22, , , , 
 ,20251209063040 2025-12-09 6:37:36.378677100 AM,31.8537366,54.60421829,1386.619,USER,Fixed,Corrected,None,123, ,BYCODE(0), ,0.015,0.013,0.014,0.02,         BYLAYER,  BYCODE, ,0,Vertical,12/9/2025 6:37, , , , ,1.326,0.78,1.072, , , , 
 ,20251209063040 2025-12-09 6:48:12.462952600 AM,31.85106236,54.60958197,1388.153,USER,Fixed,Corrected,None,421, ,BYCODE(0), ,0.016,0.013,0.014,0.02,         BYLAYER,  BYCODE, ,0,Vertical,12/9/2025 6:48, , , , ,1.329,0.737,1.106, , , , 
 ,20251209063040 2025-12-09 6:33:23.469528200 AM,31.85700497,54.60428233,1390.726,USER,Fixed,Corrected,None,3, ,BYCODE(0), ,0.016,0.013,0.014,0.02,         BYLAYER,  BYCODE, ,0,Vertical,12/9/2025 6:33, , , , ,1.159,0.677,0.941, , , , 
 ,20251209070015 2025-12-09 7:14:48.777435300 AM,31.84683738,54.61704194,1389.814,USER,Fixed,Corrected,None,319, ,BYCODE(0), ,0.014,0.011,0.013,0.018,         BYLAYER,  BYCODE, ,0,Vertical,12/9/2025 7:14, , , , ,1.296,0.677,1.105, , , , 
 ,20251209081532 2025-12-09 8:20:04.736351000 AM,31.8373143,54.62541178,1385.891,USER,Fixed,Corrected,None,26, ,BYCODE(0), ,0.013,0.01,0.011,0.016,         BYLAYER,  BYCODE, ,0,Vertical,12/9/2025 8:20, , , , ,1.434,0.739,1.229, , , , 
 ,20251209073132 2025-12-09 7:44:42.855169500 AM,31.84071724,54.62269046,1387.292,USER,Fixed,Corrected,None,274, ,BYCODE(0), ,0.013,0.011,0.011,0.016,         BYLAYER,  BYCODE, ,0,Vertical,12/9/2025 7:44, , , , ,1.277,0.65,1.099, , , , 
 ,20251209073132 2025-12-09 7:42:44.755311700 AM,31.84219407,54.62280877,1390.545,USER,Fixed,Corrected,None,220, ,BYCODE(0), ,0.013,0.01,0.011,0.016,         BYLAYER,  BYCODE, ,0,Vertical,12/9/2025 7:42, , , , ,1.277,0.651,1.099, , , , 
 ,20251209070015 2025-12-09 7:03:58.823036900 AM,31.8501618,54.61194484,1389.802,USER,Partial,Corrected,None,14, ,BYCODE(0), ,0.013,0.012,0.014,0.018,         BYLAYER,  BYCODE, ,0,Vertical,12/9/2025 7:03, , , , ,1.288,0.678,1.096, , , , 
 ,20251209070015 2025-12-09 7:19:33.394755800 AM,31.84470893,54.61842671,1387.949,USER,Fixed,Corrected,None,453, ,BYCODE(0), ,0.014,0.011,0.013,0.017,         BYLAYER,  BYCODE, ,0,Vertical,12/9/2025 7:19, , , , ,1.307,0.676,1.119, , , , 
 ,20251209063040 2025-12-09 6:41:28.384233500 AM,31.85285996,54.60604026,1388.021,USER,Fixed,Corrected,None,233, ,BYCODE(0), ,0.015,0.013,0.014,0.02,         BYLAYER,  BYCODE, ,0,Vertical,12/9/2025 6:41, , , , ,1.331,0.774,1.084, , , , 
 ,20251209073132 2025-12-09 7:49:43.324343000 AM,31.84050994,54.62647902,1389.055,USER,Fixed,Corrected,None,410, ,BYCODE(0), ,0.013,0.01,0.011,0.017,         BYLAYER,  BYCODE, ,0,Vertical,12/9/2025 7:49, , , , ,1.28,0.655,1.1, , , , 
 ,20251209081532 2025-12-09 8:25:16.354717500 AM,31.83611967,54.62797387,1386.729,USER,Partial,Corrected,None,174, ,BYCODE(0), ,0.013,0.01,0.011,0.016,         BYLAYER,  BYCODE, ,0,Vertical,12/9/2025 8:25, , , , ,1.222,0.636,1.044, , , , 
 ,20251209073132 2025-12-09 7:46:32.747556700 AM,31.84080804,54.62396939,1388.798,USER,Fixed,Corrected,None,319, ,BYCODE(0), ,0.013,0.01,0.011,0.016,         BYLAYER,  BYCODE, ,0,Vertical,12/9/2025 7:46, , , , ,1.275,0.649,1.098, , , , 
 ,20251209073132 2025-12-09 7:38:15.105229600 AM,31.84453011,54.62168022,1394.164,USER,Fixed,Corrected,None,95, ,BYCODE(0), ,0.012,0.011,0.013,0.016,         BYLAYER,  BYCODE, ,0,Vertical,12/9/2025 7:38, , , , ,1.489,0.709,1.309, , , , 
 ,20251209063040 2025-12-09 6:51:10.464938400 AM,31.84959192,54.61061046,1387.817,USER,Fixed,Corrected,None,506, ,BYCODE(0), ,0.016,0.013,0.014,0.02,         BYLAYER,  BYCODE, ,0,Vertical,12/9/2025 6:51, , , , ,1.338,0.736,1.118, , , , 
 ,20251209070015 2025-12-09 7:09:40.049548400 AM,31.84745137,54.61354225,1387.469,USER,Partial,Corrected,None,174, ,BYCODE(0), ,0.013,0.012,0.014,0.018,         BYLAYER,  BYCODE, ,0,Vertical,12/9/2025 7:09, , , , ,1.29,0.675,1.1, , , , 
 ,20251209070015 2025-12-09 7:14:50.764941700 AM,31.84671505,54.61688812,1389.377,USER,Fixed,Corrected,None,320, ,BYCODE(0), ,0.014,0.011,0.013,0.018,         BYLAYER,  BYCODE, ,0,Vertical,12/9/2025 7:14, , , , ,1.296,0.677,1.105, , , , 
 ,20251209073132 2025-12-09 7:35:41.095403400 AM,31.84544127,54.6210858,1394.687,USER,Fixed,Corrected,None,23, ,BYCODE(0), ,0.012,0.011,0.013,0.016,         BYLAYER,  BYCODE, ,0,Vertical,12/9/2025 7:35, , , , ,1.491,0.711,1.311, , , , 
 ,20251209070015 2025-12-09 7:04:00.849383600 AM,31.85003736,54.61178828,1389.509,USER,Partial,Corrected,None,15, ,BYCODE(0), ,0.013,0.012,0.014,0.018,         BYLAYER,  BYCODE, ,0,Vertical,12/9/2025 7:04, , , , ,1.289,0.678,1.096, , , , 
 ,20251209063040 2025-12-09 6:33:25.464374100 AM,31.85688086,54.60412775,1390.204,USER,Fixed,Corrected,None,4, ,BYCODE(0), ,0.017,0.012,0.014,0.02,         BYLAYER,  BYCODE, ,0,Vertical,12/9/2025 6:33, , , , ,1.159,0.677,0.941, , , , 
 ,20251209073132 2025-12-09 7:52:22.742564200 AM,31.83956671,54.62705565,1388.515,USER,Fixed,Corrected,None,486, ,BYCODE(0), ,0.013,0.01,0.012,0.017,         BYLAYER,  BYCODE, ,0,Vertical,12/9/2025 7:52, , , , ,1.457,0.735,1.258, , , , 
 ,20251209063040 2025-12-09 6:48:14.452192500 AM,31.85094017,54.60942827,1387.962,USER,Fixed,Corrected,None,422, ,BYCODE(0), ,0.016,0.013,0.014,0.02,         BYLAYER,  BYCODE, ,0,Vertical,12/9/2025 6:48, , , , ,1.329,0.737,1.106, , , , 
 ,20251209070015 2025-12-09 7:19:35.385629400 AM,31.84483143,54.61858045,1388.525,USER,Fixed,Corrected,None,454, ,BYCODE(0), ,0.014,0.011,0.013,0.017,         BYLAYER,  BYCODE, ,0,Vertical,12/9/2025 7:19, , , , ,1.307,0.676,1.119, , , , 
 ,20251209063040 2025-12-09 6:45:01.392044500 AM,31.85349293,54.61029563,1392.096,USER,Partial,Corrected,None,332, ,BYCODE(0), ,0.016,0.013,0.014,0.02,         BYLAYER,  BYCODE, ,0,Vertical,12/9/2025 6:45, , , , ,1.346,0.775,1.101, , , , 
 ,20251209073132 2025-12-09 7:48:12.657559400 AM,31.84125182,54.62569881,1392.201,USER,Fixed,Corrected,None,367, ,BYCODE(0), ,0.013,0.01,0.011,0.017,         BYLAYER,  BYCODE, ,0,Vertical,12/9/2025 7:48, , , , ,1.283,0.656,1.103, , , , 
 ,20251209063040 2025-12-09 6:37:39.237345900 AM,31.85385538,54.60438451,1386.664,USER,Fixed,Corrected,None,124, ,BYCODE(0), ,0.016,0.013,0.014,0.02,         BYLAYER,  BYCODE, ,0,Vertical,12/9/2025 6:37, , , , ,1.326,0.78,1.073, , , , 
 ,20251209073132 2025-12-09 7:40:36.625203400 AM,31.84224373,54.62112576,1389.771,USER,Fixed,Corrected,None,160, ,BYCODE(0), ,0.012,0.01,0.011,0.016,         BYLAYER,  BYCODE, ,0,Vertical,12/9/2025 7:40, , , , ,1.486,0.708,1.307, , , , 
 ,20251209063040 2025-12-09 6:41:30.510480200 AM,31.8527394,54.60588869,1387.473,USER,Partial,Corrected,None,234, ,BYCODE(0), ,0.015,0.013,0.014,0.02,         BYLAYER,  BYCODE, ,0,Vertical,12/9/2025 6:41, , , , ,1.332,0.774,1.084, , , , 
 ,20251209070015 2025-12-09 7:14:52.762042800 AM,31.84659265,54.61673356,1388.991,USER,Fixed,Corrected,None,321, ,BYCODE(0), ,0.014,0.011,0.013,0.018,         BYLAYER,  BYCODE, ,0,Vertical,12/9/2025 7:14, , , , ,1.296,0.677,1.105, , , , 
 ,20251209070015 2025-12-09 7:04:02.817678700 AM,31.84991619,54.6116359,1389.102,USER,Fixed,Corrected,None,16, ,BYCODE(0), ,0.013,0.012,0.014,0.018,         BYLAYER,  BYCODE, ,0,Vertical,12/9/2025 7:04, , , , ,1.289,0.678,1.096, , , , 
 ,20251209070015 2025-12-09 7:09:42.468345900 AM,31.84738591,54.61365889,1388.003,USER,Fixed,Corrected,None,175, ,BYCODE(0), ,0.013,0.012,0.014,0.018,         BYLAYER,  BYCODE, ,0,Vertical,12/9/2025 7:09, , , , ,1.29,0.675,1.1, , , , 
 ,20251209081532 2025-12-09 8:17:39.059699100 AM,31.83797235,54.62563798,1282.816,USER,Fixed,Corrected,None,1, ,BYCODE(0), ,0.013,0.01,0.011,0.016,         BYLAYER,  BYCODE, ,0,Vertical,12/9/2025 8:17, , , , ,1.473,0.747,1.27, , , , 
 ,20251209081532 2025-12-09 8:23:01.700814200 AM,31.83676232,54.62702955,1386.287,USER,Fixed,Corrected,None,110, ,BYCODE(0), ,0.013,0.01,0.011,0.016,         BYLAYER,  BYCODE, ,0,Vertical,12/9/2025 8:23, , , , ,1.222,0.638,1.043, , , , 
 ,20251209081532 2025-12-09 8:30:15.429360600 AM,31.83512602,54.63077291,1387.098,USER,Fixed,Corrected,None,315, ,BYCODE(0), ,0.014,0.01,0.012,0.017,         BYLAYER,  BYCODE, ,0,Vertical,12/9/2025 8:30, , , , ,1.2,0.629,1.022, , , , 
 ,20251209063040 2025-12-09 6:33:27.457325900 AM,31.85675818,54.60397448,1389.961,USER,Fixed,Corrected,None,5, ,BYCODE(0), ,0.016,0.013,0.014,0.02,         BYLAYER,  BYCODE, ,0,Vertical,12/9/2025 6:33, , , , ,1.159,0.677,0.941, , , , 
 ,20251209081532 2025-12-09 8:30:27.353733800 AM,31.8351653,54.6313859,1387.127,USER,Fixed,Corrected,None,320, ,BYCODE(0), ,0.013,0.011,0.012,0.017,         BYLAYER,  BYCODE, ,0,Vertical,12/9/2025 8:30, , , , ,1.2,0.629,1.021, , , , 
 ,20251209070015 2025-12-09 7:19:37.376533500 AM,31.84495335,54.61873386,1388.902,USER,Partial,Corrected,None,455, ,BYCODE(0), ,0.014,0.011,0.013,0.017,         BYLAYER,  BYCODE, ,0,Vertical,12/9/2025 7:19, , , , ,1.307,0.676,1.119, , , , 
 ,20251209073132 2025-12-09 7:51:07.646964300 AM,31.83999469,54.62699142,1388.954,USER,Fixed,Corrected,None,450, ,BYCODE(0), ,0.013,0.01,0.011,0.017,         BYLAYER,  BYCODE, ,0,Vertical,12/9/2025 7:51, , , , ,1.277,0.654,1.097, , , , 
 ,20251209073132 2025-12-09 7:42:46.746076100 AM,31.84207167,54.62265439,1390.347,USER,Fixed,Corrected,None,221, ,BYCODE(0), ,0.013,0.01,0.011,0.016,         BYLAYER,  BYCODE, ,0,Vertical,12/9/2025 7:42, , , , ,1.277,0.651,1.099, , , , 
 ,20251209073132 2025-12-09 7:44:44.850070000 AM,31.84084028,54.62284423,1387.714,USER,Fixed,Corrected,None,275, ,BYCODE(0), ,0.013,0.011,0.011,0.016,         BYLAYER,  BYCODE, ,0,Vertical,12/9/2025 7:44, , , , ,1.277,0.65,1.099, , , , 
 ,20251209070015 2025-12-09 7:04:04.804410200 AM,31.84979375,54.61148214,1388.695,USER,Fixed,Corrected,None,17, ,BYCODE(0), ,0.014,0.012,0.014,0.018,         BYLAYER,  BYCODE, ,0,Vertical,12/9/2025 7:04, , , , ,1.289,0.678,1.096, , , , 
 ,20251209073132 2025-12-09 7:38:17.100288900 AM,31.84465168,54.62183329,1394.419,USER,Fixed,Corrected,None,96, ,BYCODE(0), ,0.012,0.011,0.013,0.016,         BYLAYER,  BYCODE, ,0,Vertical,12/9/2025 7:38, , , , ,1.489,0.709,1.309, , , , 
 ,20251209070015 2025-12-09 7:14:54.757202400 AM,31.84646988,54.61657949,1388.725,USER,Fixed,Corrected,None,322, ,BYCODE(0), ,0.014,0.011,0.013,0.018,         BYLAYER,  BYCODE, ,0,Vertical,12/9/2025 7:14, , , , ,1.296,0.677,1.105, , , , 
 ,20251209063040 2025-12-09 6:37:41.255601600 AM,31.85398055,54.60454589,1386.884,USER,Partial,Corrected,None,125, ,BYCODE(0), ,0.015,0.013,0.014,0.02,         BYLAYER,  BYCODE, ,0,Vertical,12/9/2025 6:37, , , , ,1.326,0.78,1.073, , , , 
 ,20251209063040 2025-12-09 6:48:16.441468500 AM,31.85081773,54.60927364,1387.954,USER,Fixed,Corrected,None,423, ,BYCODE(0), ,0.016,0.013,0.014,0.02,         BYLAYER,  BYCODE, ,0,Vertical,12/9/2025 6:48, , , , ,1.329,0.737,1.106, , , , 
 ,20251209073132 2025-12-09 7:48:13.745895100 AM,31.84125853,54.62574425,1392.141,USER,Fixed,Corrected,None,368, ,BYCODE(0), ,0.013,0.011,0.011,0.017,         BYLAYER,  BYCODE, ,0,Vertical,12/9/2025 7:48, , , , ,1.283,0.656,1.103, , , , 
 ,20251209063040 2025-12-09 6:41:32.513955100 AM,31.85267195,54.60584476,1387.312,USER,Fixed,Corrected,None,235, ,BYCODE(0), ,0.015,0.013,0.014,0.02,         BYLAYER,  BYCODE, ,0,Vertical,12/9/2025 6:41, , , , ,1.332,0.774,1.084, , , , 
 ,20251209070015 2025-12-09 7:09:45.427180500 AM,31.84750724,54.61382467,1387.879,USER,Partial,Corrected,None,176, ,BYCODE(0), ,0.013,0.012,0.014,0.018,         BYLAYER,  BYCODE, ,0,Vertical,12/9/2025 7:09, , , , ,1.29,0.675,1.1, , , , 
 ,20251209081532 2025-12-09 8:31:53.118830200 AM,31.83435508,54.63154896,1386.076,USER,Fixed,Corrected,None,360, ,BYCODE(0), ,0.013,0.011,0.012,0.017,         BYLAYER,  BYCODE, ,0,Vertical,12/9/2025 8:31, , , , ,1.197,0.628,1.019, , , , 
 ,20251209063040 2025-12-09 6:33:29.450501700 AM,31.85663469,54.60382163,1389.805,USER,Fixed,Corrected,None,6, ,BYCODE(0), ,0.016,0.013,0.014,0.02,         BYLAYER,  BYCODE, ,0,Vertical,12/9/2025 6:33, , , , ,1.159,0.677,0.941, , , , 
 ,20251209070015 2025-12-09 7:04:06.791128900 AM,31.84967153,54.61132859,1388.311,USER,Fixed,Corrected,None,18, ,BYCODE(0), ,0.014,0.012,0.014,0.018,         BYLAYER,  BYCODE, ,0,Vertical,12/9/2025 7:04, , , , ,1.289,0.678,1.096, , , , 
 ,20251209070015 2025-12-09 7:19:39.367430700 AM,31.84507533,54.61888769,1389.171,USER,Fixed,Corrected,None,456, ,BYCODE(0), ,0.014,0.011,0.013,0.017,         BYLAYER,  BYCODE, ,0,Vertical,12/9/2025 7:19, , , , ,1.308,0.676,1.119, , , , 
 ,20251209063040 2025-12-09 6:51:13.321714900 AM,31.84971208,54.61077639,1387.726,USER,Fixed,Corrected,None,507, ,BYCODE(0), ,0.016,0.012,0.014,0.02,         BYLAYER,  BYCODE, ,0,Vertical,12/9/2025 6:51, , , , ,1.339,0.736,1.118, , , , 
 ,20251209081532 2025-12-09 8:24:36.161060100 AM,31.8368461,54.62830758,1388.482,USER,Fixed,Corrected,None,155, ,BYCODE(0), ,0.013,0.01,0.011,0.016,         BYLAYER,  BYCODE, ,0,Vertical,12/9/2025 8:24, , , , ,1.222,0.637,1.044, , , , 
 ,20251209073132 2025-12-09 7:40:38.615975600 AM,31.84236579,54.62127854,1390.181,USER,Fixed,Corrected,None,161, ,BYCODE(0), ,0.012,0.01,0.011,0.016,         BYLAYER,  BYCODE, ,0,Vertical,12/9/2025 7:40, , , , ,1.486,0.708,1.307, , , , 
 ,20251209070015 2025-12-09 7:14:56.748117700 AM,31.84634741,54.61642559,1388.699,USER,Fixed,Corrected,None,323, ,BYCODE(0), ,0.014,0.011,0.013,0.018,         BYLAYER,  BYCODE, ,0,Vertical,12/9/2025 7:14, , , , ,1.296,0.677,1.105, , , , 
 ,20251209063040 2025-12-09 6:45:04.517637500 AM,31.85335473,54.61014212,1391.573,USER,Fixed,Corrected,None,333, ,BYCODE(0), ,0.016,0.013,0.014,0.02,         BYLAYER,  BYCODE, ,0,Vertical,12/9/2025 6:45, , , , ,1.347,0.775,1.101, , , , 
 ,20251209063040 2025-12-09 6:33:30.204408400 AM,31.85658336,54.60376962,1389.694,USER,Fixed,Corrected,None,7, ,BYCODE(0), ,0.016,0.013,0.014,0.02,         BYLAYER,  BYCODE, ,0,Vertical,12/9/2025 6:33, , , , ,1.159,0.677,0.941, , , , 
 ,20251209073132 2025-12-09 7:35:44.098369400 AM,31.84530609,54.62093135,1394.21,USER,Fixed,Corrected,None,24, ,BYCODE(0), ,0.012,0.011,0.013,0.016,         BYLAYER,  BYCODE, ,0,Vertical,12/9/2025 7:35, , , , ,1.491,0.711,1.311, , , , 
 ,20251209070015 2025-12-09 7:09:47.422371400 AM,31.84762994,54.6139838,1387.916,USER,Partial,Corrected,None,177, ,BYCODE(0), ,0.013,0.012,0.014,0.018,         BYLAYER,  BYCODE, ,0,Vertical,12/9/2025 7:09, , , , ,1.29,0.675,1.1, , , , 
 ,20251209073132 2025-12-09 7:46:34.705380400 AM,31.84092846,54.624121,1389.058,USER,Fixed,Corrected,None,320, ,BYCODE(0), ,0.013,0.01,0.011,0.016,         BYLAYER,  BYCODE, ,0,Vertical,12/9/2025 7:46, , , , ,1.275,0.649,1.098, , , , 
 ,20251209070015 2025-12-09 7:04:08.786333100 AM,31.84954883,54.61117366,1387.997,USER,Fixed,Corrected,None,19, ,BYCODE(0), ,0.014,0.012,0.014,0.018,         BYLAYER,  BYCODE, ,0,Vertical,12/9/2025 7:04, , , , ,1.289,0.678,1.096, , , , 
 ,20251209063040 2025-12-09 6:37:43.246401100 AM,31.85410252,54.60469953,1387.492,USER,Fixed,Corrected,None,126, ,BYCODE(0), ,0.015,0.013,0.014,0.02,         BYLAYER,  BYCODE, ,0,Vertical,12/9/2025 6:37, , , , ,1.327,0.78,1.073, , , , 
 ,20251209081532 2025-12-09 8:27:53.998548300 AM,31.83563563,54.62967436,1386.281,USER,Fixed,Corrected,None,249, ,BYCODE(0), ,0.013,0.01,0.011,0.017,         BYLAYER,  BYCODE, ,0,Vertical,12/9/2025 8:27, , , , ,1.221,0.634,1.043, , , , 
 ,20251209081532 2025-12-09 8:26:28.617681300 AM,31.8363052,54.6293639,1387.427,USER,Fixed,Corrected,None,208, ,BYCODE(0), ,0.013,0.01,0.011,0.016,         BYLAYER,  BYCODE, ,0,Vertical,12/9/2025 8:26, , , , ,1.222,0.635,1.044, , , , 
 ,20251209070015 2025-12-09 7:19:41.335556700 AM,31.8451966,54.61903941,1389.409,USER,Partial,Corrected,None,457, ,BYCODE(0), ,0.014,0.011,0.013,0.017,         BYLAYER,  BYCODE, ,0,Vertical,12/9/2025 7:19, , , , ,1.308,0.676,1.119, , , , 
 ,20251209081532 2025-12-09 8:23:51.893476700 AM,31.83664471,54.62747104,1386.595,USER,Fixed,Corrected,None,134, ,BYCODE(0), ,0.013,0.01,0.011,0.016,         BYLAYER,  BYCODE, ,0,Vertical,12/9/2025 8:23, , , , ,1.222,0.637,1.043, , , , 
 ,20251209063040 2025-12-09 6:48:18.430442600 AM,31.85069702,54.60912148,1387.806,USER,Fixed,Corrected,None,424, ,BYCODE(0), ,0.016,0.013,0.014,0.02,         BYLAYER,  BYCODE, ,0,Vertical,12/9/2025 6:48, , , , ,1.329,0.737,1.106, , , , 
 ,20251209070015 2025-12-09 7:14:58.714248700 AM,31.84622646,54.61627389,1388.558,USER,Fixed,Corrected,None,324, ,BYCODE(0), ,0.014,0.011,0.013,0.018,         BYLAYER,  BYCODE, ,0,Vertical,12/9/2025 7:14, , , , ,1.296,0.677,1.105, , , , 
 ,20251209081532 2025-12-09 8:22:09.504627700 AM,31.8382707,54.62834685,1389.452,USER,Fixed,Corrected,None,85, ,BYCODE(0), ,0.013,0.01,0.011,0.016,         BYLAYER,  BYCODE, ,0,Vertical,12/9/2025 8:22, , , , ,1.222,0.639,1.042, , , , 
 ,20251209081532 2025-12-09 8:20:06.762491900 AM,31.83743961,54.62556763,1385.965,USER,Fixed,Corrected,None,27, ,BYCODE(0), ,0.013,0.01,0.011,0.016,         BYLAYER,  BYCODE, ,0,Vertical,12/9/2025 8:20, , , , ,1.434,0.739,1.229, , , , 
 ,20251209070015 2025-12-09 7:09:49.413472700 AM,31.84775131,54.61413778,1388.492,USER,Partial,Corrected,None,178, ,BYCODE(0), ,0.013,0.012,0.014,0.018,         BYLAYER,  BYCODE, ,0,Vertical,12/9/2025 7:09, , , , ,1.29,0.675,1.1, , , , 
 ,20251209073132 2025-12-09 7:42:48.734806800 AM,31.8419492,54.62250035,1390.077,USER,Fixed,Corrected,None,222, ,BYCODE(0), ,0.013,0.011,0.011,0.016,         BYLAYER,  BYCODE, ,0,Vertical,12/9/2025 7:42, , , , ,1.277,0.651,1.099, , , , 
 ,20251209070015 2025-12-09 7:04:10.850856800 AM,31.84942705,54.61102141,1387.789,USER,Partial,Corrected,None,20, ,BYCODE(0), ,0.014,0.012,0.014,0.018,         BYLAYER,  BYCODE, ,0,Vertical,12/9/2025 7:04, , , , ,1.289,0.678,1.096, , , , 
 ,20251209063040 2025-12-09 6:33:32.222301500 AM,31.85643038,54.60365498,1389.434,USER,Fixed,Corrected,None,8, ,BYCODE(0), ,0.016,0.013,0.014,0.02,         BYLAYER,  BYCODE, ,0,Vertical,12/9/2025 6:33, , , , ,1.159,0.677,0.941, , , , 
 ,20251209063040 2025-12-09 6:51:15.310876100 AM,31.8498344,54.61093384,1387.617,USER,Fixed,Corrected,None,508, ,BYCODE(0), ,0.016,0.013,0.014,0.02,         BYLAYER,  BYCODE, ,0,Vertical,12/9/2025 6:51, , , , ,1.339,0.736,1.118, , , , 
 ,20251209063040 2025-12-09 6:45:06.508820800 AM,31.85323059,54.60998808,1391.171,USER,Fixed,Corrected,None,334, ,BYCODE(0), ,0.016,0.013,0.014,0.02,         BYLAYER,  BYCODE, ,0,Vertical,12/9/2025 6:45, , , , ,1.347,0.775,1.102, , , , 
 ,20251209063040 2025-12-09 6:41:35.704246300 AM,31.85254822,54.60600897,1387.31,USER,Fixed,Corrected,None,236, ,BYCODE(0), ,0.015,0.013,0.014,0.02,         BYLAYER,  BYCODE, ,0,Vertical,12/9/2025 6:41, , , , ,1.332,0.774,1.084, , , , 
 ,20251209063040 2025-12-09 6:37:45.224787500 AM,31.85422421,54.60485111,1387.892,USER,Fixed,Corrected,None,127, ,BYCODE(0), ,0.015,0.013,0.014,0.02,         BYLAYER,  BYCODE, ,0,Vertical,12/9/2025 6:37, , , , ,1.327,0.78,1.073, , , , 
 ,20251209070015 2025-12-09 7:19:43.359534000 AM,31.84532101,54.6191959,1389.68,USER,Partial,Corrected,None,458, ,BYCODE(0), ,0.014,0.011,0.013,0.017,         BYLAYER,  BYCODE, ,0,Vertical,12/9/2025 7:19, , , , ,1.308,0.676,1.12, , , , 
 ,20251209073132 2025-12-09 7:52:24.887964000 AM,31.83968567,54.62720809,1388.926,USER,Partial,Corrected,None,487, ,BYCODE(0), ,0.013,0.01,0.012,0.017,         BYLAYER,  BYCODE, ,0,Vertical,12/9/2025 7:52, , , , ,1.457,0.735,1.258, , , , 
 ,20251209070015 2025-12-09 7:15:00.715456000 AM,31.84610384,54.6161193,1388.308,USER,Fixed,Corrected,None,325, ,BYCODE(0), ,0.014,0.011,0.013,0.018,         BYLAYER,  BYCODE, ,0,Vertical,12/9/2025 7:15, , , , ,1.296,0.677,1.105, , , , 
 ,20251209073132 2025-12-09 7:44:46.836819900 AM,31.8409625,54.62299802,1388.076,USER,Fixed,Corrected,None,276, ,BYCODE(0), ,0.013,0.011,0.011,0.016,         BYLAYER,  BYCODE, ,0,Vertical,12/9/2025 7:44, , , , ,1.277,0.65,1.099, , , , 
 ,20251209070015 2025-12-09 7:09:51.404394900 AM,31.8478733,54.6142904,1388.834,USER,Fixed,Corrected,None,179, ,BYCODE(0), ,0.013,0.012,0.014,0.018,         BYLAYER,  BYCODE, ,0,Vertical,12/9/2025 7:09, , , , ,1.29,0.675,1.1, , , , 
 ,20251209073132 2025-12-09 7:38:19.669372100 AM,31.84471868,54.62196197,1394.851,USER,Fixed,Corrected,None,97, ,BYCODE(0), ,0.012,0.011,0.013,0.016,         BYLAYER,  BYCODE, ,0,Vertical,12/9/2025 7:38, , , , ,1.489,0.709,1.309, , , , 
 ,20251209070015 2025-12-09 7:04:13.104697000 AM,31.8493487,54.61096508,1387.707,USER,Partial,Corrected,None,21, ,BYCODE(0), ,0.014,0.012,0.014,0.018,         BYLAYER,  BYCODE, ,0,Vertical,12/9/2025 7:04, , , , ,1.289,0.678,1.096, , , , 
 ,20251209073132 2025-12-09 7:35:46.085303100 AM,31.84518213,54.62077745,1393.775,USER,Fixed,Corrected,None,25, ,BYCODE(0), ,0.012,0.011,0.013,0.016,         BYLAYER,  BYCODE, ,0,Vertical,12/9/2025 7:35, , , , ,1.491,0.711,1.311, , , , 
 ,20251209073132 2025-12-09 7:49:46.249913900 AM,31.84037518,54.62632703,1388.425,USER,Fixed,Corrected,None,411, ,BYCODE(0), ,0.013,0.011,0.011,0.017,         BYLAYER,  BYCODE, ,0,Vertical,12/9/2025 7:49, , , , ,1.28,0.655,1.1, , , , 
 ,20251209063040 2025-12-09 6:33:34.178037200 AM,31.85628109,54.60354618,1389.279,USER,Fixed,Corrected,None,9, ,BYCODE(0), ,0.016,0.013,0.014,0.02,         BYLAYER,  BYCODE, ,0,Vertical,12/9/2025 6:33, , , , ,1.159,0.677,0.941, , , , 
 ,20251209073132 2025-12-09 7:40:40.604904700 AM,31.84248788,54.62143187,1390.404,USER,Fixed,Corrected,None,162, ,BYCODE(0), ,0.012,0.01,0.011,0.016,         BYLAYER,  BYCODE, ,0,Vertical,12/9/2025 7:40, , , , ,1.486,0.707,1.307, , , , 
 ,20251209081532 2025-12-09 8:21:10.860849400 AM,31.8372,54.62585652,1386.21,USER,Fixed,Corrected,None,58, ,BYCODE(0), ,0.013,0.01,0.011,0.016,         BYLAYER,  BYCODE, ,0,Vertical,12/9/2025 8:21, , , , ,1.425,0.736,1.22, , , , 
 ,20251209081532 2025-12-09 8:25:54.639344200 AM,31.83595694,54.6283477,1386.575,USER,Fixed,Corrected,None,192, ,BYCODE(0), ,0.013,0.01,0.011,0.017,         BYLAYER,  BYCODE, ,0,Vertical,12/9/2025 8:25, , , , ,1.222,0.636,1.044, , , , 
 ,20251209081532 2025-12-09 8:28:39.385222000 AM,31.83479164,54.62919492,1385.691,USER,Fixed,Corrected,None,270, ,BYCODE(0), ,0.013,0.01,0.012,0.017,         BYLAYER,  BYCODE, ,0,Vertical,12/9/2025 8:28, , , , ,1.202,0.631,1.023, , , , 
 ,20251209070015 2025-12-09 7:19:45.319505000 AM,31.8454415,54.61934715,1389.961,USER,Fixed,Corrected,None,459, ,BYCODE(0), ,0.014,0.011,0.013,0.017,         BYLAYER,  BYCODE, ,0,Vertical,12/9/2025 7:19, , , , ,1.308,0.676,1.12, , , , 
 ,20251209070015 2025-12-09 7:09:53.399169900 AM,31.84799639,54.61444393,1389.296,USER,Partial,Corrected,None,180, ,BYCODE(0), ,0.013,0.012,0.014,0.018,         BYLAYER,  BYCODE, ,0,Vertical,12/9/2025 7:09, , , , ,1.29,0.675,1.1, , , , 
 ,20251209070015 2025-12-09 7:15:02.702340600 AM,31.8459817,54.61596569,1387.902,USER,Fixed,Corrected,None,326, ,BYCODE(0), ,0.014,0.011,0.013,0.018,         BYLAYER,  BYCODE, ,0,Vertical,12/9/2025 7:15, , , , ,1.296,0.677,1.106, , , , 
 ,20251209063040 2025-12-09 6:48:21.086829900 AM,31.85059887,54.6090388,1387.483,USER,Fixed,Corrected,None,425, ,BYCODE(0), ,0.016,0.013,0.014,0.02,         BYLAYER,  BYCODE, ,0,Vertical,12/9/2025 6:48, , , , ,1.329,0.737,1.107, , , , 
 ,20251209063040 2025-12-09 6:37:47.219754500 AM,31.85434723,54.60500494,1388.326,USER,Fixed,Corrected,None,128, ,BYCODE(0), ,0.015,0.013,0.014,0.02,         BYLAYER,  BYCODE, ,0,Vertical,12/9/2025 6:37, , , , ,1.327,0.78,1.073, , , , 
 ,20251209063040 2025-12-09 6:45:08.483569100 AM,31.85311002,54.60983616,1390.809,USER,Partial,Corrected,None,335, ,BYCODE(0), ,0.016,0.013,0.014,0.02,         BYLAYER,  BYCODE, ,0,Vertical,12/9/2025 6:45, , , , ,1.347,0.775,1.102, , , , 
 ,20251209073132 2025-12-09 7:46:36.700196300 AM,31.84105067,54.62427535,1389.408,USER,Fixed,Corrected,None,321, ,BYCODE(0), ,0.013,0.01,0.011,0.016,         BYLAYER,  BYCODE, ,0,Vertical,12/9/2025 7:46, , , , ,1.275,0.648,1.098, , , , 
 ,20251209063040 2025-12-09 6:41:38.064514900 AM,31.85249371,54.60613659,1387.9,USER,Partial,Corrected,None,237, ,BYCODE(0), ,0.015,0.013,0.014,0.02,         BYLAYER,  BYCODE, ,0,Vertical,12/9/2025 6:41, , , , ,1.332,0.774,1.084, , , , 
 ,20251209063040 2025-12-09 6:51:17.302070400 AM,31.84995575,54.61108746,1388.181,USER,Fixed,Corrected,None,509, ,BYCODE(0), ,0.016,0.012,0.014,0.02,         BYLAYER,  BYCODE, ,0,Vertical,12/9/2025 6:51, , , , ,1.339,0.736,1.118, , , , 
 ,20251209070015 2025-12-09 7:04:16.301281900 AM,31.8492243,54.61112986,1386.977,USER,Fixed,Corrected,None,22, ,BYCODE(0), ,0.013,0.012,0.014,0.018,         BYLAYER,  BYCODE, ,0,Vertical,12/9/2025 7:04, , , , ,1.289,0.678,1.096, , , , 
 ,20251209081532 2025-12-09 8:27:28.355604200 AM,31.83604748,54.62961297,1387.106,USER,Fixed,Corrected,None,237, ,BYCODE(0), ,0.013,0.011,0.012,0.016,         BYLAYER,  BYCODE, ,0,Vertical,12/9/2025 8:27, , , , ,1.221,0.634,1.044, , , , 
 ,20251209063040 2025-12-09 6:33:36.200044400 AM,31.8561265,54.60343296,1389.008,USER,Fixed,Corrected,None,10, ,BYCODE(0), ,0.016,0.013,0.014,0.02,         BYLAYER,  BYCODE, ,0,Vertical,12/9/2025 6:33, , , , ,1.159,0.677,0.941, , , , 
 ,20251209081532 2025-12-09 8:23:03.704078400 AM,31.8368853,54.62718397,1386.619,USER,Fixed,Corrected,None,111, ,BYCODE(0), ,0.013,0.01,0.011,0.016,         BYLAYER,  BYCODE, ,0,Vertical,12/9/2025 8:23, , , , ,1.222,0.638,1.043, , , , 
 ,20251209070015 2025-12-09 7:09:55.373472500 AM,31.84811825,54.61459622,1389.785,USER,Partial,Corrected,None,181, ,BYCODE(0), ,0.013,0.012,0.014,0.018,         BYLAYER,  BYCODE, ,0,Vertical,12/9/2025 7:09, , , , ,1.29,0.675,1.1, , , , 
 ,20251209081532 2025-12-09 8:30:38.215661000 AM,31.83453771,54.63061804,1386.194,USER,Fixed,Corrected,None,325, ,BYCODE(0), ,0.013,0.011,0.012,0.017,         BYLAYER,  BYCODE, ,0,Vertical,12/9/2025 8:30, , , , ,1.199,0.629,1.021, , , , 
 ,20251209070015 2025-12-09 7:15:04.724690200 AM,31.84585713,54.61580935,1387.79,USER,Fixed,Corrected,None,327, ,BYCODE(0), ,0.014,0.011,0.013,0.018,         BYLAYER,  BYCODE, ,0,Vertical,12/9/2025 7:15, , , , ,1.296,0.677,1.106, , , , 
 ,20251209070015 2025-12-09 7:19:47.341934400 AM,31.84556513,54.61950334,1390.11,USER,Fixed,Corrected,None,460, ,BYCODE(0), ,0.014,0.011,0.013,0.017,         BYLAYER,  BYCODE, ,0,Vertical,12/9/2025 7:19, , , , ,1.308,0.676,1.12, , , , 
 ,20251209073132 2025-12-09 7:42:50.723479300 AM,31.84182701,54.62234678,1389.62,USER,Fixed,Corrected,None,223, ,BYCODE(0), ,0.013,0.011,0.011,0.016,         BYLAYER,  BYCODE, ,0,Vertical,12/9/2025 7:42, , , , ,1.277,0.651,1.099, , , , 
 ,20251209073132 2025-12-09 7:35:48.072019600 AM,31.84505996,54.62062384,1393.529,USER,Fixed,Corrected,None,26, ,BYCODE(0), ,0.012,0.011,0.013,0.016,         BYLAYER,  BYCODE, ,0,Vertical,12/9/2025 7:35, , , , ,1.491,0.711,1.311, , , , 
 ,20251209081532 2025-12-09 8:29:49.536181400 AM,31.83353536,54.62877121,1383.536,USER,Fixed,Corrected,None,302, ,BYCODE(0), ,0.013,0.011,0.012,0.017,         BYLAYER,  BYCODE, ,0,Vertical,12/9/2025 8:29, , , , ,1.201,0.63,1.022, , , , 
 ,20251209063040 2025-12-09 6:37:49.218749300 AM,31.85447044,54.6051591,1388.753,USER,Fixed,Corrected,None,129, ,BYCODE(0), ,0.015,0.013,0.014,0.02,         BYLAYER,  BYCODE, ,0,Vertical,12/9/2025 6:37, , , , ,1.327,0.78,1.074, , , , 
 ,20251209073132 2025-12-09 7:48:16.873622200 AM,31.84112341,54.62589774,1390.276,USER,Fixed,Corrected,None,369, ,BYCODE(0), ,0.013,0.011,0.011,0.017,         BYLAYER,  BYCODE, ,0,Vertical,12/9/2025 7:48, , , , ,1.283,0.656,1.103, , , , 
 ,20251209070015 2025-12-09 7:04:18.657488600 AM,31.84916966,54.61125903,1387.06,USER,Partial,Corrected,None,23, ,BYCODE(0), ,0.013,0.012,0.014,0.018,         BYLAYER,  BYCODE, ,0,Vertical,12/9/2025 7:04, , , , ,1.289,0.677,1.096, , , , 
 ,20251209073132 2025-12-09 7:40:42.606050500 AM,31.84261103,54.62158727,1390.62,USER,Fixed,Corrected,None,163, ,BYCODE(0), ,0.012,0.01,0.011,0.016,         BYLAYER,  BYCODE, ,0,Vertical,12/9/2025 7:40, , , , ,1.486,0.707,1.307, , , , 
 ,20251209063040 2025-12-09 6:45:10.472742300 AM,31.85298868,54.60968271,1390.397,USER,Fixed,Corrected,None,336, ,BYCODE(0), ,0.016,0.013,0.014,0.02,         BYLAYER,  BYCODE, ,0,Vertical,12/9/2025 6:45, , , , ,1.347,0.775,1.102, , , , 
 ,20251209070015 2025-12-09 7:09:57.359863500 AM,31.84824039,54.6147495,1390.196,USER,Partial,Corrected,None,182, ,BYCODE(0), ,0.014,0.012,0.013,0.018,         BYLAYER,  BYCODE, ,0,Vertical,12/9/2025 7:09, , , , ,1.29,0.675,1.1, , , , 
 ,20251209063040 2025-12-09 6:33:38.156724900 AM,31.85597759,54.60332296,1388.626,USER,Fixed,Corrected,None,11, ,BYCODE(0), ,0.016,0.013,0.014,0.02,         BYLAYER,  BYCODE, ,0,Vertical,12/9/2025 6:33, , , , ,1.159,0.677,0.941, , , , 
 ,20251209073132 2025-12-09 7:44:48.829741200 AM,31.84108496,54.62315282,1388.694,USER,Fixed,Corrected,None,277, ,BYCODE(0), ,0.013,0.011,0.011,0.016,         BYLAYER,  BYCODE, ,0,Vertical,12/9/2025 7:44, , , , ,1.276,0.65,1.099, , , , 
 ,20251209073132 2025-12-09 7:51:10.605763000 AM,31.8398579,54.6268382,1388.385,USER,Partial,Corrected,None,451, ,BYCODE(0), ,0.013,0.011,0.011,0.017,         BYLAYER,  BYCODE, ,0,Vertical,12/9/2025 7:51, , , , ,1.277,0.654,1.097, , , , 
 ,20251209070015 2025-12-09 7:19:49.329322600 AM,31.84568702,54.61965811,1390.406,USER,Fixed,Corrected,None,461, ,BYCODE(0), ,0.014,0.011,0.013,0.017,         BYLAYER,  BYCODE, ,0,Vertical,12/9/2025 7:19, , , , ,1.308,0.676,1.12, , , , 
 ,20251209063040 2025-12-09 6:51:19.293299200 AM,31.85007821,54.61124061,1388.634,USER,Fixed,Corrected,None,510, ,BYCODE(0), ,0.016,0.012,0.014,0.02,         BYLAYER,  BYCODE, ,0,Vertical,12/9/2025 6:51, , , , ,1.339,0.736,1.118, , , , 
 ,20251209070015 2025-12-09 7:15:07.381134500 AM,31.84573843,54.61567036,1387.637,USER,Fixed,Corrected,None,328, ,BYCODE(0), ,0.014,0.011,0.013,0.018,         BYLAYER,  BYCODE, ,0,Vertical,12/9/2025 7:15, , , , ,1.297,0.677,1.106, , , , 
 ,20251209073132 2025-12-09 7:38:22.717935100 AM,31.84459754,54.62212358,1394.079,USER,Fixed,Corrected,None,98, ,BYCODE(0), ,0.012,0.011,0.013,0.016,         BYLAYER,  BYCODE, ,0,Vertical,12/9/2025 7:38, , , , ,1.489,0.709,1.309, , , , 
 ,20251209063040 2025-12-09 6:41:40.923298800 AM,31.85261272,54.6063043,1387.971,USER,Partial,Corrected,None,238, ,BYCODE(0), ,0.016,0.012,0.014,0.02,         BYLAYER,  BYCODE, ,0,Vertical,12/9/2025 6:41, , , , ,1.332,0.774,1.085, , , , 
 ,20251209081532 2025-12-09 8:25:18.379027400 AM,31.8359961,54.62781778,1386.512,USER,Fixed,Corrected,None,175, ,BYCODE(0), ,0.013,0.01,0.011,0.016,         BYLAYER,  BYCODE, ,0,Vertical,12/9/2025 8:25, , , , ,1.222,0.636,1.044, , , , 
 ,20251209063040 2025-12-09 6:37:51.184815600 AM,31.85459163,54.60531019,1389.164,USER,Partial,Corrected,None,130, ,BYCODE(0), ,0.015,0.013,0.014,0.02,         BYLAYER,  BYCODE, ,0,Vertical,12/9/2025 6:37, , , , ,1.327,0.78,1.074, , , , 
 ,20251209070015 2025-12-09 7:09:59.348617800 AM,31.84836333,54.614904,1390.74,USER,Fixed,Corrected,None,183, ,BYCODE(0), ,0.014,0.012,0.013,0.018,         BYLAYER,  BYCODE, ,0,Vertical,12/9/2025 7:09, , , , ,1.29,0.675,1.1, , , , 
 ,20251209070015 2025-12-09 7:04:21.520390300 AM,31.84929032,54.61142425,1387.041,USER,Partial,Corrected,None,24, ,BYCODE(0), ,0.014,0.012,0.014,0.018,         BYLAYER,  BYCODE, ,0,Vertical,12/9/2025 7:04, , , , ,1.289,0.677,1.096, , , , 
 ,20251209070015 2025-12-09 7:15:08.139951200 AM,31.8457119,54.61566896,1387.485,USER,Fixed,Corrected,None,329, ,BYCODE(0), ,0.014,0.011,0.013,0.018,         BYLAYER,  BYCODE, ,0,Vertical,12/9/2025 7:15, , , , ,1.297,0.677,1.106, , , , 
 ,20251209081532 2025-12-09 8:30:03.484290800 AM,31.83439044,54.62984972,1386.088,USER,Fixed,Corrected,None,309, ,BYCODE(0), ,0.014,0.01,0.012,0.017,         BYLAYER,  BYCODE, ,0,Vertical,12/9/2025 8:30, , , , ,1.2,0.63,1.022, , , , 
 ,20251209063040 2025-12-09 6:48:24.276904600 AM,31.8504747,54.60920337,1386.507,USER,Fixed,Corrected,None,426, ,BYCODE(0), ,0.016,0.013,0.014,0.02,         BYLAYER,  BYCODE, ,0,Vertical,12/9/2025 6:48, , , , ,1.329,0.737,1.107, , , , 
 ,20251209073132 2025-12-09 7:49:48.269614200 AM,31.84024886,54.62617028,1387.9,USER,Fixed,Corrected,None,412, ,BYCODE(0), ,0.013,0.011,0.011,0.017,         BYLAYER,  BYCODE, ,0,Vertical,12/9/2025 7:49, , , , ,1.28,0.655,1.1, , , , 
 ,20251209063040 2025-12-09 6:33:40.160373200 AM,31.85582482,54.60321055,1388.388,USER,Fixed,Corrected,None,12, ,BYCODE(0), ,0.016,0.013,0.014,0.02,         BYLAYER,  BYCODE, ,0,Vertical,12/9/2025 6:33, , , , ,1.16,0.677,0.941, , , , 
 ,20251209081532 2025-12-09 8:29:34.443776100 AM,31.83398658,54.62876363,1384.317,USER,Fixed,Corrected,None,296, ,BYCODE(0), ,0.014,0.01,0.012,0.017,         BYLAYER,  BYCODE, ,0,Vertical,12/9/2025 8:29, , , , ,1.201,0.63,1.022, , , , 
 ,20251209070015 2025-12-09 7:19:51.316324900 AM,31.84580897,54.61981212,1391.018,USER,Partial,Corrected,None,462, ,BYCODE(0), ,0.014,0.011,0.013,0.017,         BYLAYER,  BYCODE, ,0,Vertical,12/9/2025 7:19, , , , ,1.308,0.676,1.12, , , , 
 ,20251209073132 2025-12-09 7:35:50.058764500 AM,31.84493843,54.62047032,1393.231,USER,Fixed,Corrected,None,27, ,BYCODE(0), ,0.012,0.011,0.013,0.016,         BYLAYER,  BYCODE, ,0,Vertical,12/9/2025 7:35, , , , ,1.491,0.711,1.311, , , , 
 ,20251209063040 2025-12-09 6:45:12.476030100 AM,31.8528654,54.60952788,1390.124,USER,Fixed,Corrected,None,337, ,BYCODE(0), ,0.016,0.013,0.014,0.02,         BYLAYER,  BYCODE, ,0,Vertical,12/9/2025 6:45, , , , ,1.347,0.775,1.102, , , , 
 ,20251209073132 2025-12-09 7:46:38.699214000 AM,31.84117331,54.62442915,1389.634,USER,Fixed,Corrected,None,322, ,BYCODE(0), ,0.013,0.01,0.011,0.016,         BYLAYER,  BYCODE, ,0,Vertical,12/9/2025 7:46, , , , ,1.275,0.648,1.098, , , , 
 ,20251209070015 2025-12-09 7:04:23.507332600 AM,31.84941405,54.61158235,1387.179,USER,Fixed,Corrected,None,25, ,BYCODE(0), ,0.014,0.012,0.014,0.018,         BYLAYER,  BYCODE, ,0,Vertical,12/9/2025 7:04, , , , ,1.289,0.677,1.096, , , , 
 ,20251209070015 2025-12-09 7:10:01.340011100 AM,31.84848544,54.61505881,1391.246,USER,Fixed,Corrected,None,184, ,BYCODE(0), ,0.013,0.012,0.013,0.018,         BYLAYER,  BYCODE, ,0,Vertical,12/9/2025 7:10, , , , ,1.29,0.675,1.1, , , , 
 ,20251209081532 2025-12-09 8:20:08.724508800 AM,31.83755975,54.62571795,1386.165,USER,Fixed,Corrected,None,28, ,BYCODE(0), ,0.013,0.01,0.011,0.016,         BYLAYER,  BYCODE, ,0,Vertical,12/9/2025 8:20, , , , ,1.433,0.738,1.228, , , , 
 ,20251209073132 2025-12-09 7:42:52.712120800 AM,31.84170474,54.6221931,1389.176,USER,Fixed,Corrected,None,224, ,BYCODE(0), ,0.013,0.01,0.011,0.016,         BYLAYER,  BYCODE, ,0,Vertical,12/9/2025 7:42, , , , ,1.277,0.651,1.099, , , , 
 ,20251209063040 2025-12-09 6:41:42.947490200 AM,31.85273707,54.60646428,1387.877,USER,Partial,Corrected,None,239, ,BYCODE(0), ,0.015,0.013,0.014,0.02,         BYLAYER,  BYCODE, ,0,Vertical,12/9/2025 6:41, , , , ,1.332,0.774,1.085, , , , 
 ,20251209073132 2025-12-09 7:40:44.593498500 AM,31.84273323,54.62174093,1391.001,USER,Fixed,Corrected,None,164, ,BYCODE(0), ,0.012,0.01,0.011,0.016,         BYLAYER,  BYCODE, ,0,Vertical,12/9/2025 7:40, , , , ,1.381,0.68,1.202, , , , 
 ,20251209063040 2025-12-09 6:37:53.211001600 AM,31.85471653,54.60546746,1389.604,USER,Fixed,Corrected,None,131, ,BYCODE(0), ,0.015,0.013,0.014,0.02,         BYLAYER,  BYCODE, ,0,Vertical,12/9/2025 6:37, , , , ,1.327,0.78,1.074, , , , 
 ,20251209063040 2025-12-09 6:51:21.282412100 AM,31.85020055,54.61139406,1389.147,USER,Fixed,Corrected,None,511, ,BYCODE(0), ,0.016,0.012,0.014,0.02,         BYLAYER,  BYCODE, ,0,Vertical,12/9/2025 6:51, , , , ,1.339,0.736,1.118, , , , 
 ,20251209070015 2025-12-09 7:15:11.159239300 AM,31.84557565,54.61581358,1386.33,USER,Fixed,Corrected,None,330, ,BYCODE(0), ,0.014,0.011,0.013,0.018,         BYLAYER,  BYCODE, ,0,Vertical,12/9/2025 7:15, , , , ,1.297,0.677,1.106, , , , 
 ,20251209063040 2025-12-09 6:33:42.182325400 AM,31.85567086,54.60309823,1387.975,USER,Fixed,Corrected,None,13, ,BYCODE(0), ,0.016,0.012,0.014,0.02,         BYLAYER,  BYCODE, ,0,Vertical,12/9/2025 6:33, , , , ,1.16,0.677,0.942, , , , 
 ,20251209070015 2025-12-09 7:19:53.303529300 AM,31.84593124,54.61996558,1391.285,USER,Fixed,Corrected,None,463, ,BYCODE(0), ,0.014,0.011,0.013,0.017,         BYLAYER,  BYCODE, ,0,Vertical,12/9/2025 7:19, , , , ,1.308,0.676,1.12, , , , 
 ,20251209070015 2025-12-09 7:04:25.494385000 AM,31.84953561,54.61173668,1387.72,USER,Fixed,Corrected,None,26, ,BYCODE(0), ,0.014,0.012,0.014,0.018,         BYLAYER,  BYCODE, ,0,Vertical,12/9/2025 7:04, , , , ,1.289,0.677,1.096, , , , 
 ,20251209081532 2025-12-09 8:24:38.151910800 AM,31.83696896,54.6284619,1388.618,USER,Fixed,Corrected,None,156, ,BYCODE(0), ,0.013,0.01,0.011,0.016,         BYLAYER,  BYCODE, ,0,Vertical,12/9/2025 8:24, , , , ,1.222,0.637,1.044, , , , 
 ,20251209070015 2025-12-09 7:10:03.335169100 AM,31.84860745,54.61521293,1391.454,USER,Fixed,Corrected,None,185, ,BYCODE(0), ,0.014,0.012,0.013,0.018,         BYLAYER,  BYCODE, ,0,Vertical,12/9/2025 7:10, , , , ,1.29,0.675,1.1, , , , 
 ,20251209081532 2025-12-09 8:21:12.853991300 AM,31.83707788,54.62570173,1385.867,USER,Fixed,Corrected,None,59, ,BYCODE(0), ,0.013,0.01,0.011,0.016,         BYLAYER,  BYCODE, ,0,Vertical,12/9/2025 8:21, , , , ,1.376,0.72,1.173, , , , 
 ,20251209081532 2025-12-09 8:22:11.458511400 AM,31.8381489,54.62819578,1388.843,USER,Fixed,Corrected,None,86, ,BYCODE(0), ,0.013,0.01,0.011,0.016,         BYLAYER,  BYCODE, ,0,Vertical,12/9/2025 8:22, , , , ,1.222,0.639,1.042, , , , 
 ,20251209073132 2025-12-09 7:44:50.818528700 AM,31.84120751,54.62330692,1389.225,USER,Fixed,Corrected,None,278, ,BYCODE(0), ,0.013,0.011,0.011,0.016,         BYLAYER,  BYCODE, ,0,Vertical,12/9/2025 7:44, , , , ,1.276,0.65,1.099, , , , 
 ,20251209063040 2025-12-09 6:48:26.635330200 AM,31.85042041,54.60933118,1387.055,USER,Fixed,Corrected,None,427, ,BYCODE(0), ,0.016,0.013,0.014,0.02,         BYLAYER,  BYCODE, ,0,Vertical,12/9/2025 6:48, , , , ,1.33,0.737,1.107, , , , 
 ,20251209063040 2025-12-09 6:45:14.464836600 AM,31.85274331,54.60937443,1389.979,USER,Partial,Corrected,None,338, ,BYCODE(0), ,0.016,0.013,0.014,0.02,         BYLAYER,  BYCODE, ,0,Vertical,12/9/2025 6:45, , , , ,1.347,0.775,1.102, , , , 
 ,20251209073132 2025-12-09 7:38:25.184534300 AM,31.84449913,54.62220077,1394.202,USER,Fixed,Corrected,None,99, ,BYCODE(0), ,0.012,0.011,0.013,0.016,         BYLAYER,  BYCODE, ,0,Vertical,12/9/2025 7:38, , , , ,1.489,0.709,1.309, , , , 
 ,20251209081532 2025-12-09 8:30:48.170468800 AM,31.83392576,54.62985032,1384.997,USER,Fixed,Corrected,None,330, ,BYCODE(0), ,0.013,0.011,0.012,0.017,         BYLAYER,  BYCODE, ,0,Vertical,12/9/2025 8:30, , , , ,1.199,0.629,1.021, , , , 
 ,20251209063040 2025-12-09 6:41:44.929972600 AM,31.85285843,54.60661585,1388.186,USER,Partial,Corrected,None,240, ,BYCODE(0), ,0.015,0.013,0.014,0.02,         BYLAYER,  BYCODE, ,0,Vertical,12/9/2025 6:41, , , , ,1.333,0.774,1.085, , , , 
 ,20251209070015 2025-12-09 7:04:27.491387100 AM,31.84965841,54.61189054,1388.318,USER,Partial,Corrected,None,27, ,BYCODE(0), ,0.013,0.012,0.014,0.018,         BYLAYER,  BYCODE, ,0,Vertical,12/9/2025 7:04, , , , ,1.289,0.677,1.097, , , , 
 ,20251209063040 2025-12-09 6:37:55.208110300 AM,31.85483958,54.60562229,1389.974,USER,Fixed,Corrected,None,132, ,BYCODE(0), ,0.015,0.013,0.014,0.02,         BYLAYER,  BYCODE, ,0,Vertical,12/9/2025 6:37, , , , ,1.327,0.78,1.074, , , , 
 ,20251209070015 2025-12-09 7:15:13.588234700 AM,31.84551042,54.61593193,1386.729,USER,Fixed,Corrected,None,331, ,BYCODE(0), ,0.014,0.011,0.013,0.018,         BYLAYER,  BYCODE, ,0,Vertical,12/9/2025 7:15, , , , ,1.297,0.677,1.106, , , , 
 ,20251209070015 2025-12-09 7:10:05.342893800 AM,31.84873119,54.61536706,1391.46,USER,Fixed,Corrected,None,186, ,BYCODE(0), ,0.014,0.012,0.013,0.018,         BYLAYER,  BYCODE, ,0,Vertical,12/9/2025 7:10, , , , ,1.29,0.675,1.1, , , , 
 ,20251209070015 2025-12-09 7:19:55.294696300 AM,31.84605362,54.62011932,1391.434,USER,Partial,Corrected,None,464, ,BYCODE(0), ,0.014,0.011,0.013,0.017,         BYLAYER,  BYCODE, ,0,Vertical,12/9/2025 7:19, , , , ,1.308,0.676,1.12, , , , 
 ,20251209073132 2025-12-09 7:35:52.049596300 AM,31.84481548,54.62031745,1392.832,USER,Fixed,Corrected,None,28, ,BYCODE(0), ,0.012,0.011,0.013,0.016,         BYLAYER,  BYCODE, ,0,Vertical,12/9/2025 7:35, , , , ,1.491,0.711,1.311, , , , 
 ,20251209081532 2025-12-09 8:23:53.884858100 AM,31.83652112,54.62731713,1386.29,USER,Fixed,Corrected,None,135, ,BYCODE(0), ,0.013,0.01,0.011,0.016,         BYLAYER,  BYCODE, ,0,Vertical,12/9/2025 8:23, , , , ,1.222,0.637,1.043, , , , 
 ,20251209081532 2025-12-09 8:28:18.793277000 AM,31.8341636,54.62786554,1383.228,USER,Fixed,Corrected,None,261, ,BYCODE(0), ,0.013,0.01,0.012,0.017,         BYLAYER,  BYCODE, ,0,Vertical,12/9/2025 8:28, , , , ,1.202,0.631,1.024, , , , 
 ,20251209073132 2025-12-09 7:48:19.263089700 AM,31.84102099,54.62596454,1389.88,USER,Fixed,Corrected,None,370, ,BYCODE(0), ,0.013,0.01,0.011,0.017,         BYLAYER,  BYCODE, ,0,Vertical,12/9/2025 7:48, , , , ,1.283,0.656,1.102, , , , 
 ,20251209063040 2025-12-09 6:51:23.271596900 AM,31.85032226,54.61154734,1389.451,USER,Fixed,Corrected,None,512, ,BYCODE(0), ,0.016,0.012,0.014,0.02,         BYLAYER,  BYCODE, ,0,Vertical,12/9/2025 6:51, , , , ,1.339,0.736,1.118, , , , 
 ,20251209073132 2025-12-09 7:51:12.604909900 AM,31.8397324,54.62668364,1387.984,USER,Partial,Corrected,None,452, ,BYCODE(0), ,0.013,0.011,0.011,0.017,         BYLAYER,  BYCODE, ,0,Vertical,12/9/2025 7:51, , , , ,1.277,0.654,1.097, , , , 
 ,20251209070015 2025-12-09 7:04:29.481954600 AM,31.84978102,54.61204461,1388.955,USER,Fixed,Corrected,None,28, ,BYCODE(0), ,0.013,0.012,0.014,0.018,         BYLAYER,  BYCODE, ,0,Vertical,12/9/2025 7:04, , , , ,1.289,0.677,1.097, , , , 
 ,20251209081532 2025-12-09 8:29:00.115155900 AM,31.83596804,54.63071659,1388.32,USER,Fixed,Corrected,None,280, ,BYCODE(0), ,0.013,0.011,0.012,0.017,         BYLAYER,  BYCODE, ,0,Vertical,12/9/2025 8:29, , , , ,1.202,0.63,1.023, , , , 
 ,20251209073132 2025-12-09 7:40:46.597513200 AM,31.84285664,54.62189615,1391.394,USER,Fixed,Corrected,None,165, ,BYCODE(0), ,0.012,0.01,0.011,0.016,         BYLAYER,  BYCODE, ,0,Vertical,12/9/2025 7:40, , , , ,1.277,0.652,1.098, , , , 
 ,20251209063040 2025-12-09 6:33:45.745606900 AM,31.85553351,54.60300865,1387.927,USER,Fixed,Corrected,None,14, ,BYCODE(0), ,0.017,0.012,0.014,0.02,         BYLAYER,  BYCODE, ,0,Vertical,12/9/2025 6:33, , , , ,1.16,0.677,0.942, , , , 
 ,20251209070015 2025-12-09 7:10:07.329753200 AM,31.84885429,54.61552082,1391.731,USER,Fixed,Corrected,None,187, ,BYCODE(0), ,0.014,0.012,0.013,0.018,         BYLAYER,  BYCODE, ,0,Vertical,12/9/2025 7:10, , , , ,1.29,0.675,1.1, , , , 
 ,20251209063040 2025-12-09 6:45:16.457762000 AM,31.85262092,54.60922042,1389.63,USER,Fixed,Corrected,None,339, ,BYCODE(0), ,0.016,0.013,0.014,0.02,         BYLAYER,  BYCODE, ,0,Vertical,12/9/2025 6:45, , , , ,1.347,0.775,1.102, , , , 
 ,20251209063040 2025-12-09 6:37:57.170029900 AM,31.85496034,54.60577388,1390.301,USER,Fixed,Corrected,None,133, ,BYCODE(0), ,0.015,0.013,0.014,0.02,         BYLAYER,  BYCODE, ,0,Vertical,12/9/2025 6:37, , , , ,1.328,0.78,1.074, , , , 
 ,20251209073132 2025-12-09 7:42:54.702731400 AM,31.84158212,54.62203911,1389.033,USER,Fixed,Corrected,None,225, ,BYCODE(0), ,0.013,0.011,0.011,0.016,         BYLAYER,  BYCODE, ,0,Vertical,12/9/2025 7:42, , , , ,1.277,0.651,1.099, , , , 
 ,20251209063040 2025-12-09 6:41:46.916486700 AM,31.85298058,54.60676894,1388.491,USER,Partial,Corrected,None,241, ,BYCODE(0), ,0.015,0.013,0.014,0.02,         BYLAYER,  BYCODE, ,0,Vertical,12/9/2025 6:41, , , , ,1.333,0.774,1.085, , , , 
 ,20251209073132 2025-12-09 7:46:40.663323400 AM,31.84129388,54.62458086,1390.056,USER,Fixed,Corrected,None,323, ,BYCODE(0), ,0.013,0.01,0.011,0.016,         BYLAYER,  BYCODE, ,0,Vertical,12/9/2025 7:46, , , , ,1.275,0.648,1.098, , , , 
 ,20251209070015 2025-12-09 7:15:16.515635300 AM,31.84563024,54.61609477,1386.644,USER,Fixed,Corrected,None,332, ,BYCODE(0), ,0.014,0.011,0.013,0.018,         BYLAYER,  BYCODE, ,0,Vertical,12/9/2025 7:15, , , , ,1.297,0.677,1.106, , , , 
 ,20251209070015 2025-12-09 7:04:31.483069700 AM,31.8499039,54.61219905,1389.508,USER,Fixed,Corrected,None,29, ,BYCODE(0), ,0.013,0.012,0.014,0.018,         BYLAYER,  BYCODE, ,0,Vertical,12/9/2025 7:04, , , , ,1.289,0.677,1.097, , , , 
 ,20251209073132 2025-12-09 7:49:50.225469100 AM,31.84012868,54.62601923,1387.818,USER,Fixed,Corrected,None,413, ,BYCODE(0), ,0.013,0.011,0.011,0.017,         BYLAYER,  BYCODE, ,0,Vertical,12/9/2025 7:49, , , , ,1.28,0.655,1.1, , , , 
 ,20251209070015 2025-12-09 7:19:58.207777500 AM,31.84613969,54.62027703,1391.996,USER,Fixed,Corrected,None,465, ,BYCODE(0), ,0.014,0.011,0.013,0.018,         BYLAYER,  BYCODE, ,0,Vertical,12/9/2025 7:19, , , , ,1.308,0.676,1.12, , , , 
 ,20251209081532 2025-12-09 8:23:05.698996800 AM,31.8370089,54.62733779,1386.851,USER,Fixed,Corrected,None,112, ,BYCODE(0), ,0.013,0.01,0.011,0.016,         BYLAYER,  BYCODE, ,0,Vertical,12/9/2025 8:23, , , , ,1.222,0.638,1.043, , , , 
 ,20251209063040 2025-12-09 6:48:29.504649900 AM,31.85054067,54.60949841,1388.675,USER,Fixed,Corrected,None,428, ,BYCODE(0), ,0.016,0.013,0.014,0.02,         BYLAYER,  BYCODE, ,0,Vertical,12/9/2025 6:48, , , , ,1.33,0.737,1.107, , , , 
 ,20251209070015 2025-12-09 7:10:09.303864700 AM,31.84897606,54.61567263,1392.129,USER,Fixed,Corrected,None,188, ,BYCODE(0), ,0.013,0.012,0.013,0.018,         BYLAYER,  BYCODE, ,0,Vertical,12/9/2025 7:10, , , , ,1.29,0.675,1.1, , , , 
 ,20251209073132 2025-12-09 7:35:54.038323400 AM,31.84469377,54.62016389,1392.597,USER,Fixed,Corrected,None,29, ,BYCODE(0), ,0.012,0.011,0.013,0.016,         BYLAYER,  BYCODE, ,0,Vertical,12/9/2025 7:35, , , , ,1.491,0.711,1.311, , , , 
 ,20251209081532 2025-12-09 8:27:01.436883900 AM,31.83445726,54.62759656,1384.07,USER,Fixed,Corrected,None,224, ,BYCODE(0), ,0.013,0.01,0.011,0.016,         BYLAYER,  BYCODE, ,0,Vertical,12/9/2025 8:27, , , , ,1.222,0.635,1.044, , , , 
 ,20251209073132 2025-12-09 7:44:52.809301100 AM,31.8413294,54.62346054,1389.509,USER,Fixed,Corrected,None,279, ,BYCODE(0), ,0.013,0.01,0.011,0.016,         BYLAYER,  BYCODE, ,0,Vertical,12/9/2025 7:44, , , , ,1.276,0.65,1.099, , , , 
 ,20251209063040 2025-12-09 6:51:25.263188600 AM,31.8504447,54.61170207,1389.631,USER,Fixed,Corrected,None,513, ,BYCODE(0), ,0.016,0.012,0.014,0.02,         BYLAYER,  BYCODE, ,0,Vertical,12/9/2025 6:51, , , , ,1.339,0.736,1.119, , , , 
 ,20251209063040 2025-12-09 6:37:59.160728700 AM,31.8550824,54.60592757,1390.52,USER,Fixed,Corrected,None,134, ,BYCODE(0), ,0.015,0.013,0.014,0.02,         BYLAYER,  BYCODE, ,0,Vertical,12/9/2025 6:37, , , , ,1.328,0.78,1.074, , , , 
 ,20251209070015 2025-12-09 7:04:33.478270100 AM,31.85002671,54.61235343,1390.076,USER,Fixed,Corrected,None,30, ,BYCODE(0), ,0.013,0.012,0.014,0.018,         BYLAYER,  BYCODE, ,0,Vertical,12/9/2025 7:04, , , , ,1.289,0.677,1.097, , , , 
 ,20251209081532 2025-12-09 8:25:56.628312100 AM,31.83607891,54.62850158,1386.874,USER,Fixed,Corrected,None,193, ,BYCODE(0), ,0.013,0.01,0.011,0.017,         BYLAYER,  BYCODE, ,0,Vertical,12/9/2025 8:25, , , , ,1.222,0.636,1.044, , , , 
 ,20251209070015 2025-12-09 7:15:18.544147500 AM,31.84575527,54.61625737,1386.76,USER,Fixed,Corrected,None,333, ,BYCODE(0), ,0.014,0.011,0.013,0.018,         BYLAYER,  BYCODE, ,0,Vertical,12/9/2025 7:15, , , , ,1.297,0.677,1.106, , , , 
 ,20251209063040 2025-12-09 6:45:18.448719300 AM,31.85249813,54.60906636,1389.157,USER,Fixed,Corrected,None,340, ,BYCODE(0), ,0.016,0.013,0.014,0.02,         BYLAYER,  BYCODE, ,0,Vertical,12/9/2025 6:45, , , , ,1.318,0.736,1.093, , , , 
 ,20251209063040 2025-12-09 6:41:48.903256700 AM,31.85310281,54.60692142,1388.843,USER,Fixed,Corrected,None,242, ,BYCODE(0), ,0.015,0.013,0.014,0.02,         BYLAYER,  BYCODE, ,0,Vertical,12/9/2025 6:41, , , , ,1.333,0.774,1.085, , , , 
 ,20251209081532 2025-12-09 8:20:10.719501000 AM,31.83768256,54.62587035,1386.37,USER,Fixed,Corrected,None,29, ,BYCODE(0), ,0.013,0.01,0.011,0.016,         BYLAYER,  BYCODE, ,0,Vertical,12/9/2025 8:20, , , , ,1.433,0.738,1.228, , , , 
 ,20251209070015 2025-12-09 7:10:11.298803800 AM,31.84909902,54.61582642,1392.2,USER,Partial,Corrected,None,189, ,BYCODE(0), ,0.013,0.012,0.013,0.018,         BYLAYER,  BYCODE, ,0,Vertical,12/9/2025 7:10, , , , ,1.29,0.675,1.1, , , , 
 ,20251209073132 2025-12-09 7:38:28.176683900 AM,31.84436398,54.62204955,1393.329,USER,Fixed,Corrected,None,100, ,BYCODE(0), ,0.012,0.011,0.013,0.016,         BYLAYER,  BYCODE, ,0,Vertical,12/9/2025 7:38, , , , ,1.489,0.709,1.309, , , , 
 ,20251209081532 2025-12-09 8:26:30.606777000 AM,31.83618327,54.6292107,1387.201,USER,Fixed,Corrected,None,209, ,BYCODE(0), ,0.013,0.01,0.011,0.016,         BYLAYER,  BYCODE, ,0,Vertical,12/9/2025 8:26, , , , ,1.222,0.635,1.044, , , , 
 ,20251209063040 2025-12-09 6:33:49.406989600 AM,31.85566421,54.60317727,1387.966,USER,Fixed,Corrected,None,15, ,BYCODE(0), ,0.017,0.012,0.014,0.02,         BYLAYER,  BYCODE, ,0,Vertical,12/9/2025 6:33, , , , ,1.16,0.677,0.942, , , , 
 ,20251209081532 2025-12-09 8:32:11.053378100 AM,31.83325394,54.63016511,1384.632,USER,Fixed,Corrected,None,369, ,BYCODE(0), ,0.013,0.011,0.012,0.017,         BYLAYER,  BYCODE, ,0,Vertical,12/9/2025 8:32, , , , ,1.197,0.628,1.019, , , , 
 ,20251209070015 2025-12-09 7:04:35.465154400 AM,31.8501486,54.61250723,1390.566,USER,Fixed,Corrected,None,31, ,BYCODE(0), ,0.013,0.012,0.014,0.018,         BYLAYER,  BYCODE, ,0,Vertical,12/9/2025 7:04, , , , ,1.289,0.677,1.097, , , , 
 ,20251209070015 2025-12-09 7:20:01.262523400 AM,31.84601877,54.62043889,1391.708,USER,Fixed,Corrected,None,466, ,BYCODE(0), ,0.014,0.011,0.013,0.018,         BYLAYER,  BYCODE, ,0,Vertical,12/9/2025 7:20, , , , ,1.308,0.676,1.12, , , , 
 ,20251209073132 2025-12-09 7:40:48.586180900 AM,31.84297916,54.6220497,1391.805,USER,Fixed,Corrected,None,166, ,BYCODE(0), ,0.012,0.01,0.011,0.016,         BYLAYER,  BYCODE, ,0,Vertical,12/9/2025 7:40, , , , ,1.277,0.652,1.098, , , , 
 ,20251209063040 2025-12-09 6:48:31.497443400 AM,31.85066188,54.60965409,1390.069,USER,Fixed,Corrected,None,429, ,BYCODE(0), ,0.016,0.013,0.014,0.02,         BYLAYER,  BYCODE, ,0,Vertical,12/9/2025 6:48, , , , ,1.33,0.737,1.107, , , , 
 ,20251209070015 2025-12-09 7:15:20.506400300 AM,31.84587502,54.61641,1387.58,USER,Fixed,Corrected,None,334, ,BYCODE(0), ,0.014,0.011,0.013,0.018,         BYLAYER,  BYCODE, ,0,Vertical,12/9/2025 7:15, , , , ,1.297,0.677,1.107, , , , 
 ,20251209081532 2025-12-09 8:21:14.842849300 AM,31.83695579,54.6255499,1385.48,USER,Fixed,Corrected,None,60, ,BYCODE(0), ,0.013,0.01,0.011,0.016,         BYLAYER,  BYCODE, ,0,Vertical,12/9/2025 8:21, , , , ,1.376,0.72,1.172, , , , 
 ,20251209063040 2025-12-09 6:38:01.159963100 AM,31.85520543,54.6060819,1390.806,USER,Partial,Corrected,None,135, ,BYCODE(0), ,0.015,0.013,0.014,0.02,         BYLAYER,  BYCODE, ,0,Vertical,12/9/2025 6:38, , , , ,1.328,0.78,1.075, , , , 
 ,20251209070015 2025-12-09 7:10:13.287655100 AM,31.84922098,54.61597988,1392.212,USER,Partial,Corrected,None,190, ,BYCODE(0), ,0.013,0.012,0.013,0.018,         BYLAYER,  BYCODE, ,0,Vertical,12/9/2025 7:10, , , , ,1.29,0.675,1.1, , , , 
 ,20251209073132 2025-12-09 7:42:56.691509000 AM,31.84145965,54.62188591,1388.577,USER,Fixed,Corrected,None,226, ,BYCODE(0), ,0.013,0.011,0.011,0.016,         BYLAYER,  BYCODE, ,0,Vertical,12/9/2025 7:42, , , , ,1.277,0.651,1.099, , , , 
 ,20251209073132 2025-12-09 7:35:56.033329200 AM,31.8445716,54.62000958,1392.25,USER,Fixed,Corrected,None,30, ,BYCODE(0), ,0.012,0.011,0.013,0.016,         BYLAYER,  BYCODE, ,0,Vertical,12/9/2025 7:35, , , , ,1.491,0.711,1.311, , , , 
 ,20251209081532 2025-12-09 8:29:18.533302500 AM,31.83496414,54.62999378,1386.337,USER,Fixed,Corrected,None,288, ,BYCODE(0), ,0.013,0.011,0.012,0.017,         BYLAYER,  BYCODE, ,0,Vertical,12/9/2025 8:29, , , , ,1.201,0.63,1.023, , , , 
 ,20251209070015 2025-12-09 7:04:37.450368200 AM,31.85027077,54.61266085,1391.07,USER,Fixed,Corrected,None,32, ,BYCODE(0), ,0.013,0.012,0.014,0.018,         BYLAYER,  BYCODE, ,0,Vertical,12/9/2025 7:04, , , , ,1.289,0.677,1.097, , , , 
 ,20251209063040 2025-12-09 6:41:50.891993300 AM,31.85322484,54.60707414,1389.074,USER,Fixed,Corrected,None,243, ,BYCODE(0), ,0.015,0.013,0.014,0.02,         BYLAYER,  BYCODE, ,0,Vertical,12/9/2025 6:41, , , , ,1.333,0.774,1.086, , , , 
 ,20251209063040 2025-12-09 6:33:51.395637300 AM,31.85578619,54.60333097,1388.017,USER,Fixed,Corrected,None,16, ,BYCODE(0), ,0.016,0.012,0.014,0.02,         BYLAYER,  BYCODE, ,0,Vertical,12/9/2025 6:33, , , , ,1.16,0.677,0.942, , , , 
 ,20251209063040 2025-12-09 6:45:20.406655800 AM,31.85237684,54.60891617,1388.961,USER,Fixed,Corrected,None,341, ,BYCODE(0), ,0.016,0.013,0.014,0.02,         BYLAYER,  BYCODE, ,0,Vertical,12/9/2025 6:45, , , , ,1.318,0.736,1.093, , , , 
 ,20251209063040 2025-12-09 6:51:27.260292100 AM,31.85056695,54.61185745,1390.131,USER,Fixed,Corrected,None,514, ,BYCODE(0), ,0.016,0.012,0.014,0.02,         BYLAYER,  BYCODE, ,0,Vertical,12/9/2025 6:51, , , , ,1.339,0.736,1.119, , , , 
 ,20251209081532 2025-12-09 8:22:13.463744200 AM,31.83802587,54.628043,1388.513,USER,Fixed,Corrected,None,87, ,BYCODE(0), ,0.013,0.01,0.011,0.016,         BYLAYER,  BYCODE, ,0,Vertical,12/9/2025 8:22, , , , ,1.222,0.639,1.042, , , , 
 ,20251209070015 2025-12-09 7:15:22.497322300 AM,31.84599762,54.61656336,1388.257,USER,Fixed,Corrected,None,335, ,BYCODE(0), ,0.014,0.012,0.013,0.018,         BYLAYER,  BYCODE, ,0,Vertical,12/9/2025 7:15, , , , ,1.297,0.677,1.107, , , , 
 ,20251209070015 2025-12-09 7:20:03.720737200 AM,31.84592131,54.6205133,1391.914,USER,Fixed,Corrected,None,467, ,BYCODE(0), ,0.014,0.011,0.013,0.017,         BYLAYER,  BYCODE, ,0,Vertical,12/9/2025 7:20, , , , ,1.308,0.676,1.12, , , , 
 ,20251209070015 2025-12-09 7:10:15.274576200 AM,31.84934085,54.61613007,1392.336,USER,Partial,Corrected,None,191, ,BYCODE(0), ,0.013,0.012,0.013,0.018,         BYLAYER,  BYCODE, ,0,Vertical,12/9/2025 7:10, , , , ,1.29,0.675,1.1, , , , 
 ,20251209073132 2025-12-09 7:46:42.683415400 AM,31.84141833,54.62473737,1390.559,USER,Fixed,Corrected,None,324, ,BYCODE(0), ,0.013,0.01,0.011,0.016,         BYLAYER,  BYCODE, ,0,Vertical,12/9/2025 7:46, , , , ,1.275,0.648,1.098, , , , 
 ,20251209073132 2025-12-09 7:51:14.612437500 AM,31.83961072,54.62652946,1387.448,USER,Fixed,Corrected,None,453, ,BYCODE(0), ,0.013,0.011,0.011,0.017,         BYLAYER,  BYCODE, ,0,Vertical,12/9/2025 7:51, , , , ,1.277,0.654,1.097, , , , 
 ,20251209070015 2025-12-09 7:04:39.437456600 AM,31.85039298,54.61281462,1391.468,USER,Fixed,Corrected,None,33, ,BYCODE(0), ,0.013,0.012,0.014,0.018,         BYLAYER,  BYCODE, ,0,Vertical,12/9/2025 7:04, , , , ,1.289,0.677,1.097, , , , 
 ,20251209073132 2025-12-09 7:49:52.230850000 AM,31.84000558,54.62586511,1387.744,USER,Fixed,Corrected,None,414, ,BYCODE(0), ,0.013,0.011,0.011,0.017,         BYLAYER,  BYCODE, ,0,Vertical,12/9/2025 7:49, , , , ,1.28,0.655,1.1, , , , 
 ,20251209063040 2025-12-09 6:38:03.165103700 AM,31.85532852,54.60623556,1390.932,USER,Fixed,Corrected,None,136, ,BYCODE(0), ,0.015,0.013,0.014,0.02,         BYLAYER,  BYCODE, ,0,Vertical,12/9/2025 6:38, , , , ,1.328,0.78,1.075, , , , 
 ,20251209073132 2025-12-09 7:44:54.800133200 AM,31.84145183,54.62361426,1389.68,USER,Fixed,Corrected,None,280, ,BYCODE(0), ,0.013,0.011,0.011,0.016,         BYLAYER,  BYCODE, ,0,Vertical,12/9/2025 7:44, , , , ,1.276,0.65,1.099, , , , 
 ,20251209063040 2025-12-09 6:48:33.486356000 AM,31.85078218,54.60980589,1391.8,USER,Fixed,Corrected,None,430, ,BYCODE(0), ,0.016,0.013,0.014,0.02,         BYLAYER,  BYCODE, ,0,Vertical,12/9/2025 6:48, , , , ,1.33,0.737,1.107, , , , 
 ,20251209073132 2025-12-09 7:38:30.204882600 AM,31.84423673,54.62189321,1392.768,USER,Fixed,Corrected,None,101, ,BYCODE(0), ,0.012,0.011,0.013,0.016,         BYLAYER,  BYCODE, ,0,Vertical,12/9/2025 7:38, , , , ,1.489,0.709,1.309, , , , 
 ,20251209081532 2025-12-09 8:25:20.341109800 AM,31.83587571,54.62766615,1386.016,USER,Fixed,Corrected,None,176, ,BYCODE(0), ,0.013,0.01,0.011,0.016,         BYLAYER,  BYCODE, ,0,Vertical,12/9/2025 8:25, , , , ,1.222,0.636,1.044, , , , 
 ,20251209063040 2025-12-09 6:33:53.421827100 AM,31.85591069,54.60348702,1388.484,USER,Fixed,Corrected,None,17, ,BYCODE(0), ,0.016,0.012,0.014,0.02,         BYLAYER,  BYCODE, ,0,Vertical,12/9/2025 6:33, , , , ,1.16,0.677,0.942, , , , 
 ,20251209070015 2025-12-09 7:15:24.486315500 AM,31.84611974,54.61671627,1388.905,USER,Fixed,Corrected,None,336, ,BYCODE(0), ,0.014,0.011,0.013,0.018,         BYLAYER,  BYCODE, ,0,Vertical,12/9/2025 7:15, , , , ,1.297,0.677,1.107, , , , 
 ,20251209063040 2025-12-09 6:41:52.887362700 AM,31.85334714,54.60722812,1389.408,USER,Fixed,Corrected,None,244, ,BYCODE(0), ,0.015,0.013,0.014,0.02,         BYLAYER,  BYCODE, ,0,Vertical,12/9/2025 6:41, , , , ,1.333,0.774,1.086, , , , 
 ,20251209070015 2025-12-09 7:04:41.399518700 AM,31.85051299,54.61296558,1391.809,USER,Fixed,Corrected,None,34, ,BYCODE(0), ,0.013,0.012,0.014,0.018,         BYLAYER,  BYCODE, ,0,Vertical,12/9/2025 7:04, , , , ,1.289,0.677,1.097, , , , 
 ,20251209073132 2025-12-09 7:48:22.217851600 AM,31.84088587,54.62581273,1389.16,USER,Fixed,Corrected,None,371, ,BYCODE(0), ,0.013,0.011,0.011,0.017,         BYLAYER,  BYCODE, ,0,Vertical,12/9/2025 7:48, , , , ,1.283,0.656,1.102, , , , 
 ,20251209070015 2025-12-09 7:10:17.730846600 AM,31.849405,54.61625873,1392.517,USER,Partial,Corrected,None,192, ,BYCODE(0), ,0.013,0.012,0.014,0.018,         BYLAYER,  BYCODE, ,0,Vertical,12/9/2025 7:10, , , , ,1.29,0.675,1.1, , , , 
 ,20251209063040 2025-12-09 6:45:22.404179100 AM,31.85225347,54.60876162,1388.753,USER,Fixed,Corrected,None,342, ,BYCODE(0), ,0.016,0.013,0.014,0.02,         BYLAYER,  BYCODE, ,0,Vertical,12/9/2025 6:45, , , , ,1.318,0.736,1.093, , , , 
 ,20251209073132 2025-12-09 7:40:50.574770700 AM,31.8431013,54.62220341,1392.04,USER,Fixed,Corrected,None,167, ,BYCODE(0), ,0.012,0.01,0.011,0.016,         BYLAYER,  BYCODE, ,0,Vertical,12/9/2025 7:40, , , , ,1.277,0.652,1.098, , , , 
 ,20251209073132 2025-12-09 7:35:58.022283600 AM,31.84444991,54.61985635,1391.985,USER,Fixed,Corrected,None,31, ,BYCODE(0), ,0.012,0.011,0.013,0.016,         BYLAYER,  BYCODE, ,0,Vertical,12/9/2025 7:35, , , , ,1.491,0.711,1.311, , , , 
 ,20251209063040 2025-12-09 6:51:29.251048600 AM,31.8506894,54.61201093,1390.632,USER,Fixed,Corrected,None,515, ,BYCODE(0), ,0.016,0.012,0.014,0.02,         BYLAYER,  BYCODE, ,0,Vertical,12/9/2025 6:51, , , , ,1.339,0.736,1.119, , , , 
 ,20251209070015 2025-12-09 7:20:06.750374800 AM,31.84578417,54.62035848,1391.202,USER,Fixed,Corrected,None,468, ,BYCODE(0), ,0.013,0.011,0.013,0.017,         BYLAYER,  BYCODE, ,0,Vertical,12/9/2025 7:20, , , , ,1.309,0.676,1.121, , , , 
 ,20251209063040 2025-12-09 6:38:05.116967400 AM,31.8554491,54.60638687,1391.172,USER,Partial,Corrected,None,137, ,BYCODE(0), ,0.015,0.013,0.014,0.02,         BYLAYER,  BYCODE, ,0,Vertical,12/9/2025 6:38, , , , ,1.328,0.78,1.075, , , , 
 ,20251209081532 2025-12-09 8:27:55.989788500 AM,31.83551378,54.6295203,1386.085,USER,Fixed,Corrected,None,250, ,BYCODE(0), ,0.013,0.01,0.012,0.017,         BYLAYER,  BYCODE, ,0,Vertical,12/9/2025 8:27, , , , ,1.221,0.634,1.043, , , , 
 ,20251209081532 2025-12-09 8:24:40.138509500 AM,31.83709132,54.62861481,1388.745,USER,Fixed,Corrected,None,157, ,BYCODE(0), ,0.013,0.01,0.011,0.016,         BYLAYER,  BYCODE, ,0,Vertical,12/9/2025 8:24, , , , ,1.222,0.637,1.044, , , , 
 ,20251209070015 2025-12-09 7:04:43.390448100 AM,31.85063517,54.6131197,1392.175,USER,Fixed,Corrected,None,35, ,BYCODE(0), ,0.013,0.012,0.014,0.018,         BYLAYER,  BYCODE, ,0,Vertical,12/9/2025 7:04, , , , ,1.289,0.677,1.097, , , , 
 ,20251209070015 2025-12-09 7:15:26.477354300 AM,31.84624224,54.61686939,1389.197,USER,Fixed,Corrected,None,337, ,BYCODE(0), ,0.014,0.011,0.013,0.018,         BYLAYER,  BYCODE, ,0,Vertical,12/9/2025 7:15, , , , ,1.297,0.677,1.107, , , , 
 ,20251209063040 2025-12-09 6:33:55.382033300 AM,31.85603051,54.6036377,1388.893,USER,Fixed,Corrected,None,18, ,BYCODE(0), ,0.016,0.012,0.014,0.02,         BYLAYER,  BYCODE, ,0,Vertical,12/9/2025 6:33, , , , ,1.16,0.677,0.942, , , , 
 ,20251209073132 2025-12-09 7:42:58.680211800 AM,31.84133767,54.62173247,1388.135,USER,Fixed,Corrected,None,227, ,BYCODE(0), ,0.013,0.011,0.011,0.016,         BYLAYER,  BYCODE, ,0,Vertical,12/9/2025 7:42, , , , ,1.277,0.651,1.099, , , , 
 ,20251209081532 2025-12-09 8:23:55.875799700 AM,31.8363975,54.62716368,1386.157,USER,Fixed,Corrected,None,136, ,BYCODE(0), ,0.013,0.01,0.011,0.016,         BYLAYER,  BYCODE, ,0,Vertical,12/9/2025 8:23, , , , ,1.222,0.637,1.043, , , , 
 ,20251209063040 2025-12-09 6:48:35.477422700 AM,31.85090452,54.60995781,1393.578,USER,Fixed,Corrected,None,431, ,BYCODE(0), ,0.016,0.013,0.014,0.02,         BYLAYER,  BYCODE, ,0,Vertical,12/9/2025 6:48, , , , ,1.33,0.737,1.108, , , , 
 ,20251209063040 2025-12-09 6:41:54.878287300 AM,31.85346966,54.60738155,1389.87,USER,Partial,Corrected,None,245, ,BYCODE(0), ,0.016,0.013,0.014,0.021,         BYLAYER,  BYCODE, ,0,Vertical,12/9/2025 6:41, , , , ,1.333,0.774,1.086, , , , 
 ,20251209081532 2025-12-09 8:27:30.355283300 AM,31.83617015,54.6297674,1387.286,USER,Partial,Corrected,None,238, ,BYCODE(0), ,0.013,0.011,0.012,0.016,         BYLAYER,  BYCODE, ,0,Vertical,12/9/2025 8:27, , , , ,1.221,0.634,1.044, , , , 
 ,20251209070015 2025-12-09 7:10:20.758440500 AM,31.84929417,54.61642862,1391.936,USER,Partial,Corrected,None,193, ,BYCODE(0), ,0.013,0.012,0.013,0.018,         BYLAYER,  BYCODE, ,0,Vertical,12/9/2025 7:10, , , , ,1.29,0.675,1.1, , , , 
 ,20251209063040 2025-12-09 6:45:24.397055600 AM,31.85213057,54.60860768,1388.468,USER,Partial,Corrected,None,343, ,BYCODE(0), ,0.016,0.013,0.014,0.02,         BYLAYER,  BYCODE, ,0,Vertical,12/9/2025 6:45, , , , ,1.318,0.736,1.093, , , , 
 ,20251209070015 2025-12-09 7:20:08.731228400 AM,31.84566026,54.62020503,1390.709,USER,Fixed,Corrected,None,469, ,BYCODE(0), ,0.013,0.011,0.013,0.017,         BYLAYER,  BYCODE, ,0,Vertical,12/9/2025 7:20, , , , ,1.309,0.676,1.121, , , , 
 ,20251209070015 2025-12-09 7:04:45.398207200 AM,31.85075791,54.61327467,1392.554,USER,Partial,Corrected,None,36, ,BYCODE(0), ,0.013,0.012,0.014,0.018,         BYLAYER,  BYCODE, ,0,Vertical,12/9/2025 7:04, , , , ,1.289,0.677,1.097, , , , 
 ,20251209081532 2025-12-09 8:20:12.714635100 AM,31.83780569,54.62602452,1386.568,USER,Fixed,Corrected,None,30, ,BYCODE(0), ,0.013,0.01,0.011,0.016,         BYLAYER,  BYCODE, ,0,Vertical,12/9/2025 8:20, , , , ,1.433,0.738,1.228, , , , 
 ,20251209073132 2025-12-09 7:38:32.166873000 AM,31.8441168,54.62174224,1392.535,USER,Fixed,Corrected,None,102, ,BYCODE(0), ,0.012,0.011,0.013,0.016,         BYLAYER,  BYCODE, ,0,Vertical,12/9/2025 7:38, , , , ,1.489,0.709,1.309, , , , 
 ,20251209070015 2025-12-09 7:15:28.468503500 AM,31.84636456,54.61702322,1389.676,USER,Fixed,Corrected,None,338, ,BYCODE(0), ,0.014,0.011,0.013,0.018,         BYLAYER,  BYCODE, ,0,Vertical,12/9/2025 7:15, , , , ,1.297,0.677,1.107, , , , 
 ,20251209063040 2025-12-09 6:38:07.141254200 AM,31.85557287,54.60654396,1391.627,USER,Fixed,Corrected,None,138, ,BYCODE(0), ,0.015,0.013,0.014,0.02,         BYLAYER,  BYCODE, ,0,Vertical,12/9/2025 6:38, , , , ,1.328,0.78,1.075, , , , 
 ,20251209081532 2025-12-09 8:23:07.652790800 AM,31.83712886,54.62748848,1387.009,USER,Fixed,Corrected,None,113, ,BYCODE(0), ,0.013,0.01,0.011,0.016,         BYLAYER,  BYCODE, ,0,Vertical,12/9/2025 8:23, , , , ,1.222,0.638,1.043, , , , 
 ,20251209063040 2025-12-09 6:33:57.383358500 AM,31.85615361,54.60379218,1389.184,USER,Fixed,Corrected,None,19, ,BYCODE(0), ,0.016,0.012,0.014,0.02,         BYLAYER,  BYCODE, ,0,Vertical,12/9/2025 6:33, , , , ,1.16,0.677,0.942, , , , 
 ,20251209073132 2025-12-09 7:46:44.674227500 AM,31.84154068,54.62489101,1390.904,USER,Fixed,Corrected,None,325, ,BYCODE(0), ,0.013,0.01,0.011,0.016,         BYLAYER,  BYCODE, ,0,Vertical,12/9/2025 7:46, , , , ,1.275,0.648,1.098, , , , 
 ,20251209063040 2025-12-09 6:48:36.434207200 AM,31.85096298,54.61003057,1394.091,USER,Fixed,Corrected,None,432, ,BYCODE(0), ,0.016,0.013,0.014,0.02,         BYLAYER,  BYCODE, ,0,Vertical,12/9/2025 6:48, , , , ,1.33,0.737,1.108, , , , 
 ,20251209073132 2025-12-09 7:44:56.791308600 AM,31.84157442,54.62376868,1390.024,USER,Fixed,Corrected,None,281, ,BYCODE(0), ,0.013,0.011,0.011,0.016,         BYLAYER,  BYCODE, ,0,Vertical,12/9/2025 7:44, , , , ,1.276,0.65,1.099, , , , 
 ,20251209063040 2025-12-09 6:51:31.246086100 AM,31.85081221,54.61216348,1390.577,USER,Fixed,Corrected,None,516, ,BYCODE(0), ,0.016,0.012,0.014,0.02,         BYLAYER,  BYCODE, ,0,Vertical,12/9/2025 6:51, , , , ,1.339,0.736,1.119, , , , 
 ,20251209070015 2025-12-09 7:04:47.387076600 AM,31.85088101,54.61342791,1392.78,USER,Fixed,Corrected,None,37, ,BYCODE(0), ,0.013,0.012,0.014,0.018,         BYLAYER,  BYCODE, ,0,Vertical,12/9/2025 7:04, , , , ,1.289,0.677,1.097, , , , 
 ,20251209073132 2025-12-09 7:36:00.013331900 AM,31.84432793,54.61970277,1391.452,USER,Fixed,Corrected,None,32, ,BYCODE(0), ,0.012,0.011,0.013,0.016,         BYLAYER,  BYCODE, ,0,Vertical,12/9/2025 7:36, , , , ,1.491,0.711,1.311, , , , 
 ,20251209070015 2025-12-09 7:10:23.283591300 AM,31.84919759,54.61651121,1392.31,USER,Fixed,Corrected,None,194, ,BYCODE(0), ,0.013,0.012,0.013,0.018,         BYLAYER,  BYCODE, ,0,Vertical,12/9/2025 7:10, , , , ,1.29,0.675,1.1, , , , 
 ,20251209070015 2025-12-09 7:20:10.720150900 AM,31.84553884,54.62005182,1390.38,USER,Fixed,Corrected,None,470, ,BYCODE(0), ,0.013,0.011,0.013,0.017,         BYLAYER,  BYCODE, ,0,Vertical,12/9/2025 7:20, , , , ,1.309,0.676,1.121, , , , 
 ,20251209063040 2025-12-09 6:41:56.871583000 AM,31.85359257,54.60753527,1390.347,USER,Fixed,Corrected,None,246, ,BYCODE(0), ,0.016,0.013,0.014,0.021,         BYLAYER,  BYCODE, ,0,Vertical,12/9/2025 6:41, , , , ,1.334,0.774,1.086, , , , 
 ,20251209070015 2025-12-09 7:15:30.472021100 AM,31.84648791,54.61717744,1390.112,USER,Fixed,Corrected,None,339, ,BYCODE(0), ,0.014,0.011,0.013,0.018,         BYLAYER,  BYCODE, ,0,Vertical,12/9/2025 7:15, , , , ,1.298,0.677,1.107, , , , 
 ,20251209081532 2025-12-09 8:31:05.290519200 AM,31.83295912,54.62899934,1382.578,USER,Fixed,Corrected,None,338, ,BYCODE(0), ,0.014,0.011,0.012,0.017,         BYLAYER,  BYCODE, ,0,Vertical,12/9/2025 8:31, , , , ,1.199,0.629,1.021, , , , 
 ,20251209073132 2025-12-09 7:40:52.567592400 AM,31.84322367,54.62235746,1392.249,USER,Fixed,Corrected,None,168, ,BYCODE(0), ,0.012,0.01,0.011,0.016,         BYLAYER,  BYCODE, ,0,Vertical,12/9/2025 7:40, , , , ,1.277,0.652,1.098, , , , 
 ,20251209081532 2025-12-09 8:31:12.833882100 AM,31.83313106,54.6294326,1383.104,USER,Fixed,Corrected,None,341, ,BYCODE(0), ,0.014,0.011,0.012,0.017,         BYLAYER,  BYCODE, ,0,Vertical,12/9/2025 8:31, , , , ,1.199,0.629,1.02, , , , 
 ,20251209063040 2025-12-09 6:45:26.404677900 AM,31.85200659,54.60845164,1388.28,USER,Fixed,Corrected,None,344, ,BYCODE(0), ,0.016,0.013,0.014,0.02,         BYLAYER,  BYCODE, ,0,Vertical,12/9/2025 6:45, , , , ,1.318,0.736,1.094, , , , 
 ,20251209063040 2025-12-09 6:33:59.376358700 AM,31.85627634,54.60394592,1389.683,USER,Fixed,Corrected,None,20, ,BYCODE(0), ,0.016,0.012,0.014,0.02,         BYLAYER,  BYCODE, ,0,Vertical,12/9/2025 6:33, , , , ,1.16,0.677,0.942, , , , 
 ,20251209070015 2025-12-09 7:04:49.376348300 AM,31.85100423,54.61358268,1393.04,USER,Partial,Corrected,None,38, ,BYCODE(0), ,0.013,0.012,0.014,0.018,         BYLAYER,  BYCODE, ,0,Vertical,12/9/2025 7:04, , , , ,1.289,0.677,1.097, , , , 
 ,20251209063040 2025-12-09 6:38:09.303173100 AM,31.85568866,54.60669304,1392.074,USER,Fixed,Corrected,None,139, ,BYCODE(0), ,0.015,0.013,0.014,0.02,         BYLAYER,  BYCODE, ,0,Vertical,12/9/2025 6:38, , , , ,1.329,0.78,1.075, , , , 
 ,20251209073132 2025-12-09 7:51:16.570597400 AM,31.83949057,54.62637864,1386.966,USER,Fixed,Corrected,None,454, ,BYCODE(0), ,0.013,0.011,0.011,0.017,         BYLAYER,  BYCODE, ,0,Vertical,12/9/2025 7:51, , , , ,1.277,0.654,1.097, , , , 
 ,20251209073132 2025-12-09 7:49:54.217527400 AM,31.83988327,54.6257123,1387.661,USER,Fixed,Corrected,None,415, ,BYCODE(0), ,0.013,0.011,0.011,0.017,         BYLAYER,  BYCODE, ,0,Vertical,12/9/2025 7:49, , , , ,1.28,0.655,1.1, , , , 
 ,20251209073132 2025-12-09 7:43:00.681390500 AM,31.84121469,54.6215779,1387.788,USER,Fixed,Corrected,None,228, ,BYCODE(0), ,0.013,0.011,0.011,0.016,         BYLAYER,  BYCODE, ,0,Vertical,12/9/2025 7:43, , , , ,1.277,0.651,1.099, , , , 
 ,20251209070015 2025-12-09 7:20:12.708978400 AM,31.84541696,54.61989825,1390.075,USER,Fixed,Corrected,None,471, ,BYCODE(0), ,0.013,0.011,0.013,0.017,         BYLAYER,  BYCODE, ,0,Vertical,12/9/2025 7:20, , , , ,1.309,0.676,1.121, , , , 
 ,20251209070015 2025-12-09 7:15:32.453071600 AM,31.84660976,54.61732991,1390.261,USER,Fixed,Corrected,None,340, ,BYCODE(0), ,0.014,0.011,0.013,0.018,         BYLAYER,  BYCODE, ,0,Vertical,12/9/2025 7:15, , , , ,1.298,0.677,1.107, , , , 
 ,20251209073132 2025-12-09 7:48:24.214950300 AM,31.84076137,54.62565839,1388.623,USER,Fixed,Corrected,None,372, ,BYCODE(0), ,0.013,0.011,0.011,0.017,         BYLAYER,  BYCODE, ,0,Vertical,12/9/2025 7:48, , , , ,1.283,0.656,1.102, , , , 
 ,20251209070015 2025-12-09 7:10:26.309041500 AM,31.84906299,54.61636132,1391.653,USER,Partial,Corrected,None,195, ,BYCODE(0), ,0.013,0.012,0.014,0.018,         BYLAYER,  BYCODE, ,0,Vertical,12/9/2025 7:10, , , , ,1.29,0.675,1.1, , , , 
 ,20251209063040 2025-12-09 6:48:38.414984700 AM,31.85108439,54.61018426,1394.158,USER,Fixed,Corrected,None,433, ,BYCODE(0), ,0.016,0.013,0.014,0.02,         BYLAYER,  BYCODE, ,0,Vertical,12/9/2025 6:48, , , , ,1.33,0.737,1.108, , , , 
 ,20251209073132 2025-12-09 7:38:34.153567800 AM,31.84399487,54.62158869,1392.173,USER,Fixed,Corrected,None,103, ,BYCODE(0), ,0.012,0.011,0.013,0.016,         BYLAYER,  BYCODE, ,0,Vertical,12/9/2025 7:38, , , , ,1.489,0.709,1.309, , , , 
 ,20251209063040 2025-12-09 6:41:58.862484200 AM,31.85371538,54.60768936,1390.536,USER,Partial,Corrected,None,247, ,BYCODE(0), ,0.016,0.013,0.014,0.021,         BYLAYER,  BYCODE, ,0,Vertical,12/9/2025 6:41, , , , ,1.334,0.774,1.086, , , , 
 ,20251209070015 2025-12-09 7:04:51.405140900 AM,31.85112513,54.61373561,1393.23,USER,Partial,Corrected,None,39, ,BYCODE(0), ,0.013,0.012,0.014,0.018,         BYLAYER,  BYCODE, ,0,Vertical,12/9/2025 7:04, , , , ,1.289,0.677,1.097, , , , 
 ,20251209063040 2025-12-09 6:38:10.735465500 AM,31.85570942,54.60676245,1392.208,USER,Fixed,Corrected,None,140, ,BYCODE(0), ,0.015,0.013,0.014,0.02,         BYLAYER,  BYCODE, ,0,Vertical,12/9/2025 6:38, , , , ,1.329,0.78,1.076, , , , 
 ,20251209081532 2025-12-09 8:21:16.966827400 AM,31.83683615,54.62540137,1385.267,USER,Fixed,Corrected,None,61, ,BYCODE(0), ,0.013,0.01,0.011,0.016,         BYLAYER,  BYCODE, ,0,Vertical,12/9/2025 8:21, , , , ,1.375,0.72,1.172, , , , 
 ,20251209063040 2025-12-09 6:34:01.363218100 AM,31.85639873,54.60409852,1389.913,USER,Fixed,Corrected,None,21, ,BYCODE(0), ,0.017,0.012,0.014,0.02,         BYLAYER,  BYCODE, ,0,Vertical,12/9/2025 6:34, , , , ,1.16,0.677,0.942, , , , 
 ,20251209063040 2025-12-09 6:51:33.239186800 AM,31.85093499,54.61231875,1390.697,USER,Fixed,Corrected,None,517, ,BYCODE(0), ,0.016,0.012,0.014,0.02,         BYLAYER,  BYCODE, ,0,Vertical,12/9/2025 6:51, , , , ,1.34,0.736,1.119, , , , 
 ,20251209081532 2025-12-09 8:28:41.372478500 AM,31.83491325,54.62934905,1386.022,USER,Fixed,Corrected,None,271, ,BYCODE(0), ,0.013,0.01,0.012,0.017,         BYLAYER,  BYCODE, ,0,Vertical,12/9/2025 8:28, , , , ,1.202,0.631,1.023, , , , 
 ,20251209063040 2025-12-09 6:45:28.391736500 AM,31.85188443,54.60829812,1388.015,USER,Fixed,Corrected,None,345, ,BYCODE(0), ,0.016,0.013,0.014,0.021,         BYLAYER,  BYCODE, ,0,Vertical,12/9/2025 6:45, , , , ,1.319,0.736,1.094, , , , 
 ,20251209070015 2025-12-09 7:15:34.444407500 AM,31.8467318,54.6174842,1390.541,USER,Fixed,Corrected,None,341, ,BYCODE(0), ,0.014,0.011,0.013,0.018,         BYLAYER,  BYCODE, ,0,Vertical,12/9/2025 7:15, , , , ,1.298,0.677,1.107, , , , 
 ,20251209070015 2025-12-09 7:10:28.310520600 AM,31.84893789,54.61620623,1391.294,USER,Partial,Corrected,None,196, ,BYCODE(0), ,0.013,0.012,0.013,0.018,         BYLAYER,  BYCODE, ,0,Vertical,12/9/2025 7:10, , , , ,1.29,0.675,1.1, , , , 
 ,20251209070015 2025-12-09 7:20:14.695731200 AM,31.84529552,54.61974567,1389.577,USER,Fixed,Corrected,None,472, ,BYCODE(0), ,0.013,0.011,0.013,0.017,         BYLAYER,  BYCODE, ,0,Vertical,12/9/2025 7:20, , , , ,1.309,0.676,1.121, , , , 
 ,20251209073132 2025-12-09 7:36:02.002288600 AM,31.84420546,54.61954817,1391.215,USER,Fixed,Corrected,None,33, ,BYCODE(0), ,0.012,0.011,0.013,0.016,         BYLAYER,  BYCODE, ,0,Vertical,12/9/2025 7:36, , , , ,1.491,0.711,1.311, , , , 
 ,20251209070015 2025-12-09 7:04:53.527086500 AM,31.85117296,54.61384597,1393.391,USER,Fixed,Corrected,None,40, ,BYCODE(0), ,0.013,0.012,0.014,0.018,         BYLAYER,  BYCODE, ,0,Vertical,12/9/2025 7:04, , , , ,1.289,0.677,1.097, , , , 
 ,20251209081532 2025-12-09 8:31:36.714770300 AM,31.83460026,54.63127588,1387.099,USER,Fixed,Corrected,None,353, ,BYCODE(0), ,0.013,0.011,0.012,0.017,         BYLAYER,  BYCODE, ,0,Vertical,12/9/2025 8:31, , , , ,1.198,0.629,1.02, , , , 
 ,20251209081532 2025-12-09 8:22:15.456675100 AM,31.83790258,54.62789006,1388.194,USER,Fixed,Corrected,None,88, ,BYCODE(0), ,0.013,0.01,0.011,0.016,         BYLAYER,  BYCODE, ,0,Vertical,12/9/2025 8:22, , , , ,1.222,0.639,1.042, , , , 
 ,20251209081532 2025-12-09 8:32:05.070640300 AM,31.8336222,54.63062681,1385.497,USER,Fixed,Corrected,None,366, ,BYCODE(0), ,0.013,0.011,0.012,0.017,         BYLAYER,  BYCODE, ,0,Vertical,12/9/2025 8:32, , , , ,1.197,0.628,1.019, , , , 
 ,20251209073132 2025-12-09 7:40:54.562581300 AM,31.84334609,54.6225113,1392.513,USER,Fixed,Corrected,None,169, ,BYCODE(0), ,0.012,0.01,0.011,0.016,         BYLAYER,  BYCODE, ,0,Vertical,12/9/2025 7:40, , , , ,1.277,0.652,1.098, , , , 
 ,20251209073132 2025-12-09 7:44:58.780028800 AM,31.84169696,54.62392358,1390.366,USER,Fixed,Corrected,None,282, ,BYCODE(0), ,0.013,0.011,0.011,0.016,         BYLAYER,  BYCODE, ,0,Vertical,12/9/2025 7:44, , , , ,1.276,0.65,1.099, , , , 
 ,20251209063040 2025-12-09 6:42:00.822415400 AM,31.85383508,54.60784143,1390.715,USER,Fixed,Corrected,None,248, ,BYCODE(0), ,0.016,0.013,0.014,0.021,         BYLAYER,  BYCODE, ,0,Vertical,12/9/2025 6:42, , , , ,1.334,0.774,1.086, , , , 
 ,20251209063040 2025-12-09 6:34:03.358020300 AM,31.8565213,54.60425229,1390.321,USER,Fixed,Corrected,None,22, ,BYCODE(0), ,0.017,0.012,0.014,0.02,         BYLAYER,  BYCODE, ,0,Vertical,12/9/2025 6:34, , , , ,1.16,0.677,0.942, , , , 
 ,20251209063040 2025-12-09 6:48:40.410149100 AM,31.8512066,54.61033958,1394.266,USER,Fixed,Corrected,None,434, ,BYCODE(0), ,0.016,0.013,0.014,0.02,         BYLAYER,  BYCODE, ,0,Vertical,12/9/2025 6:48, , , , ,1.33,0.737,1.108, , , , 
 ,20251209070015 2025-12-09 7:10:30.299544300 AM,31.84881731,54.6160533,1390.964,USER,Fixed,Corrected,None,197, ,BYCODE(0), ,0.013,0.012,0.013,0.018,         BYLAYER,  BYCODE, ,0,Vertical,12/9/2025 7:10, , , , ,1.29,0.675,1.1, , , , 
 ,20251209070015 2025-12-09 7:15:36.431308700 AM,31.84685458,54.6176384,1390.998,USER,Partial,Corrected,None,342, ,BYCODE(0), ,0.014,0.011,0.013,0.018,         BYLAYER,  BYCODE, ,0,Vertical,12/9/2025 7:15, , , , ,1.298,0.677,1.107, , , , 
 ,20251209073132 2025-12-09 7:46:46.665236200 AM,31.84166351,54.62504439,1391.037,USER,Fixed,Corrected,None,326, ,BYCODE(0), ,0.013,0.01,0.011,0.016,         BYLAYER,  BYCODE, ,0,Vertical,12/9/2025 7:46, , , , ,1.275,0.648,1.098, , , , 
 ,20251209070015 2025-12-09 7:20:16.690782800 AM,31.84517293,54.61959187,1389.062,USER,Fixed,Corrected,None,473, ,BYCODE(0), ,0.013,0.011,0.013,0.017,         BYLAYER,  BYCODE, ,0,Vertical,12/9/2025 7:20, , , , ,1.309,0.676,1.121, , , , 
 ,20251209081532 2025-12-09 8:25:58.623455000 AM,31.83620162,54.6286557,1387.124,USER,Fixed,Corrected,None,194, ,BYCODE(0), ,0.013,0.01,0.011,0.017,         BYLAYER,  BYCODE, ,0,Vertical,12/9/2025 8:25, , , , ,1.222,0.635,1.044, , , , 
 ,20251209081532 2025-12-09 8:26:32.595761800 AM,31.83606167,54.62905659,1386.723,USER,Fixed,Corrected,None,210, ,BYCODE(0), ,0.013,0.01,0.011,0.016,         BYLAYER,  BYCODE, ,0,Vertical,12/9/2025 8:26, , , , ,1.222,0.635,1.044, , , , 
 ,20251209063040 2025-12-09 6:38:13.659071900 AM,31.85561079,54.60694239,1391.772,USER,Fixed,Corrected,None,141, ,BYCODE(0), ,0.015,0.013,0.014,0.02,         BYLAYER,  BYCODE, ,0,Vertical,12/9/2025 6:38, , , , ,1.329,0.78,1.076, , , , 
 ,20251209070015 2025-12-09 7:04:56.490130900 AM,31.85106957,54.61402149,1392.786,USER,Fixed,Corrected,None,41, ,BYCODE(0), ,0.013,0.012,0.014,0.018,         BYLAYER,  BYCODE, ,0,Vertical,12/9/2025 7:04, , , , ,1.289,0.677,1.097, , , , 
 ,20251209063040 2025-12-09 6:45:30.382947900 AM,31.85176191,54.60814437,1387.774,USER,Partial,Corrected,None,346, ,BYCODE(0), ,0.016,0.013,0.014,0.021,         BYLAYER,  BYCODE, ,0,Vertical,12/9/2025 6:45, , , , ,1.319,0.736,1.094, , , , 
 ,20251209063040 2025-12-09 6:51:35.228217100 AM,31.85105674,54.61247193,1391.057,USER,Partial,Corrected,None,518, ,BYCODE(0), ,0.016,0.012,0.014,0.02,         BYLAYER,  BYCODE, ,0,Vertical,12/9/2025 6:51, , , , ,1.34,0.736,1.119, , , , 
 ,20251209073132 2025-12-09 7:38:36.142402900 AM,31.8438728,54.62143512,1392.031,USER,Fixed,Corrected,None,104, ,BYCODE(0), ,0.012,0.011,0.013,0.016,         BYLAYER,  BYCODE, ,0,Vertical,12/9/2025 7:38, , , , ,1.489,0.709,1.309, , , , 
 ,20251209073132 2025-12-09 7:36:03.989130000 AM,31.8440831,54.6193946,1391.071,USER,Fixed,Corrected,None,34, ,BYCODE(0), ,0.012,0.011,0.013,0.016,         BYLAYER,  BYCODE, ,0,Vertical,12/9/2025 7:36, , , , ,1.491,0.711,1.311, , , , 
 ,20251209070015 2025-12-09 7:10:32.290709000 AM,31.84869516,54.61589974,1390.334,USER,Fixed,Corrected,None,198, ,BYCODE(0), ,0.013,0.012,0.013,0.018,         BYLAYER,  BYCODE, ,0,Vertical,12/9/2025 7:10, , , , ,1.29,0.675,1.1, , , , 
 ,20251209073132 2025-12-09 7:43:02.676352500 AM,31.84109182,54.62142425,1387.475,USER,Fixed,Corrected,None,229, ,BYCODE(0), ,0.013,0.011,0.011,0.016,         BYLAYER,  BYCODE, ,0,Vertical,12/9/2025 7:43, , , , ,1.277,0.651,1.099, , , , 
 ,20251209070015 2025-12-09 7:15:38.422313700 AM,31.84697702,54.6177933,1391.576,USER,Partial,Corrected,None,343, ,BYCODE(0), ,0.014,0.011,0.013,0.018,         BYLAYER,  BYCODE, ,0,Vertical,12/9/2025 7:15, , , , ,1.298,0.677,1.107, , , , 
 ,20251209063040 2025-12-09 6:34:05.350920200 AM,31.85664414,54.60440623,1390.791,USER,Fixed,Corrected,None,23, ,BYCODE(0), ,0.016,0.012,0.014,0.02,         BYLAYER,  BYCODE, ,0,Vertical,12/9/2025 6:34, , , , ,1.16,0.677,0.942, , , , 
 ,20251209081532 2025-12-09 8:20:14.718268200 AM,31.83792912,54.62617895,1386.62,USER,Fixed,Corrected,None,31, ,BYCODE(0), ,0.013,0.01,0.011,0.016,         BYLAYER,  BYCODE, ,0,Vertical,12/9/2025 8:20, , , , ,1.433,0.738,1.228, , , , 
 ,20251209070015 2025-12-09 7:20:18.683693600 AM,31.84505013,54.61943834,1388.79,USER,Fixed,Corrected,None,474, ,BYCODE(0), ,0.013,0.011,0.013,0.017,         BYLAYER,  BYCODE, ,0,Vertical,12/9/2025 7:20, , , , ,1.309,0.676,1.121, , , , 
 ,20251209063040 2025-12-09 6:42:02.830132500 AM,31.85395882,54.60799771,1390.939,USER,Partial,Corrected,None,249, ,BYCODE(0), ,0.016,0.013,0.014,0.021,         BYLAYER,  BYCODE, ,0,Vertical,12/9/2025 6:42, , , , ,1.334,0.774,1.087, , , , 
 ,20251209081532 2025-12-09 8:31:45.856831800 AM,31.83472508,54.63179695,1387.207,USER,Fixed,Corrected,None,357, ,BYCODE(0), ,0.014,0.011,0.012,0.017,         BYLAYER,  BYCODE, ,0,Vertical,12/9/2025 8:31, , , , ,1.198,0.628,1.02, , , , 
 ,20251209081532 2025-12-09 8:25:22.346755300 AM,31.83575265,54.62751117,1385.525,USER,Fixed,Corrected,None,177, ,BYCODE(0), ,0.013,0.01,0.011,0.016,         BYLAYER,  BYCODE, ,0,Vertical,12/9/2025 8:25, , , , ,1.222,0.636,1.044, , , , 
 ,20251209070015 2025-12-09 7:04:59.083930000 AM,31.85097776,54.61411163,1392.759,USER,Fixed,Corrected,None,42, ,BYCODE(0), ,0.013,0.012,0.014,0.018,         BYLAYER,  BYCODE, ,0,Vertical,12/9/2025 7:04, , , , ,1.289,0.677,1.097, , , , 
 ,20251209063040 2025-12-09 6:48:42.403204200 AM,31.85132931,54.61049262,1394.18,USER,Fixed,Corrected,None,435, ,BYCODE(0), ,0.016,0.013,0.014,0.02,         BYLAYER,  BYCODE, ,0,Vertical,12/9/2025 6:48, , , , ,1.33,0.737,1.108, , , , 
 ,20251209073132 2025-12-09 7:48:26.209844100 AM,31.84063922,54.62550529,1388.347,USER,Fixed,Corrected,None,373, ,BYCODE(0), ,0.013,0.011,0.011,0.017,         BYLAYER,  BYCODE, ,0,Vertical,12/9/2025 7:48, , , , ,1.283,0.656,1.102, , , , 
 ,20251209070015 2025-12-09 7:10:34.279627600 AM,31.84857221,54.61574664,1389.747,USER,Fixed,Corrected,None,199, ,BYCODE(0), ,0.013,0.012,0.014,0.018,         BYLAYER,  BYCODE, ,0,Vertical,12/9/2025 7:10, , , , ,1.29,0.675,1.1, , , , 
 ,20251209073132 2025-12-09 7:49:56.206292900 AM,31.83976142,54.62555833,1387.749,USER,Fixed,Corrected,None,416, ,BYCODE(0), ,0.013,0.011,0.011,0.017,         BYLAYER,  BYCODE, ,0,Vertical,12/9/2025 7:49, , , , ,1.28,0.655,1.099, , , , 
 ,20251209063040 2025-12-09 6:45:32.353442900 AM,31.85164049,54.60799188,1387.548,USER,Fixed,Corrected,None,347, ,BYCODE(0), ,0.016,0.013,0.014,0.021,         BYLAYER,  BYCODE, ,0,Vertical,12/9/2025 6:45, , , , ,1.319,0.736,1.094, , , , 
 ,20251209070015 2025-12-09 7:15:40.409390000 AM,31.84709844,54.61794674,1391.975,USER,Fixed,Corrected,None,344, ,BYCODE(0), ,0.014,0.011,0.013,0.018,         BYLAYER,  BYCODE, ,0,Vertical,12/9/2025 7:15, , , , ,1.298,0.677,1.108, , , , 
 ,20251209063040 2025-12-09 6:38:16.282173600 AM,31.85552176,54.60703903,1392.032,USER,Fixed,Corrected,None,142, ,BYCODE(0), ,0.015,0.013,0.014,0.02,         BYLAYER,  BYCODE, ,0,Vertical,12/9/2025 6:38, , , , ,1.329,0.78,1.076, , , , 
 ,20251209073132 2025-12-09 7:40:56.531026400 AM,31.84346657,54.62266365,1392.919,USER,Fixed,Corrected,None,170, ,BYCODE(0), ,0.012,0.01,0.011,0.016,         BYLAYER,  BYCODE, ,0,Vertical,12/9/2025 7:40, , , , ,1.277,0.652,1.098, , , , 
 ,20251209063040 2025-12-09 6:34:07.346102200 AM,31.85676707,54.60456062,1391.206,USER,Fixed,Corrected,None,24, ,BYCODE(0), ,0.016,0.012,0.014,0.02,         BYLAYER,  BYCODE, ,0,Vertical,12/9/2025 6:34, , , , ,1.16,0.677,0.942, , , , 
 ,20251209070015 2025-12-09 7:20:20.674918400 AM,31.8449279,54.61928479,1388.546,USER,Fixed,Corrected,None,475, ,BYCODE(0), ,0.013,0.011,0.013,0.017,         BYLAYER,  BYCODE, ,0,Vertical,12/9/2025 7:20, , , , ,1.309,0.676,1.121, , , , 
 ,20251209073132 2025-12-09 7:51:18.598980900 AM,31.83936561,54.62622203,1386.847,USER,Fixed,Corrected,None,455, ,BYCODE(0), ,0.013,0.011,0.011,0.017,         BYLAYER,  BYCODE, ,0,Vertical,12/9/2025 7:51, , , , ,1.277,0.654,1.096, , , , 
 ,20251209063040 2025-12-09 6:51:37.217455600 AM,31.85117969,54.61262468,1391.075,USER,Fixed,Corrected,None,519, ,BYCODE(0), ,0.016,0.012,0.014,0.02,         BYLAYER,  BYCODE, ,0,Vertical,12/9/2025 6:51, , , , ,1.34,0.736,1.119, , , , 
 ,20251209081532 2025-12-09 8:23:57.833526800 AM,31.83627615,54.62701295,1386.146,USER,Fixed,Corrected,None,137, ,BYCODE(0), ,0.013,0.01,0.011,0.016,         BYLAYER,  BYCODE, ,0,Vertical,12/9/2025 8:23, , , , ,1.222,0.637,1.043, , , , 
 ,20251209070015 2025-12-09 7:10:36.268306500 AM,31.84844916,54.6155932,1389.591,USER,Fixed,Corrected,None,200, ,BYCODE(0), ,0.013,0.012,0.013,0.018,         BYLAYER,  BYCODE, ,0,Vertical,12/9/2025 7:10, , , , ,1.29,0.675,1.1, , , , 
 ,20251209063040 2025-12-09 6:42:04.833655400 AM,31.85408251,54.60815251,1391.197,USER,Partial,Corrected,None,250, ,BYCODE(0), ,0.016,0.013,0.014,0.021,         BYLAYER,  BYCODE, ,0,Vertical,12/9/2025 6:42, , , , ,1.334,0.774,1.087, , , , 
 ,20251209070015 2025-12-09 7:05:02.176304600 AM,31.85084121,54.61395799,1392.111,USER,Partial,Corrected,None,43, ,BYCODE(0), ,0.013,0.012,0.014,0.018,         BYLAYER,  BYCODE, ,0,Vertical,12/9/2025 7:05, , , , ,1.289,0.677,1.097, , , , 
 ,20251209073132 2025-12-09 7:45:00.772766100 AM,31.84181952,54.62407797,1390.774,USER,Fixed,Corrected,None,283, ,BYCODE(0), ,0.013,0.011,0.011,0.016,         BYLAYER,  BYCODE, ,0,Vertical,12/9/2025 7:45, , , , ,1.276,0.65,1.099, , , , 
 ,20251209070015 2025-12-09 7:15:42.398728400 AM,31.84722026,54.61810141,1392.222,USER,Fixed,Corrected,None,345, ,BYCODE(0), ,0.014,0.011,0.013,0.018,         BYLAYER,  BYCODE, ,0,Vertical,12/9/2025 7:15, , , , ,1.298,0.677,1.108, , , , 
 ,20251209073132 2025-12-09 7:36:05.992522500 AM,31.84395989,54.61923978,1391.019,USER,Fixed,Corrected,None,35, ,BYCODE(0), ,0.012,0.011,0.013,0.016,         BYLAYER,  BYCODE, ,0,Vertical,12/9/2025 7:36, , , , ,1.491,0.711,1.311, , , , 
 ,20251209073132 2025-12-09 7:38:38.158318500 AM,31.84374912,54.62127895,1391.798,USER,Fixed,Corrected,None,105, ,BYCODE(0), ,0.012,0.011,0.013,0.016,         BYLAYER,  BYCODE, ,0,Vertical,12/9/2025 7:38, , , , ,1.489,0.709,1.309, , , , 
 ,20251209063040 2025-12-09 6:48:44.392267500 AM,31.85145098,54.61064673,1393.85,USER,Fixed,Corrected,None,436, ,BYCODE(0), ,0.016,0.013,0.014,0.02,         BYLAYER,  BYCODE, ,0,Vertical,12/9/2025 6:48, , , , ,1.331,0.737,1.108, , , , 
 ,20251209081532 2025-12-09 8:21:18.691212400 AM,31.83677236,54.62536324,1385.19,USER,Fixed,Corrected,None,62, ,BYCODE(0), ,0.013,0.01,0.011,0.016,         BYLAYER,  BYCODE, ,0,Vertical,12/9/2025 8:21, , , , ,1.375,0.719,1.172, , , , 
 ,20251209081532 2025-12-09 8:23:09.657984000 AM,31.83725242,54.62764308,1387.135,USER,Fixed,Corrected,None,114, ,BYCODE(0), ,0.013,0.01,0.011,0.016,         BYLAYER,  BYCODE, ,0,Vertical,12/9/2025 8:23, , , , ,1.222,0.638,1.043, , , , 
 ,20251209070015 2025-12-09 7:20:22.664117100 AM,31.84480593,54.61913072,1388.197,USER,Fixed,Corrected,None,476, ,BYCODE(0), ,0.013,0.011,0.013,0.017,         BYLAYER,  BYCODE, ,0,Vertical,12/9/2025 7:20, , , , ,1.309,0.676,1.121, , , , 
 ,20251209063040 2025-12-09 6:45:34.371732700 AM,31.85151924,54.60783771,1387.21,USER,Fixed,Corrected,None,348, ,BYCODE(0), ,0.016,0.013,0.014,0.021,         BYLAYER,  BYCODE, ,0,Vertical,12/9/2025 6:45, , , , ,1.319,0.736,1.094, , , , 
 ,20251209070015 2025-12-09 7:10:38.269653800 AM,31.84832596,54.61543905,1389.445,USER,Fixed,Corrected,None,201, ,BYCODE(0), ,0.013,0.012,0.013,0.018,         BYLAYER,  BYCODE, ,0,Vertical,12/9/2025 7:10, , , , ,1.29,0.675,1.1, , , , 
 ,20251209070015 2025-12-09 7:05:04.169392100 AM,31.85071703,54.61380299,1391.732,USER,Partial,Corrected,None,44, ,BYCODE(0), ,0.013,0.012,0.014,0.018,         BYLAYER,  BYCODE, ,0,Vertical,12/9/2025 7:05, , , , ,1.289,0.677,1.097, , , , 
 ,20251209063040 2025-12-09 6:34:09.405712800 AM,31.8568881,54.60471416,1391.73,USER,Fixed,Corrected,None,25, ,BYCODE(0), ,0.016,0.012,0.014,0.02,         BYLAYER,  BYCODE, ,0,Vertical,12/9/2025 6:34, , , , ,1.161,0.677,0.942, , , , 
 ,20251209081532 2025-12-09 8:24:42.129229300 AM,31.83721351,54.6287669,1388.781,USER,Fixed,Corrected,None,158, ,BYCODE(0), ,0.013,0.01,0.011,0.016,         BYLAYER,  BYCODE, ,0,Vertical,12/9/2025 8:24, , , , ,1.222,0.637,1.044, , , , 
 ,20251209081532 2025-12-09 8:30:17.416354700 AM,31.835248,54.63092593,1387.182,USER,Fixed,Corrected,None,316, ,BYCODE(0), ,0.014,0.01,0.012,0.017,         BYLAYER,  BYCODE, ,0,Vertical,12/9/2025 8:30, , , , ,1.2,0.629,1.022, , , , 
 ,20251209070015 2025-12-09 7:15:44.387914700 AM,31.84734124,54.61825429,1392.337,USER,Fixed,Corrected,None,346, ,BYCODE(0), ,0.014,0.011,0.013,0.018,         BYLAYER,  BYCODE, ,0,Vertical,12/9/2025 7:15, , , , ,1.298,0.677,1.108, , , , 
 ,20251209073132 2025-12-09 7:46:49.290983200 AM,31.84177538,54.62519768,1391.167,USER,Fixed,Corrected,None,327, ,BYCODE(0), ,0.013,0.01,0.011,0.016,         BYLAYER,  BYCODE, ,0,Vertical,12/9/2025 7:46, , , , ,1.275,0.648,1.098, , , , 
 ,20251209063040 2025-12-09 6:42:06.822262800 AM,31.85420446,54.60830754,1391.614,USER,Fixed,Corrected,None,251, ,BYCODE(0), ,0.016,0.013,0.014,0.021,         BYLAYER,  BYCODE, ,0,Vertical,12/9/2025 6:42, , , , ,1.334,0.774,1.087, , , , 
 ,20251209063040 2025-12-09 6:38:19.408029600 AM,31.8553839,54.60688706,1391.661,USER,Fixed,Corrected,None,143, ,BYCODE(0), ,0.015,0.013,0.014,0.02,         BYLAYER,  BYCODE, ,0,Vertical,12/9/2025 6:38, , , , ,1.329,0.78,1.076, , , , 
 ,20251209081532 2025-12-09 8:30:58.135370700 AM,31.83331195,54.62908101,1383.482,USER,Partial,Corrected,None,335, ,BYCODE(0), ,0.013,0.011,0.012,0.017,         BYLAYER,  BYCODE, ,0,Vertical,12/9/2025 8:30, , , , ,1.199,0.629,1.021, , , , 
 ,20251209063040 2025-12-09 6:51:39.208267200 AM,31.85130241,54.61277848,1391.368,USER,Fixed,Corrected,None,520, ,BYCODE(0), ,0.016,0.012,0.014,0.02,         BYLAYER,  BYCODE, ,0,Vertical,12/9/2025 6:51, , , , ,1.34,0.736,1.119, , , , 
 ,20251209073132 2025-12-09 7:43:05.418433900 AM,31.84097668,54.62132361,1387.465,USER,Fixed,Corrected,None,230, ,BYCODE(0), ,0.013,0.011,0.011,0.017,         BYLAYER,  BYCODE, ,0,Vertical,12/9/2025 7:43, , , , ,1.277,0.651,1.099, , , , 
 ,20251209070015 2025-12-09 7:05:06.160563700 AM,31.85059466,54.61364914,1391.541,USER,Partial,Corrected,None,45, ,BYCODE(0), ,0.013,0.012,0.014,0.018,         BYLAYER,  BYCODE, ,0,Vertical,12/9/2025 7:05, , , , ,1.289,0.677,1.097, , , , 
 ,20251209070015 2025-12-09 7:10:40.258554500 AM,31.84820388,54.61528577,1389.15,USER,Fixed,Corrected,None,202, ,BYCODE(0), ,0.013,0.012,0.013,0.018,         BYLAYER,  BYCODE, ,0,Vertical,12/9/2025 7:10, , , , ,1.29,0.675,1.1, , , , 
 ,20251209070015 2025-12-09 7:20:24.657577300 AM,31.84468298,54.61897638,1387.808,USER,Fixed,Corrected,None,477, ,BYCODE(0), ,0.013,0.011,0.013,0.017,         BYLAYER,  BYCODE, ,0,Vertical,12/9/2025 7:20, , , , ,1.309,0.676,1.121, , , , 
 ,20251209073132 2025-12-09 7:40:58.521599100 AM,31.84358899,54.62281837,1393.466,USER,Fixed,Corrected,None,171, ,BYCODE(0), ,0.012,0.01,0.011,0.016,         BYLAYER,  BYCODE, ,0,Vertical,12/9/2025 7:40, , , , ,1.277,0.652,1.098, , , , 
 ,20251209063040 2025-12-09 6:34:11.365717900 AM,31.85692851,54.60481253,1392.071,USER,Fixed,Corrected,None,26, ,BYCODE(0), ,0.016,0.012,0.014,0.02,         BYLAYER,  BYCODE, ,0,Vertical,12/9/2025 6:34, , , , ,1.161,0.677,0.942, , , , 
 ,20251209081532 2025-12-09 8:22:17.464275800 AM,31.837779,54.62773527,1387.877,USER,Fixed,Corrected,None,89, ,BYCODE(0), ,0.013,0.01,0.011,0.016,         BYLAYER,  BYCODE, ,0,Vertical,12/9/2025 8:22, , , , ,1.222,0.639,1.042, , , , 
 ,20251209070015 2025-12-09 7:15:46.379151600 AM,31.84746364,54.61840767,1392.359,USER,Fixed,Corrected,None,347, ,BYCODE(0), ,0.014,0.011,0.013,0.018,         BYLAYER,  BYCODE, ,0,Vertical,12/9/2025 7:15, , , , ,1.298,0.677,1.108, , , , 
 ,20251209063040 2025-12-09 6:48:46.387359600 AM,31.85157339,54.61079984,1393.7,USER,Fixed,Corrected,None,437, ,BYCODE(0), ,0.016,0.013,0.014,0.02,         BYLAYER,  BYCODE, ,0,Vertical,12/9/2025 6:48, , , , ,1.331,0.737,1.108, , , , 
 ,20251209073132 2025-12-09 7:36:07.983323100 AM,31.84383779,54.61908561,1390.69,USER,Fixed,Corrected,None,36, ,BYCODE(0), ,0.012,0.011,0.013,0.017,         BYLAYER,  BYCODE, ,0,Vertical,12/9/2025 7:36, , , , ,1.491,0.711,1.311, , , , 
 ,20251209081532 2025-12-09 8:29:51.525247600 AM,31.83365698,54.62892885,1383.529,USER,Fixed,Corrected,None,303, ,BYCODE(0), ,0.013,0.011,0.012,0.017,         BYLAYER,  BYCODE, ,0,Vertical,12/9/2025 8:29, , , , ,1.201,0.63,1.022, , , , 
 ,20251209073132 2025-12-09 7:38:40.124185300 AM,31.84362821,54.62112736,1391.517,USER,Fixed,Corrected,None,106, ,BYCODE(0), ,0.012,0.011,0.013,0.016,         BYLAYER,  BYCODE, ,0,Vertical,12/9/2025 7:38, , , , ,1.489,0.709,1.309, , , , 
 ,20251209070015 2025-12-09 7:05:08.149441700 AM,31.85047386,54.61349604,1391.068,USER,Partial,Corrected,None,46, ,BYCODE(0), ,0.013,0.012,0.014,0.018,         BYLAYER,  BYCODE, ,0,Vertical,12/9/2025 7:05, , , , ,1.289,0.677,1.097, , , , 
 ,20251209073132 2025-12-09 7:48:28.202830100 AM,31.84051749,54.62535139,1388.247,USER,Fixed,Corrected,None,374, ,BYCODE(0), ,0.013,0.011,0.011,0.016,         BYLAYER,  BYCODE, ,0,Vertical,12/9/2025 7:48, , , , ,1.283,0.656,1.102, , , , 
 ,20251209070015 2025-12-09 7:10:42.247529000 AM,31.84808178,54.61513177,1388.782,USER,Fixed,Corrected,None,203, ,BYCODE(0), ,0.013,0.012,0.013,0.018,         BYLAYER,  BYCODE, ,0,Vertical,12/9/2025 7:10, , , , ,1.29,0.675,1.1, , , , 
 ,20251209063040 2025-12-09 6:38:21.400958800 AM,31.85525998,54.60673312,1391.307,USER,Fixed,Corrected,None,144, ,BYCODE(0), ,0.015,0.013,0.014,0.02,         BYLAYER,  BYCODE, ,0,Vertical,12/9/2025 6:38, , , , ,1.33,0.78,1.077, , , , 
 ,20251209063040 2025-12-09 6:42:08.815040100 AM,31.85432721,54.60846231,1392.109,USER,Partial,Corrected,None,252, ,BYCODE(0), ,0.016,0.013,0.014,0.021,         BYLAYER,  BYCODE, ,0,Vertical,12/9/2025 6:42, , , , ,1.334,0.774,1.087, , , , 
 ,20251209070015 2025-12-09 7:20:26.648860200 AM,31.84456092,54.61882334,1387.566,USER,Fixed,Corrected,None,478, ,BYCODE(0), ,0.013,0.011,0.013,0.017,         BYLAYER,  BYCODE, ,0,Vertical,12/9/2025 7:20, , , , ,1.309,0.676,1.121, , , , 
 ,20251209063040 2025-12-09 6:45:36.965517300 AM,31.85142522,54.60776049,1386.912,USER,Partial,Corrected,None,349, ,BYCODE(0), ,0.016,0.013,0.014,0.021,         BYLAYER,  BYCODE, ,0,Vertical,12/9/2025 6:45, , , , ,1.319,0.736,1.094, , , , 
 ,20251209073132 2025-12-09 7:46:50.051016300 AM,31.84177609,54.62522914,1391.135,USER,Fixed,Corrected,None,328, ,BYCODE(0), ,0.013,0.01,0.011,0.016,         BYLAYER,  BYCODE, ,0,Vertical,12/9/2025 7:46, , , , ,1.275,0.648,1.098, , , , 
 ,20251209073132 2025-12-09 7:45:02.761601200 AM,31.84194168,54.62423147,1391.346,USER,Fixed,Corrected,None,284, ,BYCODE(0), ,0.013,0.011,0.011,0.016,         BYLAYER,  BYCODE, ,0,Vertical,12/9/2025 7:45, , , , ,1.276,0.65,1.099, , , , 
 ,20251209063040 2025-12-09 6:51:41.195022600 AM,31.85142331,54.61293217,1391.672,USER,Fixed,Corrected,None,521, ,BYCODE(0), ,0.016,0.012,0.014,0.02,         BYLAYER,  BYCODE, ,0,Vertical,12/9/2025 6:51, , , , ,1.34,0.736,1.12, , , , 
 ,20251209073132 2025-12-09 7:49:58.192956400 AM,31.83963963,54.62540561,1387.444,USER,Fixed,Corrected,None,417, ,BYCODE(0), ,0.013,0.011,0.011,0.017,         BYLAYER,  BYCODE, ,0,Vertical,12/9/2025 7:49, , , , ,1.28,0.655,1.099, , , , 
 ,20251209070015 2025-12-09 7:05:10.138687400 AM,31.85035261,54.61334247,1390.541,USER,Partial,Corrected,None,47, ,BYCODE(0), ,0.013,0.012,0.014,0.018,         BYLAYER,  BYCODE, ,0,Vertical,12/9/2025 7:05, , , , ,1.289,0.677,1.097, , , , 
 ,20251209081532 2025-12-09 8:20:16.709143400 AM,31.8380521,54.6263315,1386.761,USER,Fixed,Corrected,None,32, ,BYCODE(0), ,0.013,0.01,0.011,0.016,         BYLAYER,  BYCODE, ,0,Vertical,12/9/2025 8:20, , , , ,1.432,0.738,1.227, , , , 
 ,20251209070015 2025-12-09 7:15:49.041919500 AM,31.84757165,54.61856699,1392.846,USER,Fixed,Corrected,None,348, ,BYCODE(0), ,0.014,0.012,0.013,0.018,         BYLAYER,  BYCODE, ,0,Vertical,12/9/2025 7:15, , , , ,1.298,0.677,1.108, , , , 
 ,20251209070015 2025-12-09 7:10:44.238381400 AM,31.84795941,54.61497792,1388.49,USER,Fixed,Corrected,None,204, ,BYCODE(0), ,0.013,0.012,0.013,0.018,         BYLAYER,  BYCODE, ,0,Vertical,12/9/2025 7:10, , , , ,1.29,0.675,1.099, , , , 
 ,20251209081532 2025-12-09 8:29:36.401562200 AM,31.83386629,54.62861286,1383.815,USER,Fixed,Corrected,None,297, ,BYCODE(0), ,0.014,0.01,0.012,0.017,         BYLAYER,  BYCODE, ,0,Vertical,12/9/2025 8:29, , , , ,1.201,0.63,1.022, , , , 
 ,20251209063040 2025-12-09 6:34:14.287348300 AM,31.85682911,54.6049937,1391.527,USER,Fixed,Corrected,None,27, ,BYCODE(0), ,0.016,0.012,0.014,0.02,         BYLAYER,  BYCODE, ,0,Vertical,12/9/2025 6:34, , , , ,1.161,0.677,0.943, , , , 
 ,20251209063040 2025-12-09 6:48:48.380272900 AM,31.8516966,54.61095348,1393.434,USER,Fixed,Corrected,None,438, ,BYCODE(0), ,0.016,0.013,0.014,0.02,         BYLAYER,  BYCODE, ,0,Vertical,12/9/2025 6:48, , , , ,1.331,0.737,1.108, , , , 
 ,20251209070015 2025-12-09 7:15:49.764812900 AM,31.847571,54.61859955,1392.927,USER,Fixed,Corrected,None,349, ,BYCODE(0), ,0.014,0.012,0.013,0.018,         BYLAYER,  BYCODE, ,0,Vertical,12/9/2025 7:15, , , , ,1.298,0.677,1.108, , , , 
 ,20251209073132 2025-12-09 7:51:20.555051100 AM,31.83924573,54.62607092,1386.715,USER,Fixed,Corrected,None,456, ,BYCODE(0), ,0.013,0.011,0.011,0.017,         BYLAYER,  BYCODE, ,0,Vertical,12/9/2025 7:51, , , , ,1.277,0.654,1.096, , , , 
 ,20251209070015 2025-12-09 7:20:28.648129900 AM,31.84443862,54.61866897,1387.298,USER,Fixed,Corrected,None,479, ,BYCODE(0), ,0.013,0.011,0.013,0.017,         BYLAYER,  BYCODE, ,0,Vertical,12/9/2025 7:20, , , , ,1.309,0.676,1.122, , , , 
 ,20251209063040 2025-12-09 6:38:23.408468700 AM,31.85513554,54.60657788,1391.385,USER,Fixed,Corrected,None,145, ,BYCODE(0), ,0.016,0.012,0.014,0.02,         BYLAYER,  BYCODE, ,0,Vertical,12/9/2025 6:38, , , , ,1.33,0.78,1.077, , , , 
 ,20251209070015 2025-12-09 7:05:12.150458600 AM,31.8502293,54.61318696,1390.016,USER,Fixed,Corrected,None,48, ,BYCODE(0), ,0.013,0.012,0.014,0.018,         BYLAYER,  BYCODE, ,0,Vertical,12/9/2025 7:05, , , , ,1.289,0.677,1.097, , , , 
 ,20251209081532 2025-12-09 8:27:32.346329200 AM,31.8362931,54.62992086,1387.598,USER,Fixed,Corrected,None,239, ,BYCODE(0), ,0.013,0.011,0.012,0.016,         BYLAYER,  BYCODE, ,0,Vertical,12/9/2025 8:27, , , , ,1.221,0.634,1.044, , , , 
 ,20251209063040 2025-12-09 6:42:10.841154600 AM,31.85444706,54.60861364,1392.412,USER,Partial,Corrected,None,253, ,BYCODE(0), ,0.016,0.013,0.014,0.021,         BYLAYER,  BYCODE, ,0,Vertical,12/9/2025 6:42, , , , ,1.335,0.774,1.087, , , , 
 ,20251209073132 2025-12-09 7:36:09.978293900 AM,31.84371573,54.61893227,1390.256,USER,Fixed,Corrected,None,37, ,BYCODE(0), ,0.012,0.011,0.013,0.016,         BYLAYER,  BYCODE, ,0,Vertical,12/9/2025 7:36, , , , ,1.491,0.711,1.311, , , , 
 ,20251209070015 2025-12-09 7:10:46.262753000 AM,31.84783494,54.61482121,1388.176,USER,Fixed,Corrected,None,205, ,BYCODE(0), ,0.013,0.012,0.013,0.018,         BYLAYER,  BYCODE, ,0,Vertical,12/9/2025 7:10, , , , ,1.29,0.675,1.099, , , , 
 ,20251209073132 2025-12-09 7:41:00.547590000 AM,31.84371091,54.62297176,1394.011,USER,Fixed,Corrected,None,172, ,BYCODE(0), ,0.012,0.01,0.011,0.016,         BYLAYER,  BYCODE, ,0,Vertical,12/9/2025 7:41, , , , ,1.277,0.652,1.098, , , , 
 ,20251209081532 2025-12-09 8:27:04.466395600 AM,31.83457933,54.62776464,1383.973,USER,Fixed,Corrected,None,225, ,BYCODE(0), ,0.013,0.01,0.011,0.016,         BYLAYER,  BYCODE, ,0,Vertical,12/9/2025 8:27, , , , ,1.221,0.635,1.044, , , , 
 ,20251209073132 2025-12-09 7:38:42.131612300 AM,31.84350448,54.62097211,1391.339,USER,Fixed,Corrected,None,107, ,BYCODE(0), ,0.012,0.011,0.013,0.016,         BYLAYER,  BYCODE, ,0,Vertical,12/9/2025 7:38, , , , ,1.489,0.709,1.309, , , , 
 ,20251209081532 2025-12-09 8:27:57.962088300 AM,31.8353928,54.62936799,1385.696,USER,Partial,Corrected,None,251, ,BYCODE(0), ,0.013,0.01,0.012,0.017,         BYLAYER,  BYCODE, ,0,Vertical,12/9/2025 8:27, , , , ,1.221,0.634,1.043, , , , 
 ,20251209081532 2025-12-09 8:26:00.583478700 AM,31.83632269,54.6288076,1387.478,USER,Fixed,Corrected,None,195, ,BYCODE(0), ,0.013,0.01,0.011,0.017,         BYLAYER,  BYCODE, ,0,Vertical,12/9/2025 8:26, , , , ,1.222,0.635,1.044, , , , 
 ,20251209063040 2025-12-09 6:51:43.217013400 AM,31.85154494,54.61308668,1391.995,USER,Fixed,Corrected,None,522, ,BYCODE(0), ,0.016,0.012,0.014,0.02,         BYLAYER,  BYCODE, ,0,Vertical,12/9/2025 6:51, , , , ,1.34,0.736,1.12, , , , 
 ,20251209070015 2025-12-09 7:05:14.102183100 AM,31.85010942,54.61303654,1389.728,USER,Partial,Corrected,None,49, ,BYCODE(0), ,0.013,0.012,0.014,0.018,         BYLAYER,  BYCODE, ,0,Vertical,12/9/2025 7:05, , , , ,1.289,0.677,1.097, , , , 
 ,20251209070015 2025-12-09 7:20:30.614496500 AM,31.84431753,54.61851695,1386.763,USER,Fixed,Corrected,None,480, ,BYCODE(0), ,0.013,0.011,0.013,0.017,         BYLAYER,  BYCODE, ,0,Vertical,12/9/2025 7:20, , , , ,1.309,0.676,1.122, , , , 
 ,20251209063040 2025-12-09 6:38:25.391032900 AM,31.85501352,54.60642419,1391.574,USER,Partial,Corrected,None,146, ,BYCODE(0), ,0.015,0.013,0.014,0.02,         BYLAYER,  BYCODE, ,0,Vertical,12/9/2025 6:38, , , , ,1.33,0.78,1.077, , , , 
 ,20251209063040 2025-12-09 6:34:16.910316900 AM,31.85674132,54.60508917,1391.682,USER,Fixed,Corrected,None,28, ,BYCODE(0), ,0.016,0.012,0.014,0.02,         BYLAYER,  BYCODE, ,0,Vertical,12/9/2025 6:34, , , , ,1.161,0.677,0.943, , , , 
 ,20251209070015 2025-12-09 7:15:52.725730900 AM,31.84745011,54.61875596,1392.224,USER,Fixed,Corrected,None,350, ,BYCODE(0), ,0.014,0.011,0.013,0.018,         BYLAYER,  BYCODE, ,0,Vertical,12/9/2025 7:15, , , , ,1.298,0.677,1.108, , , , 
 ,20251209070015 2025-12-09 7:10:48.222805300 AM,31.84771422,54.61466874,1387.903,USER,Partial,Corrected,None,206, ,BYCODE(0), ,0.013,0.012,0.013,0.018,         BYLAYER,  BYCODE, ,0,Vertical,12/9/2025 7:10, , , , ,1.29,0.675,1.099, , , , 
 ,20251209063040 2025-12-09 6:45:40.155728100 AM,31.85130042,54.60792734,1386.411,USER,Fixed,Corrected,None,350, ,BYCODE(0), ,0.016,0.013,0.014,0.02,         BYLAYER,  BYCODE, ,0,Vertical,12/9/2025 6:45, , , , ,1.319,0.736,1.095, , , , 
 ,20251209081532 2025-12-09 8:32:22.733923700 AM,31.83259076,54.62937334,1383.446,USER,Fixed,Corrected,None,375, ,BYCODE(0), ,0.014,0.011,0.012,0.017,         BYLAYER,  BYCODE, ,0,Vertical,12/9/2025 8:32, , , , ,1.196,0.628,1.018, , , , 
 ,20251209063040 2025-12-09 6:48:50.381457800 AM,31.85182003,54.6111078,1393.129,USER,Fixed,Corrected,None,439, ,BYCODE(0), ,0.016,0.013,0.014,0.02,         BYLAYER,  BYCODE, ,0,Vertical,12/9/2025 6:48, , , , ,1.331,0.737,1.109, , , , 
 ,20251209063040 2025-12-09 6:42:12.867358200 AM,31.85449235,54.60871552,1392.381,USER,Fixed,Corrected,None,254, ,BYCODE(0), ,0.016,0.013,0.014,0.021,         BYLAYER,  BYCODE, ,0,Vertical,12/9/2025 6:42, , , , ,1.335,0.774,1.087, , , , 
 ,20251209073132 2025-12-09 7:48:30.197664300 AM,31.84039519,54.62519708,1388.077,USER,Fixed,Corrected,None,375, ,BYCODE(0), ,0.013,0.01,0.011,0.016,         BYLAYER,  BYCODE, ,0,Vertical,12/9/2025 7:48, , , , ,1.282,0.656,1.102, , , , 
 ,20251209070015 2025-12-09 7:05:16.126365200 AM,31.84998424,54.61288017,1389.495,USER,Partial,Corrected,None,50, ,BYCODE(0), ,0.013,0.012,0.014,0.018,         BYLAYER,  BYCODE, ,0,Vertical,12/9/2025 7:05, , , , ,1.289,0.677,1.097, , , , 
 ,20251209073132 2025-12-09 7:43:08.446267100 AM,31.84082492,54.62144955,1386.842,USER,Fixed,Corrected,None,231, ,BYCODE(0), ,0.013,0.011,0.011,0.017,         BYLAYER,  BYCODE, ,0,Vertical,12/9/2025 7:43, , , , ,1.277,0.651,1.099, , , , 
 ,20251209073132 2025-12-09 7:45:04.769041100 AM,31.84206492,54.62438544,1391.626,USER,Fixed,Corrected,None,285, ,BYCODE(0), ,0.013,0.011,0.011,0.016,         BYLAYER,  BYCODE, ,0,Vertical,12/9/2025 7:45, , , , ,1.276,0.65,1.099, , , , 
 ,20251209081532 2025-12-09 8:23:11.646857300 AM,31.83737406,54.62779623,1387.201,USER,Fixed,Corrected,None,115, ,BYCODE(0), ,0.013,0.01,0.011,0.016,         BYLAYER,  BYCODE, ,0,Vertical,12/9/2025 8:23, , , , ,1.222,0.638,1.043, , , , 
 ,20251209070015 2025-12-09 7:20:32.618213200 AM,31.84419422,54.6183621,1386.316,USER,Fixed,Corrected,None,481, ,BYCODE(0), ,0.013,0.011,0.013,0.017,         BYLAYER,  BYCODE, ,0,Vertical,12/9/2025 7:20, , , , ,1.31,0.676,1.122, , , , 
 ,20251209073132 2025-12-09 7:36:11.934267300 AM,31.84359605,54.61878096,1389.675,USER,Fixed,Corrected,None,38, ,BYCODE(0), ,0.012,0.011,0.013,0.016,         BYLAYER,  BYCODE, ,0,Vertical,12/9/2025 7:36, , , , ,1.491,0.711,1.311, , , , 
 ,20251209070015 2025-12-09 7:10:50.217866700 AM,31.84759157,54.61451509,1387.7,USER,Fixed,Corrected,None,207, ,BYCODE(0), ,0.013,0.012,0.013,0.018,         BYLAYER,  BYCODE, ,0,Vertical,12/9/2025 7:10, , , , ,1.29,0.675,1.099, , , , 
 ,20251209081532 2025-12-09 8:23:59.855635600 AM,31.83615176,54.62685699,1386.117,USER,Fixed,Corrected,None,138, ,BYCODE(0), ,0.013,0.01,0.011,0.017,         BYLAYER,  BYCODE, ,0,Vertical,12/9/2025 8:23:60 AM, , , , ,1.222,0.637,1.043, , , , 
 ,20251209063040 2025-12-09 6:38:27.379899300 AM,31.85489171,54.60627071,1391.578,USER,Fixed,Corrected,None,147, ,BYCODE(0), ,0.015,0.013,0.014,0.02,         BYLAYER,  BYCODE, ,0,Vertical,12/9/2025 6:38, , , , ,1.33,0.78,1.077, , , , 
 ,20251209070015 2025-12-09 7:15:55.150540100 AM,31.84735347,54.61883024,1392.489,USER,Fixed,Corrected,None,351, ,BYCODE(0), ,0.014,0.011,0.013,0.018,         BYLAYER,  BYCODE, ,0,Vertical,12/9/2025 7:15, , , , ,1.299,0.677,1.108, , , , 
 ,20251209081532 2025-12-09 8:29:20.503608700 AM,31.83484325,54.62984194,1386.011,USER,Fixed,Corrected,None,289, ,BYCODE(0), ,0.013,0.01,0.012,0.017,         BYLAYER,  BYCODE, ,0,Vertical,12/9/2025 8:29, , , , ,1.201,0.63,1.023, , , , 
 ,20251209070015 2025-12-09 7:05:18.094643600 AM,31.84986328,54.61272842,1389.193,USER,Fixed,Corrected,None,51, ,BYCODE(0), ,0.013,0.012,0.014,0.018,         BYLAYER,  BYCODE, ,0,Vertical,12/9/2025 7:05, , , , ,1.289,0.677,1.097, , , , 
 ,20251209073132 2025-12-09 7:50:00.212821200 AM,31.83951549,54.62525008,1387.192,USER,Fixed,Corrected,None,418, ,BYCODE(0), ,0.013,0.011,0.011,0.017,         BYLAYER,  BYCODE, ,0,Vertical,12/9/2025 7:50, , , , ,1.28,0.655,1.099, , , , 
 ,20251209073132 2025-12-09 7:38:44.089296600 AM,31.84338417,54.62082043,1391.242,USER,Fixed,Corrected,None,108, ,BYCODE(0), ,0.012,0.011,0.013,0.016,         BYLAYER,  BYCODE, ,0,Vertical,12/9/2025 7:38, , , , ,1.489,0.709,1.309, , , , 
 ,20251209081532 2025-12-09 8:21:21.714555500 AM,31.83661919,54.62548889,1384.799,USER,Fixed,Corrected,None,63, ,BYCODE(0), ,0.013,0.01,0.011,0.016,         BYLAYER,  BYCODE, ,0,Vertical,12/9/2025 8:21, , , , ,1.375,0.719,1.172, , , , 
 ,20251209063040 2025-12-09 6:45:42.507807500 AM,31.8512463,54.60805426,1386.919,USER,Fixed,Corrected,None,351, ,BYCODE(0), ,0.016,0.013,0.014,0.02,         BYLAYER,  BYCODE, ,0,Vertical,12/9/2025 6:45, , , , ,1.319,0.736,1.095, , , , 
 ,20251209063040 2025-12-09 6:34:20.004647500 AM,31.85660467,54.60493721,1391.194,USER,Fixed,Corrected,None,29, ,BYCODE(0), ,0.016,0.012,0.014,0.02,         BYLAYER,  BYCODE, ,0,Vertical,12/9/2025 6:34, , , , ,1.161,0.678,0.943, , , , 
 ,20251209063040 2025-12-09 6:48:52.339365700 AM,31.85194063,54.61125863,1392.816,USER,Fixed,Corrected,None,440, ,BYCODE(0), ,0.016,0.013,0.014,0.02,         BYLAYER,  BYCODE, ,0,Vertical,12/9/2025 6:48, , , , ,1.331,0.737,1.109, , , , 
 ,20251209070015 2025-12-09 7:10:52.206711100 AM,31.84746954,54.61436108,1387.402,USER,Partial,Corrected,None,208, ,BYCODE(0), ,0.013,0.012,0.013,0.018,         BYLAYER,  BYCODE, ,0,Vertical,12/9/2025 7:10, , , , ,1.29,0.675,1.099, , , , 
 ,20251209070015 2025-12-09 7:20:34.605124200 AM,31.84407217,54.61820881,1385.805,USER,Fixed,Corrected,None,482, ,BYCODE(0), ,0.013,0.011,0.013,0.017,         BYLAYER,  BYCODE, ,0,Vertical,12/9/2025 7:20, , , , ,1.31,0.676,1.122, , , , 
 ,20251209073132 2025-12-09 7:41:02.834971900 AM,31.84376394,54.62308286,1394.219,USER,Fixed,Corrected,None,173, ,BYCODE(0), ,0.012,0.01,0.011,0.016,         BYLAYER,  BYCODE, ,0,Vertical,12/9/2025 7:41, , , , ,1.277,0.652,1.098, , , , 
 ,20251209073132 2025-12-09 7:46:53.143312700 AM,31.84164119,54.62538134,1390.412,USER,Fixed,Corrected,None,329, ,BYCODE(0), ,0.013,0.01,0.011,0.016,         BYLAYER,  BYCODE, ,0,Vertical,12/9/2025 7:46, , , , ,1.275,0.648,1.097, , , , 
 ,20251209070015 2025-12-09 7:05:20.081811400 AM,31.84974076,54.61257485,1388.881,USER,Fixed,Corrected,None,52, ,BYCODE(0), ,0.013,0.012,0.014,0.018,         BYLAYER,  BYCODE, ,0,Vertical,12/9/2025 7:05, , , , ,1.29,0.677,1.097, , , , 
 ,20251209081532 2025-12-09 8:20:18.697975600 AM,31.83817385,54.62648314,1386.953,USER,Fixed,Corrected,None,33, ,BYCODE(0), ,0.013,0.01,0.011,0.016,         BYLAYER,  BYCODE, ,0,Vertical,12/9/2025 8:20, , , , ,1.432,0.738,1.227, , , , 
 ,20251209063040 2025-12-09 6:42:15.822184600 AM,31.85439313,54.60889826,1391.669,USER,Fixed,Corrected,None,255, ,BYCODE(0), ,0.016,0.013,0.014,0.021,         BYLAYER,  BYCODE, ,0,Vertical,12/9/2025 6:42, , , , ,1.335,0.774,1.088, , , , 
 ,20251209063040 2025-12-09 6:38:29.348149100 AM,31.85477033,54.60611925,1391.374,USER,Fixed,Corrected,None,148, ,BYCODE(0), ,0.015,0.013,0.014,0.02,         BYLAYER,  BYCODE, ,0,Vertical,12/9/2025 6:38, , , , ,1.33,0.78,1.077, , , , 
 ,20251209073132 2025-12-09 7:51:22.577292900 AM,31.8391217,54.62591464,1386.568,USER,Fixed,Corrected,None,457, ,BYCODE(0), ,0.013,0.011,0.011,0.017,         BYLAYER,  BYCODE, ,0,Vertical,12/9/2025 7:51, , , , ,1.277,0.654,1.096, , , , 
 ,20251209081532 2025-12-09 8:22:19.428653700 AM,31.83765883,54.62758364,1387.616,USER,Fixed,Corrected,None,90, ,BYCODE(0), ,0.013,0.01,0.011,0.016,         BYLAYER,  BYCODE, ,0,Vertical,12/9/2025 8:22, , , , ,1.222,0.639,1.042, , , , 
 ,20251209070015 2025-12-09 7:15:58.173916600 AM,31.84721723,54.61867789,1391.811,USER,Fixed,Corrected,None,352, ,BYCODE(0), ,0.014,0.012,0.013,0.018,         BYLAYER,  BYCODE, ,0,Vertical,12/9/2025 7:15, , , , ,1.299,0.677,1.108, , , , 
 ,20251209070015 2025-12-09 7:10:54.176981900 AM,31.8473495,54.61420802,1386.957,USER,Fixed,Corrected,None,209, ,BYCODE(0), ,0.013,0.012,0.013,0.018,         BYLAYER,  BYCODE, ,0,Vertical,12/9/2025 7:10, , , , ,1.29,0.675,1.099, , , , 
 ,20251209073132 2025-12-09 7:36:13.933275900 AM,31.84347377,54.61862687,1389.19,USER,Fixed,Corrected,None,39, ,BYCODE(0), ,0.012,0.011,0.013,0.016,         BYLAYER,  BYCODE, ,0,Vertical,12/9/2025 7:36, , , , ,1.491,0.711,1.311, , , , 
 ,20251209081532 2025-12-09 8:24:44.122196200 AM,31.8373364,54.62892099,1388.888,USER,Fixed,Corrected,None,159, ,BYCODE(0), ,0.013,0.01,0.011,0.016,         BYLAYER,  BYCODE, ,0,Vertical,12/9/2025 8:24, , , , ,1.222,0.637,1.044, , , , 
 ,20251209070015 2025-12-09 7:20:36.585752500 AM,31.84395019,54.6180558,1385.466,USER,Fixed,Corrected,None,483, ,BYCODE(0), ,0.013,0.011,0.013,0.017,         BYLAYER,  BYCODE, ,0,Vertical,12/9/2025 7:20, , , , ,1.31,0.676,1.122, , , , 
 ,20251209070015 2025-12-09 7:05:22.080993200 AM,31.84961809,54.61242089,1388.614,USER,Partial,Corrected,None,53, ,BYCODE(0), ,0.013,0.012,0.014,0.018,         BYLAYER,  BYCODE, ,0,Vertical,12/9/2025 7:05, , , , ,1.29,0.677,1.097, , , , 
 ,20251209063040 2025-12-09 6:34:22.026955100 AM,31.85647829,54.60477996,1390.653,USER,Fixed,Corrected,None,30, ,BYCODE(0), ,0.017,0.012,0.014,0.02,         BYLAYER,  BYCODE, ,0,Vertical,12/9/2025 6:34, , , , ,1.161,0.678,0.943, , , , 
 ,20251209073132 2025-12-09 7:45:06.757694500 AM,31.84218737,54.62453878,1391.509,USER,Fixed,Corrected,None,286, ,BYCODE(0), ,0.013,0.01,0.011,0.016,         BYLAYER,  BYCODE, ,0,Vertical,12/9/2025 7:45, , , , ,1.276,0.649,1.099, , , , 
 ,20251209073132 2025-12-09 7:43:10.935909000 AM,31.84075232,54.62155477,1387.342,USER,Fixed,Corrected,None,232, ,BYCODE(0), ,0.013,0.011,0.011,0.017,         BYLAYER,  BYCODE, ,0,Vertical,12/9/2025 7:43, , , , ,1.277,0.651,1.099, , , , 
 ,20251209081532 2025-12-09 8:25:24.317229500 AM,31.83563138,54.62735847,1385.146,USER,Fixed,Corrected,None,178, ,BYCODE(0), ,0.013,0.01,0.011,0.016,         BYLAYER,  BYCODE, ,0,Vertical,12/9/2025 8:25, , , , ,1.222,0.636,1.044, , , , 
 ,20251209063040 2025-12-09 6:48:54.324510100 AM,31.85206206,54.61141242,1392.573,USER,Fixed,Corrected,None,441, ,BYCODE(0), ,0.016,0.013,0.014,0.02,         BYLAYER,  BYCODE, ,0,Vertical,12/9/2025 6:48, , , , ,1.331,0.737,1.109, , , , 
 ,20251209073132 2025-12-09 7:38:46.115346200 AM,31.84325989,54.62066379,1390.949,USER,Fixed,Corrected,None,109, ,BYCODE(0), ,0.012,0.011,0.013,0.016,         BYLAYER,  BYCODE, ,0,Vertical,12/9/2025 7:38, , , , ,1.489,0.709,1.309, , , , 
 ,20251209073132 2025-12-09 7:48:32.190537700 AM,31.84027303,54.62504348,1387.889,USER,Fixed,Corrected,None,376, ,BYCODE(0), ,0.013,0.01,0.011,0.016,         BYLAYER,  BYCODE, ,0,Vertical,12/9/2025 7:48, , , , ,1.282,0.656,1.102, , , , 
 ,20251209070015 2025-12-09 7:10:56.169764300 AM,31.84722811,54.61405465,1386.147,USER,Fixed,Corrected,None,210, ,BYCODE(0), ,0.013,0.012,0.013,0.018,         BYLAYER,  BYCODE, ,0,Vertical,12/9/2025 7:10, , , , ,1.29,0.675,1.099, , , , 
 ,20251209070015 2025-12-09 7:16:00.168942900 AM,31.84709275,54.61852284,1391.071,USER,Fixed,Corrected,None,353, ,BYCODE(0), ,0.014,0.011,0.013,0.018,         BYLAYER,  BYCODE, ,0,Vertical,12/9/2025 7:16, , , , ,1.299,0.677,1.109, , , , 
 ,20251209063040 2025-12-09 6:38:31.339348300 AM,31.85464827,54.60596614,1390.969,USER,Fixed,Corrected,None,149, ,BYCODE(0), ,0.015,0.013,0.014,0.02,         BYLAYER,  BYCODE, ,0,Vertical,12/9/2025 6:38, , , , ,1.33,0.78,1.077, , , , 
 ,20251209070015 2025-12-09 7:05:24.084728700 AM,31.84949453,54.61226617,1388.268,USER,Fixed,Corrected,None,54, ,BYCODE(0), ,0.013,0.012,0.014,0.018,         BYLAYER,  BYCODE, ,0,Vertical,12/9/2025 7:05, , , , ,1.29,0.677,1.097, , , , 
 ,20251209063040 2025-12-09 6:45:45.362498000 AM,31.85136597,54.60821888,1386.949,USER,Fixed,Corrected,None,352, ,BYCODE(0), ,0.016,0.013,0.014,0.02,         BYLAYER,  BYCODE, ,0,Vertical,12/9/2025 6:45, , , , ,1.32,0.736,1.095, , , , 
 ,20251209081532 2025-12-09 8:26:34.597163200 AM,31.83593889,54.62890136,1386.372,USER,Fixed,Corrected,None,211, ,BYCODE(0), ,0.013,0.01,0.011,0.016,         BYLAYER,  BYCODE, ,0,Vertical,12/9/2025 8:26, , , , ,1.222,0.635,1.044, , , , 
 ,20251209063040 2025-12-09 6:34:23.988895200 AM,31.85635829,54.60462872,1390.328,USER,Partial,Corrected,None,31, ,BYCODE(0), ,0.016,0.012,0.014,0.02,         BYLAYER,  BYCODE, ,0,Vertical,12/9/2025 6:34, , , , ,1.161,0.678,0.943, , , , 
 ,20251209081532 2025-12-09 8:30:05.477453700 AM,31.83451209,54.63000556,1386.43,USER,Fixed,Corrected,None,310, ,BYCODE(0), ,0.014,0.01,0.012,0.017,         BYLAYER,  BYCODE, ,0,Vertical,12/9/2025 8:30, , , , ,1.2,0.63,1.022, , , , 
 ,20251209063040 2025-12-09 6:42:18.449595700 AM,31.85430521,54.60899256,1391.477,USER,Partial,Corrected,None,256, ,BYCODE(0), ,0.016,0.013,0.014,0.021,         BYLAYER,  BYCODE, ,0,Vertical,12/9/2025 6:42, , , , ,1.335,0.774,1.088, , , , 
 ,20251209081532 2025-12-09 8:28:21.896022100 AM,31.83400895,54.62799334,1382.607,USER,Fixed,Corrected,None,262, ,BYCODE(0), ,0.013,0.01,0.012,0.017,         BYLAYER,  BYCODE, ,0,Vertical,12/9/2025 8:28, , , , ,1.202,0.631,1.023, , , , 
 ,20251209073132 2025-12-09 7:50:02.174958500 AM,31.8393956,54.62509952,1386.901,USER,Fixed,Corrected,None,419, ,BYCODE(0), ,0.013,0.01,0.011,0.017,         BYLAYER,  BYCODE, ,0,Vertical,12/9/2025 7:50, , , , ,1.28,0.655,1.099, , , , 
 ,20251209070015 2025-12-09 7:20:39.481829200 AM,31.84383344,54.61795046,1385.625,USER,Fixed,Corrected,None,484, ,BYCODE(0), ,0.014,0.011,0.013,0.017,         BYLAYER,  BYCODE, ,0,Vertical,12/9/2025 7:20, , , , ,1.31,0.676,1.122, , , , 
 ,20251209081532 2025-12-09 8:28:43.340886600 AM,31.83503477,54.62950204,1386.541,USER,Fixed,Corrected,None,272, ,BYCODE(0), ,0.013,0.01,0.012,0.017,         BYLAYER,  BYCODE, ,0,Vertical,12/9/2025 8:28, , , , ,1.202,0.631,1.023, , , , 
 ,20251209070015 2025-12-09 7:16:02.164069400 AM,31.84696961,54.61836895,1390.83,USER,Fixed,Corrected,None,354, ,BYCODE(0), ,0.014,0.011,0.013,0.018,         BYLAYER,  BYCODE, ,0,Vertical,12/9/2025 7:16, , , , ,1.299,0.677,1.109, , , , 
 ,20251209070015 2025-12-09 7:05:26.075647600 AM,31.84937226,54.6121122,1387.894,USER,Partial,Corrected,None,55, ,BYCODE(0), ,0.013,0.012,0.014,0.018,         BYLAYER,  BYCODE, ,0,Vertical,12/9/2025 7:05, , , , ,1.29,0.677,1.098, , , , 
 ,20251209081532 2025-12-09 8:31:26.747231500 AM,31.83398624,54.63050542,1385.889,USER,Fixed,Corrected,None,348, ,BYCODE(0), ,0.013,0.011,0.012,0.017,         BYLAYER,  BYCODE, ,0,Vertical,12/9/2025 8:31, , , , ,1.198,0.629,1.02, , , , 
 ,20251209073132 2025-12-09 7:41:05.892283900 AM,31.84364115,54.62324441,1393.406,USER,Fixed,Corrected,None,174, ,BYCODE(0), ,0.012,0.01,0.011,0.016,         BYLAYER,  BYCODE, ,0,Vertical,12/9/2025 7:41, , , , ,1.277,0.652,1.098, , , , 
 ,20251209070015 2025-12-09 7:10:58.861747500 AM,31.84712284,54.6139627,1385.609,USER,Partial,Corrected,None,211, ,BYCODE(0), ,0.013,0.012,0.013,0.018,         BYLAYER,  BYCODE, ,0,Vertical,12/9/2025 7:10, , , , ,1.29,0.675,1.099, , , , 
 ,20251209073132 2025-12-09 7:33:31.247517600 AM,31.84377759,54.62028337,1286.536,USER,Fixed,Corrected,None,1, ,BYCODE(0), ,0.012,0.011,0.013,0.016,         BYLAYER,  BYCODE, ,0,Vertical,12/9/2025 7:33, , , , ,1.492,0.713,1.311, , , , 
 ,20251209063040 2025-12-09 6:38:33.336557100 AM,31.85452578,54.60581231,1390.437,USER,Fixed,Corrected,None,150, ,BYCODE(0), ,0.015,0.013,0.014,0.02,         BYLAYER,  BYCODE, ,0,Vertical,12/9/2025 6:38, , , , ,1.331,0.78,1.078, , , , 
 ,20251209063040 2025-12-09 6:48:56.313599300 AM,31.85218416,54.61156649,1392.463,USER,Fixed,Corrected,None,442, ,BYCODE(0), ,0.016,0.013,0.014,0.02,         BYLAYER,  BYCODE, ,0,Vertical,12/9/2025 6:48, , , , ,1.331,0.737,1.109, , , , 
 ,20251209063040 2025-12-09 6:34:25.979708700 AM,31.85623659,54.60447566,1389.976,USER,Partial,Corrected,None,32, ,BYCODE(0), ,0.016,0.012,0.014,0.02,         BYLAYER,  BYCODE, ,0,Vertical,12/9/2025 6:34, , , , ,1.161,0.678,0.943, , , , 
 ,20251209073132 2025-12-09 7:46:55.568316700 AM,31.84153881,54.62544824,1390.58,USER,Fixed,Corrected,None,330, ,BYCODE(0), ,0.013,0.01,0.011,0.016,         BYLAYER,  BYCODE, ,0,Vertical,12/9/2025 7:46, , , , ,1.275,0.648,1.097, , , , 
 ,20251209063040 2025-12-09 6:45:47.369989200 AM,31.85149098,54.60837986,1386.892,USER,Partial,Corrected,None,353, ,BYCODE(0), ,0.016,0.013,0.014,0.02,         BYLAYER,  BYCODE, ,0,Vertical,12/9/2025 6:45, , , , ,1.32,0.736,1.095, , , , 
 ,20251209073132 2025-12-09 7:36:16.727266800 AM,31.84336128,54.61852942,1389.211,USER,Fixed,Corrected,None,40, ,BYCODE(0), ,0.012,0.011,0.013,0.016,         BYLAYER,  BYCODE, ,0,Vertical,12/9/2025 7:36, , , , ,1.491,0.711,1.311, , , , 
 ,20251209070015 2025-12-09 7:05:28.064432400 AM,31.84925014,54.6119587,1387.669,USER,Fixed,Corrected,None,56, ,BYCODE(0), ,0.013,0.012,0.014,0.018,         BYLAYER,  BYCODE, ,0,Vertical,12/9/2025 7:05, , , , ,1.29,0.677,1.098, , , , 
 ,20251209081532 2025-12-09 8:30:40.206569200 AM,31.83441502,54.63046502,1386.209,USER,Fixed,Corrected,None,326, ,BYCODE(0), ,0.013,0.011,0.012,0.017,         BYLAYER,  BYCODE, ,0,Vertical,12/9/2025 8:30, , , , ,1.199,0.629,1.021, , , , 
 ,20251209070015 2025-12-09 7:16:04.157267800 AM,31.84684664,54.61821598,1390.837,USER,Fixed,Corrected,None,355, ,BYCODE(0), ,0.014,0.011,0.013,0.018,         BYLAYER,  BYCODE, ,0,Vertical,12/9/2025 7:16, , , , ,1.299,0.677,1.109, , , , 
 ,20251209073132 2025-12-09 7:38:48.079378400 AM,31.84313923,54.62051224,1390.627,USER,Fixed,Corrected,None,110, ,BYCODE(0), ,0.012,0.011,0.013,0.016,         BYLAYER,  BYCODE, ,0,Vertical,12/9/2025 7:38, , , , ,1.489,0.709,1.309, , , , 
 ,20251209081532 2025-12-09 8:23:13.641753200 AM,31.83749677,54.62795034,1387.37,USER,Fixed,Corrected,None,116, ,BYCODE(0), ,0.013,0.01,0.011,0.016,         BYLAYER,  BYCODE, ,0,Vertical,12/9/2025 8:23, , , , ,1.222,0.638,1.043, , , , 
 ,20251209073132 2025-12-09 7:51:24.537540200 AM,31.83900102,54.62576292,1386.295,USER,Fixed,Corrected,None,458, ,BYCODE(0), ,0.013,0.011,0.011,0.017,         BYLAYER,  BYCODE, ,0,Vertical,12/9/2025 7:51, , , , ,1.277,0.654,1.096, , , , 
 ,20251209081532 2025-12-09 8:20:20.691075800 AM,31.8382957,54.62663772,1387.075,USER,Fixed,Corrected,None,34, ,BYCODE(0), ,0.013,0.01,0.011,0.016,         BYLAYER,  BYCODE, ,0,Vertical,12/9/2025 8:20, , , , ,1.432,0.738,1.227, , , , 
 ,20251209063040 2025-12-09 6:42:21.558611900 AM,31.85416752,54.60884143,1391.207,USER,Fixed,Corrected,None,257, ,BYCODE(0), ,0.016,0.013,0.014,0.021,         BYLAYER,  BYCODE, ,0,Vertical,12/9/2025 6:42, , , , ,1.335,0.774,1.088, , , , 
 ,20251209063040 2025-12-09 6:38:35.337987200 AM,31.85440231,54.6056575,1390.178,USER,Fixed,Corrected,None,151, ,BYCODE(0), ,0.015,0.013,0.014,0.02,         BYLAYER,  BYCODE, ,0,Vertical,12/9/2025 6:38, , , , ,1.331,0.78,1.078, , , , 
 ,20251209070015 2025-12-09 7:11:01.983387700 AM,31.84698209,54.61410845,1385.066,USER,Partial,Corrected,None,212, ,BYCODE(0), ,0.013,0.012,0.013,0.018,         BYLAYER,  BYCODE, ,0,Vertical,12/9/2025 7:11, , , , ,1.29,0.675,1.099, , , , 
 ,20251209073132 2025-12-09 7:48:34.179358000 AM,31.84015109,54.62488961,1387.713,USER,Fixed,Corrected,None,377, ,BYCODE(0), ,0.013,0.01,0.011,0.016,         BYLAYER,  BYCODE, ,0,Vertical,12/9/2025 7:48, , , , ,1.282,0.656,1.102, , , , 
 ,20251209070015 2025-12-09 7:05:30.057773100 AM,31.84912707,54.61180494,1387.339,USER,Partial,Corrected,None,57, ,BYCODE(0), ,0.013,0.012,0.014,0.018,         BYLAYER,  BYCODE, ,0,Vertical,12/9/2025 7:05, , , , ,1.29,0.677,1.098, , , , 
 ,20251209063040 2025-12-09 6:34:28.003990700 AM,31.85611198,54.60431923,1389.572,USER,Fixed,Corrected,None,33, ,BYCODE(0), ,0.016,0.012,0.014,0.02,         BYLAYER,  BYCODE, ,0,Vertical,12/9/2025 6:34, , , , ,1.161,0.678,0.943, , , , 
 ,20251209073132 2025-12-09 7:45:09.545570600 AM,31.84229072,54.62469407,1391.915,USER,Fixed,Corrected,None,287, ,BYCODE(0), ,0.013,0.011,0.011,0.016,         BYLAYER,  BYCODE, ,0,Vertical,12/9/2025 7:45, , , , ,1.276,0.649,1.099, , , , 
 ,20251209073132 2025-12-09 7:43:13.965713500 AM,31.84087231,54.62172202,1387.308,USER,Fixed,Corrected,None,233, ,BYCODE(0), ,0.013,0.011,0.011,0.017,         BYLAYER,  BYCODE, ,0,Vertical,12/9/2025 7:43, , , , ,1.277,0.651,1.099, , , , 
 ,20251209070015 2025-12-09 7:16:06.150328400 AM,31.84672429,54.61806255,1390.916,USER,Fixed,Corrected,None,356, ,BYCODE(0), ,0.014,0.011,0.013,0.018,         BYLAYER,  BYCODE, ,0,Vertical,12/9/2025 7:16, , , , ,1.299,0.677,1.109, , , , 
 ,20251209063040 2025-12-09 6:48:58.338196800 AM,31.85230819,54.61172332,1392.133,USER,Fixed,Corrected,None,443, ,BYCODE(0), ,0.016,0.013,0.014,0.02,         BYLAYER,  BYCODE, ,0,Vertical,12/9/2025 6:48, , , , ,1.331,0.737,1.109, , , , 
 ,20251209063040 2025-12-09 6:45:49.369455300 AM,31.85161365,54.60853575,1387.424,USER,Partial,Corrected,None,354, ,BYCODE(0), ,0.016,0.013,0.014,0.02,         BYLAYER,  BYCODE, ,0,Vertical,12/9/2025 6:45, , , , ,1.32,0.736,1.095, , , , 
 ,20251209081532 2025-12-09 8:29:03.311625700 AM,31.83582118,54.63085857,1387.671,USER,Fixed,Corrected,None,281, ,BYCODE(0), ,0.013,0.01,0.012,0.017,         BYLAYER,  BYCODE, ,0,Vertical,12/9/2025 8:29, , , , ,1.202,0.63,1.023, , , , 
 ,20251209081532 2025-12-09 8:22:21.423491000 AM,31.83753592,54.62743046,1387.329,USER,Fixed,Corrected,None,91, ,BYCODE(0), ,0.013,0.01,0.011,0.016,         BYLAYER,  BYCODE, ,0,Vertical,12/9/2025 8:22, , , , ,1.222,0.639,1.042, , , , 
 ,20251209081532 2025-12-09 8:24:01.848562000 AM,31.83602967,54.62670251,1385.888,USER,Fixed,Corrected,None,139, ,BYCODE(0), ,0.013,0.01,0.011,0.017,         BYLAYER,  BYCODE, ,0,Vertical,12/9/2025 8:24, , , , ,1.222,0.637,1.043, , , , 
 ,20251209081532 2025-12-09 8:21:24.239609500 AM,31.83654507,54.62559458,1384.9,USER,Partial,Corrected,None,64, ,BYCODE(0), ,0.013,0.01,0.011,0.016,         BYLAYER,  BYCODE, ,0,Vertical,12/9/2025 8:21, , , , ,1.375,0.719,1.172, , , , 
 ,20251209070015 2025-12-09 7:05:32.111292400 AM,31.84900845,54.61165566,1386.971,USER,Partial,Corrected,None,58, ,BYCODE(0), ,0.013,0.012,0.014,0.018,         BYLAYER,  BYCODE, ,0,Vertical,12/9/2025 7:05, , , , ,1.29,0.677,1.098, , , , 
 ,20251209073132 2025-12-09 7:38:50.101055400 AM,31.8430151,54.62035695,1390.374,USER,Fixed,Corrected,None,111, ,BYCODE(0), ,0.012,0.011,0.013,0.016,         BYLAYER,  BYCODE, ,0,Vertical,12/9/2025 7:38, , , , ,1.489,0.709,1.309, , , , 
 ,20251209070015 2025-12-09 7:11:04.374980700 AM,31.84691785,54.61422286,1385.824,USER,Fixed,Corrected,None,213, ,BYCODE(0), ,0.013,0.012,0.013,0.018,         BYLAYER,  BYCODE, ,0,Vertical,12/9/2025 7:11, , , , ,1.29,0.675,1.099, , , , 
 ,20251209063040 2025-12-09 6:34:29.968202800 AM,31.85599145,54.60416797,1389.243,USER,Fixed,Corrected,None,34, ,BYCODE(0), ,0.016,0.012,0.014,0.02,         BYLAYER,  BYCODE, ,0,Vertical,12/9/2025 6:34, , , , ,1.161,0.678,0.943, , , , 
 ,20251209063040 2025-12-09 6:38:37.331005100 AM,31.85427961,54.60550313,1389.934,USER,Fixed,Corrected,None,152, ,BYCODE(0), ,0.015,0.013,0.014,0.02,         BYLAYER,  BYCODE, ,0,Vertical,12/9/2025 6:38, , , , ,1.331,0.78,1.078, , , , 
 ,20251209063040 2025-12-09 6:42:23.545255700 AM,31.854043,54.60868703,1390.851,USER,Fixed,Corrected,None,258, ,BYCODE(0), ,0.016,0.013,0.014,0.021,         BYLAYER,  BYCODE, ,0,Vertical,12/9/2025 6:42, , , , ,1.335,0.774,1.088, , , , 
 ,20251209070015 2025-12-09 7:16:08.143173700 AM,31.84660321,54.61790753,1390.363,USER,Fixed,Corrected,None,357, ,BYCODE(0), ,0.014,0.012,0.013,0.018,         BYLAYER,  BYCODE, ,0,Vertical,12/9/2025 7:16, , , , ,1.299,0.677,1.109, , , , 
 ,20251209073132 2025-12-09 7:41:08.384034400 AM,31.84354311,54.62332113,1393.419,USER,Fixed,Corrected,None,175, ,BYCODE(0), ,0.012,0.01,0.011,0.016,         BYLAYER,  BYCODE, ,0,Vertical,12/9/2025 7:41, , , , ,1.277,0.652,1.098, , , , 
 ,20251209073132 2025-12-09 7:45:10.265715600 AM,31.84228532,54.62472352,1391.861,USER,Fixed,Corrected,None,288, ,BYCODE(0), ,0.013,0.011,0.011,0.016,         BYLAYER,  BYCODE, ,0,Vertical,12/9/2025 7:45, , , , ,1.276,0.649,1.099, , , , 
 ,20251209073132 2025-12-09 7:50:04.163707000 AM,31.83927324,54.62494649,1386.279,USER,Fixed,Corrected,None,420, ,BYCODE(0), ,0.013,0.01,0.011,0.017,         BYLAYER,  BYCODE, ,0,Vertical,12/9/2025 7:50, , , , ,1.28,0.655,1.099, , , , 
 ,20251209073132 2025-12-09 7:36:19.821630000 AM,31.84322383,54.6186743,1388.657,USER,Fixed,Corrected,None,41, ,BYCODE(0), ,0.012,0.011,0.013,0.016,         BYLAYER,  BYCODE, ,0,Vertical,12/9/2025 7:36, , , , ,1.491,0.711,1.311, , , , 
 ,20251209081532 2025-12-09 8:31:20.766135500 AM,31.8336189,54.63004606,1385.557,USER,Fixed,Corrected,None,345, ,BYCODE(0), ,0.014,0.011,0.012,0.017,         BYLAYER,  BYCODE, ,0,Vertical,12/9/2025 8:31, , , , ,1.198,0.629,1.02, , , , 
 ,20251209070015 2025-12-09 7:05:34.235483200 AM,31.84893799,54.61160542,1386.61,USER,Fixed,Corrected,None,59, ,BYCODE(0), ,0.013,0.012,0.014,0.018,         BYLAYER,  BYCODE, ,0,Vertical,12/9/2025 7:05, , , , ,1.29,0.677,1.098, , , , 
 ,20251209063040 2025-12-09 6:45:51.331435400 AM,31.8517343,54.60868629,1387.977,USER,Partial,Corrected,None,355, ,BYCODE(0), ,0.016,0.013,0.014,0.02,         BYLAYER,  BYCODE, ,0,Vertical,12/9/2025 6:45, , , , ,1.32,0.736,1.095, , , , 
 ,20251209081532 2025-12-09 8:27:06.455617400 AM,31.83470054,54.62792071,1384.012,USER,Partial,Corrected,None,226, ,BYCODE(0), ,0.013,0.01,0.011,0.016,         BYLAYER,  BYCODE, ,0,Vertical,12/9/2025 8:27, , , , ,1.221,0.635,1.044, , , , 
 ,20251209063040 2025-12-09 6:49:00.560880700 AM,31.85242503,54.61187486,1392.088,USER,Fixed,Corrected,None,444, ,BYCODE(0), ,0.016,0.013,0.014,0.02,         BYLAYER,  BYCODE, ,0,Vertical,12/9/2025 6:49, , , , ,1.332,0.737,1.109, , , , 
 ,20251209063040 2025-12-09 6:34:31.955170600 AM,31.85586923,54.60401536,1388.943,USER,Fixed,Corrected,None,35, ,BYCODE(0), ,0.016,0.012,0.014,0.02,         BYLAYER,  BYCODE, ,0,Vertical,12/9/2025 6:34, , , , ,1.161,0.678,0.943, , , , 
 ,20251209081532 2025-12-09 8:24:46.117029700 AM,31.83745873,54.62907633,1389.113,USER,Partial,Corrected,None,160, ,BYCODE(0), ,0.013,0.01,0.011,0.016,         BYLAYER,  BYCODE, ,0,Vertical,12/9/2025 8:24, , , , ,1.222,0.636,1.044, , , , 
 ,20251209070015 2025-12-09 7:16:10.096895200 AM,31.84648324,54.61775645,1389.862,USER,Fixed,Corrected,None,358, ,BYCODE(0), ,0.014,0.011,0.013,0.018,         BYLAYER,  BYCODE, ,0,Vertical,12/9/2025 7:16, , , , ,1.299,0.677,1.109, , , , 
 ,20251209070015 2025-12-09 7:11:07.337971400 AM,31.84703802,54.61438868,1385.788,USER,Fixed,Corrected,None,214, ,BYCODE(0), ,0.013,0.012,0.013,0.018,         BYLAYER,  BYCODE, ,0,Vertical,12/9/2025 7:11, , , , ,1.29,0.675,1.099, , , , 
 ,20251209063040 2025-12-09 6:38:39.319931500 AM,31.85415808,54.60535002,1389.798,USER,Fixed,Corrected,None,153, ,BYCODE(0), ,0.015,0.013,0.014,0.02,         BYLAYER,  BYCODE, ,0,Vertical,12/9/2025 6:38, , , , ,1.331,0.78,1.078, , , , 
 ,20251209081532 2025-12-09 8:26:02.605749600 AM,31.83644742,54.62896405,1387.709,USER,Fixed,Corrected,None,196, ,BYCODE(0), ,0.013,0.01,0.011,0.017,         BYLAYER,  BYCODE, ,0,Vertical,12/9/2025 8:26, , , , ,1.222,0.635,1.044, , , , 
 ,20251209063040 2025-12-09 6:42:25.534140300 AM,31.85392043,54.60853367,1390.944,USER,Fixed,Corrected,None,259, ,BYCODE(0), ,0.016,0.013,0.014,0.021,         BYLAYER,  BYCODE, ,0,Vertical,12/9/2025 6:42, , , , ,1.336,0.774,1.088, , , , 
 ,20251209073132 2025-12-09 7:43:15.958612000 AM,31.84099421,54.62187998,1387.315,USER,Fixed,Corrected,None,234, ,BYCODE(0), ,0.013,0.011,0.011,0.017,         BYLAYER,  BYCODE, ,0,Vertical,12/9/2025 7:43, , , , ,1.277,0.651,1.099, , , , 
 ,20251209081532 2025-12-09 8:19:13.410940600 AM,31.83966442,54.62733022,1389.53,USER,Fixed,Corrected,None,2, ,BYCODE(0), ,0.012,0.01,0.011,0.016,         BYLAYER,  BYCODE, ,0,Vertical,12/9/2025 8:19, , , , ,1.462,0.743,1.259, , , , 
 ,20251209073132 2025-12-09 7:46:58.527179200 AM,31.84140205,54.62529357,1389.997,USER,Fixed,Corrected,None,331, ,BYCODE(0), ,0.013,0.01,0.011,0.016,         BYLAYER,  BYCODE, ,0,Vertical,12/9/2025 7:46, , , , ,1.285,0.656,1.104, , , , 
 ,20251209073132 2025-12-09 7:38:52.056919800 AM,31.84289453,54.62020447,1390.145,USER,Fixed,Corrected,None,112, ,BYCODE(0), ,0.012,0.011,0.013,0.016,         BYLAYER,  BYCODE, ,0,Vertical,12/9/2025 7:38, , , , ,1.489,0.709,1.309, , , , 
 ,20251209073132 2025-12-09 7:48:36.174315700 AM,31.84002853,54.62473574,1387.377,USER,Fixed,Corrected,None,378, ,BYCODE(0), ,0.013,0.01,0.011,0.016,         BYLAYER,  BYCODE, ,0,Vertical,12/9/2025 7:48, , , , ,1.282,0.656,1.102, , , , 
 ,20251209063040 2025-12-09 6:49:01.951409800 AM,31.85244345,54.6119414,1392.179,USER,Fixed,Corrected,None,445, ,BYCODE(0), ,0.016,0.013,0.014,0.02,         BYLAYER,  BYCODE, ,0,Vertical,12/9/2025 6:49, , , , ,1.332,0.737,1.109, , , , 
 ,20251209070015 2025-12-09 7:05:37.425676600 AM,31.84881356,54.61176991,1385.776,USER,Fixed,Corrected,None,60, ,BYCODE(0), ,0.013,0.012,0.014,0.018,         BYLAYER,  BYCODE, ,0,Vertical,12/9/2025 7:05, , , , ,1.29,0.677,1.098, , , , 
 ,20251209063040 2025-12-09 6:34:33.944035500 AM,31.85574579,54.60386172,1388.733,USER,Partial,Corrected,None,36, ,BYCODE(0), ,0.016,0.012,0.014,0.02,         BYLAYER,  BYCODE, ,0,Vertical,12/9/2025 6:34, , , , ,1.161,0.678,0.943, , , , 
 ,20251209070015 2025-12-09 7:11:09.358504100 AM,31.8471628,54.61455027,1386.074,USER,Fixed,Corrected,None,215, ,BYCODE(0), ,0.013,0.012,0.013,0.018,         BYLAYER,  BYCODE, ,0,Vertical,12/9/2025 7:11, , , , ,1.29,0.675,1.099, , , , 
 ,20251209070015 2025-12-09 7:16:12.120795200 AM,31.84635823,54.6176002,1389.528,USER,Fixed,Corrected,None,359, ,BYCODE(0), ,0.014,0.012,0.013,0.018,         BYLAYER,  BYCODE, ,0,Vertical,12/9/2025 7:16, , , , ,1.299,0.677,1.109, , , , 
 ,20251209063040 2025-12-09 6:45:53.355944900 AM,31.85185894,54.60884198,1388.368,USER,Partial,Corrected,None,356, ,BYCODE(0), ,0.016,0.013,0.014,0.02,         BYLAYER,  BYCODE, ,0,Vertical,12/9/2025 6:45, , , , ,1.32,0.736,1.096, , , , 
 ,20251209073132 2025-12-09 7:51:26.528495800 AM,31.83887854,54.62560927,1386.118,USER,Fixed,Corrected,None,459, ,BYCODE(0), ,0.013,0.01,0.011,0.017,         BYLAYER,  BYCODE, ,0,Vertical,12/9/2025 7:51, , , , ,1.277,0.654,1.096, , , , 
 ,20251209063040 2025-12-09 6:38:41.292097100 AM,31.85403792,54.60519757,1389.587,USER,Fixed,Corrected,None,154, ,BYCODE(0), ,0.015,0.013,0.014,0.02,         BYLAYER,  BYCODE, ,0,Vertical,12/9/2025 6:38, , , , ,1.331,0.78,1.078, , , , 
 ,20251209081532 2025-12-09 8:25:26.341346700 AM,31.83550626,54.62720211,1384.891,USER,Fixed,Corrected,None,179, ,BYCODE(0), ,0.013,0.01,0.011,0.016,         BYLAYER,  BYCODE, ,0,Vertical,12/9/2025 8:25, , , , ,1.222,0.636,1.044, , , , 
 ,20251209081532 2025-12-09 8:27:34.333321300 AM,31.83641579,54.63007428,1387.754,USER,Fixed,Corrected,None,240, ,BYCODE(0), ,0.013,0.011,0.012,0.016,         BYLAYER,  BYCODE, ,0,Vertical,12/9/2025 8:27, , , , ,1.221,0.634,1.044, , , , 
 ,20251209063040 2025-12-09 6:42:27.525209900 AM,31.85379836,54.60837916,1390.98,USER,Partial,Corrected,None,260, ,BYCODE(0), ,0.016,0.013,0.014,0.021,         BYLAYER,  BYCODE, ,0,Vertical,12/9/2025 6:42, , , , ,1.336,0.774,1.089, , , , 
 ,20251209073132 2025-12-09 7:36:22.257301600 AM,31.84316176,54.61879113,1388.927,USER,Fixed,Corrected,None,42, ,BYCODE(0), ,0.012,0.011,0.013,0.016,         BYLAYER,  BYCODE, ,0,Vertical,12/9/2025 7:36, , , , ,1.491,0.711,1.311, , , , 
 ,20251209081532 2025-12-09 8:20:22.663419200 AM,31.83841704,54.62678961,1387.404,USER,Fixed,Corrected,None,35, ,BYCODE(0), ,0.013,0.01,0.011,0.016,         BYLAYER,  BYCODE, ,0,Vertical,12/9/2025 8:20, , , , ,1.431,0.738,1.227, , , , 
 ,20251209070015 2025-12-09 7:05:39.787778600 AM,31.84875706,54.61189984,1386.03,USER,Partial,Corrected,None,61, ,BYCODE(0), ,0.013,0.012,0.014,0.018,         BYLAYER,  BYCODE, ,0,Vertical,12/9/2025 7:05, , , , ,1.29,0.677,1.098, , , , 
 ,20251209081532 2025-12-09 8:30:50.159293200 AM,31.83380384,54.62969586,1384.37,USER,Fixed,Corrected,None,331, ,BYCODE(0), ,0.013,0.011,0.012,0.017,         BYLAYER,  BYCODE, ,0,Vertical,12/9/2025 8:30, , , , ,1.199,0.629,1.021, , , , 
 ,20251209070015 2025-12-09 7:11:11.312090200 AM,31.84728241,54.61470056,1386.764,USER,Fixed,Corrected,None,216, ,BYCODE(0), ,0.013,0.012,0.013,0.018,         BYLAYER,  BYCODE, ,0,Vertical,12/9/2025 7:11, , , , ,1.29,0.675,1.099, , , , 
 ,20251209073132 2025-12-09 7:41:11.376292700 AM,31.84340728,54.62316871,1392.497,USER,Fixed,Corrected,None,176, ,BYCODE(0), ,0.012,0.01,0.011,0.016,         BYLAYER,  BYCODE, ,0,Vertical,12/9/2025 7:41, , , , ,1.277,0.652,1.098, , , , 
 ,20251209070015 2025-12-09 7:16:14.078622800 AM,31.84623782,54.61744938,1389.352,USER,Fixed,Corrected,None,360, ,BYCODE(0), ,0.014,0.011,0.013,0.018,         BYLAYER,  BYCODE, ,0,Vertical,12/9/2025 7:16, , , , ,1.299,0.677,1.109, , , , 
 ,20251209063040 2025-12-09 6:34:35.939098100 AM,31.85562371,54.60370838,1388.646,USER,Fixed,Corrected,None,37, ,BYCODE(0), ,0.016,0.012,0.014,0.02,         BYLAYER,  BYCODE, ,0,Vertical,12/9/2025 6:34, , , , ,1.161,0.678,0.943, , , , 
 ,20251209073132 2025-12-09 7:50:06.158773700 AM,31.8391504,54.62479199,1385.967,USER,Fixed,Corrected,None,421, ,BYCODE(0), ,0.013,0.011,0.011,0.017,         BYLAYER,  BYCODE, ,0,Vertical,12/9/2025 7:50, , , , ,1.28,0.655,1.099, , , , 
 ,20251209073132 2025-12-09 7:45:13.082847600 AM,31.84215404,54.62486348,1391.185,USER,Fixed,Corrected,None,289, ,BYCODE(0), ,0.013,0.011,0.011,0.016,         BYLAYER,  BYCODE, ,0,Vertical,12/9/2025 7:45, , , , ,1.276,0.649,1.099, , , , 
 ,20251209073132 2025-12-09 7:43:17.945334400 AM,31.84111593,54.62203383,1387.926,USER,Fixed,Corrected,None,235, ,BYCODE(0), ,0.013,0.011,0.011,0.017,         BYLAYER,  BYCODE, ,0,Vertical,12/9/2025 7:43, , , , ,1.277,0.651,1.099, , , , 
 ,20251209063040 2025-12-09 6:38:43.283374500 AM,31.85391562,54.60504398,1389.343,USER,Fixed,Corrected,None,155, ,BYCODE(0), ,0.015,0.013,0.014,0.02,         BYLAYER,  BYCODE, ,0,Vertical,12/9/2025 6:38, , , , ,1.331,0.78,1.079, , , , 
 ,20251209063040 2025-12-09 6:45:55.309647100 AM,31.85197963,54.60899131,1388.566,USER,Fixed,Corrected,None,357, ,BYCODE(0), ,0.016,0.013,0.014,0.02,         BYLAYER,  BYCODE, ,0,Vertical,12/9/2025 6:45, , , , ,1.32,0.736,1.096, , , , 
 ,20251209073132 2025-12-09 7:38:54.054139400 AM,31.84277126,54.62005,1389.929,USER,Fixed,Corrected,None,113, ,BYCODE(0), ,0.012,0.011,0.013,0.016,         BYLAYER,  BYCODE, ,0,Vertical,12/9/2025 7:38, , , , ,1.488,0.709,1.309, , , , 
 ,20251209081532 2025-12-09 8:26:36.586058100 AM,31.83581625,54.62874877,1386.124,USER,Fixed,Corrected,None,212, ,BYCODE(0), ,0.013,0.01,0.011,0.016,         BYLAYER,  BYCODE, ,0,Vertical,12/9/2025 8:26, , , , ,1.222,0.635,1.044, , , , 
 ,20251209070015 2025-12-09 7:11:13.336169500 AM,31.84740681,54.61485589,1387.313,USER,Fixed,Corrected,None,217, ,BYCODE(0), ,0.013,0.012,0.013,0.018,         BYLAYER,  BYCODE, ,0,Vertical,12/9/2025 7:11, , , , ,1.29,0.675,1.099, , , , 
 ,20251209063040 2025-12-09 6:42:29.522276600 AM,31.85367648,54.60822564,1390.626,USER,Partial,Corrected,None,261, ,BYCODE(0), ,0.016,0.013,0.014,0.021,         BYLAYER,  BYCODE, ,0,Vertical,12/9/2025 6:42, , , , ,1.336,0.774,1.089, , , , 
 ,20251209081532 2025-12-09 8:23:15.647321200 AM,31.83762055,54.62810503,1387.517,USER,Fixed,Corrected,None,117, ,BYCODE(0), ,0.013,0.01,0.011,0.016,         BYLAYER,  BYCODE, ,0,Vertical,12/9/2025 8:23, , , , ,1.222,0.638,1.043, , , , 
 ,20251209070015 2025-12-09 7:05:42.646701600 AM,31.84887639,54.61206227,1386.397,USER,Partial,Corrected,None,62, ,BYCODE(0), ,0.013,0.012,0.014,0.018,         BYLAYER,  BYCODE, ,0,Vertical,12/9/2025 7:05, , , , ,1.29,0.677,1.098, , , , 
 ,20251209070015 2025-12-09 7:16:16.100756600 AM,31.84611367,54.61729346,1389.179,USER,Fixed,Corrected,None,361, ,BYCODE(0), ,0.014,0.011,0.013,0.018,         BYLAYER,  BYCODE, ,0,Vertical,12/9/2025 7:16, , , , ,1.299,0.677,1.109, , , , 
 ,20251209081532 2025-12-09 8:22:23.418520200 AM,31.83741379,54.62727722,1386.975,USER,Fixed,Corrected,None,92, ,BYCODE(0), ,0.013,0.01,0.011,0.016,         BYLAYER,  BYCODE, ,0,Vertical,12/9/2025 8:22, , , , ,1.222,0.638,1.042, , , , 
 ,20251209063040 2025-12-09 6:34:37.931973900 AM,31.85550143,54.60355442,1388.349,USER,Partial,Corrected,None,38, ,BYCODE(0), ,0.016,0.012,0.014,0.02,         BYLAYER,  BYCODE, ,0,Vertical,12/9/2025 6:34, , , , ,1.162,0.678,0.943, , , , 
 ,20251209073132 2025-12-09 7:47:00.491601900 AM,31.84127899,54.62514208,1389.481,USER,Fixed,Corrected,None,332, ,BYCODE(0), ,0.013,0.01,0.011,0.016,         BYLAYER,  BYCODE, ,0,Vertical,12/9/2025 7:47, , , , ,1.285,0.656,1.104, , , , 
 ,20251209063040 2025-12-09 6:49:04.885273700 AM,31.85234142,54.61211627,1391.37,USER,Fixed,Corrected,None,446, ,BYCODE(0), ,0.016,0.013,0.014,0.02,         BYLAYER,  BYCODE, ,0,Vertical,12/9/2025 6:49, , , , ,1.332,0.737,1.11, , , , 
 ,20251209081532 2025-12-09 8:27:59.950938900 AM,31.83527055,54.62921521,1385.518,USER,Fixed,Corrected,None,252, ,BYCODE(0), ,0.013,0.01,0.012,0.017,         BYLAYER,  BYCODE, ,0,Vertical,12/9/2025 8:27:60 AM, , , , ,1.221,0.634,1.043, , , , 
 ,20251209073132 2025-12-09 7:48:38.165148500 AM,31.83990636,54.62458214,1387.103,USER,Fixed,Corrected,None,379, ,BYCODE(0), ,0.013,0.01,0.011,0.016,         BYLAYER,  BYCODE, ,0,Vertical,12/9/2025 7:48, , , , ,1.282,0.656,1.102, , , , 
 ,20251209063040 2025-12-09 6:38:45.280849000 AM,31.85379233,54.60488992,1389.116,USER,Fixed,Corrected,None,156, ,BYCODE(0), ,0.015,0.013,0.014,0.02,         BYLAYER,  BYCODE, ,0,Vertical,12/9/2025 6:38, , , , ,1.331,0.781,1.079, , , , 
 ,20251209070015 2025-12-09 7:11:15.295942500 AM,31.84752763,54.61500658,1387.986,USER,Fixed,Corrected,None,218, ,BYCODE(0), ,0.013,0.012,0.013,0.018,         BYLAYER,  BYCODE, ,0,Vertical,12/9/2025 7:11, , , , ,1.29,0.675,1.099, , , , 
 ,20251209081532 2025-12-09 8:19:15.173008000 AM,31.83956135,54.62742642,1389.299,USER,Fixed,Corrected,None,3, ,BYCODE(0), ,0.013,0.01,0.011,0.016,         BYLAYER,  BYCODE, ,0,Vertical,12/9/2025 8:19, , , , ,1.462,0.743,1.259, , , , 
 ,20251209070015 2025-12-09 7:05:44.668871400 AM,31.84900167,54.61222352,1386.538,USER,Partial,Corrected,None,63, ,BYCODE(0), ,0.013,0.012,0.014,0.018,         BYLAYER,  BYCODE, ,0,Vertical,12/9/2025 7:05, , , , ,1.29,0.677,1.098, , , , 
 ,20251209073132 2025-12-09 7:36:25.184751500 AM,31.84328165,54.61895799,1389.056,USER,Fixed,Corrected,None,43, ,BYCODE(0), ,0.012,0.011,0.013,0.016,         BYLAYER,  BYCODE, ,0,Vertical,12/9/2025 7:36, , , , ,1.491,0.711,1.311, , , , 
 ,20251209063040 2025-12-09 6:45:57.331823300 AM,31.85210413,54.60914769,1388.699,USER,Fixed,Corrected,None,358, ,BYCODE(0), ,0.016,0.013,0.014,0.02,         BYLAYER,  BYCODE, ,0,Vertical,12/9/2025 6:45, , , , ,1.32,0.736,1.096, , , , 
 ,20251209070015 2025-12-09 7:16:18.058825300 AM,31.84599293,54.61714226,1389.162,USER,Fixed,Corrected,None,362, ,BYCODE(0), ,0.014,0.011,0.013,0.018,         BYLAYER,  BYCODE, ,0,Vertical,12/9/2025 7:16, , , , ,1.3,0.677,1.109, , , , 
 ,20251209073132 2025-12-09 7:41:13.383780200 AM,31.84328174,54.62301339,1391.945,USER,Fixed,Corrected,None,177, ,BYCODE(0), ,0.012,0.01,0.011,0.016,         BYLAYER,  BYCODE, ,0,Vertical,12/9/2025 7:41, , , , ,1.277,0.652,1.098, , , , 
 ,20251209063040 2025-12-09 6:42:31.490396700 AM,31.85355663,54.60807311,1390.144,USER,Fixed,Corrected,None,262, ,BYCODE(0), ,0.017,0.013,0.014,0.021,         BYLAYER,  BYCODE, ,0,Vertical,12/9/2025 6:42, , , , ,1.336,0.774,1.089, , , , 
 ,20251209063040 2025-12-09 6:34:39.920744900 AM,31.8553794,54.60340096,1387.988,USER,Partial,Corrected,None,39, ,BYCODE(0), ,0.016,0.012,0.014,0.02,         BYLAYER,  BYCODE, ,0,Vertical,12/9/2025 6:34, , , , ,1.162,0.678,0.943, , , , 
 ,20251209081532 2025-12-09 8:30:30.241704700 AM,31.83502963,54.6312339,1386.758,USER,Fixed,Corrected,None,321, ,BYCODE(0), ,0.013,0.011,0.012,0.017,         BYLAYER,  BYCODE, ,0,Vertical,12/9/2025 8:30, , , , ,1.2,0.629,1.021, , , , 
 ,20251209073132 2025-12-09 7:51:28.525733700 AM,31.83875585,54.62545488,1386.084,USER,Fixed,Corrected,None,460, ,BYCODE(0), ,0.013,0.01,0.011,0.017,         BYLAYER,  BYCODE, ,0,Vertical,12/9/2025 7:51, , , , ,1.498,0.752,1.295, , , , 
 ,20251209073132 2025-12-09 7:38:56.044962200 AM,31.84264924,54.61989672,1389.808,USER,Fixed,Corrected,None,114, ,BYCODE(0), ,0.012,0.011,0.013,0.016,         BYLAYER,  BYCODE, ,0,Vertical,12/9/2025 7:38, , , , ,1.488,0.709,1.309, , , , 
 ,20251209070015 2025-12-09 7:11:17.303645400 AM,31.84765117,54.61516254,1388.672,USER,Fixed,Corrected,None,219, ,BYCODE(0), ,0.013,0.012,0.013,0.018,         BYLAYER,  BYCODE, ,0,Vertical,12/9/2025 7:11, , , , ,1.29,0.675,1.099, , , , 
 ,20251209070015 2025-12-09 7:05:46.655942900 AM,31.84912313,54.61237744,1387.029,USER,Fixed,Corrected,None,64, ,BYCODE(0), ,0.013,0.012,0.014,0.018,         BYLAYER,  BYCODE, ,0,Vertical,12/9/2025 7:05, , , , ,1.29,0.677,1.098, , , , 
 ,20251209081532 2025-12-09 8:24:03.841601600 AM,31.83590743,54.62654833,1385.617,USER,Fixed,Corrected,None,140, ,BYCODE(0), ,0.013,0.01,0.011,0.017,         BYLAYER,  BYCODE, ,0,Vertical,12/9/2025 8:24, , , , ,1.222,0.637,1.043, , , , 
 ,20251209073132 2025-12-09 7:43:19.971372800 AM,31.84124063,54.62218872,1388.549,USER,Fixed,Corrected,None,236, ,BYCODE(0), ,0.013,0.011,0.011,0.017,         BYLAYER,  BYCODE, ,0,Vertical,12/9/2025 7:43, , , , ,1.277,0.651,1.099, , , , 
 ,20251209063040 2025-12-09 6:38:47.269751300 AM,31.85366995,54.60473618,1388.857,USER,Fixed,Corrected,None,157, ,BYCODE(0), ,0.016,0.012,0.014,0.02,         BYLAYER,  BYCODE, ,0,Vertical,12/9/2025 6:38, , , , ,1.332,0.781,1.079, , , , 
 ,20251209081532 2025-12-09 8:31:57.100820500 AM,31.83411127,54.63124284,1386.007,USER,Fixed,Corrected,None,362, ,BYCODE(0), ,0.013,0.011,0.012,0.017,         BYLAYER,  BYCODE, ,0,Vertical,12/9/2025 8:31, , , , ,1.197,0.628,1.019, , , , 
 ,20251209070015 2025-12-09 7:16:20.085372200 AM,31.84586863,54.61698591,1389.144,USER,Fixed,Corrected,None,363, ,BYCODE(0), ,0.014,0.011,0.013,0.018,         BYLAYER,  BYCODE, ,0,Vertical,12/9/2025 7:16, , , , ,1.3,0.677,1.11, , , , 
 ,20251209081532 2025-12-09 8:32:13.008818100 AM,31.83313407,54.63001414,1384.311,USER,Fixed,Corrected,None,370, ,BYCODE(0), ,0.013,0.011,0.012,0.017,         BYLAYER,  BYCODE, ,0,Vertical,12/9/2025 8:32, , , , ,1.197,0.628,1.019, , , , 
 ,20251209073132 2025-12-09 7:45:15.505705100 AM,31.84205219,54.62493075,1391.352,USER,Fixed,Corrected,None,290, ,BYCODE(0), ,0.013,0.01,0.011,0.016,         BYLAYER,  BYCODE, ,0,Vertical,12/9/2025 7:45, , , , ,1.276,0.649,1.099, , , , 
 ,20251209063040 2025-12-09 6:49:07.478978900 AM,31.85224937,54.61220737,1391.445,USER,Fixed,Corrected,None,447, ,BYCODE(0), ,0.016,0.013,0.014,0.02,         BYLAYER,  BYCODE, ,0,Vertical,12/9/2025 6:49, , , , ,1.332,0.737,1.11, , , , 
 ,20251209063040 2025-12-09 6:34:41.917736300 AM,31.85525712,54.60324639,1387.54,USER,Partial,Corrected,None,40, ,BYCODE(0), ,0.016,0.012,0.014,0.02,         BYLAYER,  BYCODE, ,0,Vertical,12/9/2025 6:34, , , , ,1.162,0.678,0.943, , , , 
 ,20251209063040 2025-12-09 6:45:59.333065300 AM,31.85222663,54.60930219,1388.865,USER,Fixed,Corrected,None,359, ,BYCODE(0), ,0.016,0.013,0.014,0.02,         BYLAYER,  BYCODE, ,0,Vertical,12/9/2025 6:45, , , , ,1.321,0.736,1.096, , , , 
 ,20251209070015 2025-12-09 7:05:48.648757500 AM,31.84924547,54.61253073,1387.438,USER,Fixed,Corrected,None,65, ,BYCODE(0), ,0.013,0.012,0.014,0.018,         BYLAYER,  BYCODE, ,0,Vertical,12/9/2025 7:05, , , , ,1.29,0.677,1.098, , , , 
 ,20251209070015 2025-12-09 7:11:19.294654600 AM,31.84777366,54.61531805,1389.429,USER,Fixed,Corrected,None,220, ,BYCODE(0), ,0.013,0.012,0.013,0.018,         BYLAYER,  BYCODE, ,0,Vertical,12/9/2025 7:11, , , , ,1.29,0.675,1.099, , , , 
 ,20251209063040 2025-12-09 6:42:33.512594700 AM,31.85343233,54.60791743,1389.664,USER,Partial,Corrected,None,263, ,BYCODE(0), ,0.017,0.013,0.014,0.021,         BYLAYER,  BYCODE, ,0,Vertical,12/9/2025 6:42, , , , ,1.336,0.774,1.089, , , , 
 ,20251209073132 2025-12-09 7:50:08.155716400 AM,31.8390272,54.62463742,1385.704,USER,Fixed,Corrected,None,422, ,BYCODE(0), ,0.013,0.011,0.011,0.017,         BYLAYER,  BYCODE, ,0,Vertical,12/9/2025 7:50, , , , ,1.279,0.655,1.099, , , , 
 ,20251209073132 2025-12-09 7:36:27.171701700 AM,31.84340391,54.6191168,1389.452,USER,Fixed,Corrected,None,44, ,BYCODE(0), ,0.012,0.011,0.013,0.016,         BYLAYER,  BYCODE, ,0,Vertical,12/9/2025 7:36, , , , ,1.491,0.711,1.311, , , , 
 ,20251209081532 2025-12-09 8:21:27.261011100 AM,31.83666811,54.62576224,1384.658,USER,Partial,Corrected,None,65, ,BYCODE(0), ,0.013,0.01,0.011,0.016,         BYLAYER,  BYCODE, ,0,Vertical,12/9/2025 8:21, , , , ,1.374,0.719,1.171, , , , 
 ,20251209073132 2025-12-09 7:47:02.482529200 AM,31.84115698,54.62498909,1389.282,USER,Fixed,Corrected,None,333, ,BYCODE(0), ,0.013,0.01,0.011,0.016,         BYLAYER,  BYCODE, ,0,Vertical,12/9/2025 7:47, , , , ,1.285,0.656,1.104, , , , 
 ,20251209070015 2025-12-09 7:16:22.037101300 AM,31.84574927,54.61683542,1388.808,USER,Fixed,Corrected,None,364, ,BYCODE(0), ,0.014,0.011,0.013,0.018,         BYLAYER,  BYCODE, ,0,Vertical,12/9/2025 7:16, , , , ,1.3,0.677,1.11, , , , 
 ,20251209073132 2025-12-09 7:41:15.345780100 AM,31.84316123,54.62286201,1392.005,USER,Fixed,Corrected,None,178, ,BYCODE(0), ,0.012,0.01,0.011,0.016,         BYLAYER,  BYCODE, ,0,Vertical,12/9/2025 7:41, , , , ,1.277,0.652,1.098, , , , 
 ,20251209063040 2025-12-09 6:38:49.532027500 AM,31.8535516,54.60458758,1388.687,USER,Partial,Corrected,None,158, ,BYCODE(0), ,0.015,0.013,0.014,0.02,         BYLAYER,  BYCODE, ,0,Vertical,12/9/2025 6:38, , , , ,1.332,0.781,1.079, , , , 
 ,20251209081532 2025-12-09 8:20:24.656212300 AM,31.83854059,54.62694413,1387.664,USER,Fixed,Corrected,None,36, ,BYCODE(0), ,0.013,0.01,0.011,0.016,         BYLAYER,  BYCODE, ,0,Vertical,12/9/2025 8:20, , , , ,1.431,0.738,1.226, , , , 
 ,20251209070015 2025-12-09 7:05:50.604611900 AM,31.84936571,54.61268245,1388.029,USER,Fixed,Corrected,None,66, ,BYCODE(0), ,0.013,0.012,0.014,0.018,         BYLAYER,  BYCODE, ,0,Vertical,12/9/2025 7:05, , , , ,1.29,0.677,1.098, , , , 
 ,20251209073132 2025-12-09 7:38:58.064803400 AM,31.84252608,54.61974235,1389.618,USER,Fixed,Corrected,None,115, ,BYCODE(0), ,0.012,0.011,0.013,0.016,         BYLAYER,  BYCODE, ,0,Vertical,12/9/2025 7:38, , , , ,1.488,0.709,1.309, , , , 
 ,20251209070015 2025-12-09 7:11:21.283547200 AM,31.84789619,54.6154722,1390.063,USER,Fixed,Corrected,None,221, ,BYCODE(0), ,0.013,0.012,0.013,0.018,         BYLAYER,  BYCODE, ,0,Vertical,12/9/2025 7:11, , , , ,1.29,0.675,1.099, , , , 
 ,20251209063040 2025-12-09 6:34:43.906445000 AM,31.85513526,54.60309293,1387.116,USER,Partial,Corrected,None,41, ,BYCODE(0), ,0.016,0.012,0.014,0.02,         BYLAYER,  BYCODE, ,0,Vertical,12/9/2025 6:34, , , , ,1.162,0.678,0.943, , , , 
 ,20251209081532 2025-12-09 8:31:32.728554000 AM,31.83435489,54.63096762,1386.481,USER,Fixed,Corrected,None,351, ,BYCODE(0), ,0.013,0.011,0.012,0.017,         BYLAYER,  BYCODE, ,0,Vertical,12/9/2025 8:31, , , , ,1.198,0.629,1.02, , , , 
 ,20251209073132 2025-12-09 7:48:40.155936500 AM,31.83978362,54.62442841,1386.895,USER,Fixed,Corrected,None,380, ,BYCODE(0), ,0.013,0.01,0.011,0.016,         BYLAYER,  BYCODE, ,0,Vertical,12/9/2025 7:48, , , , ,1.282,0.656,1.102, , , , 
 ,20251209081532 2025-12-09 8:29:38.425979600 AM,31.83374193,54.62845636,1383.588,USER,Fixed,Corrected,None,298, ,BYCODE(0), ,0.014,0.01,0.012,0.017,         BYLAYER,  BYCODE, ,0,Vertical,12/9/2025 8:29, , , , ,1.201,0.63,1.022, , , , 
 ,20251209063040 2025-12-09 6:42:35.474476100 AM,31.8533116,54.60776642,1389.275,USER,Fixed,Corrected,None,264, ,BYCODE(0), ,0.017,0.013,0.014,0.021,         BYLAYER,  BYCODE, ,0,Vertical,12/9/2025 6:42, , , , ,1.336,0.774,1.089, , , , 
 ,20251209063040 2025-12-09 6:46:01.295016100 AM,31.85234679,54.60945527,1389.382,USER,Fixed,Corrected,None,360, ,BYCODE(0), ,0.016,0.013,0.014,0.02,         BYLAYER,  BYCODE, ,0,Vertical,12/9/2025 6:46, , , , ,1.321,0.736,1.096, , , , 
 ,20251209070015 2025-12-09 7:16:24.059348300 AM,31.84562532,54.61667878,1388.332,USER,Fixed,Corrected,None,365, ,BYCODE(0), ,0.014,0.011,0.013,0.018,         BYLAYER,  BYCODE, ,0,Vertical,12/9/2025 7:16, , , , ,1.3,0.677,1.11, , , , 
 ,20251209070015 2025-12-09 7:05:52.591259500 AM,31.8494877,54.61283556,1388.53,USER,Partial,Corrected,None,67, ,BYCODE(0), ,0.013,0.012,0.014,0.018,         BYLAYER,  BYCODE, ,0,Vertical,12/9/2025 7:05, , , , ,1.29,0.677,1.098, , , , 
 ,20251209073132 2025-12-09 7:43:21.931564800 AM,31.84136105,54.6223398,1388.975,USER,Fixed,Corrected,None,237, ,BYCODE(0), ,0.013,0.011,0.011,0.017,         BYLAYER,  BYCODE, ,0,Vertical,12/9/2025 7:43, , , , ,1.277,0.651,1.099, , , , 
 ,20251209063040 2025-12-09 6:38:51.091716500 AM,31.85350143,54.60456471,1388.478,USER,Fixed,Corrected,None,159, ,BYCODE(0), ,0.015,0.013,0.014,0.02,         BYLAYER,  BYCODE, ,0,Vertical,12/9/2025 6:38, , , , ,1.332,0.781,1.079, , , , 
 ,20251209081532 2025-12-09 8:24:48.274717800 AM,31.83757672,54.62922777,1389.6,USER,Fixed,Corrected,None,161, ,BYCODE(0), ,0.013,0.01,0.011,0.016,         BYLAYER,  BYCODE, ,0,Vertical,12/9/2025 8:24, , , , ,1.222,0.636,1.044, , , , 
 ,20251209070015 2025-12-09 7:11:23.252030800 AM,31.848017,54.61562319,1390.434,USER,Fixed,Corrected,None,222, ,BYCODE(0), ,0.013,0.012,0.013,0.018,         BYLAYER,  BYCODE, ,0,Vertical,12/9/2025 7:11, , , , ,1.29,0.675,1.099, , , , 
 ,20251209073132 2025-12-09 7:36:29.160854600 AM,31.84352594,54.6192699,1390.145,USER,Fixed,Corrected,None,45, ,BYCODE(0), ,0.012,0.011,0.013,0.016,         BYLAYER,  BYCODE, ,0,Vertical,12/9/2025 7:36, , , , ,1.491,0.711,1.311, , , , 
 ,20251209081532 2025-12-09 8:26:04.565542200 AM,31.83656829,54.62911572,1388.002,USER,Fixed,Corrected,None,197, ,BYCODE(0), ,0.013,0.01,0.011,0.017,         BYLAYER,  BYCODE, ,0,Vertical,12/9/2025 8:26, , , , ,1.222,0.635,1.044, , , , 
 ,20251209063040 2025-12-09 6:34:45.895030000 AM,31.85501305,54.60293932,1386.788,USER,Fixed,Corrected,None,42, ,BYCODE(0), ,0.016,0.012,0.014,0.02,         BYLAYER,  BYCODE, ,0,Vertical,12/9/2025 6:34, , , , ,1.162,0.678,0.944, , , , 
 ,20251209081532 2025-12-09 8:25:28.295166500 AM,31.83538592,54.62705177,1384.778,USER,Fixed,Corrected,None,180, ,BYCODE(0), ,0.013,0.01,0.011,0.016,         BYLAYER,  BYCODE, ,0,Vertical,12/9/2025 8:25, , , , ,1.222,0.636,1.044, , , , 
 ,20251209063040 2025-12-09 6:49:10.571313400 AM,31.85211212,54.61205613,1391.435,USER,Fixed,Corrected,None,448, ,BYCODE(0), ,0.016,0.013,0.014,0.02,         BYLAYER,  BYCODE, ,0,Vertical,12/9/2025 6:49, , , , ,1.332,0.737,1.11, , , , 
 ,20251209073132 2025-12-09 7:51:30.514497500 AM,31.83863392,54.6253012,1385.826,USER,Fixed,Corrected,None,461, ,BYCODE(0), ,0.013,0.01,0.011,0.017,         BYLAYER,  BYCODE, ,0,Vertical,12/9/2025 7:51, , , , ,1.498,0.752,1.295, , , , 
 ,20251209070015 2025-12-09 7:05:54.588515000 AM,31.84961005,54.61299074,1389.275,USER,Fixed,Corrected,None,68, ,BYCODE(0), ,0.013,0.012,0.014,0.018,         BYLAYER,  BYCODE, ,0,Vertical,12/9/2025 7:05, , , , ,1.29,0.677,1.098, , , , 
 ,20251209081532 2025-12-09 8:22:25.423955400 AM,31.83729026,54.62712193,1386.758,USER,Fixed,Corrected,None,93, ,BYCODE(0), ,0.013,0.01,0.011,0.016,         BYLAYER,  BYCODE, ,0,Vertical,12/9/2025 8:22, , , , ,1.222,0.638,1.042, , , , 
 ,20251209070015 2025-12-09 7:16:26.029562700 AM,31.84550432,54.61652682,1387.71,USER,Fixed,Corrected,None,366, ,BYCODE(0), ,0.014,0.011,0.013,0.018,         BYLAYER,  BYCODE, ,0,Vertical,12/9/2025 7:16, , , , ,1.3,0.677,1.11, , , , 
 ,20251209073132 2025-12-09 7:41:17.332339500 AM,31.84303979,54.62270923,1391.677,USER,Fixed,Corrected,None,179, ,BYCODE(0), ,0.012,0.01,0.011,0.016,         BYLAYER,  BYCODE, ,0,Vertical,12/9/2025 7:41, , , , ,1.277,0.652,1.098, , , , 
 ,20251209063040 2025-12-09 6:42:37.467513800 AM,31.85318823,54.6076122,1389.07,USER,Partial,Corrected,None,265, ,BYCODE(0), ,0.016,0.013,0.014,0.021,         BYLAYER,  BYCODE, ,0,Vertical,12/9/2025 6:42, , , , ,1.336,0.774,1.089, , , , 
 ,20251209070015 2025-12-09 7:11:25.274519400 AM,31.84814073,54.61578004,1390.543,USER,Fixed,Corrected,None,223, ,BYCODE(0), ,0.013,0.012,0.013,0.018,         BYLAYER,  BYCODE, ,0,Vertical,12/9/2025 7:11, , , , ,1.29,0.675,1.099, , , , 
 ,20251209081532 2025-12-09 8:19:17.533497800 AM,31.83945659,54.62748564,1389.464,USER,Fixed,Corrected,None,4, ,BYCODE(0), ,0.013,0.01,0.011,0.016,         BYLAYER,  BYCODE, ,0,Vertical,12/9/2025 8:19, , , , ,1.44,0.74,1.235, , , , 
 ,20251209063040 2025-12-09 6:46:03.288171800 AM,31.85246911,54.60960894,1389.951,USER,Fixed,Corrected,None,361, ,BYCODE(0), ,0.016,0.013,0.014,0.021,         BYLAYER,  BYCODE, ,0,Vertical,12/9/2025 6:46, , , , ,1.321,0.736,1.096, , , , 
 ,20251209073132 2025-12-09 7:47:04.487955100 AM,31.84103395,54.62483396,1389.272,USER,Fixed,Corrected,None,334, ,BYCODE(0), ,0.013,0.01,0.011,0.016,         BYLAYER,  BYCODE, ,0,Vertical,12/9/2025 7:47, , , , ,1.285,0.656,1.104, , , , 
 ,20251209073132 2025-12-09 7:39:00.589835400 AM,31.84242985,54.61966452,1389.427,USER,Fixed,Corrected,None,116, ,BYCODE(0), ,0.012,0.011,0.013,0.016,         BYLAYER,  BYCODE, ,0,Vertical,12/9/2025 7:39, , , , ,1.488,0.709,1.309, , , , 
 ,20251209063040 2025-12-09 6:34:47.887922800 AM,31.85488936,54.60278551,1386.62,USER,Fixed,Corrected,None,43, ,BYCODE(0), ,0.016,0.012,0.014,0.02,         BYLAYER,  BYCODE, ,0,Vertical,12/9/2025 6:34, , , , ,1.162,0.678,0.944, , , , 
 ,20251209073132 2025-12-09 7:50:10.150569200 AM,31.83890572,54.62448278,1385.471,USER,Fixed,Corrected,None,423, ,BYCODE(0), ,0.013,0.011,0.011,0.017,         BYLAYER,  BYCODE, ,0,Vertical,12/9/2025 7:50, , , , ,1.279,0.655,1.099, , , , 
 ,20251209070015 2025-12-09 7:05:56.616905700 AM,31.84973462,54.61314772,1389.922,USER,Fixed,Corrected,None,69, ,BYCODE(0), ,0.013,0.012,0.014,0.018,         BYLAYER,  BYCODE, ,0,Vertical,12/9/2025 7:05, , , , ,1.29,0.677,1.098, , , , 
 ,20251209073132 2025-12-09 7:45:18.471243900 AM,31.84191552,54.62477466,1390.623,USER,Fixed,Corrected,None,291, ,BYCODE(0), ,0.013,0.011,0.011,0.016,         BYLAYER,  BYCODE, ,0,Vertical,12/9/2025 7:45, , , , ,1.276,0.649,1.099, , , , 
 ,20251209073132 2025-12-09 7:36:31.147533400 AM,31.84364887,54.61942135,1390.547,USER,Fixed,Corrected,None,46, ,BYCODE(0), ,0.012,0.011,0.013,0.016,         BYLAYER,  BYCODE, ,0,Vertical,12/9/2025 7:36, , , , ,1.491,0.711,1.311, , , , 
 ,20251209070015 2025-12-09 7:16:28.045569400 AM,31.8453798,54.61637141,1387.282,USER,Fixed,Corrected,None,367, ,BYCODE(0), ,0.014,0.012,0.013,0.018,         BYLAYER,  BYCODE, ,0,Vertical,12/9/2025 7:16, , , , ,1.3,0.677,1.11, , , , 
 ,20251209063040 2025-12-09 6:38:54.300966500 AM,31.85337545,54.60473184,1387.473,USER,Fixed,Corrected,None,160, ,BYCODE(0), ,0.015,0.013,0.014,0.02,         BYLAYER,  BYCODE, ,0,Vertical,12/9/2025 6:38, , , , ,1.332,0.781,1.08, , , , 
 ,20251209070015 2025-12-09 7:11:27.228076700 AM,31.8482604,54.61593074,1390.882,USER,Fixed,Corrected,None,224, ,BYCODE(0), ,0.013,0.012,0.013,0.018,         BYLAYER,  BYCODE, ,0,Vertical,12/9/2025 7:11, , , , ,1.29,0.675,1.099, , , , 
 ,20251209081532 2025-12-09 8:23:17.633950500 AM,31.83774285,54.62825844,1387.736,USER,Fixed,Corrected,None,118, ,BYCODE(0), ,0.013,0.01,0.011,0.016,         BYLAYER,  BYCODE, ,0,Vertical,12/9/2025 8:23, , , , ,1.222,0.638,1.043, , , , 
 ,20251209063040 2025-12-09 6:49:12.557909000 AM,31.85198832,54.61190331,1391.775,USER,Fixed,Corrected,None,449, ,BYCODE(0), ,0.016,0.013,0.014,0.02,         BYLAYER,  BYCODE, ,0,Vertical,12/9/2025 6:49, , , , ,1.332,0.737,1.11, , , , 
 ,20251209073132 2025-12-09 7:43:23.924429900 AM,31.84148357,54.62249317,1389.377,USER,Fixed,Corrected,None,238, ,BYCODE(0), ,0.013,0.011,0.011,0.016,         BYLAYER,  BYCODE, ,0,Vertical,12/9/2025 7:43, , , , ,1.277,0.651,1.099, , , , 
 ,20251209063040 2025-12-09 6:42:39.460438300 AM,31.8530654,54.6074579,1389.012,USER,Fixed,Corrected,None,266, ,BYCODE(0), ,0.016,0.013,0.014,0.021,         BYLAYER,  BYCODE, ,0,Vertical,12/9/2025 6:42, , , , ,1.337,0.774,1.09, , , , 
 ,20251209070015 2025-12-09 7:05:58.572718100 AM,31.8498553,54.61329811,1390.306,USER,Fixed,Corrected,None,70, ,BYCODE(0), ,0.013,0.012,0.014,0.018,         BYLAYER,  BYCODE, ,0,Vertical,12/9/2025 7:05, , , , ,1.29,0.677,1.098, , , , 
 ,20251209081532 2025-12-09 8:28:45.367365100 AM,31.83515986,54.62965828,1386.796,USER,Fixed,Corrected,None,273, ,BYCODE(0), ,0.013,0.01,0.012,0.017,         BYLAYER,  BYCODE, ,0,Vertical,12/9/2025 8:28, , , , ,1.202,0.631,1.023, , , , 
 ,20251209073132 2025-12-09 7:48:42.126221900 AM,31.83966256,54.62427613,1386.714,USER,Fixed,Corrected,None,381, ,BYCODE(0), ,0.013,0.01,0.011,0.016,         BYLAYER,  BYCODE, ,0,Vertical,12/9/2025 7:48, , , , ,1.282,0.656,1.102, , , , 
 ,20251209063040 2025-12-09 6:46:05.279228700 AM,31.85259193,54.60976274,1390.346,USER,Fixed,Corrected,None,362, ,BYCODE(0), ,0.016,0.013,0.014,0.02,         BYLAYER,  BYCODE, ,0,Vertical,12/9/2025 6:46, , , , ,1.321,0.736,1.097, , , , 
 ,20251209081532 2025-12-09 8:28:24.383572600 AM,31.8339364,54.62809835,1383.168,USER,Fixed,Corrected,None,263, ,BYCODE(0), ,0.014,0.01,0.012,0.017,         BYLAYER,  BYCODE, ,0,Vertical,12/9/2025 8:28, , , , ,1.202,0.631,1.023, , , , 
 ,20251209081532 2025-12-09 8:27:08.442550200 AM,31.83482222,54.62807451,1384.595,USER,Partial,Corrected,None,227, ,BYCODE(0), ,0.013,0.01,0.011,0.016,         BYLAYER,  BYCODE, ,0,Vertical,12/9/2025 8:27, , , , ,1.221,0.635,1.044, , , , 
 ,20251209073132 2025-12-09 7:41:19.356255100 AM,31.84291518,54.6225526,1391.499,USER,Fixed,Corrected,None,180, ,BYCODE(0), ,0.012,0.01,0.011,0.016,         BYLAYER,  BYCODE, ,0,Vertical,12/9/2025 7:41, , , , ,1.277,0.652,1.098, , , , 
 ,20251209070015 2025-12-09 7:11:29.231807700 AM,31.8483835,54.61608359,1390.986,USER,Fixed,Corrected,None,225, ,BYCODE(0), ,0.013,0.012,0.013,0.018,         BYLAYER,  BYCODE, ,0,Vertical,12/9/2025 7:11, , , , ,1.29,0.674,1.099, , , , 
 ,20251209063040 2025-12-09 6:34:50.679914000 AM,31.85476852,54.60265051,1386.261,USER,Fixed,Corrected,None,44, ,BYCODE(0), ,0.016,0.012,0.014,0.02,         BYLAYER,  BYCODE, ,0,Vertical,12/9/2025 6:34, , , , ,1.162,0.678,0.944, , , , 
 ,20251209081532 2025-12-09 8:20:26.653242300 AM,31.8386636,54.62709745,1387.953,USER,Fixed,Corrected,None,37, ,BYCODE(0), ,0.013,0.01,0.011,0.016,         BYLAYER,  BYCODE, ,0,Vertical,12/9/2025 8:20, , , , ,1.431,0.738,1.226, , , , 
 ,20251209081532 2025-12-09 8:21:29.247634600 AM,31.8367909,54.62591931,1384.575,USER,Partial,Corrected,None,66, ,BYCODE(0), ,0.013,0.01,0.011,0.016,         BYLAYER,  BYCODE, ,0,Vertical,12/9/2025 8:21, , , , ,1.374,0.719,1.171, , , , 
 ,20251209070015 2025-12-09 7:06:00.561283800 AM,31.84997693,54.61345239,1390.629,USER,Fixed,Corrected,None,71, ,BYCODE(0), ,0.013,0.012,0.014,0.018,         BYLAYER,  BYCODE, ,0,Vertical,12/9/2025 7:06, , , , ,1.29,0.677,1.098, , , , 
 ,20251209070015 2025-12-09 7:16:30.839692400 AM,31.84525776,54.61623936,1387.324,USER,Fixed,Corrected,None,368, ,BYCODE(0), ,0.014,0.011,0.013,0.018,         BYLAYER,  BYCODE, ,0,Vertical,12/9/2025 7:16, , , , ,1.3,0.677,1.11, , , , 
 ,20251209063040 2025-12-09 6:38:56.665276300 AM,31.85332202,54.60485945,1387.463,USER,Fixed,Corrected,None,161, ,BYCODE(0), ,0.015,0.013,0.014,0.02,         BYLAYER,  BYCODE, ,0,Vertical,12/9/2025 6:38, , , , ,1.332,0.781,1.08, , , , 
 ,20251209081532 2025-12-09 8:24:05.942919700 AM,31.83578851,54.62640075,1385.387,USER,Fixed,Corrected,None,141, ,BYCODE(0), ,0.013,0.01,0.011,0.017,         BYLAYER,  BYCODE, ,0,Vertical,12/9/2025 8:24, , , , ,1.222,0.637,1.043, , , , 
 ,20251209063040 2025-12-09 6:34:51.400357500 AM,31.85474512,54.60265331,1386.107,USER,Fixed,Corrected,None,45, ,BYCODE(0), ,0.016,0.012,0.014,0.02,         BYLAYER,  BYCODE, ,0,Vertical,12/9/2025 6:34, , , , ,1.162,0.678,0.944, , , , 
 ,20251209070015 2025-12-09 7:16:31.558599200 AM,31.84523265,54.61624297,1387.219,USER,Fixed,Corrected,None,369, ,BYCODE(0), ,0.014,0.011,0.013,0.018,         BYLAYER,  BYCODE, ,0,Vertical,12/9/2025 7:16, , , , ,1.3,0.677,1.11, , , , 
 ,20251209073132 2025-12-09 7:36:33.140626000 AM,31.84377159,54.61957476,1390.952,USER,Fixed,Corrected,None,47, ,BYCODE(0), ,0.012,0.011,0.013,0.016,         BYLAYER,  BYCODE, ,0,Vertical,12/9/2025 7:36, , , , ,1.491,0.711,1.311, , , , 
 ,20251209063040 2025-12-09 6:42:41.447475000 AM,31.85294265,54.60730401,1388.881,USER,Fixed,Corrected,None,267, ,BYCODE(0), ,0.016,0.013,0.014,0.021,         BYLAYER,  BYCODE, ,0,Vertical,12/9/2025 6:42, , , , ,1.337,0.774,1.09, , , , 
 ,20251209070015 2025-12-09 7:11:31.224638000 AM,31.84850652,54.61623744,1391.067,USER,Fixed,Corrected,None,226, ,BYCODE(0), ,0.013,0.012,0.013,0.018,         BYLAYER,  BYCODE, ,0,Vertical,12/9/2025 7:11, , , , ,1.29,0.674,1.099, , , , 
 ,20251209063040 2025-12-09 6:49:14.565497200 AM,31.8518657,54.6117488,1392.311,USER,Fixed,Corrected,None,450, ,BYCODE(0), ,0.016,0.013,0.014,0.02,         BYLAYER,  BYCODE, ,0,Vertical,12/9/2025 6:49, , , , ,1.332,0.737,1.11, , , , 
 ,20251209081532 2025-12-09 8:29:22.490449700 AM,31.83472138,54.6296885,1385.789,USER,Fixed,Corrected,None,290, ,BYCODE(0), ,0.013,0.01,0.012,0.017,         BYLAYER,  BYCODE, ,0,Vertical,12/9/2025 8:29, , , , ,1.201,0.63,1.023, , , , 
 ,20251209070015 2025-12-09 7:06:02.550232600 AM,31.85009952,54.61360625,1390.979,USER,Fixed,Corrected,None,72, ,BYCODE(0), ,0.013,0.012,0.014,0.018,         BYLAYER,  BYCODE, ,0,Vertical,12/9/2025 7:06, , , , ,1.29,0.677,1.098, , , , 
 ,20251209073132 2025-12-09 7:47:06.476818800 AM,31.84091131,54.62468019,1389.1,USER,Fixed,Corrected,None,335, ,BYCODE(0), ,0.013,0.01,0.011,0.016,         BYLAYER,  BYCODE, ,0,Vertical,12/9/2025 7:47, , , , ,1.285,0.656,1.104, , , , 
 ,20251209063040 2025-12-09 6:46:07.274264300 AM,31.85271476,54.60991799,1390.695,USER,Partial,Corrected,None,363, ,BYCODE(0), ,0.016,0.013,0.014,0.02,         BYLAYER,  BYCODE, ,0,Vertical,12/9/2025 6:46, , , , ,1.321,0.736,1.097, , , , 
 ,20251209073132 2025-12-09 7:45:20.431357100 AM,31.84179176,54.6246237,1390.157,USER,Fixed,Corrected,None,292, ,BYCODE(0), ,0.012,0.011,0.011,0.016,         BYLAYER,  BYCODE, ,0,Vertical,12/9/2025 7:45, , , , ,1.276,0.649,1.099, , , , 
 ,20251209073132 2025-12-09 7:43:25.915117700 AM,31.84160563,54.6226479,1389.716,USER,Fixed,Corrected,None,239, ,BYCODE(0), ,0.013,0.011,0.011,0.016,         BYLAYER,  BYCODE, ,0,Vertical,12/9/2025 7:43, , , , ,1.277,0.651,1.099, , , , 
 ,20251209073132 2025-12-09 7:39:03.713283100 AM,31.84229068,54.61981101,1388.657,USER,Fixed,Corrected,None,117, ,BYCODE(0), ,0.012,0.011,0.013,0.016,         BYLAYER,  BYCODE, ,0,Vertical,12/9/2025 7:39, , , , ,1.488,0.709,1.309, , , , 
 ,20251209073132 2025-12-09 7:51:32.509469300 AM,31.83851103,54.62514743,1385.793,USER,Fixed,Corrected,None,462, ,BYCODE(0), ,0.013,0.01,0.011,0.017,         BYLAYER,  BYCODE, ,0,Vertical,12/9/2025 7:51, , , , ,1.498,0.752,1.295, , , , 
 ,20251209081532 2025-12-09 8:26:38.581320000 AM,31.8356935,54.628594,1385.906,USER,Fixed,Corrected,None,213, ,BYCODE(0), ,0.013,0.01,0.011,0.016,         BYLAYER,  BYCODE, ,0,Vertical,12/9/2025 8:26, , , , ,1.222,0.635,1.044, , , , 
 ,20251209073132 2025-12-09 7:50:12.143515300 AM,31.83878327,54.62432871,1385.07,USER,Fixed,Corrected,None,424, ,BYCODE(0), ,0.013,0.011,0.011,0.017,         BYLAYER,  BYCODE, ,0,Vertical,12/9/2025 7:50, , , , ,1.279,0.655,1.099, , , , 
 ,20251209070015 2025-12-09 7:11:33.211252500 AM,31.84862839,54.61639116,1391.369,USER,Fixed,Corrected,None,227, ,BYCODE(0), ,0.013,0.012,0.013,0.018,         BYLAYER,  BYCODE, ,0,Vertical,12/9/2025 7:11, , , , ,1.29,0.674,1.099, , , , 
 ,20251209063040 2025-12-09 6:42:43.450887400 AM,31.85281916,54.60714925,1388.731,USER,Fixed,Corrected,None,268, ,BYCODE(0), ,0.016,0.013,0.014,0.021,         BYLAYER,  BYCODE, ,0,Vertical,12/9/2025 6:42, , , , ,1.337,0.774,1.09, , , , 
 ,20251209070015 2025-12-09 7:06:04.576333500 AM,31.85022448,54.61376265,1391.328,USER,Fixed,Corrected,None,73, ,BYCODE(0), ,0.013,0.012,0.014,0.018,         BYLAYER,  BYCODE, ,0,Vertical,12/9/2025 7:06, , , , ,1.29,0.677,1.098, , , , 
 ,20251209063040 2025-12-09 6:38:59.519927500 AM,31.85344348,54.60502698,1387.541,USER,Fixed,Corrected,None,162, ,BYCODE(0), ,0.016,0.012,0.014,0.02,         BYLAYER,  BYCODE, ,0,Vertical,12/9/2025 6:38:60 AM, , , , ,1.333,0.781,1.08, , , , 
 ,20251209070015 2025-12-09 7:16:34.360893200 AM,31.84510442,54.61638443,1386.428,USER,Fixed,Corrected,None,370, ,BYCODE(0), ,0.014,0.011,0.013,0.018,         BYLAYER,  BYCODE, ,0,Vertical,12/9/2025 7:16, , , , ,1.3,0.677,1.11, , , , 
 ,20251209073132 2025-12-09 7:41:21.350863500 AM,31.84279302,54.62239907,1391.342,USER,Fixed,Corrected,None,181, ,BYCODE(0), ,0.012,0.01,0.011,0.016,         BYLAYER,  BYCODE, ,0,Vertical,12/9/2025 7:41, , , , ,1.277,0.652,1.098, , , , 
 ,20251209063040 2025-12-09 6:34:54.415552900 AM,31.85462652,54.60281474,1385.682,USER,Fixed,Corrected,None,46, ,BYCODE(0), ,0.016,0.013,0.014,0.02,         BYLAYER,  BYCODE, ,0,Vertical,12/9/2025 6:34, , , , ,1.162,0.678,0.944, , , , 
 ,20251209081532 2025-12-09 8:29:53.526643500 AM,31.83377888,54.62908312,1384.253,USER,Fixed,Corrected,None,304, ,BYCODE(0), ,0.013,0.011,0.012,0.017,         BYLAYER,  BYCODE, ,0,Vertical,12/9/2025 8:29, , , , ,1.201,0.63,1.022, , , , 
 ,20251209063040 2025-12-09 6:49:16.556406700 AM,31.85174402,54.61159504,1392.879,USER,Fixed,Corrected,None,451, ,BYCODE(0), ,0.016,0.013,0.014,0.02,         BYLAYER,  BYCODE, ,0,Vertical,12/9/2025 6:49, , , , ,1.332,0.737,1.11, , , , 
 ,20251209073132 2025-12-09 7:36:35.156472900 AM,31.84389492,54.61972996,1391.427,USER,Fixed,Corrected,None,48, ,BYCODE(0), ,0.012,0.011,0.013,0.016,         BYLAYER,  BYCODE, ,0,Vertical,12/9/2025 7:36, , , , ,1.491,0.711,1.311, , , , 
 ,20251209063040 2025-12-09 6:46:09.265189200 AM,31.8528371,54.61007105,1391.041,USER,Partial,Corrected,None,364, ,BYCODE(0), ,0.016,0.013,0.014,0.02,         BYLAYER,  BYCODE, ,0,Vertical,12/9/2025 6:46, , , , ,1.321,0.736,1.097, , , , 
 ,20251209073132 2025-12-09 7:48:44.119261700 AM,31.83954002,54.62412137,1386.501,USER,Fixed,Corrected,None,382, ,BYCODE(0), ,0.013,0.01,0.011,0.016,         BYLAYER,  BYCODE, ,0,Vertical,12/9/2025 7:48, , , , ,1.282,0.656,1.102, , , , 
 ,20251209070015 2025-12-09 7:11:35.206276900 AM,31.84875179,54.61654666,1391.795,USER,Fixed,Corrected,None,228, ,BYCODE(0), ,0.013,0.012,0.013,0.018,         BYLAYER,  BYCODE, ,0,Vertical,12/9/2025 7:11, , , , ,1.29,0.674,1.099, , , , 
 ,20251209070015 2025-12-09 7:06:06.538344900 AM,31.85034432,54.61391537,1391.847,USER,Fixed,Corrected,None,74, ,BYCODE(0), ,0.013,0.012,0.014,0.018,         BYLAYER,  BYCODE, ,0,Vertical,12/9/2025 7:06, , , , ,1.29,0.677,1.098, , , , 
 ,20251209081532 2025-12-09 8:24:49.994848500 AM,31.83759917,54.62929841,1389.939,USER,Fixed,Corrected,None,162, ,BYCODE(0), ,0.013,0.01,0.011,0.016,         BYLAYER,  BYCODE, ,0,Vertical,12/9/2025 8:24, , , , ,1.222,0.636,1.044, , , , 
 ,20251209081532 2025-12-09 8:22:27.384105400 AM,31.83716973,54.62697132,1386.664,USER,Fixed,Corrected,None,94, ,BYCODE(0), ,0.013,0.01,0.011,0.016,         BYLAYER,  BYCODE, ,0,Vertical,12/9/2025 8:22, , , , ,1.222,0.638,1.042, , , , 
 ,20251209081532 2025-12-09 8:30:19.417843300 AM,31.83536704,54.63107678,1387.311,USER,Fixed,Corrected,None,317, ,BYCODE(0), ,0.013,0.011,0.012,0.017,         BYLAYER,  BYCODE, ,0,Vertical,12/9/2025 8:30, , , , ,1.2,0.629,1.022, , , , 
 ,20251209081532 2025-12-09 8:28:01.941864500 AM,31.83514853,54.62906247,1385.173,USER,Fixed,Corrected,None,253, ,BYCODE(0), ,0.013,0.01,0.012,0.017,         BYLAYER,  BYCODE, ,0,Vertical,12/9/2025 8:28, , , , ,1.221,0.634,1.043, , , , 
 ,20251209063040 2025-12-09 6:39:01.485969800 AM,31.85356386,54.60518229,1387.572,USER,Fixed,Corrected,None,163, ,BYCODE(0), ,0.015,0.013,0.014,0.02,         BYLAYER,  BYCODE, ,0,Vertical,12/9/2025 6:39, , , , ,1.333,0.781,1.08, , , , 
 ,20251209070015 2025-12-09 7:16:36.785932500 AM,31.84503939,54.61650141,1386.971,USER,Fixed,Corrected,None,371, ,BYCODE(0), ,0.014,0.011,0.013,0.018,         BYLAYER,  BYCODE, ,0,Vertical,12/9/2025 7:16, , , , ,1.3,0.677,1.11, , , , 
 ,20251209063040 2025-12-09 6:42:45.446166000 AM,31.85269636,54.60699493,1388.531,USER,Partial,Corrected,None,269, ,BYCODE(0), ,0.016,0.013,0.014,0.021,         BYLAYER,  BYCODE, ,0,Vertical,12/9/2025 6:42, , , , ,1.337,0.774,1.09, , , , 
 ,20251209081532 2025-12-09 8:23:19.620802600 AM,31.83786511,54.62841231,1388.116,USER,Fixed,Corrected,None,119, ,BYCODE(0), ,0.013,0.01,0.011,0.016,         BYLAYER,  BYCODE, ,0,Vertical,12/9/2025 8:23, , , , ,1.222,0.638,1.043, , , , 
 ,20251209063040 2025-12-09 6:34:56.813519000 AM,31.85457109,54.60294426,1386.05,USER,Fixed,Corrected,None,47, ,BYCODE(0), ,0.016,0.012,0.014,0.02,         BYLAYER,  BYCODE, ,0,Vertical,12/9/2025 6:34, , , , ,1.162,0.678,0.944, , , , 
 ,20251209073132 2025-12-09 7:43:27.905877800 AM,31.84172786,54.62280254,1390.321,USER,Fixed,Corrected,None,240, ,BYCODE(0), ,0.013,0.011,0.011,0.016,         BYLAYER,  BYCODE, ,0,Vertical,12/9/2025 7:43, , , , ,1.277,0.651,1.099, , , , 
 ,20251209070015 2025-12-09 7:06:08.533476600 AM,31.85046684,54.61406864,1392.311,USER,Fixed,Corrected,None,75, ,BYCODE(0), ,0.013,0.012,0.014,0.018,         BYLAYER,  BYCODE, ,0,Vertical,12/9/2025 7:06, , , , ,1.29,0.677,1.098, , , , 
 ,20251209070015 2025-12-09 7:11:37.203548200 AM,31.84887486,54.61670089,1392.419,USER,Fixed,Corrected,None,229, ,BYCODE(0), ,0.013,0.012,0.013,0.018,         BYLAYER,  BYCODE, ,0,Vertical,12/9/2025 7:11, , , , ,1.29,0.674,1.099, , , , 
 ,20251209073132 2025-12-09 7:39:06.109150900 AM,31.84222867,54.61992724,1389.201,USER,Fixed,Corrected,None,118, ,BYCODE(0), ,0.012,0.011,0.013,0.016,         BYLAYER,  BYCODE, ,0,Vertical,12/9/2025 7:39, , , , ,1.488,0.709,1.309, , , , 
 ,20251209073132 2025-12-09 7:45:22.424253900 AM,31.84166937,54.62447066,1390.269,USER,Fixed,Corrected,None,293, ,BYCODE(0), ,0.012,0.011,0.011,0.016,         BYLAYER,  BYCODE, ,0,Vertical,12/9/2025 7:45, , , , ,1.276,0.649,1.099, , , , 
 ,20251209063040 2025-12-09 6:49:18.548227300 AM,31.85162179,54.61144134,1393.229,USER,Fixed,Corrected,None,452, ,BYCODE(0), ,0.016,0.013,0.014,0.02,         BYLAYER,  BYCODE, ,0,Vertical,12/9/2025 6:49, , , , ,1.333,0.737,1.11, , , , 
 ,20251209063040 2025-12-09 6:46:11.266743400 AM,31.85296025,54.61022569,1391.285,USER,Partial,Corrected,None,365, ,BYCODE(0), ,0.016,0.013,0.014,0.02,         BYLAYER,  BYCODE, ,0,Vertical,12/9/2025 6:46, , , , ,1.321,0.736,1.097, , , , 
 ,20251209073132 2025-12-09 7:47:08.465541600 AM,31.84078892,54.62452701,1388.843,USER,Fixed,Corrected,None,336, ,BYCODE(0), ,0.013,0.01,0.011,0.016,         BYLAYER,  BYCODE, ,0,Vertical,12/9/2025 7:47, , , , ,1.285,0.656,1.104, , , , 
 ,20251209073132 2025-12-09 7:36:37.108107300 AM,31.84401546,54.61988109,1391.793,USER,Fixed,Corrected,None,49, ,BYCODE(0), ,0.012,0.011,0.013,0.016,         BYLAYER,  BYCODE, ,0,Vertical,12/9/2025 7:36, , , , ,1.491,0.711,1.311, , , , 
 ,20251209073132 2025-12-09 7:41:23.339363800 AM,31.84267117,54.62224607,1391.07,USER,Fixed,Corrected,None,182, ,BYCODE(0), ,0.012,0.01,0.011,0.016,         BYLAYER,  BYCODE, ,0,Vertical,12/9/2025 7:41, , , , ,1.277,0.652,1.098, , , , 
 ,20251209063040 2025-12-09 6:39:03.508116500 AM,31.85368736,54.60533845,1388.237,USER,Fixed,Corrected,None,164, ,BYCODE(0), ,0.016,0.012,0.014,0.02,         BYLAYER,  BYCODE, ,0,Vertical,12/9/2025 6:39, , , , ,1.333,0.781,1.08, , , , 
 ,20251209081532 2025-12-09 8:19:20.490358400 AM,31.83932118,54.62733228,1389.103,USER,Fixed,Corrected,None,5, ,BYCODE(0), ,0.013,0.01,0.011,0.016,         BYLAYER,  BYCODE, ,0,Vertical,12/9/2025 8:19, , , , ,1.44,0.74,1.235, , , , 
 ,20251209070015 2025-12-09 7:06:10.520343300 AM,31.8505895,54.6142217,1392.59,USER,Fixed,Corrected,None,76, ,BYCODE(0), ,0.013,0.012,0.014,0.018,         BYLAYER,  BYCODE, ,0,Vertical,12/9/2025 7:06, , , , ,1.29,0.677,1.098, , , , 
 ,20251209063040 2025-12-09 6:42:47.439406600 AM,31.852574,54.60684083,1388.202,USER,Partial,Corrected,None,270, ,BYCODE(0), ,0.016,0.013,0.014,0.021,         BYLAYER,  BYCODE, ,0,Vertical,12/9/2025 6:42, , , , ,1.337,0.774,1.09, , , , 
 ,20251209081532 2025-12-09 8:20:28.641907700 AM,31.83878682,54.62725196,1388.329,USER,Fixed,Corrected,None,38, ,BYCODE(0), ,0.013,0.01,0.011,0.016,         BYLAYER,  BYCODE, ,0,Vertical,12/9/2025 8:20, , , , ,1.431,0.738,1.226, , , , 
 ,20251209070015 2025-12-09 7:16:39.748999100 AM,31.84516099,54.61666838,1386.892,USER,Fixed,Corrected,None,372, ,BYCODE(0), ,0.014,0.011,0.013,0.018,         BYLAYER,  BYCODE, ,0,Vertical,12/9/2025 7:16, , , , ,1.3,0.677,1.111, , , , 
 ,20251209081532 2025-12-09 8:31:14.789314000 AM,31.8332503,54.62958357,1383.762,USER,Fixed,Corrected,None,342, ,BYCODE(0), ,0.014,0.011,0.012,0.017,         BYLAYER,  BYCODE, ,0,Vertical,12/9/2025 8:31, , , , ,1.198,0.629,1.02, , , , 
 ,20251209070015 2025-12-09 7:11:39.993230800 AM,31.84895582,54.61685496,1392.974,USER,Fixed,Corrected,None,230, ,BYCODE(0), ,0.013,0.012,0.013,0.018,         BYLAYER,  BYCODE, ,0,Vertical,12/9/2025 7:11, , , , ,1.29,0.674,1.099, , , , 
 ,20251209073132 2025-12-09 7:51:34.500606300 AM,31.83838854,54.62499384,1385.615,USER,Fixed,Corrected,None,463, ,BYCODE(0), ,0.013,0.01,0.011,0.017,         BYLAYER,  BYCODE, ,0,Vertical,12/9/2025 7:51, , , , ,1.498,0.752,1.295, , , , 
 ,20251209063040 2025-12-09 6:34:59.674381700 AM,31.85469201,54.60311147,1386.153,USER,Fixed,Corrected,None,48, ,BYCODE(0), ,0.016,0.012,0.014,0.02,         BYLAYER,  BYCODE, ,0,Vertical,12/9/2025 6:34:60 AM, , , , ,1.162,0.678,0.944, , , , 
 ,20251209073132 2025-12-09 7:50:14.117778800 AM,31.83866126,54.62417552,1384.944,USER,Fixed,Corrected,None,425, ,BYCODE(0), ,0.013,0.011,0.011,0.017,         BYLAYER,  BYCODE, ,0,Vertical,12/9/2025 7:50, , , , ,1.279,0.655,1.099, , , , 
 ,20251209073132 2025-12-09 7:48:46.122517600 AM,31.83941643,54.62396686,1386.348,USER,Fixed,Corrected,None,383, ,BYCODE(0), ,0.013,0.011,0.011,0.017,         BYLAYER,  BYCODE, ,0,Vertical,12/9/2025 7:48, , , , ,1.282,0.656,1.102, , , , 
 ,20251209081532 2025-12-09 8:21:31.240826800 AM,31.83691273,54.62607235,1384.883,USER,Fixed,Corrected,None,67, ,BYCODE(0), ,0.013,0.01,0.011,0.016,         BYLAYER,  BYCODE, ,0,Vertical,12/9/2025 8:21, , , , ,1.374,0.719,1.171, , , , 
 ,20251209070015 2025-12-09 7:06:12.577904500 AM,31.85070955,54.6143755,1392.916,USER,Partial,Corrected,None,77, ,BYCODE(0), ,0.013,0.012,0.014,0.018,         BYLAYER,  BYCODE, ,0,Vertical,12/9/2025 7:06, , , , ,1.29,0.677,1.098, , , , 
 ,20251209063040 2025-12-09 6:46:13.226810900 AM,31.85308085,54.61037617,1391.554,USER,Fixed,Corrected,None,366, ,BYCODE(0), ,0.016,0.013,0.014,0.02,         BYLAYER,  BYCODE, ,0,Vertical,12/9/2025 6:46, , , , ,1.321,0.736,1.097, , , , 
 ,20251209063040 2025-12-09 6:49:20.536998000 AM,31.8514994,54.61128835,1393.604,USER,Fixed,Corrected,None,453, ,BYCODE(0), ,0.016,0.013,0.014,0.02,         BYLAYER,  BYCODE, ,0,Vertical,12/9/2025 6:49, , , , ,1.333,0.737,1.111, , , , 
 ,20251209063040 2025-12-09 6:39:05.466061800 AM,31.85380746,54.60548882,1388.559,USER,Fixed,Corrected,None,165, ,BYCODE(0), ,0.016,0.012,0.014,0.02,         BYLAYER,  BYCODE, ,0,Vertical,12/9/2025 6:39, , , , ,1.333,0.781,1.08, , , , 
 ,20251209081532 2025-12-09 8:27:37.187906000 AM,31.83651765,54.63022979,1388.231,USER,Fixed,Corrected,None,241, ,BYCODE(0), ,0.013,0.011,0.012,0.016,         BYLAYER,  BYCODE, ,0,Vertical,12/9/2025 8:27, , , , ,1.221,0.634,1.044, , , , 
 ,20251209070015 2025-12-09 7:16:41.702683400 AM,31.84528146,54.61682386,1386.969,USER,Partial,Corrected,None,373, ,BYCODE(0), ,0.014,0.011,0.013,0.018,         BYLAYER,  BYCODE, ,0,Vertical,12/9/2025 7:16, , , , ,1.3,0.677,1.111, , , , 
 ,20251209073132 2025-12-09 7:43:29.896711800 AM,31.84185053,54.62295639,1390.672,USER,Fixed,Corrected,None,241, ,BYCODE(0), ,0.013,0.011,0.011,0.016,         BYLAYER,  BYCODE, ,0,Vertical,12/9/2025 7:43, , , , ,1.277,0.65,1.099, , , , 
 ,20251209063040 2025-12-09 6:42:49.428643500 AM,31.85245175,54.60668679,1387.882,USER,Partial,Corrected,None,271, ,BYCODE(0), ,0.017,0.013,0.014,0.021,         BYLAYER,  BYCODE, ,0,Vertical,12/9/2025 6:42, , , , ,1.337,0.774,1.091, , , , 
 ,20251209073132 2025-12-09 7:36:39.132212200 AM,31.84414049,54.6200372,1392.244,USER,Fixed,Corrected,None,50, ,BYCODE(0), ,0.012,0.011,0.013,0.016,         BYLAYER,  BYCODE, ,0,Vertical,12/9/2025 7:36, , , , ,1.491,0.711,1.31, , , , 
 ,20251209063040 2025-12-09 6:35:01.665142300 AM,31.85481448,54.60326884,1386.109,USER,Fixed,Corrected,None,49, ,BYCODE(0), ,0.016,0.012,0.014,0.02,         BYLAYER,  BYCODE, ,0,Vertical,12/9/2025 6:35, , , , ,1.162,0.678,0.944, , , , 
 ,20251209081532 2025-12-09 8:26:06.591987600 AM,31.83669298,54.62927144,1388.353,USER,Fixed,Corrected,None,198, ,BYCODE(0), ,0.013,0.01,0.011,0.017,         BYLAYER,  BYCODE, ,0,Vertical,12/9/2025 8:26, , , , ,1.222,0.635,1.044, , , , 
 ,20251209070015 2025-12-09 7:06:14.571117200 AM,31.85074972,54.61447419,1393.118,USER,Fixed,Corrected,None,78, ,BYCODE(0), ,0.013,0.012,0.014,0.018,         BYLAYER,  BYCODE, ,0,Vertical,12/9/2025 7:06, , , , ,1.29,0.677,1.098, , , , 
 ,20251209073132 2025-12-09 7:41:25.301248100 AM,31.84255,54.62209403,1390.837,USER,Fixed,Corrected,None,183, ,BYCODE(0), ,0.012,0.01,0.011,0.016,         BYLAYER,  BYCODE, ,0,Vertical,12/9/2025 7:41, , , , ,1.277,0.652,1.098, , , , 
 ,20251209070015 2025-12-09 7:11:43.014679400 AM,31.84884205,54.61702348,1392.395,USER,Fixed,Corrected,None,231, ,BYCODE(0), ,0.013,0.012,0.013,0.018,         BYLAYER,  BYCODE, ,0,Vertical,12/9/2025 7:11, , , , ,1.29,0.674,1.099, , , , 
 ,20251209073132 2025-12-09 7:45:24.415121800 AM,31.84154757,54.62431652,1390.049,USER,Fixed,Corrected,None,294, ,BYCODE(0), ,0.012,0.011,0.011,0.016,         BYLAYER,  BYCODE, ,0,Vertical,12/9/2025 7:45, , , , ,1.276,0.649,1.099, , , , 
 ,20251209073132 2025-12-09 7:39:09.072181500 AM,31.84234998,54.62009546,1389.287,USER,Fixed,Corrected,None,119, ,BYCODE(0), ,0.012,0.011,0.011,0.016,         BYLAYER,  BYCODE, ,0,Vertical,12/9/2025 7:39, , , , ,1.488,0.709,1.309, , , , 
 ,20251209081532 2025-12-09 8:24:07.704562700 AM,31.83572496,54.62636381,1385.359,USER,Fixed,Corrected,None,142, ,BYCODE(0), ,0.013,0.01,0.011,0.017,         BYLAYER,  BYCODE, ,0,Vertical,12/9/2025 8:24, , , , ,1.222,0.637,1.043, , , , 
 ,20251209073132 2025-12-09 7:47:10.458353300 AM,31.84066646,54.62437312,1388.692,USER,Fixed,Corrected,None,337, ,BYCODE(0), ,0.013,0.01,0.011,0.016,         BYLAYER,  BYCODE, ,0,Vertical,12/9/2025 7:47, , , , ,1.285,0.656,1.104, , , , 
 ,20251209070015 2025-12-09 7:16:43.703951800 AM,31.84540383,54.61697926,1387.663,USER,Partial,Corrected,None,374, ,BYCODE(0), ,0.014,0.011,0.013,0.018,         BYLAYER,  BYCODE, ,0,Vertical,12/9/2025 7:16, , , , ,1.301,0.677,1.111, , , , 
 ,20251209063040 2025-12-09 6:39:07.494493200 AM,31.85393172,54.60564506,1388.869,USER,Fixed,Corrected,None,166, ,BYCODE(0), ,0.015,0.013,0.014,0.02,         BYLAYER,  BYCODE, ,0,Vertical,12/9/2025 6:39, , , , ,1.333,0.781,1.081, , , , 
 ,20251209063040 2025-12-09 6:46:15.251153700 AM,31.85320471,54.61053148,1391.555,USER,Partial,Corrected,None,367, ,BYCODE(0), ,0.016,0.013,0.014,0.02,         BYLAYER,  BYCODE, ,0,Vertical,12/9/2025 6:46, , , , ,1.322,0.736,1.097, , , , 
 ,20251209081532 2025-12-09 8:25:30.452975500 AM,31.83526589,54.6269016,1384.716,USER,Fixed,Corrected,None,181, ,BYCODE(0), ,0.013,0.01,0.011,0.016,         BYLAYER,  BYCODE, ,0,Vertical,12/9/2025 8:25, , , , ,1.222,0.636,1.044, , , , 
 ,20251209063040 2025-12-09 6:49:22.534482500 AM,31.85137606,54.61113284,1394.197,USER,Fixed,Corrected,None,454, ,BYCODE(0), ,0.016,0.013,0.014,0.02,         BYLAYER,  BYCODE, ,0,Vertical,12/9/2025 6:49, , , , ,1.333,0.737,1.111, , , , 
 ,20251209063040 2025-12-09 6:35:03.651964200 AM,31.85493647,54.60342374,1386.647,USER,Fixed,Corrected,None,50, ,BYCODE(0), ,0.016,0.012,0.014,0.02,         BYLAYER,  BYCODE, ,0,Vertical,12/9/2025 6:35, , , , ,1.162,0.678,0.944, , , , 
 ,20251209063040 2025-12-09 6:42:51.484301600 AM,31.8523312,54.60653556,1387.711,USER,Partial,Corrected,None,272, ,BYCODE(0), ,0.017,0.013,0.014,0.021,         BYLAYER,  BYCODE, ,0,Vertical,12/9/2025 6:42, , , , ,1.337,0.774,1.091, , , , 
 ,20251209081532 2025-12-09 8:30:07.470654500 AM,31.83463528,54.6301593,1386.795,USER,Fixed,Corrected,None,311, ,BYCODE(0), ,0.014,0.01,0.012,0.017,         BYLAYER,  BYCODE, ,0,Vertical,12/9/2025 8:30, , , , ,1.2,0.63,1.022, , , , 
 ,20251209070015 2025-12-09 7:11:45.539701500 AM,31.84874766,54.61710206,1392.477,USER,Partial,Corrected,None,232, ,BYCODE(0), ,0.013,0.012,0.013,0.018,         BYLAYER,  BYCODE, ,0,Vertical,12/9/2025 7:11, , , , ,1.29,0.674,1.099, , , , 
 ,20251209070015 2025-12-09 7:06:17.592686400 AM,31.85064076,54.61464718,1392.792,USER,Fixed,Corrected,None,79, ,BYCODE(0), ,0.013,0.012,0.014,0.018,         BYLAYER,  BYCODE, ,0,Vertical,12/9/2025 7:06, , , , ,1.29,0.677,1.098, , , , 
 ,20251209081532 2025-12-09 8:29:05.669711400 AM,31.83571504,54.63091543,1387.83,USER,Fixed,Corrected,None,282, ,BYCODE(0), ,0.014,0.01,0.012,0.017,         BYLAYER,  BYCODE, ,0,Vertical,12/9/2025 8:29, , , , ,1.202,0.63,1.023, , , , 
 ,20251209081532 2025-12-09 8:22:29.370838900 AM,31.83704774,54.62681725,1386.43,USER,Fixed,Corrected,None,95, ,BYCODE(0), ,0.013,0.01,0.011,0.016,         BYLAYER,  BYCODE, ,0,Vertical,12/9/2025 8:22, , , , ,1.222,0.638,1.042, , , , 
 ,20251209073132 2025-12-09 7:36:41.114849800 AM,31.84426259,54.62019116,1392.598,USER,Fixed,Corrected,None,51, ,BYCODE(0), ,0.012,0.011,0.013,0.016,         BYLAYER,  BYCODE, ,0,Vertical,12/9/2025 7:36, , , , ,1.491,0.711,1.31, , , , 
 ,20251209070015 2025-12-09 7:16:45.696897300 AM,31.84552658,54.61713376,1388.307,USER,Fixed,Corrected,None,375, ,BYCODE(0), ,0.014,0.011,0.013,0.018,         BYLAYER,  BYCODE, ,0,Vertical,12/9/2025 7:16, , , , ,1.301,0.677,1.111, , , , 
 ,20251209081532 2025-12-09 8:19:22.489525600 AM,31.83919579,54.62717899,1388.739,USER,Fixed,Corrected,None,6, ,BYCODE(0), ,0.013,0.01,0.011,0.016,         BYLAYER,  BYCODE, ,0,Vertical,12/9/2025 8:19, , , , ,1.439,0.74,1.235, , , , 
 ,20251209081532 2025-12-09 8:32:03.048570900 AM,31.8337458,54.63078378,1385.745,USER,Partial,Corrected,None,365, ,BYCODE(0), ,0.013,0.011,0.012,0.017,         BYLAYER,  BYCODE, ,0,Vertical,12/9/2025 8:32, , , , ,1.197,0.628,1.019, , , , 
 ,20251209063040 2025-12-09 6:39:09.450739600 AM,31.85405227,54.60579569,1389.18,USER,Fixed,Corrected,None,167, ,BYCODE(0), ,0.015,0.013,0.014,0.02,         BYLAYER,  BYCODE, ,0,Vertical,12/9/2025 6:39, , , , ,1.333,0.781,1.081, , , , 
 ,20251209073132 2025-12-09 7:43:31.885463700 AM,31.8419726,54.62311031,1391.037,USER,Fixed,Corrected,None,242, ,BYCODE(0), ,0.013,0.01,0.011,0.016,         BYLAYER,  BYCODE, ,0,Vertical,12/9/2025 7:43, , , , ,1.277,0.65,1.099, , , , 
 ,20251209073132 2025-12-09 7:41:27.323134900 AM,31.84242588,54.62193731,1390.573,USER,Fixed,Corrected,None,184, ,BYCODE(0), ,0.012,0.01,0.011,0.016,         BYLAYER,  BYCODE, ,0,Vertical,12/9/2025 7:41, , , , ,1.277,0.652,1.098, , , , 
 ,20251209063040 2025-12-09 6:35:05.628315900 AM,31.85505748,54.60357545,1387.384,USER,Fixed,Corrected,None,51, ,BYCODE(0), ,0.016,0.012,0.014,0.02,         BYLAYER,  BYCODE, ,0,Vertical,12/9/2025 6:35, , , , ,1.163,0.678,0.944, , , , 
 ,20251209073132 2025-12-09 7:39:11.060882800 AM,31.84247159,54.62025137,1389.449,USER,Fixed,Corrected,None,120, ,BYCODE(0), ,0.012,0.011,0.011,0.016,         BYLAYER,  BYCODE, ,0,Vertical,12/9/2025 7:39, , , , ,1.488,0.709,1.309, , , , 
 ,20251209073132 2025-12-09 7:48:48.113414500 AM,31.83929318,54.62381293,1386.254,USER,Fixed,Corrected,None,384, ,BYCODE(0), ,0.013,0.011,0.011,0.017,         BYLAYER,  BYCODE, ,0,Vertical,12/9/2025 7:48, , , , ,1.282,0.656,1.102, , , , 
 ,20251209063040 2025-12-09 6:46:17.751338200 AM,31.85327582,54.61066803,1391.96,USER,Partial,Corrected,None,368, ,BYCODE(0), ,0.016,0.013,0.014,0.02,         BYLAYER,  BYCODE, ,0,Vertical,12/9/2025 6:46, , , , ,1.322,0.737,1.097, , , , 
 ,20251209070015 2025-12-09 7:06:20.119743600 AM,31.85054777,54.61473268,1392.691,USER,Fixed,Corrected,None,80, ,BYCODE(0), ,0.013,0.012,0.014,0.018,         BYLAYER,  BYCODE, ,0,Vertical,12/9/2025 7:06, , , , ,1.29,0.677,1.098, , , , 
 ,20251209063040 2025-12-09 6:42:53.713143800 AM,31.85225482,54.60648181,1387.666,USER,Fixed,Corrected,None,273, ,BYCODE(0), ,0.016,0.013,0.014,0.021,         BYLAYER,  BYCODE, ,0,Vertical,12/9/2025 6:42, , , , ,1.338,0.774,1.091, , , , 
 ,20251209070015 2025-12-09 7:16:47.698281300 AM,31.84564957,54.61728881,1389.022,USER,Fixed,Corrected,None,376, ,BYCODE(0), ,0.014,0.011,0.013,0.018,         BYLAYER,  BYCODE, ,0,Vertical,12/9/2025 7:16, , , , ,1.301,0.676,1.111, , , , 
 ,20251209070015 2025-12-09 7:11:48.565407000 AM,31.84861272,54.61694961,1391.389,USER,Partial,Corrected,None,233, ,BYCODE(0), ,0.013,0.012,0.013,0.018,         BYLAYER,  BYCODE, ,0,Vertical,12/9/2025 7:11, , , , ,1.289,0.674,1.099, , , , 
 ,20251209063040 2025-12-09 6:49:24.488110800 AM,31.85125565,54.6109814,1394.783,USER,Fixed,Corrected,None,455, ,BYCODE(0), ,0.016,0.012,0.014,0.02,         BYLAYER,  BYCODE, ,0,Vertical,12/9/2025 6:49, , , , ,1.333,0.737,1.111, , , , 
 ,20251209073132 2025-12-09 7:50:16.125142600 AM,31.83853774,54.62402048,1385.07,USER,Fixed,Corrected,None,426, ,BYCODE(0), ,0.013,0.011,0.011,0.017,         BYLAYER,  BYCODE, ,0,Vertical,12/9/2025 7:50, , , , ,1.279,0.655,1.099, , , , 
 ,20251209073132 2025-12-09 7:45:26.406054700 AM,31.84142581,54.62416429,1389.656,USER,Fixed,Corrected,None,295, ,BYCODE(0), ,0.012,0.011,0.011,0.016,         BYLAYER,  BYCODE, ,0,Vertical,12/9/2025 7:45, , , , ,1.276,0.649,1.099, , , , 
 ,20251209073132 2025-12-09 7:51:36.489343200 AM,31.83826634,54.62484016,1385.286,USER,Fixed,Corrected,None,464, ,BYCODE(0), ,0.013,0.01,0.011,0.017,         BYLAYER,  BYCODE, ,0,Vertical,12/9/2025 7:51, , , , ,1.498,0.752,1.295, , , , 
 ,20251209063040 2025-12-09 6:39:11.439741800 AM,31.85417488,54.60595016,1389.581,USER,Fixed,Corrected,None,168, ,BYCODE(0), ,0.015,0.013,0.014,0.02,         BYLAYER,  BYCODE, ,0,Vertical,12/9/2025 6:39, , , , ,1.333,0.781,1.081, , , , 
 ,20251209081532 2025-12-09 8:20:30.630545600 AM,31.83891,54.62740538,1388.8,USER,Fixed,Corrected,None,39, ,BYCODE(0), ,0.013,0.01,0.011,0.016,         BYLAYER,  BYCODE, ,0,Vertical,12/9/2025 8:20, , , , ,1.43,0.738,1.225, , , , 
 ,20251209063040 2025-12-09 6:35:07.617042500 AM,31.85517969,54.60372814,1387.939,USER,Fixed,Corrected,None,52, ,BYCODE(0), ,0.015,0.013,0.014,0.02,         BYLAYER,  BYCODE, ,0,Vertical,12/9/2025 6:35, , , , ,1.314,0.778,1.058, , , , 
 ,20251209073132 2025-12-09 7:36:43.105750100 AM,31.84438462,54.6203446,1392.971,USER,Fixed,Corrected,None,52, ,BYCODE(0), ,0.012,0.011,0.013,0.016,         BYLAYER,  BYCODE, ,0,Vertical,12/9/2025 7:36, , , , ,1.491,0.711,1.31, , , , 
 ,20251209073132 2025-12-09 7:47:12.447179600 AM,31.84054389,54.62422004,1388.359,USER,Fixed,Corrected,None,338, ,BYCODE(0), ,0.013,0.01,0.011,0.016,         BYLAYER,  BYCODE, ,0,Vertical,12/9/2025 7:47, , , , ,1.284,0.656,1.104, , , , 
 ,20251209081532 2025-12-09 8:31:07.780007400 AM,31.8328864,54.62910434,1382.932,USER,Fixed,Corrected,None,339, ,BYCODE(0), ,0.014,0.011,0.012,0.017,         BYLAYER,  BYCODE, ,0,Vertical,12/9/2025 8:31, , , , ,1.199,0.629,1.02, , , , 
 ,20251209070015 2025-12-09 7:11:50.556647800 AM,31.84848853,54.61679642,1391.061,USER,Partial,Corrected,None,234, ,BYCODE(0), ,0.013,0.012,0.013,0.018,         BYLAYER,  BYCODE, ,0,Vertical,12/9/2025 7:11, , , , ,1.289,0.674,1.099, , , , 
 ,20251209070015 2025-12-09 7:16:49.685030900 AM,31.84577223,54.61744121,1389.575,USER,Fixed,Corrected,None,377, ,BYCODE(0), ,0.014,0.011,0.013,0.018,         BYLAYER,  BYCODE, ,0,Vertical,12/9/2025 7:16, , , , ,1.301,0.676,1.111, , , , 
 ,20251209070015 2025-12-09 7:06:23.178684000 AM,31.85041277,54.61458038,1391.614,USER,Partial,Corrected,None,81, ,BYCODE(0), ,0.013,0.012,0.014,0.018,         BYLAYER,  BYCODE, ,0,Vertical,12/9/2025 7:06, , , , ,1.29,0.677,1.098, , , , 
 ,20251209081532 2025-12-09 8:27:10.464874000 AM,31.83494651,54.62823006,1385.039,USER,Fixed,Corrected,None,228, ,BYCODE(0), ,0.013,0.01,0.011,0.016,         BYLAYER,  BYCODE, ,0,Vertical,12/9/2025 8:27, , , , ,1.221,0.635,1.044, , , , 
 ,20251209081532 2025-12-09 8:21:33.227462100 AM,31.83703569,54.62622499,1385.209,USER,Fixed,Corrected,None,68, ,BYCODE(0), ,0.013,0.01,0.011,0.016,         BYLAYER,  BYCODE, ,0,Vertical,12/9/2025 8:21, , , , ,1.374,0.719,1.171, , , , 
 ,20251209081532 2025-12-09 8:23:21.615932700 AM,31.83798733,54.6285659,1388.372,USER,Fixed,Corrected,None,120, ,BYCODE(0), ,0.013,0.01,0.011,0.016,         BYLAYER,  BYCODE, ,0,Vertical,12/9/2025 8:23, , , , ,1.222,0.638,1.043, , , , 
 ,20251209063040 2025-12-09 6:49:26.518525400 AM,31.85113153,54.61082541,1395.116,USER,Fixed,Corrected,None,456, ,BYCODE(0), ,0.016,0.013,0.014,0.02,         BYLAYER,  BYCODE, ,0,Vertical,12/9/2025 6:49, , , , ,1.333,0.737,1.111, , , , 
 ,20251209073132 2025-12-09 7:39:13.051758300 AM,31.84259325,54.62040391,1389.812,USER,Fixed,Corrected,None,121, ,BYCODE(0), ,0.012,0.011,0.011,0.016,         BYLAYER,  BYCODE, ,0,Vertical,12/9/2025 7:39, , , , ,1.488,0.709,1.309, , , , 
 ,20251209073132 2025-12-09 7:41:29.279286400 AM,31.8423066,54.62178641,1390,USER,Fixed,Corrected,None,185, ,BYCODE(0), ,0.012,0.01,0.011,0.016,         BYLAYER,  BYCODE, ,0,Vertical,12/9/2025 7:41, , , , ,1.277,0.652,1.098, , , , 
 ,20251209063040 2025-12-09 6:39:13.430655000 AM,31.85429758,54.60610387,1390.003,USER,Fixed,Corrected,None,169, ,BYCODE(0), ,0.015,0.013,0.014,0.02,         BYLAYER,  BYCODE, ,0,Vertical,12/9/2025 6:39, , , , ,1.334,0.781,1.081, , , , 
 ,20251209063040 2025-12-09 6:35:09.611880800 AM,31.85530283,54.6038807,1388.45,USER,Fixed,Corrected,None,53, ,BYCODE(0), ,0.016,0.013,0.014,0.021,         BYLAYER,  BYCODE, ,0,Vertical,12/9/2025 6:35, , , , ,1.314,0.778,1.059, , , , 
 ,20251209073132 2025-12-09 7:43:33.872229100 AM,31.84209473,54.62326362,1391.298,USER,Fixed,Corrected,None,243, ,BYCODE(0), ,0.013,0.011,0.011,0.016,         BYLAYER,  BYCODE, ,0,Vertical,12/9/2025 7:43, , , , ,1.277,0.65,1.099, , , , 
 ,20251209070015 2025-12-09 7:11:52.544021600 AM,31.84836715,54.61664319,1391.074,USER,Partial,Corrected,None,235, ,BYCODE(0), ,0.013,0.012,0.013,0.018,         BYLAYER,  BYCODE, ,0,Vertical,12/9/2025 7:11, , , , ,1.289,0.674,1.099, , , , 
 ,20251209070015 2025-12-09 7:06:25.169514900 AM,31.85028875,54.61442666,1391.147,USER,Fixed,Corrected,None,82, ,BYCODE(0), ,0.013,0.012,0.014,0.018,         BYLAYER,  BYCODE, ,0,Vertical,12/9/2025 7:06, , , , ,1.29,0.677,1.098, , , , 
 ,20251209063040 2025-12-09 6:46:20.706000100 AM,31.85317673,54.61085107,1391.926,USER,Fixed,Corrected,None,369, ,BYCODE(0), ,0.016,0.013,0.014,0.02,         BYLAYER,  BYCODE, ,0,Vertical,12/9/2025 6:46, , , , ,1.322,0.737,1.098, , , , 
 ,20251209070015 2025-12-09 7:16:51.675816300 AM,31.84589493,54.61759535,1389.889,USER,Fixed,Corrected,None,378, ,BYCODE(0), ,0.014,0.011,0.013,0.018,         BYLAYER,  BYCODE, ,0,Vertical,12/9/2025 7:16, , , , ,1.301,0.676,1.111, , , , 
 ,20251209063040 2025-12-09 6:42:56.903369700 AM,31.85212968,54.60664976,1387.019,USER,Fixed,Corrected,None,274, ,BYCODE(0), ,0.016,0.013,0.014,0.021,         BYLAYER,  BYCODE, ,0,Vertical,12/9/2025 6:42, , , , ,1.338,0.774,1.091, , , , 
 ,20251209081532 2025-12-09 8:26:40.568266900 AM,31.83557114,54.62844039,1385.779,USER,Fixed,Corrected,None,214, ,BYCODE(0), ,0.013,0.01,0.011,0.016,         BYLAYER,  BYCODE, ,0,Vertical,12/9/2025 8:26, , , , ,1.222,0.635,1.044, , , , 
 ,20251209081532 2025-12-09 8:27:37.904922700 AM,31.83651114,54.630257,1388.159,USER,Fixed,Corrected,None,242, ,BYCODE(0), ,0.013,0.011,0.012,0.016,         BYLAYER,  BYCODE, ,0,Vertical,12/9/2025 8:27, , , , ,1.221,0.634,1.044, , , , 
 ,20251209073132 2025-12-09 7:36:45.105022400 AM,31.8445075,54.62049819,1393.189,USER,Fixed,Corrected,None,53, ,BYCODE(0), ,0.012,0.011,0.013,0.016,         BYLAYER,  BYCODE, ,0,Vertical,12/9/2025 7:36, , , , ,1.491,0.71,1.31, , , , 
 ,20251209073132 2025-12-09 7:45:28.395033800 AM,31.8413043,54.62401153,1389.106,USER,Fixed,Corrected,None,296, ,BYCODE(0), ,0.012,0.011,0.011,0.016,         BYLAYER,  BYCODE, ,0,Vertical,12/9/2025 7:45, , , , ,1.276,0.649,1.099, , , , 
 ,20251209081532 2025-12-09 8:32:25.761714700 AM,31.83243767,54.62950069,1382.752,USER,Fixed,Corrected,None,376, ,BYCODE(0), ,0.014,0.011,0.012,0.017,         BYLAYER,  BYCODE, ,0,Vertical,12/9/2025 8:32, , , , ,1.196,0.628,1.018, , , , 
 ,20251209073132 2025-12-09 7:48:50.104251600 AM,31.83916997,54.62365913,1386.297,USER,Fixed,Corrected,None,385, ,BYCODE(0), ,0.013,0.011,0.011,0.017,         BYLAYER,  BYCODE, ,0,Vertical,12/9/2025 7:48, , , , ,1.282,0.656,1.102, , , , 
 ,20251209081532 2025-12-09 8:25:32.145811800 AM,31.83520366,54.62686627,1384.76,USER,Fixed,Corrected,None,182, ,BYCODE(0), ,0.013,0.01,0.011,0.016,         BYLAYER,  BYCODE, ,0,Vertical,12/9/2025 8:25, , , , ,1.222,0.636,1.044, , , , 
 ,20251209070015 2025-12-09 7:06:27.197650200 AM,31.85016436,54.61427062,1390.994,USER,Partial,Corrected,None,83, ,BYCODE(0), ,0.013,0.012,0.014,0.018,         BYLAYER,  BYCODE, ,0,Vertical,12/9/2025 7:06, , , , ,1.29,0.677,1.098, , , , 
 ,20251209070015 2025-12-09 7:11:54.547365000 AM,31.84824516,54.61648894,1390.817,USER,Partial,Corrected,None,236, ,BYCODE(0), ,0.013,0.012,0.013,0.018,         BYLAYER,  BYCODE, ,0,Vertical,12/9/2025 7:11, , , , ,1.289,0.674,1.099, , , , 
 ,20251209063040 2025-12-09 6:35:11.615284000 AM,31.85542608,54.60403466,1388.682,USER,Fixed,Corrected,None,54, ,BYCODE(0), ,0.016,0.013,0.014,0.021,         BYLAYER,  BYCODE, ,0,Vertical,12/9/2025 6:35, , , , ,1.314,0.778,1.059, , , , 
 ,20251209063040 2025-12-09 6:39:15.421373100 AM,31.85441972,54.60625703,1390.349,USER,Fixed,Corrected,None,170, ,BYCODE(0), ,0.015,0.013,0.014,0.02,         BYLAYER,  BYCODE, ,0,Vertical,12/9/2025 6:39, , , , ,1.334,0.781,1.081, , , , 
 ,20251209070015 2025-12-09 7:16:53.681148100 AM,31.84601838,54.61775105,1390.332,USER,Partial,Corrected,None,379, ,BYCODE(0), ,0.014,0.011,0.013,0.018,         BYLAYER,  BYCODE, ,0,Vertical,12/9/2025 7:16, , , , ,1.301,0.676,1.111, , , , 
 ,20251209063040 2025-12-09 6:49:28.472121000 AM,31.85101182,54.61067442,1395.407,USER,Fixed,Corrected,None,457, ,BYCODE(0), ,0.016,0.013,0.014,0.02,         BYLAYER,  BYCODE, ,0,Vertical,12/9/2025 6:49, , , , ,1.333,0.737,1.111, , , , 
 ,20251209081532 2025-12-09 8:19:24.451581500 AM,31.83907496,54.62703105,1388.555,USER,Fixed,Corrected,None,7, ,BYCODE(0), ,0.013,0.01,0.011,0.016,         BYLAYER,  BYCODE, ,0,Vertical,12/9/2025 8:19, , , , ,1.439,0.74,1.234, , , , 
 ,20251209073132 2025-12-09 7:47:14.439967600 AM,31.84042134,54.62406586,1388.05,USER,Fixed,Corrected,None,339, ,BYCODE(0), ,0.013,0.01,0.011,0.016,         BYLAYER,  BYCODE, ,0,Vertical,12/9/2025 7:47, , , , ,1.284,0.656,1.104, , , , 
 ,20251209073132 2025-12-09 7:39:15.046753400 AM,31.84271506,54.6205562,1390.161,USER,Fixed,Corrected,None,122, ,BYCODE(0), ,0.012,0.01,0.011,0.016,         BYLAYER,  BYCODE, ,0,Vertical,12/9/2025 7:39, , , , ,1.488,0.709,1.308, , , , 
 ,20251209073132 2025-12-09 7:50:18.312297600 AM,31.83841792,54.62387234,1385.013,USER,Fixed,Corrected,None,427, ,BYCODE(0), ,0.013,0.011,0.011,0.017,         BYLAYER,  BYCODE, ,0,Vertical,12/9/2025 7:50, , , , ,1.279,0.655,1.099, , , , 
 ,20251209063040 2025-12-09 6:42:59.265682000 AM,31.85207695,54.60677714,1387.464,USER,Partial,Corrected,None,275, ,BYCODE(0), ,0.016,0.013,0.014,0.021,         BYLAYER,  BYCODE, ,0,Vertical,12/9/2025 6:42, , , , ,1.338,0.774,1.091, , , , 
 ,20251209070015 2025-12-09 7:06:29.153368000 AM,31.85004431,54.61411984,1390.709,USER,Fixed,Corrected,None,84, ,BYCODE(0), ,0.013,0.012,0.014,0.018,         BYLAYER,  BYCODE, ,0,Vertical,12/9/2025 7:06, , , , ,1.29,0.677,1.098, , , , 
 ,20251209073132 2025-12-09 7:41:31.278221800 AM,31.84218374,54.62163225,1389.507,USER,Fixed,Corrected,None,186, ,BYCODE(0), ,0.012,0.01,0.011,0.016,         BYLAYER,  BYCODE, ,0,Vertical,12/9/2025 7:41, , , , ,1.277,0.652,1.098, , , , 
 ,20251209070015 2025-12-09 7:11:56.538046600 AM,31.84812323,54.61633541,1390.349,USER,Partial,Corrected,None,237, ,BYCODE(0), ,0.013,0.012,0.013,0.018,         BYLAYER,  BYCODE, ,0,Vertical,12/9/2025 7:11, , , , ,1.289,0.674,1.099, , , , 
 ,20251209063040 2025-12-09 6:46:23.314503200 AM,31.85308986,54.61094685,1392.258,USER,Partial,Corrected,None,370, ,BYCODE(0), ,0.016,0.013,0.014,0.02,         BYLAYER,  BYCODE, ,0,Vertical,12/9/2025 6:46, , , , ,1.322,0.737,1.098, , , , 
 ,20251209073132 2025-12-09 7:51:38.480188100 AM,31.83814397,54.62468635,1384.989,USER,Fixed,Corrected,None,465, ,BYCODE(0), ,0.014,0.01,0.011,0.017,         BYLAYER,  BYCODE, ,0,Vertical,12/9/2025 7:51, , , , ,1.498,0.752,1.295, , , , 
 ,20251209063040 2025-12-09 6:35:13.605966100 AM,31.85554811,54.60418926,1389.057,USER,Fixed,Corrected,None,55, ,BYCODE(0), ,0.016,0.013,0.014,0.021,         BYLAYER,  BYCODE, ,0,Vertical,12/9/2025 6:35, , , , ,1.314,0.778,1.059, , , , 
 ,20251209070015 2025-12-09 7:16:55.638983200 AM,31.84613818,54.61790145,1390.835,USER,Fixed,Corrected,None,380, ,BYCODE(0), ,0.014,0.011,0.013,0.018,         BYLAYER,  BYCODE, ,0,Vertical,12/9/2025 7:16, , , , ,1.301,0.676,1.111, , , , 
 ,20251209073132 2025-12-09 7:36:47.075124300 AM,31.84462953,54.62064967,1393.197,USER,Partial,Corrected,None,54, ,BYCODE(0), ,0.012,0.011,0.013,0.016,         BYLAYER,  BYCODE, ,0,Vertical,12/9/2025 7:36, , , , ,1.491,0.71,1.31, , , , 
 ,20251209063040 2025-12-09 6:39:17.416235900 AM,31.85454227,54.60641047,1390.565,USER,Fixed,Corrected,None,171, ,BYCODE(0), ,0.015,0.013,0.014,0.02,         BYLAYER,  BYCODE, ,0,Vertical,12/9/2025 6:39, , , , ,1.334,0.781,1.082, , , , 
 ,20251209073132 2025-12-09 7:43:35.860910900 AM,31.84221755,54.62341796,1391.594,USER,Fixed,Corrected,None,244, ,BYCODE(0), ,0.013,0.011,0.011,0.016,         BYLAYER,  BYCODE, ,0,Vertical,12/9/2025 7:43, , , , ,1.277,0.65,1.099, , , , 
 ,20251209081532 2025-12-09 8:30:42.195626300 AM,31.83429286,54.6303109,1386.17,USER,Fixed,Corrected,None,327, ,BYCODE(0), ,0.013,0.011,0.012,0.017,         BYLAYER,  BYCODE, ,0,Vertical,12/9/2025 8:30, , , , ,1.199,0.629,1.021, , , , 
 ,20251209070015 2025-12-09 7:06:31.142199000 AM,31.84992125,54.61396623,1390.408,USER,Fixed,Corrected,None,85, ,BYCODE(0), ,0.013,0.012,0.014,0.018,         BYLAYER,  BYCODE, ,0,Vertical,12/9/2025 7:06, , , , ,1.29,0.677,1.098, , , , 
 ,20251209081532 2025-12-09 8:24:53.164553400 AM,31.83745809,54.62944727,1389.466,USER,Fixed,Corrected,None,163, ,BYCODE(0), ,0.013,0.01,0.011,0.016,         BYLAYER,  BYCODE, ,0,Vertical,12/9/2025 8:24, , , , ,1.222,0.636,1.044, , , , 
 ,20251209063040 2025-12-09 6:49:30.475675300 AM,31.85088847,54.61051942,1395.735,USER,Fixed,Corrected,None,458, ,BYCODE(0), ,0.016,0.013,0.014,0.02,         BYLAYER,  BYCODE, ,0,Vertical,12/9/2025 6:49, , , , ,1.333,0.737,1.111, , , , 
 ,20251209070015 2025-12-09 7:11:58.530859200 AM,31.84800107,54.61618093,1389.925,USER,Fixed,Corrected,None,238, ,BYCODE(0), ,0.013,0.012,0.013,0.018,         BYLAYER,  BYCODE, ,0,Vertical,12/9/2025 7:11, , , , ,1.289,0.674,1.099, , , , 
 ,20251209081532 2025-12-09 8:20:32.623461700 AM,31.83903214,54.62755949,1389.15,USER,Fixed,Corrected,None,40, ,BYCODE(0), ,0.013,0.01,0.011,0.016,         BYLAYER,  BYCODE, ,0,Vertical,12/9/2025 8:20, , , , ,1.43,0.738,1.225, , , , 
 ,20251209081532 2025-12-09 8:22:31.357585400 AM,31.83692679,54.62666264,1386.223,USER,Fixed,Corrected,None,96, ,BYCODE(0), ,0.013,0.01,0.011,0.016,         BYLAYER,  BYCODE, ,0,Vertical,12/9/2025 8:22, , , , ,1.222,0.638,1.042, , , , 
 ,20251209073132 2025-12-09 7:45:30.402679700 AM,31.84118129,54.62385617,1388.617,USER,Fixed,Corrected,None,297, ,BYCODE(0), ,0.012,0.011,0.011,0.016,         BYLAYER,  BYCODE, ,0,Vertical,12/9/2025 7:45, , , , ,1.276,0.649,1.098, , , , 
 ,20251209063040 2025-12-09 6:35:15.592609600 AM,31.85566959,54.60434268,1389.458,USER,Fixed,Corrected,None,56, ,BYCODE(0), ,0.015,0.013,0.014,0.02,         BYLAYER,  BYCODE, ,0,Vertical,12/9/2025 6:35, , , , ,1.314,0.778,1.059, , , , 
 ,20251209070015 2025-12-09 7:16:57.661508800 AM,31.84626056,54.6180569,1390.83,USER,Fixed,Corrected,None,381, ,BYCODE(0), ,0.014,0.011,0.013,0.018,         BYLAYER,  BYCODE, ,0,Vertical,12/9/2025 7:16, , , , ,1.301,0.676,1.111, , , , 
 ,20251209081532 2025-12-09 8:28:47.323101300 AM,31.83527971,54.62980914,1386.898,USER,Fixed,Corrected,None,274, ,BYCODE(0), ,0.013,0.01,0.012,0.017,         BYLAYER,  BYCODE, ,0,Vertical,12/9/2025 8:28, , , , ,1.202,0.631,1.023, , , , 
 ,20251209073132 2025-12-09 7:39:17.035484600 AM,31.84283754,54.62070998,1390.505,USER,Fixed,Corrected,None,123, ,BYCODE(0), ,0.012,0.01,0.011,0.016,         BYLAYER,  BYCODE, ,0,Vertical,12/9/2025 7:39, , , , ,1.488,0.709,1.308, , , , 
 ,20251209070015 2025-12-09 7:06:33.133294100 AM,31.84979867,54.61381255,1390.045,USER,Fixed,Corrected,None,86, ,BYCODE(0), ,0.013,0.012,0.014,0.018,         BYLAYER,  BYCODE, ,0,Vertical,12/9/2025 7:06, , , , ,1.29,0.677,1.098, , , , 
 ,20251209081532 2025-12-09 8:26:08.547970300 AM,31.83681376,54.62942125,1388.484,USER,Fixed,Corrected,None,199, ,BYCODE(0), ,0.013,0.01,0.011,0.017,         BYLAYER,  BYCODE, ,0,Vertical,12/9/2025 8:26, , , , ,1.222,0.635,1.044, , , , 
 ,20251209063040 2025-12-09 6:39:19.404887000 AM,31.85466441,54.60656482,1390.81,USER,Fixed,Corrected,None,172, ,BYCODE(0), ,0.015,0.013,0.014,0.02,         BYLAYER,  BYCODE, ,0,Vertical,12/9/2025 6:39, , , , ,1.334,0.781,1.082, , , , 
 ,20251209063040 2025-12-09 6:43:02.124435200 AM,31.85219793,54.606943,1387.346,USER,Fixed,Corrected,None,276, ,BYCODE(0), ,0.017,0.013,0.014,0.021,         BYLAYER,  BYCODE, ,0,Vertical,12/9/2025 6:43, , , , ,1.338,0.774,1.092, , , , 
 ,20251209070015 2025-12-09 7:12:00.521827900 AM,31.84787858,54.61602672,1389.599,USER,Partial,Corrected,None,239, ,BYCODE(0), ,0.013,0.012,0.013,0.018,         BYLAYER,  BYCODE, ,0,Vertical,12/9/2025 7:12, , , , ,1.289,0.674,1.099, , , , 
 ,20251209073132 2025-12-09 7:48:52.095261600 AM,31.83904731,54.62350535,1386.126,USER,Fixed,Corrected,None,386, ,BYCODE(0), ,0.013,0.011,0.011,0.017,         BYLAYER,  BYCODE, ,0,Vertical,12/9/2025 7:48, , , , ,1.282,0.656,1.102, , , , 
 ,20251209073132 2025-12-09 7:36:49.099066700 AM,31.84475346,54.62080753,1393.528,USER,Partial,Corrected,None,55, ,BYCODE(0), ,0.012,0.011,0.013,0.016,         BYLAYER,  BYCODE, ,0,Vertical,12/9/2025 7:36, , , , ,1.491,0.71,1.31, , , , 
 ,20251209073132 2025-12-09 7:41:33.281380700 AM,31.8420602,54.62147732,1389.155,USER,Fixed,Corrected,None,187, ,BYCODE(0), ,0.012,0.01,0.011,0.016,         BYLAYER,  BYCODE, ,0,Vertical,12/9/2025 7:41, , , , ,1.277,0.652,1.098, , , , 
 ,20251209081532 2025-12-09 8:21:35.220358100 AM,31.83715853,54.62637882,1385.567,USER,Fixed,Corrected,None,69, ,BYCODE(0), ,0.013,0.01,0.011,0.016,         BYLAYER,  BYCODE, ,0,Vertical,12/9/2025 8:21, , , , ,1.373,0.719,1.17, , , , 
 ,20251209063040 2025-12-09 6:46:26.427831600 AM,31.85295249,54.61079529,1391.725,USER,Fixed,Corrected,None,371, ,BYCODE(0), ,0.016,0.013,0.014,0.02,         BYLAYER,  BYCODE, ,0,Vertical,12/9/2025 6:46, , , , ,1.322,0.737,1.098, , , , 
 ,20251209070015 2025-12-09 7:16:59.619362800 AM,31.8463806,54.61820823,1390.775,USER,Fixed,Corrected,None,382, ,BYCODE(0), ,0.014,0.011,0.013,0.018,         BYLAYER,  BYCODE, ,0,Vertical,12/9/2025 7:16:60 AM, , , , ,1.301,0.676,1.112, , , , 
 ,20251209070015 2025-12-09 7:06:35.128440100 AM,31.84967634,54.6136589,1389.506,USER,Partial,Corrected,None,87, ,BYCODE(0), ,0.013,0.012,0.014,0.018,         BYLAYER,  BYCODE, ,0,Vertical,12/9/2025 7:06, , , , ,1.29,0.677,1.099, , , , 
 ,20251209063040 2025-12-09 6:35:17.581258100 AM,31.85579149,54.60449589,1389.67,USER,Fixed,Corrected,None,57, ,BYCODE(0), ,0.015,0.013,0.014,0.02,         BYLAYER,  BYCODE, ,0,Vertical,12/9/2025 6:35, , , , ,1.314,0.778,1.059, , , , 
 ,20251209063040 2025-12-09 6:49:32.466747000 AM,31.85076624,54.61036572,1396.057,USER,Fixed,Corrected,None,459, ,BYCODE(0), ,0.016,0.013,0.014,0.02,         BYLAYER,  BYCODE, ,0,Vertical,12/9/2025 6:49, , , , ,1.333,0.736,1.111, , , , 
 ,20251209073132 2025-12-09 7:47:16.426620000 AM,31.84029905,54.62391332,1387.539,USER,Fixed,Corrected,None,340, ,BYCODE(0), ,0.013,0.01,0.011,0.016,         BYLAYER,  BYCODE, ,0,Vertical,12/9/2025 7:47, , , , ,1.284,0.656,1.104, , , , 
 ,20251209073132 2025-12-09 7:43:37.851777100 AM,31.84234051,54.6235704,1391.846,USER,Fixed,Corrected,None,245, ,BYCODE(0), ,0.013,0.011,0.011,0.016,         BYLAYER,  BYCODE, ,0,Vertical,12/9/2025 7:43, , , , ,1.277,0.65,1.099, , , , 
 ,20251209070015 2025-12-09 7:12:02.508635800 AM,31.84775652,54.61587342,1389.248,USER,Fixed,Corrected,None,240, ,BYCODE(0), ,0.013,0.012,0.013,0.018,         BYLAYER,  BYCODE, ,0,Vertical,12/9/2025 7:12, , , , ,1.289,0.674,1.099, , , , 
 ,20251209063040 2025-12-09 6:39:21.393594700 AM,31.85478718,54.60671869,1391.176,USER,Fixed,Corrected,None,173, ,BYCODE(0), ,0.015,0.013,0.014,0.02,         BYLAYER,  BYCODE, ,0,Vertical,12/9/2025 6:39, , , , ,1.334,0.781,1.082, , , , 
 ,20251209073132 2025-12-09 7:50:19.876040700 AM,31.83835945,54.62384259,1384.987,USER,Fixed,Corrected,None,428, ,BYCODE(0), ,0.013,0.011,0.011,0.017,         BYLAYER,  BYCODE, ,0,Vertical,12/9/2025 7:50, , , , ,1.279,0.655,1.099, , , , 
 ,20251209081532 2025-12-09 8:31:00.159474800 AM,31.83319167,54.62893112,1383.391,USER,Fixed,Corrected,None,336, ,BYCODE(0), ,0.013,0.011,0.012,0.017,         BYLAYER,  BYCODE, ,0,Vertical,12/9/2025 8:31, , , , ,1.199,0.629,1.021, , , , 
 ,20251209063040 2025-12-09 6:43:04.082197900 AM,31.85231902,54.60709913,1387.213,USER,Fixed,Corrected,None,277, ,BYCODE(0), ,0.016,0.013,0.014,0.021,         BYLAYER,  BYCODE, ,0,Vertical,12/9/2025 6:43, , , , ,1.338,0.774,1.092, , , , 
 ,20251209081532 2025-12-09 8:24:10.724162100 AM,31.83557238,54.6264912,1384.831,USER,Fixed,Corrected,None,143, ,BYCODE(0), ,0.013,0.01,0.011,0.017,         BYLAYER,  BYCODE, ,0,Vertical,12/9/2025 8:24, , , , ,1.222,0.637,1.043, , , , 
 ,20251209070015 2025-12-09 7:06:37.121669100 AM,31.84955433,54.61350516,1388.94,USER,Fixed,Corrected,None,88, ,BYCODE(0), ,0.013,0.012,0.014,0.018,         BYLAYER,  BYCODE, ,0,Vertical,12/9/2025 7:06, , , , ,1.29,0.677,1.099, , , , 
 ,20251209081532 2025-12-09 8:23:23.769398900 AM,31.83810464,54.62871646,1388.703,USER,Fixed,Corrected,None,121, ,BYCODE(0), ,0.013,0.01,0.011,0.016,         BYLAYER,  BYCODE, ,0,Vertical,12/9/2025 8:23, , , , ,1.222,0.638,1.043, , , , 
 ,20251209070015 2025-12-09 7:17:01.641528400 AM,31.84650508,54.61836401,1390.994,USER,Fixed,Corrected,None,383, ,BYCODE(0), ,0.014,0.011,0.013,0.018,         BYLAYER,  BYCODE, ,0,Vertical,12/9/2025 7:17, , , , ,1.301,0.676,1.112, , , , 
 ,20251209073132 2025-12-09 7:39:19.030379500 AM,31.84295989,54.62086522,1390.968,USER,Fixed,Corrected,None,124, ,BYCODE(0), ,0.012,0.01,0.011,0.016,         BYLAYER,  BYCODE, ,0,Vertical,12/9/2025 7:39, , , , ,1.488,0.708,1.308, , , , 
 ,20251209063040 2025-12-09 6:35:19.586663000 AM,31.85591493,54.60465015,1389.966,USER,Fixed,Corrected,None,58, ,BYCODE(0), ,0.015,0.013,0.014,0.02,         BYLAYER,  BYCODE, ,0,Vertical,12/9/2025 6:35, , , , ,1.315,0.778,1.06, , , , 
 ,20251209073132 2025-12-09 7:45:32.391919900 AM,31.8410595,54.62370248,1388.309,USER,Fixed,Corrected,None,298, ,BYCODE(0), ,0.012,0.011,0.011,0.016,         BYLAYER,  BYCODE, ,0,Vertical,12/9/2025 7:45, , , , ,1.276,0.649,1.098, , , , 
 ,20251209070015 2025-12-09 7:12:04.501767400 AM,31.84763384,54.61571918,1388.854,USER,Fixed,Corrected,None,241, ,BYCODE(0), ,0.013,0.012,0.013,0.018,         BYLAYER,  BYCODE, ,0,Vertical,12/9/2025 7:12, , , , ,1.289,0.674,1.099, , , , 
 ,20251209073132 2025-12-09 7:36:51.054781900 AM,31.84487402,54.62095687,1394.037,USER,Partial,Corrected,None,56, ,BYCODE(0), ,0.012,0.011,0.013,0.016,         BYLAYER,  BYCODE, ,0,Vertical,12/9/2025 7:36, , , , ,1.491,0.71,1.31, , , , 
 ,20251209063040 2025-12-09 6:46:28.418779900 AM,31.85282762,54.6106412,1391.513,USER,Partial,Corrected,None,372, ,BYCODE(0), ,0.016,0.013,0.014,0.02,         BYLAYER,  BYCODE, ,0,Vertical,12/9/2025 6:46, , , , ,1.322,0.737,1.098, , , , 
 ,20251209073132 2025-12-09 7:51:40.471357100 AM,31.83802105,54.62453234,1384.942,USER,Fixed,Corrected,None,466, ,BYCODE(0), ,0.014,0.01,0.011,0.017,         BYLAYER,  BYCODE, ,0,Vertical,12/9/2025 7:51, , , , ,1.498,0.752,1.295, , , , 
 ,20251209063040 2025-12-09 6:39:23.380049700 AM,31.85490952,54.60687149,1391.76,USER,Fixed,Corrected,None,174, ,BYCODE(0), ,0.015,0.013,0.014,0.02,         BYLAYER,  BYCODE, ,0,Vertical,12/9/2025 6:39, , , , ,1.334,0.781,1.082, , , , 
 ,20251209070015 2025-12-09 7:06:39.113248100 AM,31.84943203,54.61335098,1388.485,USER,Fixed,Corrected,None,89, ,BYCODE(0), ,0.013,0.012,0.014,0.018,         BYLAYER,  BYCODE, ,0,Vertical,12/9/2025 7:06, , , , ,1.29,0.677,1.099, , , , 
 ,20251209063040 2025-12-09 6:49:34.455555000 AM,31.85064335,54.61021273,1396.402,USER,Partial,Corrected,None,460, ,BYCODE(0), ,0.016,0.013,0.014,0.02,         BYLAYER,  BYCODE, ,0,Vertical,12/9/2025 6:49, , , , ,1.333,0.736,1.112, , , , 
 ,20251209081532 2025-12-09 8:19:26.475801900 AM,31.83894953,54.62687675,1388.413,USER,Fixed,Corrected,None,8, ,BYCODE(0), ,0.013,0.01,0.011,0.016,         BYLAYER,  BYCODE, ,0,Vertical,12/9/2025 8:19, , , , ,1.439,0.74,1.234, , , , 
 ,20251209070015 2025-12-09 7:17:03.599278200 AM,31.84662607,54.61851549,1391.449,USER,Fixed,Corrected,None,384, ,BYCODE(0), ,0.014,0.011,0.013,0.018,         BYLAYER,  BYCODE, ,0,Vertical,12/9/2025 7:17, , , , ,1.301,0.676,1.112, , , , 
 ,20251209073132 2025-12-09 7:41:35.268183700 AM,31.84193841,54.62132357,1388.937,USER,Fixed,Corrected,None,188, ,BYCODE(0), ,0.012,0.01,0.011,0.016,         BYLAYER,  BYCODE, ,0,Vertical,12/9/2025 7:41, , , , ,1.277,0.652,1.098, , , , 
 ,20251209063040 2025-12-09 6:43:06.110588800 AM,31.85244319,54.60725667,1387.675,USER,Fixed,Corrected,None,278, ,BYCODE(0), ,0.016,0.013,0.014,0.021,         BYLAYER,  BYCODE, ,0,Vertical,12/9/2025 6:43, , , , ,1.339,0.774,1.092, , , , 
 ,20251209081532 2025-12-09 8:31:42.683607100 AM,31.83486784,54.63165737,1388.118,USER,Fixed,Corrected,None,356, ,BYCODE(0), ,0.013,0.011,0.012,0.017,         BYLAYER,  BYCODE, ,0,Vertical,12/9/2025 8:31, , , , ,1.198,0.628,1.02, , , , 
 ,20251209070015 2025-12-09 7:12:06.496787100 AM,31.8475112,54.61556506,1388.585,USER,Partial,Corrected,None,242, ,BYCODE(0), ,0.013,0.012,0.013,0.018,         BYLAYER,  BYCODE, ,0,Vertical,12/9/2025 7:12, , , , ,1.289,0.674,1.099, , , , 
 ,20251209063040 2025-12-09 6:35:21.544682300 AM,31.85603497,54.60480126,1390.291,USER,Fixed,Corrected,None,59, ,BYCODE(0), ,0.015,0.013,0.014,0.02,         BYLAYER,  BYCODE, ,0,Vertical,12/9/2025 6:35, , , , ,1.315,0.778,1.06, , , , 
 ,20251209081532 2025-12-09 8:28:03.930862200 AM,31.835026,54.62890807,1385.068,USER,Fixed,Corrected,None,254, ,BYCODE(0), ,0.013,0.01,0.012,0.017,         BYLAYER,  BYCODE, ,0,Vertical,12/9/2025 8:28, , , , ,1.203,0.631,1.024, , , , 
 ,20251209081532 2025-12-09 8:29:24.460915800 AM,31.83460081,54.62953577,1385.517,USER,Fixed,Corrected,None,291, ,BYCODE(0), ,0.013,0.01,0.012,0.017,         BYLAYER,  BYCODE, ,0,Vertical,12/9/2025 8:29, , , , ,1.201,0.63,1.023, , , , 
 ,20251209070015 2025-12-09 7:06:41.108679100 AM,31.84930955,54.6131964,1388.074,USER,Partial,Corrected,None,90, ,BYCODE(0), ,0.013,0.012,0.014,0.018,         BYLAYER,  BYCODE, ,0,Vertical,12/9/2025 7:06, , , , ,1.29,0.677,1.099, , , , 
 ,20251209063040 2025-12-09 6:49:35.410441900 AM,31.85058465,54.6101392,1396.06,USER,Partial,Corrected,None,461, ,BYCODE(0), ,0.016,0.013,0.014,0.02,         BYLAYER,  BYCODE, ,0,Vertical,12/9/2025 6:49, , , , ,1.333,0.736,1.112, , , , 
 ,20251209073132 2025-12-09 7:43:39.840363500 AM,31.84246333,54.62372414,1392.02,USER,Fixed,Corrected,None,246, ,BYCODE(0), ,0.013,0.011,0.011,0.016,         BYLAYER,  BYCODE, ,0,Vertical,12/9/2025 7:43, , , , ,1.277,0.65,1.099, , , , 
 ,20251209081532 2025-12-09 8:20:34.779174100 AM,31.83915072,54.6277103,1389.309,USER,Fixed,Corrected,None,41, ,BYCODE(0), ,0.013,0.01,0.011,0.016,         BYLAYER,  BYCODE, ,0,Vertical,12/9/2025 8:20, , , , ,1.43,0.737,1.225, , , , 
 ,20251209063040 2025-12-09 6:39:25.362824900 AM,31.85503148,54.6070244,1392.178,USER,Fixed,Corrected,None,175, ,BYCODE(0), ,0.015,0.013,0.014,0.02,         BYLAYER,  BYCODE, ,0,Vertical,12/9/2025 6:39, , , , ,1.335,0.781,1.082, , , , 
 ,20251209063040 2025-12-09 6:46:30.410005800 AM,31.85270536,54.61048781,1391.489,USER,Fixed,Corrected,None,373, ,BYCODE(0), ,0.016,0.013,0.014,0.02,         BYLAYER,  BYCODE, ,0,Vertical,12/9/2025 6:46, , , , ,1.323,0.737,1.098, , , , 
 ,20251209070015 2025-12-09 7:17:05.627982600 AM,31.84675104,54.61867013,1391.638,USER,Fixed,Corrected,None,385, ,BYCODE(0), ,0.014,0.011,0.013,0.018,         BYLAYER,  BYCODE, ,0,Vertical,12/9/2025 7:17, , , , ,1.301,0.676,1.112, , , , 
 ,20251209073132 2025-12-09 7:47:18.423597100 AM,31.84017595,54.62375986,1387.194,USER,Fixed,Corrected,None,341, ,BYCODE(0), ,0.013,0.01,0.011,0.016,         BYLAYER,  BYCODE, ,0,Vertical,12/9/2025 7:47, , , , ,1.284,0.656,1.104, , , , 
 ,20251209070015 2025-12-09 7:12:08.473488100 AM,31.8473899,54.61541276,1388.483,USER,Fixed,Corrected,None,243, ,BYCODE(0), ,0.013,0.012,0.013,0.018,         BYLAYER,  BYCODE, ,0,Vertical,12/9/2025 7:12, , , , ,1.289,0.674,1.099, , , , 
 ,20251209073132 2025-12-09 7:39:21.025206300 AM,31.84308282,54.62101967,1391.652,USER,Fixed,Corrected,None,125, ,BYCODE(0), ,0.012,0.01,0.011,0.016,         BYLAYER,  BYCODE, ,0,Vertical,12/9/2025 7:39, , , , ,1.488,0.708,1.308, , , , 
 ,20251209073132 2025-12-09 7:36:53.080667300 AM,31.84499865,54.62111227,1394.204,USER,Partial,Corrected,None,57, ,BYCODE(0), ,0.012,0.011,0.013,0.016,         BYLAYER,  BYCODE, ,0,Vertical,12/9/2025 7:36, , , , ,1.491,0.71,1.31, , , , 
 ,20251209070015 2025-12-09 7:06:43.101644000 AM,31.84918729,54.61304239,1387.815,USER,Partial,Corrected,None,91, ,BYCODE(0), ,0.013,0.012,0.014,0.018,         BYLAYER,  BYCODE, ,0,Vertical,12/9/2025 7:06, , , , ,1.29,0.677,1.099, , , , 
 ,20251209063040 2025-12-09 6:35:23.543826300 AM,31.85615778,54.60495592,1390.539,USER,Fixed,Corrected,None,60, ,BYCODE(0), ,0.015,0.013,0.014,0.02,         BYLAYER,  BYCODE, ,0,Vertical,12/9/2025 6:35, , , , ,1.315,0.778,1.06, , , , 
 ,20251209063040 2025-12-09 6:43:08.066542400 AM,31.8525631,54.6074065,1387.983,USER,Fixed,Corrected,None,279, ,BYCODE(0), ,0.016,0.013,0.014,0.021,         BYLAYER,  BYCODE, ,0,Vertical,12/9/2025 6:43, , , , ,1.339,0.774,1.092, , , , 
 ,20251209073132 2025-12-09 7:48:54.397083800 AM,31.83892861,54.62336046,1386.119,USER,Fixed,Corrected,None,387, ,BYCODE(0), ,0.013,0.011,0.011,0.017,         BYLAYER,  BYCODE, ,0,Vertical,12/9/2025 7:48, , , , ,1.282,0.656,1.101, , , , 
 ,20251209081532 2025-12-09 8:30:32.242927600 AM,31.83490456,54.63107889,1386.347,USER,Fixed,Corrected,None,322, ,BYCODE(0), ,0.013,0.011,0.012,0.017,         BYLAYER,  BYCODE, ,0,Vertical,12/9/2025 8:30, , , , ,1.2,0.629,1.021, , , , 
 ,20251209081532 2025-12-09 8:29:55.515864400 AM,31.83390155,54.62923502,1384.59,USER,Fixed,Corrected,None,305, ,BYCODE(0), ,0.013,0.011,0.012,0.017,         BYLAYER,  BYCODE, ,0,Vertical,12/9/2025 8:29, , , , ,1.201,0.63,1.022, , , , 
 ,20251209073132 2025-12-09 7:45:34.382549300 AM,31.84093715,54.62354842,1387.933,USER,Fixed,Corrected,None,299, ,BYCODE(0), ,0.012,0.011,0.011,0.016,         BYLAYER,  BYCODE, ,0,Vertical,12/9/2025 7:45, , , , ,1.276,0.649,1.098, , , , 
 ,20251209070015 2025-12-09 7:17:07.583793900 AM,31.84687171,54.61882123,1391.975,USER,Partial,Corrected,None,386, ,BYCODE(0), ,0.014,0.011,0.013,0.018,         BYLAYER,  BYCODE, ,0,Vertical,12/9/2025 7:17, , , , ,1.302,0.676,1.112, , , , 
 ,20251209063040 2025-12-09 6:49:37.378773200 AM,31.85046549,54.60998786,1393.468,USER,Fixed,Corrected,None,462, ,BYCODE(0), ,0.016,0.013,0.014,0.02,         BYLAYER,  BYCODE, ,0,Vertical,12/9/2025 6:49, , , , ,1.334,0.736,1.112, , , , 
 ,20251209070015 2025-12-09 7:12:10.460830000 AM,31.84726776,54.61525958,1388.266,USER,Fixed,Corrected,None,244, ,BYCODE(0), ,0.013,0.012,0.013,0.018,         BYLAYER,  BYCODE, ,0,Vertical,12/9/2025 7:12, , , , ,1.289,0.674,1.099, , , , 
 ,20251209063040 2025-12-09 6:39:27.384943000 AM,31.85515563,54.60718081,1392.439,USER,Fixed,Corrected,None,176, ,BYCODE(0), ,0.015,0.013,0.014,0.02,         BYLAYER,  BYCODE, ,0,Vertical,12/9/2025 6:39, , , , ,1.322,0.773,1.073, , , , 
 ,20251209070015 2025-12-09 7:06:45.094556100 AM,31.84906461,54.61288841,1387.484,USER,Partial,Corrected,None,92, ,BYCODE(0), ,0.013,0.012,0.014,0.018,         BYLAYER,  BYCODE, ,0,Vertical,12/9/2025 7:06, , , , ,1.29,0.677,1.099, , , , 
 ,20251209073132 2025-12-09 7:41:37.236188400 AM,31.84181764,54.621172,1388.621,USER,Fixed,Corrected,None,189, ,BYCODE(0), ,0.012,0.01,0.011,0.016,         BYLAYER,  BYCODE, ,0,Vertical,12/9/2025 7:41, , , , ,1.277,0.652,1.098, , , , 
 ,20251209081532 2025-12-09 8:22:33.377526300 AM,31.83680236,54.626507,1385.991,USER,Fixed,Corrected,None,97, ,BYCODE(0), ,0.013,0.01,0.011,0.016,         BYLAYER,  BYCODE, ,0,Vertical,12/9/2025 8:22, , , , ,1.222,0.638,1.042, , , , 
 ,20251209063040 2025-12-09 6:46:32.432276500 AM,31.85258118,54.61033141,1391.279,USER,Fixed,Corrected,None,374, ,BYCODE(0), ,0.016,0.013,0.014,0.02,         BYLAYER,  BYCODE, ,0,Vertical,12/9/2025 6:46, , , , ,1.323,0.737,1.099, , , , 
 ,20251209063040 2025-12-09 6:35:25.538722500 AM,31.8562802,54.60511019,1390.933,USER,Fixed,Corrected,None,61, ,BYCODE(0), ,0.015,0.013,0.014,0.02,         BYLAYER,  BYCODE, ,0,Vertical,12/9/2025 6:35, , , , ,1.315,0.778,1.06, , , , 
 ,20251209081532 2025-12-09 8:26:42.559660900 AM,31.83544791,54.62828658,1385.753,USER,Fixed,Corrected,None,215, ,BYCODE(0), ,0.013,0.01,0.011,0.016,         BYLAYER,  BYCODE, ,0,Vertical,12/9/2025 8:26, , , , ,1.222,0.635,1.044, , , , 
 ,20251209081532 2025-12-09 8:21:37.211286300 AM,31.83728171,54.62653197,1385.955,USER,Fixed,Corrected,None,70, ,BYCODE(0), ,0.013,0.01,0.011,0.016,         BYLAYER,  BYCODE, ,0,Vertical,12/9/2025 8:21, , , , ,1.373,0.719,1.17, , , , 
 ,20251209063040 2025-12-09 6:43:10.074056600 AM,31.85268675,54.60756116,1388.205,USER,Partial,Corrected,None,280, ,BYCODE(0), ,0.016,0.013,0.014,0.021,         BYLAYER,  BYCODE, ,0,Vertical,12/9/2025 6:43, , , , ,1.339,0.774,1.092, , , , 
 ,20251209073132 2025-12-09 7:51:42.599481100 AM,31.83790177,54.62438363,1384.749,USER,Fixed,Corrected,None,467, ,BYCODE(0), ,0.014,0.01,0.011,0.017,         BYLAYER,  BYCODE, ,0,Vertical,12/9/2025 7:51, , , , ,1.498,0.752,1.295, , , , 
 ,20251209070015 2025-12-09 7:17:09.575074000 AM,31.84699495,54.61897571,1392.54,USER,Partial,Corrected,None,387, ,BYCODE(0), ,0.014,0.011,0.013,0.018,         BYLAYER,  BYCODE, ,0,Vertical,12/9/2025 7:17, , , , ,1.302,0.676,1.112, , , , 
 ,20251209070015 2025-12-09 7:12:12.451961800 AM,31.84714531,54.61510544,1388.027,USER,Fixed,Corrected,None,245, ,BYCODE(0), ,0.013,0.012,0.013,0.018,         BYLAYER,  BYCODE, ,0,Vertical,12/9/2025 7:12, , , , ,1.289,0.674,1.099, , , , 
 ,20251209070015 2025-12-09 7:06:47.083671100 AM,31.84894204,54.61273484,1387.228,USER,Fixed,Corrected,None,93, ,BYCODE(0), ,0.013,0.012,0.014,0.018,         BYLAYER,  BYCODE, ,0,Vertical,12/9/2025 7:06, , , , ,1.29,0.677,1.099, , , , 
 ,20251209073132 2025-12-09 7:39:22.983033400 AM,31.84320417,54.62117157,1392.321,USER,Fixed,Corrected,None,126, ,BYCODE(0), ,0.012,0.01,0.011,0.016,         BYLAYER,  BYCODE, ,0,Vertical,12/9/2025 7:39, , , , ,1.488,0.708,1.308, , , , 
 ,20251209073132 2025-12-09 7:36:55.040766200 AM,31.84511878,54.62126472,1394.471,USER,Partial,Corrected,None,58, ,BYCODE(0), ,0.012,0.011,0.013,0.016,         BYLAYER,  BYCODE, ,0,Vertical,12/9/2025 7:36, , , , ,1.491,0.71,1.31, , , , 
 ,20251209073132 2025-12-09 7:43:41.833080500 AM,31.8425852,54.623876,1391.849,USER,Fixed,Corrected,None,247, ,BYCODE(0), ,0.013,0.011,0.011,0.016,         BYLAYER,  BYCODE, ,0,Vertical,12/9/2025 7:43, , , , ,1.277,0.65,1.099, , , , 
 ,20251209073132 2025-12-09 7:50:22.914502400 AM,31.83820709,54.62396917,1384.254,USER,Fixed,Corrected,None,429, ,BYCODE(0), ,0.013,0.011,0.012,0.017,         BYLAYER,  BYCODE, ,0,Vertical,12/9/2025 7:50, , , , ,1.279,0.655,1.099, , , , 
 ,20251209063040 2025-12-09 6:39:29.511049500 AM,31.8552752,54.60733417,1392.782,USER,Fixed,Corrected,None,177, ,BYCODE(0), ,0.015,0.013,0.014,0.02,         BYLAYER,  BYCODE, ,0,Vertical,12/9/2025 6:39, , , , ,1.322,0.773,1.073, , , , 
 ,20251209073132 2025-12-09 7:48:55.668830200 AM,31.83888145,54.62334089,1386.046,USER,Fixed,Corrected,None,388, ,BYCODE(0), ,0.013,0.011,0.011,0.017,         BYLAYER,  BYCODE, ,0,Vertical,12/9/2025 7:48, , , , ,1.282,0.656,1.101, , , , 
 ,20251209063040 2025-12-09 6:35:27.531729700 AM,31.8564023,54.60526449,1391.204,USER,Fixed,Corrected,None,62, ,BYCODE(0), ,0.015,0.013,0.014,0.02,         BYLAYER,  BYCODE, ,0,Vertical,12/9/2025 6:35, , , , ,1.315,0.778,1.06, , , , 
 ,20251209063040 2025-12-09 6:49:39.334863700 AM,31.85034676,54.60983779,1390.459,USER,Fixed,Corrected,None,463, ,BYCODE(0), ,0.016,0.013,0.014,0.02,         BYLAYER,  BYCODE, ,0,Vertical,12/9/2025 6:49, , , , ,1.334,0.736,1.112, , , , 
 ,20251209063040 2025-12-09 6:46:34.394508400 AM,31.85246071,54.61018051,1390.906,USER,Partial,Corrected,None,375, ,BYCODE(0), ,0.016,0.013,0.014,0.02,         BYLAYER,  BYCODE, ,0,Vertical,12/9/2025 6:46, , , , ,1.323,0.737,1.099, , , , 
 ,20251209073132 2025-12-09 7:47:20.394002900 AM,31.84005479,54.62360809,1386.934,USER,Fixed,Corrected,None,342, ,BYCODE(0), ,0.013,0.01,0.011,0.016,         BYLAYER,  BYCODE, ,0,Vertical,12/9/2025 7:47, , , , ,1.284,0.656,1.104, , , , 
 ,20251209070015 2025-12-09 7:06:49.051944500 AM,31.8488206,54.61258268,1386.875,USER,Partial,Corrected,None,94, ,BYCODE(0), ,0.013,0.012,0.014,0.018,         BYLAYER,  BYCODE, ,0,Vertical,12/9/2025 7:06, , , , ,1.29,0.677,1.099, , , , 
 ,20251209070015 2025-12-09 7:12:14.449102400 AM,31.84702234,54.61495113,1387.807,USER,Partial,Corrected,None,246, ,BYCODE(0), ,0.013,0.012,0.013,0.018,         BYLAYER,  BYCODE, ,0,Vertical,12/9/2025 7:12, , , , ,1.289,0.674,1.099, , , , 
 ,20251209081532 2025-12-09 8:27:12.455651500 AM,31.835069,54.62838453,1385.555,USER,Partial,Corrected,None,229, ,BYCODE(0), ,0.013,0.01,0.011,0.016,         BYLAYER,  BYCODE, ,0,Vertical,12/9/2025 8:27, , , , ,1.221,0.634,1.044, , , , 
 ,20251209063040 2025-12-09 6:43:12.065044400 AM,31.85280864,54.60771447,1388.653,USER,Fixed,Corrected,None,281, ,BYCODE(0), ,0.016,0.013,0.014,0.021,         BYLAYER,  BYCODE, ,0,Vertical,12/9/2025 6:43, , , , ,1.339,0.774,1.092, , , , 
 ,20251209081532 2025-12-09 8:19:28.435816000 AM,31.83882787,54.62672692,1388.267,USER,Fixed,Corrected,None,9, ,BYCODE(0), ,0.013,0.01,0.011,0.016,         BYLAYER,  BYCODE, ,0,Vertical,12/9/2025 8:19, , , , ,1.439,0.74,1.234, , , , 
 ,20251209073132 2025-12-09 7:41:39.258127000 AM,31.84169334,54.62101605,1388.379,USER,Fixed,Corrected,None,190, ,BYCODE(0), ,0.012,0.01,0.011,0.016,         BYLAYER,  BYCODE, ,0,Vertical,12/9/2025 7:41, , , , ,1.277,0.652,1.098, , , , 
 ,20251209070015 2025-12-09 7:17:12.367040900 AM,31.84709546,54.61913794,1393.23,USER,Partial,Corrected,None,388, ,BYCODE(0), ,0.014,0.011,0.013,0.018,         BYLAYER,  BYCODE, ,0,Vertical,12/9/2025 7:17, , , , ,1.302,0.676,1.112, , , , 
 ,20251209081532 2025-12-09 8:32:37.245576600 AM,31.83285255,54.63023597,1384.076,USER,Fixed,Corrected,None,381, ,BYCODE(0), ,0.014,0.011,0.012,0.017,         BYLAYER,  BYCODE, ,0,Vertical,12/9/2025 8:32, , , , ,1.196,0.628,1.018, , , , 
 ,20251209081532 2025-12-09 8:32:39.271659600 AM,31.83297686,54.63039315,1384.627,USER,Fixed,Corrected,None,382, ,BYCODE(0), ,0.014,0.011,0.012,0.017,         BYLAYER,  BYCODE, ,0,Vertical,12/9/2025 8:32, , , , ,1.196,0.628,1.018, , , , 
 ,20251209081532 2025-12-09 8:32:41.235443100 AM,31.83309748,54.63054463,1384.994,USER,Fixed,Corrected,None,383, ,BYCODE(0), ,0.014,0.011,0.012,0.017,         BYLAYER,  BYCODE, ,0,Vertical,12/9/2025 8:32, , , , ,1.196,0.628,1.018, , , , 
 ,20251209081532 2025-12-09 8:32:43.222173000 AM,31.83321953,54.63069764,1385.234,USER,Fixed,Corrected,None,384, ,BYCODE(0), ,0.014,0.011,0.012,0.017,         BYLAYER,  BYCODE, ,0,Vertical,12/9/2025 8:32, , , , ,1.196,0.628,1.018, , , , 
 ,20251209081532 2025-12-09 8:32:45.217141600 AM,31.83334188,54.6308512,1385.394,USER,Fixed,Corrected,None,385, ,BYCODE(0), ,0.014,0.011,0.012,0.017,         BYLAYER,  BYCODE, ,0,Vertical,12/9/2025 8:32, , , , ,1.196,0.628,1.018, , , , 
 ,20251209081532 2025-12-09 8:32:47.212075200 AM,31.83346411,54.63100509,1385.565,USER,Fixed,Corrected,None,386, ,BYCODE(0), ,0.014,0.011,0.012,0.017,         BYLAYER,  BYCODE, ,0,Vertical,12/9/2025 8:32, , , , ,1.196,0.628,1.018, , , , 
 ,20251209081532 2025-12-09 8:32:49.207102800 AM,31.83358711,54.63115979,1385.763,USER,Fixed,Corrected,None,387, ,BYCODE(0), ,0.014,0.011,0.012,0.017,         BYLAYER,  BYCODE, ,0,Vertical,12/9/2025 8:32, , , , ,1.196,0.628,1.018, , , , 
 ,20251209081532 2025-12-09 8:32:51.206167200 AM,31.83370983,54.63131463,1386.056,USER,Fixed,Corrected,None,388, ,BYCODE(0), ,0.014,0.011,0.012,0.017,         BYLAYER,  BYCODE, ,0,Vertical,12/9/2025 8:32, , , , ,1.195,0.628,1.017, , , , 
 ,20251209081532 2025-12-09 8:32:53.161744600 AM,31.83383055,54.63146486,1386.235,USER,Fixed,Corrected,None,389, ,BYCODE(0), ,0.013,0.011,0.012,0.017,         BYLAYER,  BYCODE, ,0,Vertical,12/9/2025 8:32, , , , ,1.195,0.628,1.017, , , , 
 ,20251209081532 2025-12-09 8:32:55.187868400 AM,31.83395504,54.63162108,1386.386,USER,Fixed,Corrected,None,390, ,BYCODE(0), ,0.013,0.011,0.012,0.017,         BYLAYER,  BYCODE, ,0,Vertical,12/9/2025 8:32, , , , ,1.195,0.628,1.017, , , , 
 ,20251209081532 2025-12-09 8:32:57.143315600 AM,31.83407544,54.63177335,1386.703,USER,Fixed,Corrected,None,391, ,BYCODE(0), ,0.013,0.011,0.012,0.017,         BYLAYER,  BYCODE, ,0,Vertical,12/9/2025 8:32, , , , ,1.195,0.628,1.017, , , , 
 ,20251209081532 2025-12-09 8:32:59.146671800 AM,31.83419903,54.63192818,1387.21,USER,Fixed,Corrected,None,392, ,BYCODE(0), ,0.013,0.011,0.012,0.017,         BYLAYER,  BYCODE, ,0,Vertical,12/9/2025 8:32, , , , ,1.195,0.628,1.017, , , , 
 ,20251209081532 2025-12-09 8:33:01.606936700 AM,31.83431463,54.63208158,1387.804,USER,Fixed,Corrected,None,393, ,BYCODE(0), ,0.013,0.011,0.012,0.017,         BYLAYER,  BYCODE, ,0,Vertical,12/9/2025 8:33, , , , ,1.195,0.628,1.017, , , , 
 ,20251209081532 2025-12-09 8:33:02.738043800 AM,31.83432024,54.63212605,1387.943,USER,Fixed,Corrected,None,394, ,BYCODE(0), ,0.013,0.011,0.012,0.017,         BYLAYER,  BYCODE, ,0,Vertical,12/9/2025 8:33, , , , ,1.195,0.627,1.017, , , , 
 ,20251209081532 2025-12-09 8:33:05.899090300 AM,31.83417638,54.63226552,1387.158,USER,Fixed,Corrected,None,395, ,BYCODE(0), ,0.013,0.011,0.012,0.017,         BYLAYER,  BYCODE, ,0,Vertical,12/9/2025 8:33, , , , ,1.195,0.627,1.017, , , , 
 ,20251209081532 2025-12-09 8:33:08.265348400 AM,31.83406847,54.63232472,1387.179,USER,Partial,Corrected,None,396, ,BYCODE(0), ,0.014,0.011,0.012,0.017,         BYLAYER,  BYCODE, ,0,Vertical,12/9/2025 8:33, , , , ,1.195,0.627,1.017, , , , 
 ,20251209081532 2025-12-09 8:33:11.169958800 AM,31.83393352,54.63217119,1386.354,USER,Partial,Corrected,None,397, ,BYCODE(0), ,0.013,0.011,0.012,0.017,         BYLAYER,  BYCODE, ,0,Vertical,12/9/2025 8:33, , , , ,1.195,0.627,1.017, , , , 
 ,20251209081532 2025-12-09 8:33:13.163141700 AM,31.83380873,54.63201766,1385.666,USER,Fixed,Corrected,None,398, ,BYCODE(0), ,0.013,0.011,0.012,0.017,         BYLAYER,  BYCODE, ,0,Vertical,12/9/2025 8:33, , , , ,1.195,0.627,1.017, , , , 
 ,20251209081532 2025-12-09 8:33:15.150127900 AM,31.83368655,54.63186551,1385.515,USER,Fixed,Corrected,None,399, ,BYCODE(0), ,0.013,0.011,0.012,0.017,         BYLAYER,  BYCODE, ,0,Vertical,12/9/2025 8:33, , , , ,1.195,0.627,1.017, , , , 
 ,20251209081532 2025-12-09 8:33:17.139287000 AM,31.83356396,54.63171263,1385.619,USER,Fixed,Corrected,None,400, ,BYCODE(0), ,0.014,0.011,0.012,0.017,         BYLAYER,  BYCODE, ,0,Vertical,12/9/2025 8:33, , , , ,1.195,0.627,1.017, , , , 
 ,20251209081532 2025-12-09 8:33:19.126504200 AM,31.83344207,54.63155961,1385.746,USER,Fixed,Corrected,None,401, ,BYCODE(0), ,0.013,0.011,0.012,0.017,         BYLAYER,  BYCODE, ,0,Vertical,12/9/2025 8:33, , , , ,1.195,0.627,1.017, , , , 
 ,20251209081532 2025-12-09 8:33:21.115679500 AM,31.83332031,54.6314059,1385.662,USER,Fixed,Corrected,None,402, ,BYCODE(0), ,0.014,0.011,0.012,0.017,         BYLAYER,  BYCODE, ,0,Vertical,12/9/2025 8:33, , , , ,1.194,0.627,1.016, , , , 
 ,20251209081532 2025-12-09 8:33:23.110847500 AM,31.83319758,54.63125172,1385.462,USER,Fixed,Corrected,None,403, ,BYCODE(0), ,0.014,0.011,0.012,0.017,         BYLAYER,  BYCODE, ,0,Vertical,12/9/2025 8:33, , , , ,1.194,0.627,1.016, , , , 
 ,20251209081532 2025-12-09 8:33:25.106100600 AM,31.83307477,54.63109736,1385.282,USER,Fixed,Corrected,None,404, ,BYCODE(0), ,0.014,0.011,0.012,0.017,         BYLAYER,  BYCODE, ,0,Vertical,12/9/2025 8:33, , , , ,1.194,0.627,1.016, , , , 
 ,20251209081532 2025-12-09 8:33:27.107632400 AM,31.83295228,54.63094214,1384.943,USER,Fixed,Corrected,None,405, ,BYCODE(0), ,0.014,0.011,0.012,0.017,         BYLAYER,  BYCODE, ,0,Vertical,12/9/2025 8:33, , , , ,1.194,0.627,1.016, , , , 
 ,20251209081532 2025-12-09 8:33:29.061411600 AM,31.83283258,54.63079127,1384.385,USER,Fixed,Corrected,None,406, ,BYCODE(0), ,0.014,0.011,0.012,0.017,         BYLAYER,  BYCODE, ,0,Vertical,12/9/2025 8:33, , , , ,1.194,0.627,1.016, , , , 
 ,20251209081532 2025-12-09 8:33:31.085708600 AM,31.83270759,54.63063454,1383.995,USER,Fixed,Corrected,None,407, ,BYCODE(0), ,0.014,0.011,0.012,0.017,         BYLAYER,  BYCODE, ,0,Vertical,12/9/2025 8:33, , , , ,1.194,0.627,1.016, , , , 
 ,20251209081532 2025-12-09 8:33:33.047748100 AM,31.83258591,54.63048276,1383.981,USER,Fixed,Corrected,None,408, ,BYCODE(0), ,0.014,0.011,0.012,0.017,         BYLAYER,  BYCODE, ,0,Vertical,12/9/2025 8:33, , , , ,1.194,0.627,1.016, , , , 
 ,20251209081532 2025-12-09 8:33:35.071890400 AM,31.83246162,54.63032631,1383.881,USER,Fixed,Corrected,None,409, ,BYCODE(0), ,0.014,0.011,0.012,0.017,         BYLAYER,  BYCODE, ,0,Vertical,12/9/2025 8:33, , , , ,1.194,0.627,1.016, , , , 
 ,20251209081532 2025-12-09 8:33:37.027832000 AM,31.8323423,54.630176,1383.531,USER,Fixed,Corrected,None,410, ,BYCODE(0), ,0.013,0.011,0.012,0.017,         BYLAYER,  BYCODE, ,0,Vertical,12/9/2025 8:33, , , , ,1.194,0.627,1.016, , , , 
 ,20251209081532 2025-12-09 8:33:39.056399300 AM,31.83221677,54.63001896,1383.151,USER,Fixed,Corrected,None,411, ,BYCODE(0), ,0.013,0.011,0.012,0.017,         BYLAYER,  BYCODE, ,0,Vertical,12/9/2025 8:33, , , , ,1.194,0.627,1.016, , , , 
 ,20251209081532 2025-12-09 8:33:41.616986000 AM,31.83209555,54.62988004,1383.148,USER,Fixed,Corrected,None,412, ,BYCODE(0), ,0.013,0.011,0.012,0.017,         BYLAYER,  BYCODE, ,0,Vertical,12/9/2025 8:33, , , , ,1.194,0.627,1.016, , , , 
 ,20251209081532 2025-12-09 8:33:42.373094800 AM,31.83206691,54.62987551,1383.132,USER,Fixed,Corrected,None,413, ,BYCODE(0), ,0.013,0.011,0.012,0.017,         BYLAYER,  BYCODE, ,0,Vertical,12/9/2025 8:33, , , , ,1.194,0.627,1.016, , , , 
 ,20251209081532 2025-12-09 8:33:45.388287100 AM,31.8319155,54.63000157,1382.566,USER,Fixed,Corrected,None,414, ,BYCODE(0), ,0.013,0.011,0.012,0.017,         BYLAYER,  BYCODE, ,0,Vertical,12/9/2025 8:33, , , , ,1.194,0.627,1.016, , , , 
 ,20251209081532 2025-12-09 8:33:47.873710600 AM,31.83184282,54.63010534,1382.735,USER,Fixed,Corrected,None,415, ,BYCODE(0), ,0.013,0.011,0.012,0.017,         BYLAYER,  BYCODE, ,0,Vertical,12/9/2025 8:33, , , , ,1.193,0.627,1.016, , , , 
 ,20251209081532 2025-12-09 8:33:50.934650200 AM,31.83196568,54.63027618,1382.702,USER,Fixed,Corrected,None,416, ,BYCODE(0), ,0.013,0.011,0.012,0.017,         BYLAYER,  BYCODE, ,0,Vertical,12/9/2025 8:33, , , , ,1.193,0.627,1.015, , , , 
 ,20251209081532 2025-12-09 8:33:52.894693600 AM,31.83208475,54.63043149,1382.967,USER,Fixed,Corrected,None,417, ,BYCODE(0), ,0.013,0.011,0.012,0.017,         BYLAYER,  BYCODE, ,0,Vertical,12/9/2025 8:33, , , , ,1.193,0.627,1.015, , , , 
 ,20251209081532 2025-12-09 8:33:54.885842800 AM,31.8322064,54.63058515,1383.733,USER,Fixed,Corrected,None,418, ,BYCODE(0), ,0.013,0.011,0.012,0.017,         BYLAYER,  BYCODE, ,0,Vertical,12/9/2025 8:33, , , , ,1.193,0.627,1.015, , , , 
 ,20251209081532 2025-12-09 8:33:56.891530000 AM,31.83232982,54.63073954,1384.414,USER,Fixed,Corrected,None,419, ,BYCODE(0), ,0.013,0.011,0.012,0.017,         BYLAYER,  BYCODE, ,0,Vertical,12/9/2025 8:33, , , , ,1.193,0.627,1.015, , , , 
 ,20251209081532 2025-12-09 8:33:58.890877200 AM,31.83245343,54.63089217,1384.824,USER,Fixed,Corrected,None,420, ,BYCODE(0), ,0.013,0.011,0.012,0.017,         BYLAYER,  BYCODE, ,0,Vertical,12/9/2025 8:33, , , , ,1.193,0.627,1.015, , , , 
 ,20251209081532 2025-12-09 8:34:00.884028400 AM,31.83257649,54.63104551,1384.954,USER,Fixed,Corrected,None,421, ,BYCODE(0), ,0.013,0.011,0.012,0.017,         BYLAYER,  BYCODE, ,0,Vertical,12/9/2025 8:34, , , , ,1.193,0.627,1.015, , , , 
 ,20251209081532 2025-12-09 8:34:02.843955300 AM,31.83269692,54.63119792,1385.174,USER,Fixed,Corrected,None,422, ,BYCODE(0), ,0.014,0.011,0.012,0.017,         BYLAYER,  BYCODE, ,0,Vertical,12/9/2025 8:34, , , , ,1.193,0.627,1.015, , , , 
 ,20251209081532 2025-12-09 8:34:04.866300800 AM,31.83282074,54.63135415,1385.457,USER,Fixed,Corrected,None,423, ,BYCODE(0), ,0.014,0.011,0.012,0.017,         BYLAYER,  BYCODE, ,0,Vertical,12/9/2025 8:34, , , , ,1.193,0.627,1.015, , , , 
 ,20251209081532 2025-12-09 8:34:06.855420100 AM,31.83294341,54.63150856,1385.662,USER,Fixed,Corrected,None,424, ,BYCODE(0), ,0.014,0.011,0.012,0.017,         BYLAYER,  BYCODE, ,0,Vertical,12/9/2025 8:34, , , , ,1.193,0.627,1.015, , , , 
 ,20251209081532 2025-12-09 8:34:08.844453100 AM,31.83306535,54.63166294,1386.122,USER,Fixed,Corrected,None,425, ,BYCODE(0), ,0.014,0.011,0.012,0.017,         BYLAYER,  BYCODE, ,0,Vertical,12/9/2025 8:34, , , , ,1.193,0.627,1.015, , , , 
 ,20251209081532 2025-12-09 8:34:10.837395200 AM,31.83318796,54.63181664,1386.315,USER,Fixed,Corrected,None,426, ,BYCODE(0), ,0.014,0.011,0.012,0.017,         BYLAYER,  BYCODE, ,0,Vertical,12/9/2025 8:34, , , , ,1.171,0.625,0.99, , , , 
 ,20251209081532 2025-12-09 8:34:12.826333000 AM,31.83331079,54.63197016,1386.48,USER,Fixed,Corrected,None,427, ,BYCODE(0), ,0.014,0.011,0.012,0.017,         BYLAYER,  BYCODE, ,0,Vertical,12/9/2025 8:34, , , , ,1.171,0.625,0.99, , , , 
 ,20251209081532 2025-12-09 8:34:14.779996900 AM,31.83343097,54.6321217,1386.698,USER,Fixed,Corrected,None,428, ,BYCODE(0), ,0.014,0.011,0.012,0.017,         BYLAYER,  BYCODE, ,0,Vertical,12/9/2025 8:34, , , , ,1.171,0.625,0.99, , , , 
 ,20251209081532 2025-12-09 8:34:16.808281900 AM,31.83355581,54.63227875,1387.033,USER,Fixed,Corrected,None,429, ,BYCODE(0), ,0.014,0.011,0.012,0.017,         BYLAYER,  BYCODE, ,0,Vertical,12/9/2025 8:34, , , , ,1.171,0.625,0.99, , , , 
 ,20251209081532 2025-12-09 8:34:18.772316700 AM,31.83367656,54.63243021,1387.239,USER,Fixed,Corrected,None,430, ,BYCODE(0), ,0.014,0.011,0.012,0.017,         BYLAYER,  BYCODE, ,0,Vertical,12/9/2025 8:34, , , , ,1.171,0.625,0.99, , , , 
 ,20251209081532 2025-12-09 8:34:21.725053300 AM,31.83377418,54.6325868,1387.514,USER,Fixed,Corrected,None,431, ,BYCODE(0), ,0.014,0.011,0.012,0.017,         BYLAYER,  BYCODE, ,0,Vertical,12/9/2025 8:34, , , , ,1.17,0.625,0.99, , , , 
 ,20251209081532 2025-12-09 8:34:25.134654300 AM,31.83362752,54.63273702,1386.898,USER,Fixed,Corrected,None,432, ,BYCODE(0), ,0.014,0.011,0.012,0.017,         BYLAYER,  BYCODE, ,0,Vertical,12/9/2025 8:34, , , , ,1.17,0.625,0.99, , , , 
 ,20251209081532 2025-12-09 8:34:27.486923500 AM,31.83351937,54.63279347,1386.977,USER,Fixed,Corrected,None,433, ,BYCODE(0), ,0.014,0.011,0.012,0.017,         BYLAYER,  BYCODE, ,0,Vertical,12/9/2025 8:34, , , , ,1.17,0.625,0.99, , , , 
 ,20251209081532 2025-12-09 8:34:30.410461200 AM,31.83338205,54.63263964,1386.507,USER,Fixed,Corrected,None,434, ,BYCODE(0), ,0.014,0.011,0.012,0.017,         BYLAYER,  BYCODE, ,0,Vertical,12/9/2025 8:34, , , , ,1.17,0.625,0.989, , , , 
 ,20251209081532 2025-12-09 8:34:32.372582000 AM,31.83325974,54.63248841,1386.059,USER,Fixed,Corrected,None,435, ,BYCODE(0), ,0.014,0.011,0.012,0.017,         BYLAYER,  BYCODE, ,0,Vertical,12/9/2025 8:34, , , , ,1.17,0.624,0.989, , , , 
 ,20251209081532 2025-12-09 8:34:34.380539900 AM,31.83313663,54.63233506,1385.9,USER,Fixed,Corrected,None,436, ,BYCODE(0), ,0.014,0.011,0.012,0.017,         BYLAYER,  BYCODE, ,0,Vertical,12/9/2025 8:34, , , , ,1.17,0.624,0.989, , , , 
 ,20251209081532 2025-12-09 8:34:36.373939000 AM,31.8330152,54.63218154,1385.456,USER,Fixed,Corrected,None,437, ,BYCODE(0), ,0.014,0.011,0.012,0.017,         BYLAYER,  BYCODE, ,0,Vertical,12/9/2025 8:34, , , , ,1.17,0.624,0.989, , , , 
 ,20251209081532 2025-12-09 8:34:38.365258200 AM,31.83289259,54.63202802,1385.177,USER,Fixed,Corrected,None,438, ,BYCODE(0), ,0.014,0.011,0.012,0.017,         BYLAYER,  BYCODE, ,0,Vertical,12/9/2025 8:34, , , , ,1.17,0.624,0.989, , , , 
 ,20251209081532 2025-12-09 8:34:40.356410500 AM,31.83277027,54.63187424,1384.946,USER,Fixed,Corrected,None,439, ,BYCODE(0), ,0.014,0.011,0.012,0.017,         BYLAYER,  BYCODE, ,0,Vertical,12/9/2025 8:34, , , , ,1.17,0.624,0.989, , , , 
 ,20251209081532 2025-12-09 8:34:42.341677000 AM,31.83264756,54.63172,1384.622,USER,Fixed,Corrected,None,440, ,BYCODE(0), ,0.014,0.011,0.012,0.017,         BYLAYER,  BYCODE, ,0,Vertical,12/9/2025 8:34, , , , ,1.17,0.624,0.989, , , , 
 ,20251209081532 2025-12-09 8:34:44.330794300 AM,31.8325248,54.63156567,1384.327,USER,Fixed,Corrected,None,441, ,BYCODE(0), ,0.014,0.011,0.012,0.017,         BYLAYER,  BYCODE, ,0,Vertical,12/9/2025 8:34, , , , ,1.17,0.624,0.989, , , , 
 ,20251209081532 2025-12-09 8:34:46.332259700 AM,31.83240143,54.63141043,1384.104,USER,Fixed,Corrected,None,442, ,BYCODE(0), ,0.014,0.011,0.012,0.017,         BYLAYER,  BYCODE, ,0,Vertical,12/9/2025 8:34, , , , ,1.169,0.624,0.989, , , , 
 ,20251209081532 2025-12-09 8:34:48.292039900 AM,31.83228088,54.6312596,1383.895,USER,Fixed,Corrected,None,443, ,BYCODE(0), ,0.014,0.011,0.012,0.017,         BYLAYER,  BYCODE, ,0,Vertical,12/9/2025 8:34, , , , ,1.169,0.624,0.989, , , , 
 ,20251209081532 2025-12-09 8:34:50.320391900 AM,31.83215663,54.63110357,1383.609,USER,Fixed,Corrected,None,444, ,BYCODE(0), ,0.014,0.011,0.012,0.017,         BYLAYER,  BYCODE, ,0,Vertical,12/9/2025 8:34, , , , ,1.169,0.624,0.989, , , , 
 ,20251209081532 2025-12-09 8:34:52.278250200 AM,31.8320355,54.63095212,1383.366,USER,Fixed,Corrected,None,445, ,BYCODE(0), ,0.014,0.011,0.012,0.017,         BYLAYER,  BYCODE, ,0,Vertical,12/9/2025 8:34, , , , ,1.169,0.624,0.989, , , , 
 ,20251209081532 2025-12-09 8:34:54.267437500 AM,31.83191223,54.63079787,1383.286,USER,Fixed,Corrected,None,446, ,BYCODE(0), ,0.014,0.011,0.012,0.017,         BYLAYER,  BYCODE, ,0,Vertical,12/9/2025 8:34, , , , ,1.169,0.624,0.988, , , , 
 ,20251209081532 2025-12-09 8:34:56.254578400 AM,31.83178984,54.6306447,1383.256,USER,Fixed,Corrected,None,447, ,BYCODE(0), ,0.014,0.011,0.012,0.017,         BYLAYER,  BYCODE, ,0,Vertical,12/9/2025 8:34, , , , ,1.169,0.624,0.988, , , , 
 ,20251209081532 2025-12-09 8:34:58.277138700 AM,31.8316652,54.63048848,1382.969,USER,Fixed,Corrected,None,448, ,BYCODE(0), ,0.014,0.011,0.012,0.017,         BYLAYER,  BYCODE, ,0,Vertical,12/9/2025 8:34, , , , ,1.169,0.624,0.988, , , , 
 ,20251209081532 2025-12-09 8:35:01.000369100 AM,31.83154015,54.63036638,1383.136,USER,Fixed,Corrected,None,449, ,BYCODE(0), ,0.014,0.011,0.012,0.017,         BYLAYER,  BYCODE, ,0,Vertical,12/9/2025 8:35, , , , ,1.169,0.624,0.988, , , , 
 ,20251209081532 2025-12-09 8:35:04.127995000 AM,31.83136723,54.63046824,1382.538,USER,Fixed,Corrected,None,450, ,BYCODE(0), ,0.014,0.011,0.013,0.018,         BYLAYER,  BYCODE, ,0,Vertical,12/9/2025 8:35, , , , ,1.169,0.624,0.988, , , , 
 ,20251209081532 2025-12-09 8:35:06.753138300 AM,31.83128054,54.63056215,1382.696,USER,Fixed,Corrected,None,451, ,BYCODE(0), ,0.014,0.011,0.013,0.018,         BYLAYER,  BYCODE, ,0,Vertical,12/9/2025 8:35, , , , ,1.169,0.624,0.988, , , , 
 ,20251209081532 2025-12-09 8:35:09.866290800 AM,31.83140189,54.6307329,1382.846,USER,Fixed,Corrected,None,452, ,BYCODE(0), ,0.014,0.011,0.013,0.018,         BYLAYER,  BYCODE, ,0,Vertical,12/9/2025 8:35, , , , ,1.168,0.624,0.988, , , , 
 ,20251209081532 2025-12-09 8:35:11.890600700 AM,31.83152555,54.630892,1383.065,USER,Fixed,Corrected,None,453, ,BYCODE(0), ,0.014,0.011,0.013,0.018,         BYLAYER,  BYCODE, ,0,Vertical,12/9/2025 8:35, , , , ,1.168,0.624,0.988, , , , 
 ,20251209081532 2025-12-09 8:35:13.858750800 AM,31.83164626,54.6310439,1383.569,USER,Fixed,Corrected,None,454, ,BYCODE(0), ,0.014,0.011,0.013,0.018,         BYLAYER,  BYCODE, ,0,Vertical,12/9/2025 8:35, , , , ,1.168,0.624,0.988, , , , 
 ,20251209081532 2025-12-09 8:35:15.850044300 AM,31.83176869,54.63119694,1383.741,USER,Fixed,Corrected,None,455, ,BYCODE(0), ,0.014,0.011,0.013,0.018,         BYLAYER,  BYCODE, ,0,Vertical,12/9/2025 8:35, , , , ,1.168,0.624,0.988, , , , 
 ,20251209081532 2025-12-09 8:35:17.841221800 AM,31.83189033,54.63135102,1383.962,USER,Fixed,Corrected,None,456, ,BYCODE(0), ,0.014,0.011,0.013,0.018,         BYLAYER,  BYCODE, ,0,Vertical,12/9/2025 8:35, , , , ,1.168,0.624,0.988, , , , 
 ,20251209081532 2025-12-09 8:35:19.836568800 AM,31.8320131,54.6315054,1384.444,USER,Fixed,Corrected,None,457, ,BYCODE(0), ,0.014,0.011,0.013,0.018,         BYLAYER,  BYCODE, ,0,Vertical,12/9/2025 8:35, , , , ,1.168,0.624,0.987, , , , 
 ,20251209081532 2025-12-09 8:35:21.827806000 AM,31.83213575,54.63165897,1384.849,USER,Fixed,Corrected,None,458, ,BYCODE(0), ,0.014,0.011,0.013,0.018,         BYLAYER,  BYCODE, ,0,Vertical,12/9/2025 8:35, , , , ,1.168,0.624,0.987, , , , 
 ,20251209081532 2025-12-09 8:35:23.817046200 AM,31.83225803,54.63181276,1385.063,USER,Fixed,Corrected,None,459, ,BYCODE(0), ,0.014,0.011,0.013,0.018,         BYLAYER,  BYCODE, ,0,Vertical,12/9/2025 8:35, , , , ,1.168,0.624,0.987, , , , 
 ,20251209081532 2025-12-09 8:35:25.808207300 AM,31.83238009,54.63196674,1385.225,USER,Fixed,Corrected,None,460, ,BYCODE(0), ,0.014,0.011,0.013,0.018,         BYLAYER,  BYCODE, ,0,Vertical,12/9/2025 8:35, , , , ,1.168,0.624,0.987, , , , 
 ,20251209081532 2025-12-09 8:35:27.768004900 AM,31.83250071,54.63211784,1385.347,USER,Fixed,Corrected,None,461, ,BYCODE(0), ,0.013,0.011,0.013,0.017,         BYLAYER,  BYCODE, ,0,Vertical,12/9/2025 8:35, , , , ,1.168,0.624,0.987, , , , 
 ,20251209081532 2025-12-09 8:35:29.794510800 AM,31.83262493,54.63227453,1385.604,USER,Fixed,Corrected,None,462, ,BYCODE(0), ,0.013,0.011,0.013,0.017,         BYLAYER,  BYCODE, ,0,Vertical,12/9/2025 8:35, , , , ,1.168,0.624,0.987, , , , 
 ,20251209081532 2025-12-09 8:35:31.789765600 AM,31.83274789,54.63242812,1385.9,USER,Fixed,Corrected,None,463, ,BYCODE(0), ,0.013,0.011,0.013,0.017,         BYLAYER,  BYCODE, ,0,Vertical,12/9/2025 8:35, , , , ,1.168,0.624,0.987, , , , 
 ,20251209081532 2025-12-09 8:35:33.751581200 AM,31.83286884,54.63258085,1386.244,USER,Fixed,Corrected,None,464, ,BYCODE(0), ,0.013,0.011,0.013,0.017,         BYLAYER,  BYCODE, ,0,Vertical,12/9/2025 8:35, , , , ,1.167,0.624,0.987, , , , 
 ,20251209081532 2025-12-09 8:35:35.777990100 AM,31.83299376,54.63273782,1386.636,USER,Fixed,Corrected,None,465, ,BYCODE(0), ,0.013,0.011,0.013,0.017,         BYLAYER,  BYCODE, ,0,Vertical,12/9/2025 8:35, , , , ,1.167,0.624,0.987, , , , 
 ,20251209081532 2025-12-09 8:35:37.735816700 AM,31.83311391,54.63288828,1386.802,USER,Fixed,Corrected,None,466, ,BYCODE(0), ,0.013,0.011,0.013,0.017,         BYLAYER,  BYCODE, ,0,Vertical,12/9/2025 8:35, , , , ,1.167,0.624,0.987, , , , 
 ,20251209081532 2025-12-09 8:35:40.494369300 AM,31.83322183,54.63304226,1387.255,USER,Fixed,Corrected,None,467, ,BYCODE(0), ,0.013,0.011,0.013,0.017,         BYLAYER,  BYCODE, ,0,Vertical,12/9/2025 8:35, , , , ,1.167,0.624,0.987, , , , 
 ,20251209081532 2025-12-09 8:35:41.248208500 AM,31.83321849,54.63307119,1387.228,USER,Fixed,Corrected,None,468, ,BYCODE(0), ,0.013,0.011,0.013,0.017,         BYLAYER,  BYCODE, ,0,Vertical,12/9/2025 8:35, , , , ,1.167,0.624,0.986, , , , 
 ,20251209081532 2025-12-09 8:35:44.273934100 AM,31.83307338,54.63320729,1386.943,USER,Fixed,Corrected,None,469, ,BYCODE(0), ,0.014,0.011,0.013,0.017,         BYLAYER,  BYCODE, ,0,Vertical,12/9/2025 8:35, , , , ,1.167,0.624,0.986, , , , 
 ,20251209081532 2025-12-09 8:35:46.634197700 AM,31.83296773,54.63326516,1387.204,USER,Fixed,Corrected,None,470, ,BYCODE(0), ,0.014,0.011,0.013,0.018,         BYLAYER,  BYCODE, ,0,Vertical,12/9/2025 8:35, , , , ,1.167,0.624,0.986, , , , 
 ,20251209081532 2025-12-09 8:35:49.524339700 AM,31.83283245,54.63311145,1386.909,USER,Fixed,Corrected,None,471, ,BYCODE(0), ,0.014,0.011,0.013,0.017,         BYLAYER,  BYCODE, ,0,Vertical,12/9/2025 8:35, , , , ,1.167,0.624,0.986, , , , 
 ,20251209081532 2025-12-09 8:35:51.517817500 AM,31.83270638,54.63295485,1386.36,USER,Fixed,Corrected,None,472, ,BYCODE(0), ,0.014,0.011,0.013,0.017,         BYLAYER,  BYCODE, ,0,Vertical,12/9/2025 8:35, , , , ,1.167,0.624,0.986, , , , 
 ,20251209081532 2025-12-09 8:35:53.502983300 AM,31.83258451,54.63280297,1386.251,USER,Fixed,Corrected,None,473, ,BYCODE(0), ,0.014,0.011,0.013,0.017,         BYLAYER,  BYCODE, ,0,Vertical,12/9/2025 8:35, , , , ,1.167,0.624,0.986, , , , 
 ,20251209081532 2025-12-09 8:35:55.494361200 AM,31.83246304,54.63265,1386.138,USER,Fixed,Corrected,None,474, ,BYCODE(0), ,0.014,0.011,0.013,0.017,         BYLAYER,  BYCODE, ,0,Vertical,12/9/2025 8:35, , , , ,1.167,0.624,0.986, , , , 
 ,20251209081532 2025-12-09 8:35:57.485519900 AM,31.83234122,54.63249638,1385.848,USER,Partial,Corrected,None,475, ,BYCODE(0), ,0.014,0.011,0.013,0.017,         BYLAYER,  BYCODE, ,0,Vertical,12/9/2025 8:35, , , , ,1.166,0.624,0.986, , , , 
 ,20251209081532 2025-12-09 8:35:59.474927900 AM,31.8322192,54.63234328,1385.585,USER,Fixed,Corrected,None,476, ,BYCODE(0), ,0.014,0.011,0.013,0.017,         BYLAYER,  BYCODE, ,0,Vertical,12/9/2025 8:35, , , , ,1.166,0.624,0.986, , , , 
 ,20251209081532 2025-12-09 8:36:01.501506800 AM,31.83209427,54.63218698,1385.222,USER,Fixed,Corrected,None,477, ,BYCODE(0), ,0.014,0.011,0.013,0.017,         BYLAYER,  BYCODE, ,0,Vertical,12/9/2025 8:36, , , , ,1.166,0.624,0.986, , , , 
 ,20251209081532 2025-12-09 8:36:03.463458500 AM,31.8319737,54.6320351,1384.961,USER,Fixed,Corrected,None,478, ,BYCODE(0), ,0.014,0.011,0.013,0.017,         BYLAYER,  BYCODE, ,0,Vertical,12/9/2025 8:36, , , , ,1.166,0.624,0.985, , , , 
 ,20251209081532 2025-12-09 8:36:05.452298400 AM,31.83185159,54.63188142,1384.53,USER,Partial,Corrected,None,479, ,BYCODE(0), ,0.014,0.011,0.013,0.017,         BYLAYER,  BYCODE, ,0,Vertical,12/9/2025 8:36, , , , ,1.166,0.624,0.985, , , , 
 ,20251209081532 2025-12-09 8:36:07.441280600 AM,31.83172916,54.63172748,1384.239,USER,Partial,Corrected,None,480, ,BYCODE(0), ,0.014,0.011,0.013,0.017,         BYLAYER,  BYCODE, ,0,Vertical,12/9/2025 8:36, , , , ,1.166,0.624,0.985, , , , 
 ,20251209081532 2025-12-09 8:36:09.430332700 AM,31.8316069,54.63157459,1383.995,USER,Fixed,Corrected,None,481, ,BYCODE(0), ,0.014,0.011,0.013,0.017,         BYLAYER,  BYCODE, ,0,Vertical,12/9/2025 8:36, , , , ,1.166,0.623,0.985, , , , 
 ,20251209081532 2025-12-09 8:36:11.417156000 AM,31.83148472,54.63142084,1383.845,USER,Fixed,Corrected,None,482, ,BYCODE(0), ,0.014,0.011,0.013,0.017,         BYLAYER,  BYCODE, ,0,Vertical,12/9/2025 8:36, , , , ,1.166,0.623,0.985, , , , 
 ,20251209081532 2025-12-09 8:36:13.410376100 AM,31.83136257,54.63126686,1383.515,USER,Fixed,Corrected,None,483, ,BYCODE(0), ,0.014,0.011,0.013,0.017,         BYLAYER,  BYCODE, ,0,Vertical,12/9/2025 8:36, , , , ,1.166,0.623,0.985, , , , 
 ,20251209081532 2025-12-09 8:36:15.418119900 AM,31.83123874,54.63111169,1383.164,USER,Fixed,Corrected,None,484, ,BYCODE(0), ,0.014,0.011,0.013,0.017,         BYLAYER,  BYCODE, ,0,Vertical,12/9/2025 8:36, , , , ,1.166,0.623,0.985, , , , 
 ,20251209081532 2025-12-09 8:36:17.409342300 AM,31.83111575,54.6309578,1382.862,USER,Fixed,Corrected,None,485, ,BYCODE(0), ,0.014,0.011,0.013,0.017,         BYLAYER,  BYCODE, ,0,Vertical,12/9/2025 8:36, , , , ,1.166,0.623,0.985, , , , 
 ,20251209081532 2025-12-09 8:36:19.634013700 AM,31.83099718,54.6308115,1382.599,USER,Fixed,Corrected,None,486, ,BYCODE(0), ,0.014,0.011,0.013,0.017,         BYLAYER,  BYCODE, ,0,Vertical,12/9/2025 8:36, , , , ,1.165,0.623,0.985, , , , 
 ,20251209081532 2025-12-09 8:36:20.928682300 AM,31.8309447,54.63078814,1382.578,USER,Fixed,Corrected,None,487, ,BYCODE(0), ,0.014,0.011,0.013,0.017,         BYLAYER,  BYCODE, ,0,Vertical,12/9/2025 8:36, , , , ,1.165,0.623,0.985, , , , 
 ,20251209081532 2025-12-09 8:36:23.866910700 AM,31.83077868,54.6308927,1382.103,USER,Fixed,Corrected,None,488, ,BYCODE(0), ,0.014,0.011,0.013,0.017,         BYLAYER,  BYCODE, ,0,Vertical,12/9/2025 8:36, , , , ,1.165,0.623,0.985, , , , 
 ,20251209081532 2025-12-09 8:36:26.494250300 AM,31.83069226,54.63098602,1382.346,USER,Fixed,Corrected,None,489, ,BYCODE(0), ,0.014,0.011,0.013,0.017,         BYLAYER,  BYCODE, ,0,Vertical,12/9/2025 8:36, , , , ,1.165,0.623,0.984, , , , 
 ,20251209081532 2025-12-09 8:36:29.624010800 AM,31.83081602,54.63115714,1382.21,USER,Fixed,Corrected,None,490, ,BYCODE(0), ,0.014,0.011,0.013,0.017,         BYLAYER,  BYCODE, ,0,Vertical,12/9/2025 8:36, , , , ,1.165,0.623,0.984, , , , 
 ,20251209081532 2025-12-09 8:36:31.615206200 AM,31.83093763,54.63131294,1382.154,USER,Fixed,Corrected,None,491, ,BYCODE(0), ,0.014,0.011,0.013,0.017,         BYLAYER,  BYCODE, ,0,Vertical,12/9/2025 8:36, , , , ,1.165,0.623,0.984, , , , 
 ,20251209081532 2025-12-09 8:36:33.606226400 AM,31.83105836,54.63146636,1382.491,USER,Fixed,Corrected,None,492, ,BYCODE(0), ,0.014,0.011,0.013,0.017,         BYLAYER,  BYCODE, ,0,Vertical,12/9/2025 8:36, , , , ,1.165,0.623,0.984, , , , 
 ,20251209081532 2025-12-09 8:36:35.597568500 AM,31.83118004,54.63162032,1383.075,USER,Fixed,Corrected,None,493, ,BYCODE(0), ,0.014,0.011,0.013,0.017,         BYLAYER,  BYCODE, ,0,Vertical,12/9/2025 8:36, , , , ,1.165,0.623,0.984, , , , 
 ,20251209081532 2025-12-09 8:36:37.591133400 AM,31.83130228,54.63177305,1383.53,USER,Fixed,Corrected,None,494, ,BYCODE(0), ,0.014,0.011,0.013,0.017,         BYLAYER,  BYCODE, ,0,Vertical,12/9/2025 8:36, , , , ,1.165,0.623,0.984, , , , 
 ,20251209081532 2025-12-09 8:36:39.580277200 AM,31.83142482,54.63192698,1383.99,USER,Fixed,Corrected,None,495, ,BYCODE(0), ,0.014,0.011,0.013,0.017,         BYLAYER,  BYCODE, ,0,Vertical,12/9/2025 8:36, , , , ,1.165,0.623,0.984, , , , 
 ,20251209081532 2025-12-09 8:36:41.567548300 AM,31.83154721,54.63208042,1384.373,USER,Fixed,Corrected,None,496, ,BYCODE(0), ,0.014,0.011,0.013,0.017,         BYLAYER,  BYCODE, ,0,Vertical,12/9/2025 8:36, , , , ,1.164,0.623,0.984, , , , 
 ,20251209081532 2025-12-09 8:36:43.569088700 AM,31.83167049,54.63223415,1384.589,USER,Fixed,Corrected,None,497, ,BYCODE(0), ,0.014,0.011,0.013,0.017,         BYLAYER,  BYCODE, ,0,Vertical,12/9/2025 8:36, , , , ,1.164,0.623,0.984, , , , 
 ,20251209081532 2025-12-09 8:36:45.529252300 AM,31.83179101,54.63238565,1384.694,USER,Fixed,Corrected,None,498, ,BYCODE(0), ,0.014,0.011,0.013,0.017,         BYLAYER,  BYCODE, ,0,Vertical,12/9/2025 8:36, , , , ,1.164,0.623,0.983, , , , 
 ,20251209081532 2025-12-09 8:36:47.553696200 AM,31.83191548,54.63254352,1385.044,USER,Fixed,Corrected,None,499, ,BYCODE(0), ,0.014,0.011,0.013,0.017,         BYLAYER,  BYCODE, ,0,Vertical,12/9/2025 8:36, , , , ,1.164,0.623,0.983, , , , 
 ,20251209081532 2025-12-09 8:36:49.546778900 AM,31.83203867,54.63269877,1385.673,USER,Fixed,Corrected,None,500, ,BYCODE(0), ,0.014,0.011,0.013,0.017,         BYLAYER,  BYCODE, ,0,Vertical,12/9/2025 8:36, , , , ,1.164,0.623,0.983, , , , 
 ,20251209081532 2025-12-09 8:36:51.519014100 AM,31.83216027,54.63285195,1386.248,USER,Fixed,Corrected,None,501, ,BYCODE(0), ,0.014,0.011,0.013,0.017,         BYLAYER,  BYCODE, ,0,Vertical,12/9/2025 8:36, , , , ,1.164,0.623,0.983, , , , 
 ,20251209081532 2025-12-09 8:36:53.512034900 AM,31.83228247,54.63300555,1386.63,USER,Fixed,Corrected,None,502, ,BYCODE(0), ,0.014,0.011,0.013,0.017,         BYLAYER,  BYCODE, ,0,Vertical,12/9/2025 8:36, , , , ,1.164,0.623,0.983, , , , 
 ,20251209081532 2025-12-09 8:36:55.519815400 AM,31.83240565,54.63315948,1386.715,USER,Fixed,Corrected,None,503, ,BYCODE(0), ,0.014,0.011,0.013,0.017,         BYLAYER,  BYCODE, ,0,Vertical,12/9/2025 8:36, , , , ,1.164,0.623,0.983, , , , 
 ,20251209081532 2025-12-09 8:36:57.508825300 AM,31.83252736,54.6333118,1386.626,USER,Fixed,Corrected,None,504, ,BYCODE(0), ,0.014,0.011,0.013,0.017,         BYLAYER,  BYCODE, ,0,Vertical,12/9/2025 8:36, , , , ,1.164,0.623,0.983, , , , 
 ,20251209081532 2025-12-09 8:36:59.683439300 AM,31.83264631,54.63346373,1386.846,USER,Fixed,Corrected,None,505, ,BYCODE(0), ,0.014,0.011,0.013,0.017,         BYLAYER,  BYCODE, ,0,Vertical,12/9/2025 8:36:60 AM, , , , ,1.164,0.623,0.983, , , , 
 ,20251209081532 2025-12-09 8:37:01.436905600 AM,31.83266871,54.63353518,1387.095,USER,Fixed,Corrected,None,506, ,BYCODE(0), ,0.014,0.011,0.013,0.017,         BYLAYER,  BYCODE, ,0,Vertical,12/9/2025 8:37, , , , ,1.164,0.623,0.983, , , , 
 ,20251209081532 2025-12-09 8:37:04.593859900 AM,31.83252487,54.63367413,1386.724,USER,Fixed,Corrected,None,507, ,BYCODE(0), ,0.014,0.011,0.013,0.017,         BYLAYER,  BYCODE, ,0,Vertical,12/9/2025 8:37, , , , ,1.163,0.623,0.983, , , , 
 ,20251209081532 2025-12-09 8:37:06.995971900 AM,31.8324149,54.63373342,1386.91,USER,Fixed,Corrected,None,508, ,BYCODE(0), ,0.014,0.011,0.013,0.018,         BYLAYER,  BYCODE, ,0,Vertical,12/9/2025 8:37, , , , ,1.163,0.623,0.982, , , , 
 ,20251209081532 2025-12-09 8:37:09.894337200 AM,31.83227864,54.63357917,1386.482,USER,Fixed,Corrected,None,509, ,BYCODE(0), ,0.014,0.011,0.013,0.017,         BYLAYER,  BYCODE, ,0,Vertical,12/9/2025 8:37, , , , ,1.163,0.623,0.982, , , , 
 ,20251209081532 2025-12-09 8:37:11.856356100 AM,31.83215529,54.63342773,1386.125,USER,Fixed,Corrected,None,510, ,BYCODE(0), ,0.014,0.011,0.013,0.017,         BYLAYER,  BYCODE, ,0,Vertical,12/9/2025 8:37, , , , ,1.163,0.623,0.982, , , , 
 ,20251209081532 2025-12-09 8:37:13.851775400 AM,31.83203322,54.63327509,1386.05,USER,Fixed,Corrected,None,511, ,BYCODE(0), ,0.014,0.011,0.013,0.017,         BYLAYER,  BYCODE, ,0,Vertical,12/9/2025 8:37, , , , ,1.163,0.623,0.982, , , , 
 ,20251209081532 2025-12-09 8:37:15.840877800 AM,31.83191143,54.63312195,1385.947,USER,Fixed,Corrected,None,512, ,BYCODE(0), ,0.014,0.011,0.013,0.017,         BYLAYER,  BYCODE, ,0,Vertical,12/9/2025 8:37, , , , ,1.163,0.623,0.982, , , , 
 ,20251209081532 2025-12-09 8:37:17.833898800 AM,31.83178909,54.63296843,1385.668,USER,Fixed,Corrected,None,513, ,BYCODE(0), ,0.014,0.011,0.013,0.017,         BYLAYER,  BYCODE, ,0,Vertical,12/9/2025 8:37, , , , ,1.163,0.623,0.982, , , , 
 ,20251209081532 2025-12-09 8:37:19.856233400 AM,31.83166442,54.63281164,1385.376,USER,Fixed,Corrected,None,514, ,BYCODE(0), ,0.014,0.011,0.013,0.017,         BYLAYER,  BYCODE, ,0,Vertical,12/9/2025 8:37, , , , ,1.163,0.623,0.982, , , , 
 ,20251209081532 2025-12-09 8:37:21.810089300 AM,31.83154449,54.63266084,1385.244,USER,Fixed,Corrected,None,515, ,BYCODE(0), ,0.014,0.011,0.013,0.017,         BYLAYER,  BYCODE, ,0,Vertical,12/9/2025 8:37, , , , ,1.163,0.623,0.982, , , , 
 ,20251209081532 2025-12-09 8:37:23.834689900 AM,31.83142031,54.63250407,1385.188,USER,Fixed,Corrected,None,516, ,BYCODE(0), ,0.014,0.011,0.013,0.017,         BYLAYER,  BYCODE, ,0,Vertical,12/9/2025 8:37, , , , ,1.162,0.623,0.982, , , , 
 ,20251209081532 2025-12-09 8:37:25.796681900 AM,31.83129918,54.63235224,1384.89,USER,Fixed,Corrected,None,517, ,BYCODE(0), ,0.014,0.011,0.013,0.017,         BYLAYER,  BYCODE, ,0,Vertical,12/9/2025 8:37, , , , ,1.162,0.623,0.981, , , , 
 ,20251209081532 2025-12-09 8:37:27.789788000 AM,31.83117635,54.6321998,1384.649,USER,Fixed,Corrected,None,518, ,BYCODE(0), ,0.014,0.011,0.013,0.017,         BYLAYER,  BYCODE, ,0,Vertical,12/9/2025 8:37, , , , ,1.162,0.623,0.981, , , , 
 ,20251209081532 2025-12-09 8:37:29.776766300 AM,31.83105414,54.63204593,1384.347,USER,Fixed,Corrected,None,519, ,BYCODE(0), ,0.014,0.011,0.013,0.017,         BYLAYER,  BYCODE, ,0,Vertical,12/9/2025 8:37, , , , ,1.162,0.623,0.981, , , , 
 ,20251209081532 2025-12-09 8:37:31.778107400 AM,31.83093176,54.63189109,1384.05,USER,Partial,Corrected,None,520, ,BYCODE(0), ,0.014,0.011,0.013,0.018,         BYLAYER,  BYCODE, ,0,Vertical,12/9/2025 8:37, , , , ,1.162,0.623,0.981, , , , 
 ,20251209081532 2025-12-09 8:37:33.769210800 AM,31.83080909,54.63173719,1383.77,USER,Partial,Corrected,None,521, ,BYCODE(0), ,0.014,0.011,0.013,0.018,         BYLAYER,  BYCODE, ,0,Vertical,12/9/2025 8:37, , , , ,1.162,0.623,0.981, , , , 
 ,20251209081532 2025-12-09 8:37:35.764587900 AM,31.83068582,54.63158293,1383.529,USER,Fixed,Corrected,None,522, ,BYCODE(0), ,0.014,0.011,0.013,0.018,         BYLAYER,  BYCODE, ,0,Vertical,12/9/2025 8:37, , , , ,1.162,0.623,0.981, , , , 
 ,20251209081532 2025-12-09 8:37:37.754054300 AM,31.83056359,54.63142914,1383.321,USER,Fixed,Corrected,None,523, ,BYCODE(0), ,0.014,0.011,0.013,0.018,         BYLAYER,  BYCODE, ,0,Vertical,12/9/2025 8:37, , , , ,1.162,0.623,0.981, , , , 
 ,20251209081532 2025-12-09 8:37:39.776366900 AM,31.83044248,54.63127724,1383.044,USER,Fixed,Corrected,None,524, ,BYCODE(0), ,0.014,0.011,0.013,0.018,         BYLAYER,  BYCODE, ,0,Vertical,12/9/2025 8:37, , , , ,1.162,0.623,0.981, , , , 
 ,20251209081532 2025-12-09 8:37:41.898531400 AM,31.83035484,54.63121214,1382.959,USER,Fixed,Corrected,None,525, ,BYCODE(0), ,0.014,0.011,0.013,0.018,         BYLAYER,  BYCODE, ,0,Vertical,12/9/2025 8:37, , , , ,1.162,0.623,0.981, , , , 
 ,20251209090910 2025-12-09 9:10:49.837034000 AM,31.83070488,54.63178234,1281.818,USER,Fixed,Corrected,None,1, ,BYCODE(0), ,0.014,0.01,0.012,0.018,         BYLAYER,  BYCODE, ,0,Vertical,12/9/2025 9:10, , , , ,1.966,0.985,1.702, , , , 
 ,20251209090910 2025-12-09 9:12:18.822365500 AM,31.83018965,54.63131302,1386.793,USER,Fixed,Corrected,None,2, ,BYCODE(0), ,0.014,0.01,0.012,0.017,         BYLAYER,  BYCODE, ,0,Vertical,12/9/2025 9:12, , , , ,1.669,0.887,1.413, , , , 
 ,20251209090910 2025-12-09 9:12:21.847954800 AM,31.83009559,54.63140206,1386.307,USER,Fixed,Corrected,None,3, ,BYCODE(0), ,0.014,0.01,0.012,0.017,         BYLAYER,  BYCODE, ,0,Vertical,12/9/2025 9:12, , , , ,1.669,0.887,1.414, , , , 
 ,20251209090910 2025-12-09 9:12:25.107086400 AM,31.83022744,54.63157179,1386.44,USER,Fixed,Corrected,None,4, ,BYCODE(0), ,0.014,0.01,0.012,0.017,         BYLAYER,  BYCODE, ,0,Vertical,12/9/2025 9:12, , , , ,1.67,0.888,1.414, , , , 
 ,20251209090910 2025-12-09 9:12:27.096065000 AM,31.83034986,54.6317278,1386.483,USER,Fixed,Corrected,None,5, ,BYCODE(0), ,0.014,0.01,0.012,0.017,         BYLAYER,  BYCODE, ,0,Vertical,12/9/2025 9:12, , , , ,1.67,0.888,1.414, , , , 
 ,20251209090910 2025-12-09 9:12:29.081471700 AM,31.83047185,54.63188042,1386.644,USER,Fixed,Corrected,None,6, ,BYCODE(0), ,0.014,0.01,0.012,0.017,         BYLAYER,  BYCODE, ,0,Vertical,12/9/2025 9:12, , , , ,1.67,0.888,1.415, , , , 
 ,20251209090910 2025-12-09 9:12:31.072487800 AM,31.83059406,54.63203415,1386.809,USER,Fixed,Corrected,None,7, ,BYCODE(0), ,0.014,0.01,0.012,0.017,         BYLAYER,  BYCODE, ,0,Vertical,12/9/2025 9:12, , , , ,1.67,0.888,1.415, , , , 
 ,20251209090910 2025-12-09 9:12:33.063584100 AM,31.83071699,54.63218808,1386.936,USER,Fixed,Corrected,None,8, ,BYCODE(0), ,0.014,0.01,0.012,0.017,         BYLAYER,  BYCODE, ,0,Vertical,12/9/2025 9:12, , , , ,1.67,0.888,1.415, , , , 
 ,20251209090910 2025-12-09 9:12:35.054738300 AM,31.83083986,54.63234246,1386.945,USER,Fixed,Corrected,None,9, ,BYCODE(0), ,0.014,0.01,0.012,0.017,         BYLAYER,  BYCODE, ,0,Vertical,12/9/2025 9:12, , , , ,1.67,0.888,1.415, , , , 
 ,20251209090910 2025-12-09 9:12:37.041732500 AM,31.83096258,54.63249442,1387.11,USER,Fixed,Corrected,None,10, ,BYCODE(0), ,0.014,0.01,0.012,0.017,         BYLAYER,  BYCODE, ,0,Vertical,12/9/2025 9:12, , , , ,1.671,0.888,1.415, , , , 
 ,20251209090910 2025-12-09 9:12:39.032741300 AM,31.83108557,54.63264764,1387.292,USER,Fixed,Corrected,None,11, ,BYCODE(0), ,0.014,0.01,0.012,0.017,         BYLAYER,  BYCODE, ,0,Vertical,12/9/2025 9:12, , , , ,1.671,0.888,1.415, , , , 
 ,20251209090910 2025-12-09 9:12:41.021785500 AM,31.8312093,54.63280225,1387.447,USER,Fixed,Corrected,None,12, ,BYCODE(0), ,0.014,0.01,0.012,0.017,         BYLAYER,  BYCODE, ,0,Vertical,12/9/2025 9:12, , , , ,1.671,0.888,1.416, , , , 
 ,20251209090910 2025-12-09 9:12:43.012999300 AM,31.83133217,54.63295612,1387.606,USER,Fixed,Corrected,None,13, ,BYCODE(0), ,0.014,0.01,0.012,0.017,         BYLAYER,  BYCODE, ,0,Vertical,12/9/2025 9:12, , , , ,1.671,0.888,1.416, , , , 
 ,20251209090910 2025-12-09 9:12:45.001972000 AM,31.83145429,54.63310928,1387.942,USER,Fixed,Corrected,None,14, ,BYCODE(0), ,0.014,0.01,0.012,0.017,         BYLAYER,  BYCODE, ,0,Vertical,12/9/2025 9:12, , , , ,1.671,0.888,1.416, , , , 
 ,20251209090910 2025-12-09 9:12:46.993163800 AM,31.83157681,54.63326295,1388.362,USER,Fixed,Corrected,None,15, ,BYCODE(0), ,0.014,0.01,0.012,0.017,         BYLAYER,  BYCODE, ,0,Vertical,12/9/2025 9:12, , , , ,1.671,0.888,1.416, , , , 
 ,20251209090910 2025-12-09 9:12:48.984645800 AM,31.83169971,54.63341733,1388.808,USER,Fixed,Corrected,None,16, ,BYCODE(0), ,0.014,0.01,0.012,0.017,         BYLAYER,  BYCODE, ,0,Vertical,12/9/2025 9:12, , , , ,1.672,0.888,1.416, , , , 
 ,20251209090910 2025-12-09 9:12:50.974380500 AM,31.83182183,54.63357074,1389.327,USER,Fixed,Corrected,None,17, ,BYCODE(0), ,0.014,0.01,0.012,0.017,         BYLAYER,  BYCODE, ,0,Vertical,12/9/2025 9:12, , , , ,1.672,0.888,1.417, , , , 
 ,20251209090910 2025-12-09 9:12:52.965607600 AM,31.83194428,54.6337241,1389.855,USER,Fixed,Corrected,None,18, ,BYCODE(0), ,0.014,0.01,0.012,0.017,         BYLAYER,  BYCODE, ,0,Vertical,12/9/2025 9:12, , , , ,1.672,0.888,1.417, , , , 
 ,20251209090910 2025-12-09 9:12:54.986066100 AM,31.83206698,54.63387799,1390.143,USER,Fixed,Corrected,None,19, ,BYCODE(0), ,0.014,0.01,0.012,0.017,         BYLAYER,  BYCODE, ,0,Vertical,12/9/2025 9:12, , , , ,1.672,0.888,1.417, , , , 
 ,20251209090910 2025-12-09 9:12:57.615260100 AM,31.83212832,54.6339979,1390.343,USER,Fixed,Corrected,None,20, ,BYCODE(0), ,0.014,0.01,0.012,0.017,         BYLAYER,  BYCODE, ,0,Vertical,12/9/2025 9:12, , , , ,1.672,0.888,1.417, , , , 
 ,20251209090910 2025-12-09 9:13:00.778287400 AM,31.83198066,54.63413921,1390.083,USER,Fixed,Corrected,None,21, ,BYCODE(0), ,0.014,0.01,0.012,0.017,         BYLAYER,  BYCODE, ,0,Vertical,12/9/2025 9:13, , , , ,1.673,0.888,1.418, , , , 
 ,20251209090910 2025-12-09 9:13:03.167839800 AM,31.83187307,54.63419836,1389.92,USER,Fixed,Corrected,None,22, ,BYCODE(0), ,0.014,0.01,0.012,0.017,         BYLAYER,  BYCODE, ,0,Vertical,12/9/2025 9:13, , , , ,1.673,0.888,1.418, , , , 
 ,20251209090910 2025-12-09 9:13:06.072764600 AM,31.8317355,54.63404242,1389.743,USER,Fixed,Corrected,None,23, ,BYCODE(0), ,0.014,0.01,0.012,0.017,         BYLAYER,  BYCODE, ,0,Vertical,12/9/2025 9:13, , , , ,1.673,0.888,1.418, , , , 
 ,20251209090910 2025-12-09 9:13:08.038828600 AM,31.83161192,54.63388944,1389.547,USER,Fixed,Corrected,None,24, ,BYCODE(0), ,0.014,0.01,0.012,0.017,         BYLAYER,  BYCODE, ,0,Vertical,12/9/2025 9:13, , , , ,1.673,0.888,1.418, , , , 
 ,20251209090910 2025-12-09 9:13:10.025659800 AM,31.83148967,54.63373792,1389.396,USER,Fixed,Corrected,None,25, ,BYCODE(0), ,0.014,0.01,0.012,0.017,         BYLAYER,  BYCODE, ,0,Vertical,12/9/2025 9:13, , , , ,1.674,0.888,1.418, , , , 
 ,20251209090910 2025-12-09 9:13:12.020869000 AM,31.83136769,54.63358409,1389.156,USER,Fixed,Corrected,None,26, ,BYCODE(0), ,0.014,0.01,0.012,0.017,         BYLAYER,  BYCODE, ,0,Vertical,12/9/2025 9:13, , , , ,1.674,0.888,1.419, , , , 
 ,20251209090910 2025-12-09 9:13:14.028512000 AM,31.83124426,54.63342906,1388.758,USER,Fixed,Corrected,None,27, ,BYCODE(0), ,0.014,0.01,0.012,0.017,         BYLAYER,  BYCODE, ,0,Vertical,12/9/2025 9:13, , , , ,1.674,0.888,1.419, , , , 
 ,20251209090910 2025-12-09 9:13:15.988319900 AM,31.83112436,54.6332786,1388.407,USER,Fixed,Corrected,None,28, ,BYCODE(0), ,0.014,0.01,0.012,0.017,         BYLAYER,  BYCODE, ,0,Vertical,12/9/2025 9:13, , , , ,1.674,0.888,1.419, , , , 
 ,20251209090910 2025-12-09 9:13:18.012584400 AM,31.83099945,54.63312311,1388.201,USER,Fixed,Corrected,None,29, ,BYCODE(0), ,0.014,0.01,0.012,0.017,         BYLAYER,  BYCODE, ,0,Vertical,12/9/2025 9:13, , , , ,1.674,0.888,1.419, , , , 
 ,20251209090910 2025-12-09 9:13:19.970641400 AM,31.83087869,54.6329712,1387.821,USER,Fixed,Corrected,None,30, ,BYCODE(0), ,0.014,0.01,0.012,0.017,         BYLAYER,  BYCODE, ,0,Vertical,12/9/2025 9:13, , , , ,1.674,0.888,1.419, , , , 
 ,20251209090910 2025-12-09 9:13:21.992822900 AM,31.83075493,54.63281487,1387.618,USER,Fixed,Corrected,None,31, ,BYCODE(0), ,0.014,0.01,0.012,0.017,         BYLAYER,  BYCODE, ,0,Vertical,12/9/2025 9:13, , , , ,1.675,0.888,1.42, , , , 
 ,20251209090910 2025-12-09 9:13:23.954911700 AM,31.8306342,54.63266323,1387.408,USER,Fixed,Corrected,None,32, ,BYCODE(0), ,0.014,0.01,0.012,0.017,         BYLAYER,  BYCODE, ,0,Vertical,12/9/2025 9:13, , , , ,1.675,0.888,1.42, , , , 
 ,20251209090910 2025-12-09 9:13:25.948046900 AM,31.83051165,54.63250948,1387.089,USER,Fixed,Corrected,None,33, ,BYCODE(0), ,0.014,0.01,0.012,0.017,         BYLAYER,  BYCODE, ,0,Vertical,12/9/2025 9:13, , , , ,1.675,0.888,1.42, , , , 
 ,20251209090910 2025-12-09 9:13:27.935003300 AM,31.83038972,54.63235596,1386.921,USER,Fixed,Corrected,None,34, ,BYCODE(0), ,0.014,0.01,0.012,0.017,         BYLAYER,  BYCODE, ,0,Vertical,12/9/2025 9:13, , , , ,1.675,0.888,1.42, , , , 
 ,20251209090910 2025-12-09 9:13:29.932171300 AM,31.83026633,54.63220237,1386.794,USER,Fixed,Corrected,None,35, ,BYCODE(0), ,0.014,0.01,0.013,0.017,         BYLAYER,  BYCODE, ,0,Vertical,12/9/2025 9:13, , , , ,1.675,0.888,1.42, , , , 
 ,20251209090910 2025-12-09 9:13:31.929335600 AM,31.83014311,54.6320479,1386.627,USER,Fixed,Corrected,None,36, ,BYCODE(0), ,0.014,0.01,0.013,0.017,         BYLAYER,  BYCODE, ,0,Vertical,12/9/2025 9:13, , , , ,1.675,0.888,1.421, , , , 
 ,20251209090910 2025-12-09 9:13:33.914312800 AM,31.83002115,54.63189468,1386.391,USER,Fixed,Corrected,None,37, ,BYCODE(0), ,0.014,0.01,0.012,0.017,         BYLAYER,  BYCODE, ,0,Vertical,12/9/2025 9:13, , , , ,1.676,0.888,1.421, , , , 
 ,20251209090910 2025-12-09 9:13:35.903605900 AM,31.82989897,54.63174184,1386.104,USER,Fixed,Corrected,None,38, ,BYCODE(0), ,0.014,0.01,0.012,0.017,         BYLAYER,  BYCODE, ,0,Vertical,12/9/2025 9:13, , , , ,1.676,0.888,1.421, , , , 
 ,20251209090910 2025-12-09 9:13:38.660314100 AM,31.82977608,54.63163068,1385.972,USER,Fixed,Corrected,None,39, ,BYCODE(0), ,0.014,0.01,0.012,0.017,         BYLAYER,  BYCODE, ,0,Vertical,12/9/2025 9:13, , , , ,1.676,0.888,1.421, , , , 
 ,20251209090910 2025-12-09 9:13:41.587987200 AM,31.82961058,54.63173677,1385.931,USER,Fixed,Corrected,None,40, ,BYCODE(0), ,0.014,0.01,0.012,0.017,         BYLAYER,  BYCODE, ,0,Vertical,12/9/2025 9:13, , , , ,1.676,0.889,1.421, , , , 
 ,20251209090910 2025-12-09 9:13:44.250912700 AM,31.82952493,54.63182879,1386.388,USER,Fixed,Corrected,None,41, ,BYCODE(0), ,0.014,0.01,0.012,0.017,         BYLAYER,  BYCODE, ,0,Vertical,12/9/2025 9:13, , , , ,1.677,0.889,1.422, , , , 
 ,20251209090910 2025-12-09 9:13:47.360078800 AM,31.82964974,54.63200089,1386.791,USER,Fixed,Corrected,None,42, ,BYCODE(0), ,0.014,0.01,0.012,0.017,         BYLAYER,  BYCODE, ,0,Vertical,12/9/2025 9:13, , , , ,1.677,0.889,1.422, , , , 
 ,20251209090910 2025-12-09 9:13:49.350876100 AM,31.82977357,54.63215792,1386.854,USER,Fixed,Corrected,None,43, ,BYCODE(0), ,0.014,0.01,0.012,0.017,         BYLAYER,  BYCODE, ,0,Vertical,12/9/2025 9:13, , , , ,1.677,0.889,1.422, , , , 
 ,20251209090910 2025-12-09 9:13:51.310922100 AM,31.82989354,54.63230651,1386.953,USER,Fixed,Corrected,None,44, ,BYCODE(0), ,0.014,0.01,0.012,0.017,         BYLAYER,  BYCODE, ,0,Vertical,12/9/2025 9:13, , , , ,1.677,0.889,1.422, , , , 
 ,20251209090910 2025-12-09 9:13:53.308139100 AM,31.83001742,54.63245999,1387.133,USER,Fixed,Corrected,None,45, ,BYCODE(0), ,0.014,0.01,0.012,0.017,         BYLAYER,  BYCODE, ,0,Vertical,12/9/2025 9:13, , , , ,1.677,0.889,1.423, , , , 
 ,20251209090910 2025-12-09 9:13:55.309458000 AM,31.83014094,54.63261259,1387.392,USER,Fixed,Corrected,None,46, ,BYCODE(0), ,0.014,0.01,0.012,0.017,         BYLAYER,  BYCODE, ,0,Vertical,12/9/2025 9:13, , , , ,1.677,0.889,1.423, , , , 
 ,20251209090910 2025-12-09 9:13:57.300574100 AM,31.83026289,54.63276608,1387.95,USER,Fixed,Corrected,None,47, ,BYCODE(0), ,0.014,0.01,0.012,0.017,         BYLAYER,  BYCODE, ,0,Vertical,12/9/2025 9:13, , , , ,1.678,0.889,1.423, , , , 
 ,20251209090910 2025-12-09 9:13:59.281254300 AM,31.8303842,54.63291885,1388.404,USER,Fixed,Corrected,None,48, ,BYCODE(0), ,0.013,0.01,0.012,0.017,         BYLAYER,  BYCODE, ,0,Vertical,12/9/2025 9:13, , , , ,1.494,0.838,1.236, , , , 
 ,20251209090910 2025-12-09 9:14:01.272112600 AM,31.83050707,54.63307306,1388.943,USER,Fixed,Corrected,None,49, ,BYCODE(0), ,0.013,0.01,0.012,0.017,         BYLAYER,  BYCODE, ,0,Vertical,12/9/2025 9:14, , , , ,1.494,0.838,1.236, , , , 
 ,20251209090910 2025-12-09 9:14:03.263047700 AM,31.8306291,54.63322812,1389.457,USER,Fixed,Corrected,None,50, ,BYCODE(0), ,0.013,0.01,0.012,0.017,         BYLAYER,  BYCODE, ,0,Vertical,12/9/2025 9:14, , , , ,1.494,0.838,1.237, , , , 
 ,20251209090910 2025-12-09 9:14:05.250011700 AM,31.83075126,54.63338219,1389.89,USER,Fixed,Corrected,None,51, ,BYCODE(0), ,0.013,0.01,0.012,0.017,         BYLAYER,  BYCODE, ,0,Vertical,12/9/2025 9:14, , , , ,1.494,0.838,1.237, , , , 
 ,20251209090910 2025-12-09 9:14:07.253550800 AM,31.83087473,54.63353787,1390.331,USER,Fixed,Corrected,None,52, ,BYCODE(0), ,0.013,0.01,0.012,0.017,         BYLAYER,  BYCODE, ,0,Vertical,12/9/2025 9:14, , , , ,1.494,0.838,1.237, , , , 
 ,20251209090910 2025-12-09 9:14:09.254878800 AM,31.83099683,54.63369177,1390.73,USER,Fixed,Corrected,None,53, ,BYCODE(0), ,0.013,0.01,0.012,0.017,         BYLAYER,  BYCODE, ,0,Vertical,12/9/2025 9:14, , , , ,1.494,0.838,1.237, , , , 
 ,20251209090910 2025-12-09 9:14:11.241697100 AM,31.83111887,54.63384491,1390.875,USER,Fixed,Corrected,None,54, ,BYCODE(0), ,0.013,0.01,0.012,0.017,         BYLAYER,  BYCODE, ,0,Vertical,12/9/2025 9:14, , , , ,1.494,0.838,1.237, , , , 
 ,20251209090910 2025-12-09 9:14:13.231091300 AM,31.83124093,54.63399979,1391.132,USER,Fixed,Corrected,None,55, ,BYCODE(0), ,0.013,0.01,0.012,0.017,         BYLAYER,  BYCODE, ,0,Vertical,12/9/2025 9:14, , , , ,1.495,0.838,1.237, , , , 
 ,20251209090910 2025-12-09 9:14:15.222521500 AM,31.83136442,54.6341542,1391.537,USER,Fixed,Corrected,None,56, ,BYCODE(0), ,0.013,0.01,0.012,0.017,         BYLAYER,  BYCODE, ,0,Vertical,12/9/2025 9:14, , , , ,1.495,0.838,1.237, , , , 
 ,20251209090910 2025-12-09 9:14:17.209910900 AM,31.83148586,54.63430656,1392.01,USER,Fixed,Corrected,None,57, ,BYCODE(0), ,0.013,0.01,0.012,0.017,         BYLAYER,  BYCODE, ,0,Vertical,12/9/2025 9:14, , , , ,1.495,0.838,1.238, , , , 
 ,20251209090910 2025-12-09 9:14:20.170872700 AM,31.83157973,54.63446176,1392.274,USER,Fixed,Corrected,None,58, ,BYCODE(0), ,0.013,0.01,0.012,0.017,         BYLAYER,  BYCODE, ,0,Vertical,12/9/2025 9:14, , , , ,1.495,0.838,1.238, , , , 
 ,20251209090910 2025-12-09 9:14:23.534245500 AM,31.83143276,54.63461032,1391.003,USER,Fixed,Corrected,None,59, ,BYCODE(0), ,0.013,0.01,0.012,0.017,         BYLAYER,  BYCODE, ,0,Vertical,12/9/2025 9:14, , , , ,1.495,0.838,1.238, , , , 
 ,20251209090910 2025-12-09 9:14:25.923876300 AM,31.83132363,54.63466805,1390.507,USER,Fixed,Corrected,None,60, ,BYCODE(0), ,0.014,0.01,0.012,0.017,         BYLAYER,  BYCODE, ,0,Vertical,12/9/2025 9:14, , , , ,1.495,0.838,1.238, , , , 
 ,20251209090910 2025-12-09 9:14:28.811950700 AM,31.83118759,54.6345148,1390.063,USER,Fixed,Corrected,None,61, ,BYCODE(0), ,0.013,0.01,0.012,0.017,         BYLAYER,  BYCODE, ,0,Vertical,12/9/2025 9:14, , , , ,1.496,0.838,1.239, , , , 
 ,20251209090910 2025-12-09 9:14:30.806978200 AM,31.83106225,54.6343589,1389.901,USER,Fixed,Corrected,None,62, ,BYCODE(0), ,0.013,0.01,0.012,0.017,         BYLAYER,  BYCODE, ,0,Vertical,12/9/2025 9:14, , , , ,1.496,0.838,1.239, , , , 
 ,20251209090910 2025-12-09 9:14:32.802293800 AM,31.83094075,54.63420507,1389.829,USER,Fixed,Corrected,None,63, ,BYCODE(0), ,0.013,0.01,0.012,0.017,         BYLAYER,  BYCODE, ,0,Vertical,12/9/2025 9:14, , , , ,1.496,0.838,1.239, , , , 
 ,20251209090910 2025-12-09 9:14:34.791102200 AM,31.83081912,54.63405328,1389.503,USER,Fixed,Corrected,None,64, ,BYCODE(0), ,0.013,0.01,0.012,0.017,         BYLAYER,  BYCODE, ,0,Vertical,12/9/2025 9:14, , , , ,1.496,0.838,1.239, , , , 
 ,20251209090910 2025-12-09 9:14:36.784096700 AM,31.83069568,54.6338994,1389.28,USER,Fixed,Corrected,None,65, ,BYCODE(0), ,0.013,0.01,0.012,0.017,         BYLAYER,  BYCODE, ,0,Vertical,12/9/2025 9:14, , , , ,1.496,0.838,1.239, , , , 
 ,20251209090910 2025-12-09 9:14:38.756451600 AM,31.83057424,54.63374798,1389.039,USER,Fixed,Corrected,None,66, ,BYCODE(0), ,0.013,0.01,0.012,0.017,         BYLAYER,  BYCODE, ,0,Vertical,12/9/2025 9:14, , , , ,1.496,0.838,1.239, , , , 
 ,20251209090910 2025-12-09 9:14:40.745495300 AM,31.83045196,54.63359456,1388.726,USER,Fixed,Corrected,None,67, ,BYCODE(0), ,0.013,0.01,0.012,0.017,         BYLAYER,  BYCODE, ,0,Vertical,12/9/2025 9:14, , , , ,1.496,0.838,1.239, , , , 
 ,20251209090910 2025-12-09 9:14:42.736563000 AM,31.83032949,54.63344146,1388.428,USER,Fixed,Corrected,None,68, ,BYCODE(0), ,0.013,0.01,0.012,0.017,         BYLAYER,  BYCODE, ,0,Vertical,12/9/2025 9:14, , , , ,1.496,0.838,1.24, , , , 
 ,20251209090910 2025-12-09 9:14:44.721439600 AM,31.83020687,54.63328823,1388.207,USER,Fixed,Corrected,None,69, ,BYCODE(0), ,0.013,0.01,0.012,0.017,         BYLAYER,  BYCODE, ,0,Vertical,12/9/2025 9:14, , , , ,1.496,0.838,1.24, , , , 
 ,20251209090910 2025-12-09 9:14:46.712564200 AM,31.83008474,54.63313441,1387.981,USER,Fixed,Corrected,None,70, ,BYCODE(0), ,0.013,0.01,0.012,0.017,         BYLAYER,  BYCODE, ,0,Vertical,12/9/2025 9:14, , , , ,1.497,0.838,1.24, , , , 
 ,20251209090910 2025-12-09 9:14:48.703727000 AM,31.82996231,54.63298077,1387.667,USER,Fixed,Corrected,None,71, ,BYCODE(0), ,0.013,0.01,0.012,0.017,         BYLAYER,  BYCODE, ,0,Vertical,12/9/2025 9:14, , , , ,1.497,0.838,1.24, , , , 
 ,20251209090910 2025-12-09 9:14:50.695288700 AM,31.82983973,54.63282735,1387.486,USER,Fixed,Corrected,None,72, ,BYCODE(0), ,0.013,0.01,0.012,0.017,         BYLAYER,  BYCODE, ,0,Vertical,12/9/2025 9:14, , , , ,1.497,0.838,1.24, , , , 
 ,20251209090910 2025-12-09 9:14:52.686721300 AM,31.82971652,54.6326733,1387.246,USER,Fixed,Corrected,None,73, ,BYCODE(0), ,0.013,0.01,0.012,0.017,         BYLAYER,  BYCODE, ,0,Vertical,12/9/2025 9:14, , , , ,1.497,0.838,1.24, , , , 
 ,20251209090910 2025-12-09 9:14:54.684155900 AM,31.82959268,54.63251743,1387.222,USER,Fixed,Corrected,None,74, ,BYCODE(0), ,0.013,0.01,0.012,0.017,         BYLAYER,  BYCODE, ,0,Vertical,12/9/2025 9:14, , , , ,1.497,0.838,1.241, , , , 
 ,20251209090910 2025-12-09 9:14:56.673393700 AM,31.82947048,54.63236467,1387.08,USER,Fixed,Corrected,None,75, ,BYCODE(0), ,0.013,0.01,0.012,0.017,         BYLAYER,  BYCODE, ,0,Vertical,12/9/2025 9:14, , , , ,1.497,0.838,1.241, , , , 
 ,20251209090910 2025-12-09 9:14:58.664348600 AM,31.82934793,54.6322113,1386.769,USER,Fixed,Corrected,None,76, ,BYCODE(0), ,0.013,0.01,0.012,0.017,         BYLAYER,  BYCODE, ,0,Vertical,12/9/2025 9:14, , , , ,1.497,0.838,1.241, , , , 
 ,20251209090910 2025-12-09 9:15:01.056260600 AM,31.82922812,54.6320666,1386.652,USER,Fixed,Corrected,None,77, ,BYCODE(0), ,0.013,0.01,0.012,0.017,         BYLAYER,  BYCODE, ,0,Vertical,12/9/2025 9:15, , , , ,1.497,0.838,1.241, , , , 
 ,20251209090910 2025-12-09 9:15:02.016964200 AM,31.82918865,54.6320538,1386.586,USER,Fixed,Corrected,None,78, ,BYCODE(0), ,0.013,0.01,0.012,0.017,         BYLAYER,  BYCODE, ,0,Vertical,12/9/2025 9:15, , , , ,1.498,0.838,1.241, , , , 
 ,20251209090910 2025-12-09 9:15:04.944536400 AM,31.8290224,54.63215833,1385.639,USER,Partial,Corrected,None,79, ,BYCODE(0), ,0.013,0.01,0.012,0.017,         BYLAYER,  BYCODE, ,0,Vertical,12/9/2025 9:15, , , , ,1.498,0.838,1.241, , , , 
 ,20251209090910 2025-12-09 9:15:07.605003600 AM,31.82893475,54.63225185,1385.685,USER,Fixed,Corrected,None,80, ,BYCODE(0), ,0.013,0.01,0.012,0.017,         BYLAYER,  BYCODE, ,0,Vertical,12/9/2025 9:15, , , , ,1.498,0.838,1.242, , , , 
 ,20251209090910 2025-12-09 9:15:10.710049600 AM,31.82905807,54.63242271,1385.606,USER,Fixed,Corrected,None,81, ,BYCODE(0), ,0.013,0.01,0.012,0.017,         BYLAYER,  BYCODE, ,0,Vertical,12/9/2025 9:15, , , , ,1.498,0.838,1.242, , , , 
 ,20251209090910 2025-12-09 9:15:12.701089400 AM,31.82918012,54.63258075,1385.672,USER,Fixed,Corrected,None,82, ,BYCODE(0), ,0.013,0.01,0.012,0.017,         BYLAYER,  BYCODE, ,0,Vertical,12/9/2025 9:15, , , , ,1.498,0.838,1.242, , , , 
 ,20251209090910 2025-12-09 9:15:14.704598900 AM,31.8293016,54.63273404,1385.909,USER,Fixed,Corrected,None,83, ,BYCODE(0), ,0.013,0.01,0.012,0.017,         BYLAYER,  BYCODE, ,0,Vertical,12/9/2025 9:15, , , , ,1.498,0.838,1.242, , , , 
 ,20251209090910 2025-12-09 9:15:16.695630300 AM,31.82942357,54.63288649,1385.957,USER,Fixed,Corrected,None,84, ,BYCODE(0), ,0.013,0.01,0.012,0.017,         BYLAYER,  BYCODE, ,0,Vertical,12/9/2025 9:15, , , , ,1.498,0.838,1.242, , , , 
 ,20251209090910 2025-12-09 9:15:18.665849200 AM,31.82954396,54.63303874,1386.178,USER,Fixed,Corrected,None,85, ,BYCODE(0), ,0.013,0.01,0.012,0.017,         BYLAYER,  BYCODE, ,0,Vertical,12/9/2025 9:15, , , , ,1.499,0.838,1.242, , , , 
 ,20251209090910 2025-12-09 9:15:20.688077700 AM,31.82966851,54.63319501,1386.551,USER,Fixed,Corrected,None,86, ,BYCODE(0), ,0.014,0.01,0.012,0.017,         BYLAYER,  BYCODE, ,0,Vertical,12/9/2025 9:15, , , , ,1.499,0.838,1.243, , , , 
 ,20251209090910 2025-12-09 9:15:22.648228600 AM,31.82978939,54.63334662,1386.933,USER,Partial,Corrected,None,87, ,BYCODE(0), ,0.013,0.01,0.012,0.017,         BYLAYER,  BYCODE, ,0,Vertical,12/9/2025 9:15, , , , ,1.499,0.838,1.243, , , , 
 ,20251209090910 2025-12-09 9:15:24.674512900 AM,31.82991399,54.63350308,1387.25,USER,Partial,Corrected,None,88, ,BYCODE(0), ,0.013,0.01,0.012,0.017,         BYLAYER,  BYCODE, ,0,Vertical,12/9/2025 9:15, , , , ,1.499,0.838,1.243, , , , 
 ,20251209090910 2025-12-09 9:15:26.642677300 AM,31.8300342,54.63365536,1387.529,USER,Fixed,Corrected,None,89, ,BYCODE(0), ,0.013,0.01,0.012,0.017,         BYLAYER,  BYCODE, ,0,Vertical,12/9/2025 9:15, , , , ,1.499,0.838,1.243, , , , 
 ,20251209090910 2025-12-09 9:15:28.633612200 AM,31.83015638,54.6338094,1387.769,USER,Fixed,Corrected,None,90, ,BYCODE(0), ,0.013,0.01,0.012,0.017,         BYLAYER,  BYCODE, ,0,Vertical,12/9/2025 9:15, , , , ,1.499,0.838,1.243, , , , 
 ,20251209090910 2025-12-09 9:15:30.628562000 AM,31.83027964,54.63396419,1388.08,USER,Fixed,Corrected,None,91, ,BYCODE(0), ,0.013,0.01,0.012,0.017,         BYLAYER,  BYCODE, ,0,Vertical,12/9/2025 9:15, , , , ,1.499,0.838,1.243, , , , 
 ,20251209090910 2025-12-09 9:15:32.617603800 AM,31.83040224,54.63411786,1388.418,USER,Fixed,Corrected,None,92, ,BYCODE(0), ,0.013,0.01,0.012,0.017,         BYLAYER,  BYCODE, ,0,Vertical,12/9/2025 9:15, , , , ,1.499,0.838,1.243, , , , 
 ,20251209090910 2025-12-09 9:15:34.606454600 AM,31.83052483,54.63427183,1388.653,USER,Fixed,Corrected,None,93, ,BYCODE(0), ,0.013,0.01,0.012,0.017,         BYLAYER,  BYCODE, ,0,Vertical,12/9/2025 9:15, , , , ,1.499,0.838,1.244, , , , 
 ,20251209090910 2025-12-09 9:15:36.601516500 AM,31.83064737,54.63442502,1388.76,USER,Fixed,Corrected,None,94, ,BYCODE(0), ,0.013,0.01,0.012,0.017,         BYLAYER,  BYCODE, ,0,Vertical,12/9/2025 9:15, , , , ,1.5,0.838,1.244, , , , 
 ,20251209090910 2025-12-09 9:15:38.592593200 AM,31.83076951,54.63457828,1388.926,USER,Fixed,Corrected,None,95, ,BYCODE(0), ,0.013,0.01,0.012,0.017,         BYLAYER,  BYCODE, ,0,Vertical,12/9/2025 9:15, , , , ,1.5,0.838,1.244, , , , 
 ,20251209090910 2025-12-09 9:15:40.586086300 AM,31.83089171,54.63473196,1389.003,USER,Fixed,Corrected,None,96, ,BYCODE(0), ,0.013,0.01,0.012,0.017,         BYLAYER,  BYCODE, ,0,Vertical,12/9/2025 9:15, , , , ,1.5,0.838,1.244, , , , 
 ,20251209090910 2025-12-09 9:15:42.812832800 AM,31.83100652,54.63488023,1389.232,USER,Partial,Corrected,None,97, ,BYCODE(0), ,0.013,0.01,0.012,0.017,         BYLAYER,  BYCODE, ,0,Vertical,12/9/2025 9:15, , , , ,1.5,0.838,1.244, , , , 
 ,20251209090910 2025-12-09 9:15:44.372373600 AM,31.83102129,54.63494233,1389.449,USER,Fixed,Corrected,None,98, ,BYCODE(0), ,0.013,0.01,0.012,0.017,         BYLAYER,  BYCODE, ,0,Vertical,12/9/2025 9:15, , , , ,1.5,0.838,1.244, , , , 
 ,20251209090910 2025-12-09 9:15:47.539629000 AM,31.83087578,54.63508413,1389.363,USER,Fixed,Corrected,None,99, ,BYCODE(0), ,0.013,0.01,0.012,0.017,         BYLAYER,  BYCODE, ,0,Vertical,12/9/2025 9:15, , , , ,1.5,0.838,1.245, , , , 
 ,20251209090910 2025-12-09 9:15:49.895588900 AM,31.83076852,54.63514043,1389.342,USER,Fixed,Corrected,None,100, ,BYCODE(0), ,0.013,0.01,0.012,0.017,         BYLAYER,  BYCODE, ,0,Vertical,12/9/2025 9:15, , , , ,1.5,0.838,1.245, , , , 
 ,20251209063040 2025-12-09 6:39:31.133189200 AM,31.85530334,54.60741397,1392.921,USER,Fixed,Corrected,None,178, ,BYCODE(0), ,0.015,0.013,0.014,0.02,         BYLAYER,  BYCODE, ,0,Vertical,12/9/2025 6:39, , , , ,1.322,0.773,1.073, , , , 
 ,20251209081532 2025-12-09 8:32:35.292197700 AM,31.83273205,54.63008602,1383.586,USER,Fixed,Corrected,None,380, ,BYCODE(0), ,0.014,0.011,0.012,0.017,         BYLAYER,  BYCODE, ,0,Vertical,12/9/2025 8:32, , , , ,1.196,0.628,1.018, , , , 
 ,20251209081532 2025-12-09 8:28:27.440332900 AM,31.8340589,54.6282687,1383.231,USER,Fixed,Corrected,None,264, ,BYCODE(0), ,0.013,0.01,0.012,0.017,         BYLAYER,  BYCODE, ,0,Vertical,12/9/2025 8:28, , , , ,1.202,0.631,1.023, , , , 
 ,20251209073132 2025-12-09 7:45:36.369220000 AM,31.8408147,54.62339508,1387.667,USER,Fixed,Corrected,None,300, ,BYCODE(0), ,0.013,0.011,0.011,0.016,         BYLAYER,  BYCODE, ,0,Vertical,12/9/2025 7:45, , , , ,1.276,0.649,1.098, , , , 
 ,20251209090910 2025-12-09 9:17:45.670141900 AM,31.8301915,54.63460792,1389.088,USER,Partial,Corrected,None,101, ,BYCODE(0), ,0.013,0.01,0.012,0.016,         BYLAYER,  BYCODE, ,0,Vertical,12/9/2025 9:17, , , , ,1.437,0.785,1.204, , , , 
 ,20251209090910 2025-12-09 9:18:18.058051100 AM,31.8306468,54.63499196,1387.458,USER,Partial,Corrected,None,102, ,BYCODE(0), ,0.013,0.01,0.012,0.017,         BYLAYER,  BYCODE, ,0,Vertical,12/9/2025 9:18, , , , ,1.439,0.784,1.206, , , , 
 ,20251209090910 2025-12-09 9:18:19.878787800 AM,31.83054808,54.63486715,1387.289,USER,Fixed,Corrected,None,103, ,BYCODE(0), ,0.013,0.01,0.012,0.017,         BYLAYER,  BYCODE, ,0,Vertical,12/9/2025 9:18, , , , ,1.439,0.784,1.206, , , , 
 ,20251209090910 2025-12-09 9:18:21.867652900 AM,31.83042497,54.63471143,1387.017,USER,Fixed,Corrected,None,104, ,BYCODE(0), ,0.013,0.01,0.012,0.017,         BYLAYER,  BYCODE, ,0,Vertical,12/9/2025 9:18, , , , ,1.439,0.784,1.207, , , , 
 ,20251209090910 2025-12-09 9:18:23.844232800 AM,31.83030407,54.6345598,1386.892,USER,Fixed,Corrected,None,105, ,BYCODE(0), ,0.013,0.01,0.012,0.017,         BYLAYER,  BYCODE, ,0,Vertical,12/9/2025 9:18, , , , ,1.439,0.784,1.207, , , , 
 ,20251209090910 2025-12-09 9:18:25.852004100 AM,31.83017998,54.63440632,1386.7,USER,Fixed,Corrected,None,106, ,BYCODE(0), ,0.013,0.01,0.012,0.017,         BYLAYER,  BYCODE, ,0,Vertical,12/9/2025 9:18, , , , ,1.439,0.784,1.207, , , , 
 ,20251209090910 2025-12-09 9:18:27.838864600 AM,31.83005683,54.63425339,1386.689,USER,Fixed,Corrected,None,107, ,BYCODE(0), ,0.013,0.01,0.012,0.017,         BYLAYER,  BYCODE, ,0,Vertical,12/9/2025 9:18, , , , ,1.439,0.784,1.207, , , , 
 ,20251209090910 2025-12-09 9:18:29.825933900 AM,31.82993348,54.63409948,1386.678,USER,Fixed,Corrected,None,108, ,BYCODE(0), ,0.013,0.01,0.012,0.017,         BYLAYER,  BYCODE, ,0,Vertical,12/9/2025 9:18, , , , ,1.44,0.784,1.207, , , , 
 ,20251209090910 2025-12-09 9:18:31.817039300 AM,31.82981051,54.63394578,1386.436,USER,Fixed,Corrected,None,109, ,BYCODE(0), ,0.013,0.01,0.012,0.017,         BYLAYER,  BYCODE, ,0,Vertical,12/9/2025 9:18, , , , ,1.44,0.784,1.207, , , , 
 ,20251209090910 2025-12-09 9:18:33.805830700 AM,31.82968844,54.63379263,1386.149,USER,Fixed,Corrected,None,110, ,BYCODE(0), ,0.013,0.01,0.012,0.017,         BYLAYER,  BYCODE, ,0,Vertical,12/9/2025 9:18, , , , ,1.44,0.784,1.208, , , , 
 ,20251209090910 2025-12-09 9:18:35.807465800 AM,31.82956566,54.63363703,1385.638,USER,Fixed,Corrected,None,111, ,BYCODE(0), ,0.013,0.01,0.012,0.017,         BYLAYER,  BYCODE, ,0,Vertical,12/9/2025 9:18, , , , ,1.44,0.784,1.208, , , , 
 ,20251209090910 2025-12-09 9:18:37.798505100 AM,31.82944326,54.6334823,1385.15,USER,Fixed,Corrected,None,112, ,BYCODE(0), ,0.013,0.01,0.012,0.017,         BYLAYER,  BYCODE, ,0,Vertical,12/9/2025 9:18, , , , ,1.44,0.784,1.208, , , , 
 ,20251209090910 2025-12-09 9:18:39.789443300 AM,31.82932057,54.63332844,1384.908,USER,Fixed,Corrected,None,113, ,BYCODE(0), ,0.013,0.01,0.012,0.017,         BYLAYER,  BYCODE, ,0,Vertical,12/9/2025 9:18, , , , ,1.44,0.784,1.208, , , , 
 ,20251209090910 2025-12-09 9:18:41.786793000 AM,31.82919738,54.63317414,1384.599,USER,Fixed,Corrected,None,114, ,BYCODE(0), ,0.013,0.01,0.012,0.017,         BYLAYER,  BYCODE, ,0,Vertical,12/9/2025 9:18, , , , ,1.44,0.784,1.208, , , , 
 ,20251209090910 2025-12-09 9:18:43.775603300 AM,31.82907382,54.63301973,1384.353,USER,Fixed,Corrected,None,115, ,BYCODE(0), ,0.013,0.01,0.012,0.017,         BYLAYER,  BYCODE, ,0,Vertical,12/9/2025 9:18, , , , ,1.44,0.784,1.208, , , , 
 ,20251209090910 2025-12-09 9:18:45.766472100 AM,31.82895083,54.63286539,1384.329,USER,Fixed,Corrected,None,116, ,BYCODE(0), ,0.013,0.01,0.012,0.017,         BYLAYER,  BYCODE, ,0,Vertical,12/9/2025 9:18, , , , ,1.441,0.784,1.208, , , , 
 ,20251209090910 2025-12-09 9:18:47.757417200 AM,31.82882786,54.6327119,1384.326,USER,Fixed,Corrected,None,117, ,BYCODE(0), ,0.013,0.01,0.012,0.017,         BYLAYER,  BYCODE, ,0,Vertical,12/9/2025 9:18, , , , ,1.441,0.784,1.209, , , , 
 ,20251209090910 2025-12-09 9:18:49.752490000 AM,31.82870549,54.63255873,1384.211,USER,Fixed,Corrected,None,118, ,BYCODE(0), ,0.013,0.01,0.012,0.017,         BYLAYER,  BYCODE, ,0,Vertical,12/9/2025 9:18, , , , ,1.441,0.784,1.209, , , , 
 ,20251209090910 2025-12-09 9:18:52.190203200 AM,31.82860304,54.63247225,1383.916,USER,Fixed,Corrected,None,119, ,BYCODE(0), ,0.013,0.01,0.012,0.017,         BYLAYER,  BYCODE, ,0,Vertical,12/9/2025 9:18, , , , ,1.441,0.784,1.209, , , , 
 ,20251209090910 2025-12-09 9:18:55.119875900 AM,31.82843669,54.63257862,1383.114,USER,Fixed,Corrected,None,120, ,BYCODE(0), ,0.013,0.01,0.012,0.017,         BYLAYER,  BYCODE, ,0,Vertical,12/9/2025 9:18, , , , ,1.441,0.784,1.209, , , , 
 ,20251209090910 2025-12-09 9:18:57.774377800 AM,31.82835066,54.63267042,1383.239,USER,Fixed,Corrected,None,121, ,BYCODE(0), ,0.013,0.01,0.012,0.017,         BYLAYER,  BYCODE, ,0,Vertical,12/9/2025 9:18, , , , ,1.441,0.784,1.209, , , , 
 ,20251209090910 2025-12-09 9:19:00.900011500 AM,31.82847409,54.63284184,1383.204,USER,Fixed,Corrected,None,122, ,BYCODE(0), ,0.013,0.01,0.012,0.017,         BYLAYER,  BYCODE, ,0,Vertical,12/9/2025 9:19, , , , ,1.441,0.784,1.21, , , , 
 ,20251209090910 2025-12-09 9:19:02.868132400 AM,31.82859746,54.63299886,1382.96,USER,Fixed,Corrected,None,123, ,BYCODE(0), ,0.013,0.01,0.012,0.016,         BYLAYER,  BYCODE, ,0,Vertical,12/9/2025 9:19, , , , ,1.442,0.784,1.21, , , , 
 ,20251209090910 2025-12-09 9:19:04.863149400 AM,31.82871987,54.63315329,1383.242,USER,Fixed,Corrected,None,124, ,BYCODE(0), ,0.013,0.01,0.012,0.016,         BYLAYER,  BYCODE, ,0,Vertical,12/9/2025 9:19, , , , ,1.442,0.784,1.21, , , , 
 ,20251209090910 2025-12-09 9:19:06.870735400 AM,31.82884417,54.6333087,1383.505,USER,Fixed,Corrected,None,125, ,BYCODE(0), ,0.013,0.01,0.012,0.016,         BYLAYER,  BYCODE, ,0,Vertical,12/9/2025 9:19, , , , ,1.442,0.784,1.21, , , , 
 ,20251209090910 2025-12-09 9:19:08.861800400 AM,31.8289663,54.63346207,1383.789,USER,Fixed,Corrected,None,126, ,BYCODE(0), ,0.013,0.01,0.012,0.016,         BYLAYER,  BYCODE, ,0,Vertical,12/9/2025 9:19, , , , ,1.442,0.784,1.21, , , , 
 ,20251209090910 2025-12-09 9:19:10.855009600 AM,31.82908876,54.63361483,1384.128,USER,Fixed,Corrected,None,127, ,BYCODE(0), ,0.013,0.01,0.012,0.016,         BYLAYER,  BYCODE, ,0,Vertical,12/9/2025 9:19, , , , ,1.442,0.784,1.21, , , , 
 ,20251209090910 2025-12-09 9:19:12.848262300 AM,31.82921047,54.63376808,1384.446,USER,Fixed,Corrected,None,128, ,BYCODE(0), ,0.013,0.01,0.012,0.016,         BYLAYER,  BYCODE, ,0,Vertical,12/9/2025 9:19, , , , ,1.442,0.784,1.211, , , , 
 ,20251209090910 2025-12-09 9:19:14.816657500 AM,31.82933082,54.63391956,1384.869,USER,Fixed,Corrected,None,129, ,BYCODE(0), ,0.013,0.01,0.012,0.016,         BYLAYER,  BYCODE, ,0,Vertical,12/9/2025 9:19, , , , ,1.442,0.784,1.211, , , , 
 ,20251209090910 2025-12-09 9:19:16.811798100 AM,31.82945531,54.63407299,1385.23,USER,Fixed,Corrected,None,130, ,BYCODE(0), ,0.013,0.01,0.012,0.016,         BYLAYER,  BYCODE, ,0,Vertical,12/9/2025 9:19, , , , ,1.442,0.784,1.211, , , , 
 ,20251209090910 2025-12-09 9:19:18.815284500 AM,31.82957939,54.63422687,1385.345,USER,Fixed,Corrected,None,131, ,BYCODE(0), ,0.012,0.011,0.013,0.016,         BYLAYER,  BYCODE, ,0,Vertical,12/9/2025 9:19, , , , ,1.443,0.784,1.211, , , , 
 ,20251209090910 2025-12-09 9:19:20.808192000 AM,31.82970293,54.63437992,1385.362,USER,Fixed,Corrected,None,132, ,BYCODE(0), ,0.012,0.011,0.013,0.016,         BYLAYER,  BYCODE, ,0,Vertical,12/9/2025 9:19, , , , ,1.443,0.784,1.211, , , , 
 ,20251209090910 2025-12-09 9:19:22.803499500 AM,31.82982619,54.63453545,1385.476,USER,Fixed,Corrected,None,133, ,BYCODE(0), ,0.012,0.011,0.013,0.016,         BYLAYER,  BYCODE, ,0,Vertical,12/9/2025 9:19, , , , ,1.443,0.784,1.211, , , , 
 ,20251209090910 2025-12-09 9:19:24.796510000 AM,31.82994881,54.63468936,1385.598,USER,Fixed,Corrected,None,134, ,BYCODE(0), ,0.012,0.011,0.013,0.016,         BYLAYER,  BYCODE, ,0,Vertical,12/9/2025 9:19, , , , ,1.443,0.784,1.211, , , , 
 ,20251209090910 2025-12-09 9:19:26.758700100 AM,31.83007036,54.6348413,1385.747,USER,Fixed,Corrected,None,135, ,BYCODE(0), ,0.012,0.011,0.013,0.016,         BYLAYER,  BYCODE, ,0,Vertical,12/9/2025 9:19, , , , ,1.443,0.784,1.212, , , , 
 ,20251209090910 2025-12-09 9:19:28.747542600 AM,31.83019296,54.63499337,1386.134,USER,Fixed,Corrected,None,136, ,BYCODE(0), ,0.012,0.011,0.013,0.016,         BYLAYER,  BYCODE, ,0,Vertical,12/9/2025 9:19, , , , ,1.443,0.784,1.212, , , , 
 ,20251209090910 2025-12-09 9:19:30.748804800 AM,31.83031595,54.63514798,1386.446,USER,Fixed,Corrected,None,137, ,BYCODE(0), ,0.012,0.011,0.013,0.017,         BYLAYER,  BYCODE, ,0,Vertical,12/9/2025 9:19, , , , ,1.443,0.784,1.212, , , , 
 ,20251209090910 2025-12-09 9:19:32.774931200 AM,31.83043632,54.63530177,1386.809,USER,Fixed,Corrected,None,138, ,BYCODE(0), ,0.012,0.011,0.013,0.017,         BYLAYER,  BYCODE, ,0,Vertical,12/9/2025 9:19, , , , ,1.443,0.784,1.212, , , , 
 ,20251209090910 2025-12-09 9:19:35.135241500 AM,31.83048325,54.63540754,1386.77,USER,Fixed,Corrected,None,139, ,BYCODE(0), ,0.012,0.011,0.013,0.017,         BYLAYER,  BYCODE, ,0,Vertical,12/9/2025 9:19, , , , ,1.443,0.784,1.212, , , , 
 ,20251209090910 2025-12-09 9:19:38.300511800 AM,31.83033791,54.63554843,1386.409,USER,Fixed,Corrected,None,140, ,BYCODE(0), ,0.012,0.011,0.013,0.017,         BYLAYER,  BYCODE, ,0,Vertical,12/9/2025 9:19, , , , ,1.444,0.784,1.213, , , , 
 ,20251209081532 2025-12-09 8:29:40.984375700 AM,31.83363811,54.62837005,1383.521,USER,Fixed,Corrected,None,299, ,BYCODE(0), ,0.014,0.01,0.012,0.017,         BYLAYER,  BYCODE, ,0,Vertical,12/9/2025 8:29, , , , ,1.201,0.63,1.022, , , , 
 ,20251209070015 2025-12-09 7:06:51.074031600 AM,31.84869611,54.61242639,1386.437,USER,Partial,Corrected,None,95, ,BYCODE(0), ,0.013,0.012,0.014,0.018,         BYLAYER,  BYCODE, ,0,Vertical,12/9/2025 7:06, , , , ,1.29,0.676,1.099, , , , 
 ,20251209070015 2025-12-09 7:17:13.140364400 AM,31.84708909,54.61917177,1393.131,USER,Partial,Corrected,None,389, ,BYCODE(0), ,0.014,0.011,0.013,0.018,         BYLAYER,  BYCODE, ,0,Vertical,12/9/2025 7:17, , , , ,1.302,0.676,1.112, , , , 
 ,20251209070015 2025-12-09 7:12:16.435798200 AM,31.84689958,54.61479723,1387.669,USER,Partial,Corrected,None,247, ,BYCODE(0), ,0.013,0.012,0.013,0.018,         BYLAYER,  BYCODE, ,0,Vertical,12/9/2025 7:12, , , , ,1.289,0.674,1.099, , , , 
 ,20251209081532 2025-12-09 8:23:25.516567500 AM,31.83812778,54.62879024,1388.912,USER,Fixed,Corrected,None,122, ,BYCODE(0), ,0.013,0.01,0.011,0.016,         BYLAYER,  BYCODE, ,0,Vertical,12/9/2025 8:23, , , , ,1.222,0.638,1.043, , , , 
 ,20251209063040 2025-12-09 6:35:29.957480400 AM,31.85651538,54.60541934,1391.794,USER,Fixed,Corrected,None,63, ,BYCODE(0), ,0.015,0.013,0.014,0.02,         BYLAYER,  BYCODE, ,0,Vertical,12/9/2025 6:35, , , , ,1.315,0.778,1.06, , , , 
 ,20251209073132 2025-12-09 7:39:25.005207500 AM,31.84332824,54.62132755,1392.725,USER,Fixed,Corrected,None,127, ,BYCODE(0), ,0.012,0.01,0.011,0.016,         BYLAYER,  BYCODE, ,0,Vertical,12/9/2025 7:39, , , , ,1.488,0.708,1.308, , , , 
 ,20251209093040 2025-12-09 9:31:45.366826100 AM,31.82860592,54.63492623,1281.566,USER,Fixed,Corrected,None,1, ,BYCODE(0), ,0.013,0.011,0.013,0.017,         BYLAYER,  BYCODE, ,0,Vertical,12/9/2025 9:31, , , , ,1.567,0.754,1.374, , , , 
 ,20251209093040 2025-12-09 9:33:10.279522900 AM,31.83025556,54.63562169,1388.277,USER,Fixed,Corrected,None,2, ,BYCODE(0), ,0.012,0.011,0.011,0.016,         BYLAYER,  BYCODE, ,0,Vertical,12/9/2025 9:33, , , , ,1.337,0.69,1.146, , , , 
 ,20251209093040 2025-12-09 9:33:11.532964900 AM,31.83022708,54.63563573,1388.096,USER,Fixed,Corrected,None,3, ,BYCODE(0), ,0.012,0.01,0.011,0.016,         BYLAYER,  BYCODE, ,0,Vertical,12/9/2025 9:33, , , , ,1.337,0.69,1.146, , , , 
 ,20251209093040 2025-12-09 9:33:14.790365000 AM,31.83009435,54.63546573,1388.042,USER,Fixed,Corrected,None,4, ,BYCODE(0), ,0.012,0.01,0.011,0.016,         BYLAYER,  BYCODE, ,0,Vertical,12/9/2025 9:33, , , , ,1.338,0.69,1.146, , , , 
 ,20251209093040 2025-12-09 9:33:16.779202900 AM,31.82997139,54.63530834,1387.995,USER,Fixed,Corrected,None,5, ,BYCODE(0), ,0.012,0.01,0.011,0.016,         BYLAYER,  BYCODE, ,0,Vertical,12/9/2025 9:33, , , , ,1.338,0.69,1.146, , , , 
 ,20251209093040 2025-12-09 9:33:18.772124800 AM,31.82985027,54.63515508,1388.127,USER,Fixed,Corrected,None,6, ,BYCODE(0), ,0.012,0.011,0.011,0.016,         BYLAYER,  BYCODE, ,0,Vertical,12/9/2025 9:33, , , , ,1.338,0.69,1.147, , , , 
 ,20251209093040 2025-12-09 9:33:20.767058600 AM,31.82972789,54.63500163,1388.171,USER,Fixed,Corrected,None,7, ,BYCODE(0), ,0.012,0.01,0.011,0.016,         BYLAYER,  BYCODE, ,0,Vertical,12/9/2025 9:33, , , , ,1.339,0.69,1.147, , , , 
 ,20251209093040 2025-12-09 9:33:22.761999400 AM,31.82960542,54.63484845,1388.098,USER,Fixed,Corrected,None,8, ,BYCODE(0), ,0.012,0.01,0.011,0.016,         BYLAYER,  BYCODE, ,0,Vertical,12/9/2025 9:33, , , , ,1.339,0.69,1.147, , , , 
 ,20251209093040 2025-12-09 9:33:24.754960300 AM,31.82948301,54.63469452,1388.044,USER,Fixed,Corrected,None,9, ,BYCODE(0), ,0.012,0.01,0.011,0.016,         BYLAYER,  BYCODE, ,0,Vertical,12/9/2025 9:33, , , , ,1.339,0.69,1.147, , , , 
 ,20251209093040 2025-12-09 9:33:26.750013100 AM,31.82936016,54.63454146,1388.002,USER,Fixed,Corrected,None,10, ,BYCODE(0), ,0.012,0.01,0.011,0.016,         BYLAYER,  BYCODE, ,0,Vertical,12/9/2025 9:33, , , , ,1.339,0.69,1.148, , , , 
 ,20251209093040 2025-12-09 9:33:28.745013200 AM,31.82923699,54.63438744,1388.162,USER,Fixed,Corrected,None,11, ,BYCODE(0), ,0.012,0.01,0.011,0.016,         BYLAYER,  BYCODE, ,0,Vertical,12/9/2025 9:33, , , , ,1.34,0.69,1.148, , , , 
 ,20251209093040 2025-12-09 9:33:30.740100100 AM,31.82911427,54.63423256,1388.278,USER,Fixed,Corrected,None,12, ,BYCODE(0), ,0.012,0.01,0.011,0.016,         BYLAYER,  BYCODE, ,0,Vertical,12/9/2025 9:33, , , , ,1.34,0.69,1.148, , , , 
 ,20251209093040 2025-12-09 9:33:32.691803200 AM,31.82899427,54.63408106,1388.022,USER,Fixed,Corrected,None,13, ,BYCODE(0), ,0.012,0.01,0.011,0.016,         BYLAYER,  BYCODE, ,0,Vertical,12/9/2025 9:33, , , , ,1.34,0.69,1.149, , , , 
 ,20251209093040 2025-12-09 9:33:34.715910400 AM,31.82887007,54.63392439,1387.692,USER,Fixed,Corrected,None,14, ,BYCODE(0), ,0.012,0.01,0.011,0.016,         BYLAYER,  BYCODE, ,0,Vertical,12/9/2025 9:33, , , , ,1.34,0.69,1.149, , , , 
 ,20251209093040 2025-12-09 9:33:36.671815400 AM,31.82875025,54.63377369,1387.298,USER,Fixed,Corrected,None,15, ,BYCODE(0), ,0.012,0.01,0.011,0.016,         BYLAYER,  BYCODE, ,0,Vertical,12/9/2025 9:33, , , , ,1.341,0.69,1.149, , , , 
 ,20251209093040 2025-12-09 9:33:38.696041800 AM,31.82862581,54.63361663,1386.924,USER,Fixed,Corrected,None,16, ,BYCODE(0), ,0.012,0.01,0.011,0.016,         BYLAYER,  BYCODE, ,0,Vertical,12/9/2025 9:33, , , , ,1.341,0.69,1.149, , , , 
 ,20251209093040 2025-12-09 9:33:40.653925400 AM,31.82850589,54.63346477,1386.55,USER,Fixed,Corrected,None,17, ,BYCODE(0), ,0.012,0.01,0.011,0.016,         BYLAYER,  BYCODE, ,0,Vertical,12/9/2025 9:33, , , , ,1.341,0.69,1.15, , , , 
 ,20251209093040 2025-12-09 9:33:42.679964800 AM,31.82838108,54.63330773,1386.238,USER,Fixed,Corrected,None,18, ,BYCODE(0), ,0.012,0.01,0.011,0.016,         BYLAYER,  BYCODE, ,0,Vertical,12/9/2025 9:33, , , , ,1.341,0.69,1.15, , , , 
 ,20251209093040 2025-12-09 9:33:44.631815700 AM,31.82826143,54.63315769,1385.997,USER,Fixed,Corrected,None,19, ,BYCODE(0), ,0.012,0.01,0.011,0.016,         BYLAYER,  BYCODE, ,0,Vertical,12/9/2025 9:33, , , , ,1.341,0.69,1.15, , , , 
 ,20251209093040 2025-12-09 9:33:46.630802600 AM,31.82813864,54.63300317,1385.787,USER,Fixed,Corrected,None,20, ,BYCODE(0), ,0.012,0.01,0.011,0.016,         BYLAYER,  BYCODE, ,0,Vertical,12/9/2025 9:33, , , , ,1.342,0.69,1.151, , , , 
 ,20251209093040 2025-12-09 9:33:49.335098700 AM,31.82801826,54.63289328,1385.666,USER,Partial,Corrected,None,21, ,BYCODE(0), ,0.012,0.011,0.011,0.016,         BYLAYER,  BYCODE, ,0,Vertical,12/9/2025 9:33, , , , ,1.342,0.69,1.151, , , , 
 ,20251209093040 2025-12-09 9:33:52.271134100 AM,31.82785367,54.63299596,1384.87,USER,Fixed,Corrected,None,22, ,BYCODE(0), ,0.012,0.011,0.011,0.016,         BYLAYER,  BYCODE, ,0,Vertical,12/9/2025 9:33, , , , ,1.342,0.69,1.151, , , , 
 ,20251209093040 2025-12-09 9:33:54.929677500 AM,31.82776644,54.63309048,1384.643,USER,Partial,Corrected,None,23, ,BYCODE(0), ,0.012,0.011,0.011,0.016,         BYLAYER,  BYCODE, ,0,Vertical,12/9/2025 9:33, , , , ,1.343,0.69,1.152, , , , 
 ,20251209093040 2025-12-09 9:33:58.055368700 AM,31.82788931,54.63326181,1384.754,USER,Partial,Corrected,None,24, ,BYCODE(0), ,0.012,0.01,0.011,0.016,         BYLAYER,  BYCODE, ,0,Vertical,12/9/2025 9:33, , , , ,1.343,0.69,1.152, , , , 
 ,20251209093040 2025-12-09 9:34:00.056740300 AM,31.82801221,54.63341947,1384.582,USER,Fixed,Corrected,None,25, ,BYCODE(0), ,0.012,0.01,0.011,0.016,         BYLAYER,  BYCODE, ,0,Vertical,12/9/2025 9:34, , , , ,1.343,0.69,1.152, , , , 
 ,20251209093040 2025-12-09 9:34:02.010575800 AM,31.82813211,54.63357138,1384.603,USER,Partial,Corrected,None,26, ,BYCODE(0), ,0.012,0.01,0.011,0.016,         BYLAYER,  BYCODE, ,0,Vertical,12/9/2025 9:34, , , , ,1.344,0.69,1.153, , , , 
 ,20251209093040 2025-12-09 9:34:04.032493600 AM,31.82825691,54.63372766,1384.972,USER,Partial,Corrected,None,27, ,BYCODE(0), ,0.012,0.01,0.011,0.016,         BYLAYER,  BYCODE, ,0,Vertical,12/9/2025 9:34, , , , ,1.344,0.69,1.153, , , , 
 ,20251209093040 2025-12-09 9:34:06.023214100 AM,31.82837992,54.63388176,1385.423,USER,Fixed,Corrected,None,28, ,BYCODE(0), ,0.012,0.01,0.011,0.016,         BYLAYER,  BYCODE, ,0,Vertical,12/9/2025 9:34, , , , ,1.344,0.69,1.153, , , , 
 ,20251209093040 2025-12-09 9:34:08.009907500 AM,31.82850243,54.63403556,1385.884,USER,Fixed,Corrected,None,29, ,BYCODE(0), ,0.012,0.01,0.011,0.016,         BYLAYER,  BYCODE, ,0,Vertical,12/9/2025 9:34, , , , ,1.344,0.69,1.153, , , , 
 ,20251209093040 2025-12-09 9:34:10.000649700 AM,31.82862525,54.63418931,1386.064,USER,Fixed,Corrected,None,30, ,BYCODE(0), ,0.012,0.01,0.011,0.016,         BYLAYER,  BYCODE, ,0,Vertical,12/9/2025 9:34, , , , ,1.345,0.691,1.154, , , , 
 ,20251209093040 2025-12-09 9:34:11.989514800 AM,31.82874785,54.63434305,1386.227,USER,Partial,Corrected,None,31, ,BYCODE(0), ,0.012,0.01,0.011,0.016,         BYLAYER,  BYCODE, ,0,Vertical,12/9/2025 9:34, , , , ,1.345,0.691,1.154, , , , 
 ,20251209093040 2025-12-09 9:34:13.980245800 AM,31.82886999,54.63449754,1386.432,USER,Fixed,Corrected,None,32, ,BYCODE(0), ,0.012,0.01,0.011,0.016,         BYLAYER,  BYCODE, ,0,Vertical,12/9/2025 9:34, , , , ,1.345,0.691,1.154, , , , 
 ,20251209093040 2025-12-09 9:34:15.968913800 AM,31.82899193,54.63465106,1386.786,USER,Fixed,Corrected,None,33, ,BYCODE(0), ,0.012,0.01,0.011,0.016,         BYLAYER,  BYCODE, ,0,Vertical,12/9/2025 9:34, , , , ,1.345,0.691,1.154, , , , 
 ,20251209093040 2025-12-09 9:34:17.957587700 AM,31.82911408,54.63480483,1387.14,USER,Fixed,Corrected,None,34, ,BYCODE(0), ,0.012,0.01,0.011,0.016,         BYLAYER,  BYCODE, ,0,Vertical,12/9/2025 9:34, , , , ,1.345,0.691,1.155, , , , 
 ,20251209093040 2025-12-09 9:34:19.938335900 AM,31.82923595,54.6349589,1387.555,USER,Partial,Corrected,None,35, ,BYCODE(0), ,0.012,0.01,0.011,0.016,         BYLAYER,  BYCODE, ,0,Vertical,12/9/2025 9:34, , , , ,1.346,0.691,1.155, , , , 
 ,20251209093040 2025-12-09 9:34:21.931331400 AM,31.82935823,54.63511265,1387.968,USER,Partial,Corrected,None,36, ,BYCODE(0), ,0.012,0.01,0.011,0.016,         BYLAYER,  BYCODE, ,0,Vertical,12/9/2025 9:34, , , , ,1.346,0.691,1.155, , , , 
 ,20251209093040 2025-12-09 9:34:23.928367400 AM,31.82948138,54.63526642,1388.191,USER,Partial,Corrected,None,37, ,BYCODE(0), ,0.012,0.01,0.011,0.016,         BYLAYER,  BYCODE, ,0,Vertical,12/9/2025 9:34, , , , ,1.346,0.691,1.156, , , , 
 ,20251209093040 2025-12-09 9:34:25.917313100 AM,31.82960333,54.63541953,1388.567,USER,Fixed,Corrected,None,38, ,BYCODE(0), ,0.012,0.01,0.011,0.016,         BYLAYER,  BYCODE, ,0,Vertical,12/9/2025 9:34, , , , ,1.346,0.691,1.156, , , , 
 ,20251209093040 2025-12-09 9:34:27.901948200 AM,31.82972524,54.63557366,1388.833,USER,Fixed,Corrected,None,39, ,BYCODE(0), ,0.012,0.01,0.011,0.016,         BYLAYER,  BYCODE, ,0,Vertical,12/9/2025 9:34, , , , ,1.347,0.691,1.156, , , , 
 ,20251209093040 2025-12-09 9:34:29.890975000 AM,31.82984869,54.6357281,1388.915,USER,Fixed,Corrected,None,40, ,BYCODE(0), ,0.012,0.01,0.011,0.016,         BYLAYER,  BYCODE, ,0,Vertical,12/9/2025 9:34, , , , ,1.347,0.691,1.156, , , , 
 ,20251209093040 2025-12-09 9:34:32.918481600 AM,31.82993389,54.63587854,1389.1,USER,Fixed,Corrected,None,41, ,BYCODE(0), ,0.012,0.01,0.011,0.016,         BYLAYER,  BYCODE, ,0,Vertical,12/9/2025 9:34, , , , ,1.347,0.691,1.157, , , , 
 ,20251209093040 2025-12-09 9:34:36.077611900 AM,31.82978846,54.63601832,1388.36,USER,Fixed,Corrected,None,42, ,BYCODE(0), ,0.012,0.01,0.011,0.016,         BYLAYER,  BYCODE, ,0,Vertical,12/9/2025 9:34, , , , ,1.348,0.691,1.157, , , , 
 ,20251209093040 2025-12-09 9:34:38.465081000 AM,31.82968105,54.63607665,1388.21,USER,Partial,Corrected,None,43, ,BYCODE(0), ,0.012,0.01,0.011,0.016,         BYLAYER,  BYCODE, ,0,Vertical,12/9/2025 9:34, , , , ,1.348,0.691,1.158, , , , 
 ,20251209093040 2025-12-09 9:34:41.359246700 AM,31.8295436,54.63592182,1388.097,USER,Fixed,Corrected,None,44, ,BYCODE(0), ,0.012,0.01,0.011,0.016,         BYLAYER,  BYCODE, ,0,Vertical,12/9/2025 9:34, , , , ,1.348,0.691,1.158, , , , 
 ,20251209093040 2025-12-09 9:34:43.354268800 AM,31.8294171,54.63576533,1387.674,USER,Partial,Corrected,None,45, ,BYCODE(0), ,0.012,0.01,0.011,0.016,         BYLAYER,  BYCODE, ,0,Vertical,12/9/2025 9:34, , , , ,1.349,0.691,1.158, , , , 
 ,20251209093040 2025-12-09 9:34:45.316450600 AM,31.82929709,54.63561522,1387.755,USER,Fixed,Corrected,None,46, ,BYCODE(0), ,0.012,0.01,0.011,0.016,         BYLAYER,  BYCODE, ,0,Vertical,12/9/2025 9:34, , , , ,1.349,0.691,1.158, , , , 
 ,20251209093040 2025-12-09 9:34:47.317817700 AM,31.82917395,54.63545934,1387.93,USER,Partial,Corrected,None,47, ,BYCODE(0), ,0.012,0.01,0.011,0.016,         BYLAYER,  BYCODE, ,0,Vertical,12/9/2025 9:34, , , , ,1.349,0.691,1.159, , , , 
 ,20251209093040 2025-12-09 9:34:49.306507800 AM,31.82905143,54.63530523,1387.937,USER,Partial,Corrected,None,48, ,BYCODE(0), ,0.012,0.01,0.011,0.016,         BYLAYER,  BYCODE, ,0,Vertical,12/9/2025 9:34, , , , ,1.349,0.691,1.159, , , , 
 ,20251209093040 2025-12-09 9:34:51.299540000 AM,31.82892949,54.6351531,1387.723,USER,Fixed,Corrected,None,49, ,BYCODE(0), ,0.012,0.01,0.011,0.016,         BYLAYER,  BYCODE, ,0,Vertical,12/9/2025 9:34, , , , ,1.349,0.691,1.159, , , , 
 ,20251209093040 2025-12-09 9:34:53.286139500 AM,31.82880781,54.6349993,1387.545,USER,Fixed,Corrected,None,50, ,BYCODE(0), ,0.012,0.01,0.011,0.016,         BYLAYER,  BYCODE, ,0,Vertical,12/9/2025 9:34, , , , ,1.35,0.691,1.16, , , , 
 ,20251209093040 2025-12-09 9:34:55.287349700 AM,31.8286845,54.63484357,1387.347,USER,Fixed,Corrected,None,51, ,BYCODE(0), ,0.012,0.01,0.011,0.016,         BYLAYER,  BYCODE, ,0,Vertical,12/9/2025 9:34, , , , ,1.35,0.691,1.16, , , , 
 ,20251209093040 2025-12-09 9:34:57.274081500 AM,31.82856241,54.63469043,1387.138,USER,Partial,Corrected,None,52, ,BYCODE(0), ,0.012,0.01,0.011,0.016,         BYLAYER,  BYCODE, ,0,Vertical,12/9/2025 9:34, , , , ,1.35,0.691,1.16, , , , 
 ,20251209093040 2025-12-09 9:34:59.271106000 AM,31.82843913,54.6345352,1386.871,USER,Partial,Corrected,None,53, ,BYCODE(0), ,0.012,0.01,0.011,0.016,         BYLAYER,  BYCODE, ,0,Vertical,12/9/2025 9:34, , , , ,1.35,0.691,1.16, , , , 
 ,20251209093040 2025-12-09 9:35:01.261861800 AM,31.82831646,54.63438135,1386.562,USER,Fixed,Corrected,None,54, ,BYCODE(0), ,0.012,0.01,0.011,0.016,         BYLAYER,  BYCODE, ,0,Vertical,12/9/2025 9:35, , , , ,1.351,0.691,1.161, , , , 
 ,20251209093040 2025-12-09 9:35:03.234100800 AM,31.82819487,54.63422915,1386.298,USER,Fixed,Corrected,None,55, ,BYCODE(0), ,0.012,0.01,0.011,0.016,         BYLAYER,  BYCODE, ,0,Vertical,12/9/2025 9:35, , , , ,1.351,0.691,1.161, , , , 
 ,20251209093040 2025-12-09 9:35:05.222819800 AM,31.82807249,54.6340755,1386.145,USER,Partial,Corrected,None,56, ,BYCODE(0), ,0.012,0.01,0.011,0.016,         BYLAYER,  BYCODE, ,0,Vertical,12/9/2025 9:35, , , , ,1.351,0.691,1.161, , , , 
 ,20251209093040 2025-12-09 9:35:07.211587700 AM,31.82795053,54.63392133,1385.969,USER,Partial,Corrected,None,57, ,BYCODE(0), ,0.012,0.01,0.011,0.016,         BYLAYER,  BYCODE, ,0,Vertical,12/9/2025 9:35, , , , ,1.351,0.691,1.161, , , , 
 ,20251209093040 2025-12-09 9:35:09.243956600 AM,31.82782563,54.6337639,1385.61,USER,Fixed,Corrected,None,58, ,BYCODE(0), ,0.012,0.01,0.011,0.016,         BYLAYER,  BYCODE, ,0,Vertical,12/9/2025 9:35, , , , ,1.352,0.691,1.162, , , , 
 ,20251209093040 2025-12-09 9:35:11.207951100 AM,31.82770539,54.63361242,1385.311,USER,Fixed,Corrected,None,59, ,BYCODE(0), ,0.012,0.01,0.011,0.016,         BYLAYER,  BYCODE, ,0,Vertical,12/9/2025 9:35, , , , ,1.352,0.691,1.162, , , , 
 ,20251209093040 2025-12-09 9:35:13.198801000 AM,31.82758265,54.63345846,1385.2,USER,Fixed,Corrected,None,60, ,BYCODE(0), ,0.012,0.01,0.011,0.016,         BYLAYER,  BYCODE, ,0,Vertical,12/9/2025 9:35, , , , ,1.352,0.691,1.162, , , , 
 ,20251209093040 2025-12-09 9:35:15.713866500 AM,31.82746087,54.63331724,1385.242,USER,Fixed,Corrected,None,61, ,BYCODE(0), ,0.013,0.01,0.011,0.016,         BYLAYER,  BYCODE, ,0,Vertical,12/9/2025 9:35, , , , ,1.352,0.691,1.163, , , , 
 ,20251209093040 2025-12-09 9:35:16.434309500 AM,31.82743019,54.63331104,1385.241,USER,Fixed,Corrected,None,62, ,BYCODE(0), ,0.013,0.01,0.011,0.016,         BYLAYER,  BYCODE, ,0,Vertical,12/9/2025 9:35, , , , ,1.352,0.691,1.163, , , , 
 ,20251209093040 2025-12-09 9:35:19.363832000 AM,31.8272641,54.63341751,1384.73,USER,Fixed,Corrected,None,63, ,BYCODE(0), ,0.013,0.01,0.011,0.016,         BYLAYER,  BYCODE, ,0,Vertical,12/9/2025 9:35, , , , ,1.353,0.691,1.163, , , , 
 ,20251209093040 2025-12-09 9:35:21.999590200 AM,31.82717879,54.63351214,1384.708,USER,Partial,Corrected,None,64, ,BYCODE(0), ,0.013,0.01,0.011,0.016,         BYLAYER,  BYCODE, ,0,Vertical,12/9/2025 9:35, , , , ,1.353,0.691,1.163, , , , 
 ,20251209093040 2025-12-09 9:35:25.120959300 AM,31.82730264,54.63368384,1384.83,USER,Fixed,Corrected,None,65, ,BYCODE(0), ,0.013,0.01,0.011,0.016,         BYLAYER,  BYCODE, ,0,Vertical,12/9/2025 9:35, , , , ,1.353,0.691,1.164, , , , 
 ,20251209093040 2025-12-09 9:35:27.111698200 AM,31.82742448,54.63384218,1384.899,USER,Partial,Corrected,None,66, ,BYCODE(0), ,0.012,0.01,0.011,0.016,         BYLAYER,  BYCODE, ,0,Vertical,12/9/2025 9:35, , , , ,1.354,0.691,1.164, , , , 
 ,20251209093040 2025-12-09 9:35:29.079767700 AM,31.82754473,54.63399415,1385.206,USER,Partial,Corrected,None,67, ,BYCODE(0), ,0.012,0.01,0.011,0.016,         BYLAYER,  BYCODE, ,0,Vertical,12/9/2025 9:35, , , , ,1.354,0.691,1.164, , , , 
 ,20251209093040 2025-12-09 9:35:31.101587500 AM,31.82766924,54.63415152,1385.444,USER,Fixed,Corrected,None,68, ,BYCODE(0), ,0.012,0.01,0.011,0.016,         BYLAYER,  BYCODE, ,0,Vertical,12/9/2025 9:35, , , , ,1.354,0.691,1.165, , , , 
 ,20251209093040 2025-12-09 9:35:33.061517700 AM,31.82779009,54.63430276,1385.885,USER,Fixed,Corrected,None,69, ,BYCODE(0), ,0.012,0.01,0.011,0.016,         BYLAYER,  BYCODE, ,0,Vertical,12/9/2025 9:35, , , , ,1.354,0.691,1.165, , , , 
 ,20251209093040 2025-12-09 9:35:35.054509200 AM,31.8279128,54.63445635,1386.234,USER,Fixed,Corrected,None,70, ,BYCODE(0), ,0.012,0.01,0.011,0.016,         BYLAYER,  BYCODE, ,0,Vertical,12/9/2025 9:35, , , , ,1.355,0.691,1.165, , , , 
 ,20251209093040 2025-12-09 9:35:37.047336300 AM,31.82803488,54.63460999,1386.585,USER,Fixed,Corrected,None,71, ,BYCODE(0), ,0.012,0.01,0.011,0.016,         BYLAYER,  BYCODE, ,0,Vertical,12/9/2025 9:35, , , , ,1.355,0.691,1.165, , , , 
 ,20251209093040 2025-12-09 9:35:39.038096700 AM,31.82815772,54.63476343,1386.746,USER,Partial,Corrected,None,72, ,BYCODE(0), ,0.012,0.01,0.011,0.016,         BYLAYER,  BYCODE, ,0,Vertical,12/9/2025 9:35, , , , ,1.355,0.691,1.166, , , , 
 ,20251209093040 2025-12-09 9:35:41.032931800 AM,31.82828054,54.63491997,1387.071,USER,Partial,Corrected,None,73, ,BYCODE(0), ,0.012,0.01,0.011,0.016,         BYLAYER,  BYCODE, ,0,Vertical,12/9/2025 9:35, , , , ,1.355,0.691,1.166, , , , 
 ,20251209093040 2025-12-09 9:35:43.019388200 AM,31.82840289,54.63507445,1387.332,USER,Partial,Corrected,None,74, ,BYCODE(0), ,0.012,0.01,0.011,0.016,         BYLAYER,  BYCODE, ,0,Vertical,12/9/2025 9:35, , , , ,1.356,0.691,1.166, , , , 
 ,20251209093040 2025-12-09 9:35:45.005863700 AM,31.82852483,54.63522699,1387.344,USER,Partial,Corrected,None,75, ,BYCODE(0), ,0.012,0.01,0.011,0.016,         BYLAYER,  BYCODE, ,0,Vertical,12/9/2025 9:35, , , , ,1.356,0.691,1.166, , , , 
 ,20251209093040 2025-12-09 9:35:46.992484100 AM,31.82864735,54.63538058,1387.297,USER,Partial,Corrected,None,76, ,BYCODE(0), ,0.012,0.01,0.011,0.016,         BYLAYER,  BYCODE, ,0,Vertical,12/9/2025 9:35, , , , ,1.356,0.691,1.167, , , , 
 ,20251209093040 2025-12-09 9:35:48.987345200 AM,31.82876905,54.63553522,1387.225,USER,Partial,Corrected,None,77, ,BYCODE(0), ,0.012,0.01,0.011,0.016,         BYLAYER,  BYCODE, ,0,Vertical,12/9/2025 9:35, , , , ,1.356,0.691,1.167, , , , 
 ,20251209093040 2025-12-09 9:35:50.973935600 AM,31.82889039,54.63568888,1387.369,USER,Partial,Corrected,None,78, ,BYCODE(0), ,0.012,0.01,0.011,0.016,         BYLAYER,  BYCODE, ,0,Vertical,12/9/2025 9:35, , , , ,1.356,0.691,1.167, , , , 
 ,20251209093040 2025-12-09 9:35:52.968850900 AM,31.82901382,54.63584219,1387.556,USER,Fixed,Corrected,None,79, ,BYCODE(0), ,0.012,0.01,0.011,0.016,         BYLAYER,  BYCODE, ,0,Vertical,12/9/2025 9:35, , , , ,1.357,0.691,1.167, , , , 
 ,20251209093040 2025-12-09 9:35:54.959543900 AM,31.82913607,54.63599599,1387.773,USER,Fixed,Corrected,None,80, ,BYCODE(0), ,0.012,0.01,0.011,0.016,         BYLAYER,  BYCODE, ,0,Vertical,12/9/2025 9:35, , , , ,1.357,0.691,1.168, , , , 
 ,20251209093040 2025-12-09 9:35:56.969217800 AM,31.82925892,54.63615099,1387.935,USER,Partial,Corrected,None,81, ,BYCODE(0), ,0.012,0.01,0.011,0.016,         BYLAYER,  BYCODE, ,0,Vertical,12/9/2025 9:35, , , , ,1.357,0.691,1.168, , , , 
 ,20251209093040 2025-12-09 9:35:59.390117200 AM,31.82937565,54.63630311,1388.079,USER,Fixed,Corrected,None,82, ,BYCODE(0), ,0.013,0.01,0.011,0.016,         BYLAYER,  BYCODE, ,0,Vertical,12/9/2025 9:35, , , , ,1.357,0.691,1.168, , , , 
 ,20251209093040 2025-12-09 9:36:00.655941700 AM,31.82938064,54.63634917,1388.079,USER,Partial,Corrected,None,83, ,BYCODE(0), ,0.013,0.01,0.011,0.016,         BYLAYER,  BYCODE, ,0,Vertical,12/9/2025 9:36, , , , ,1.358,0.691,1.168, , , , 
 ,20251209093040 2025-12-09 9:36:03.881948500 AM,31.82922296,54.63646975,1387.554,USER,Fixed,Corrected,None,84, ,BYCODE(0), ,0.013,0.01,0.011,0.016,         BYLAYER,  BYCODE, ,0,Vertical,12/9/2025 9:36, , , , ,1.358,0.691,1.169, , , , 
 ,20251209093040 2025-12-09 9:36:06.244437700 AM,31.82910439,54.63651908,1387.372,USER,Fixed,Corrected,None,85, ,BYCODE(0), ,0.013,0.01,0.011,0.016,         BYLAYER,  BYCODE, ,0,Vertical,12/9/2025 9:36, , , , ,1.362,0.699,1.169, , , , 
 ,20251209093040 2025-12-09 9:36:09.036426500 AM,31.82896824,54.63636611,1387.615,USER,Fixed,Corrected,None,86, ,BYCODE(0), ,0.013,0.01,0.011,0.016,         BYLAYER,  BYCODE, ,0,Vertical,12/9/2025 9:36, , , , ,1.359,0.691,1.17, , , , 
 ,20251209093040 2025-12-09 9:36:11.060513700 AM,31.82884128,54.63620954,1387.424,USER,Fixed,Corrected,None,87, ,BYCODE(0), ,0.012,0.01,0.011,0.016,         BYLAYER,  BYCODE, ,0,Vertical,12/9/2025 9:36, , , , ,1.359,0.691,1.17, , , , 
 ,20251209093040 2025-12-09 9:36:13.018419300 AM,31.82872148,54.63605896,1387.281,USER,Fixed,Corrected,None,88, ,BYCODE(0), ,0.012,0.01,0.011,0.016,         BYLAYER,  BYCODE, ,0,Vertical,12/9/2025 9:36, , , , ,1.359,0.691,1.17, , , , 
 ,20251209093040 2025-12-09 9:36:15.040484200 AM,31.82859746,54.63590205,1387.238,USER,Fixed,Corrected,None,89, ,BYCODE(0), ,0.012,0.01,0.011,0.016,         BYLAYER,  BYCODE, ,0,Vertical,12/9/2025 9:36, , , , ,1.359,0.691,1.17, , , , 
 ,20251209093040 2025-12-09 9:36:17.004497800 AM,31.82847711,54.63575011,1387.19,USER,Fixed,Corrected,None,90, ,BYCODE(0), ,0.012,0.01,0.011,0.016,         BYLAYER,  BYCODE, ,0,Vertical,12/9/2025 9:36, , , , ,1.36,0.691,1.171, , , , 
 ,20251209093040 2025-12-09 9:36:18.993152600 AM,31.8283553,54.63559676,1387.067,USER,Fixed,Corrected,None,91, ,BYCODE(0), ,0.012,0.01,0.011,0.016,         BYLAYER,  BYCODE, ,0,Vertical,12/9/2025 9:36, , , , ,1.36,0.691,1.171, , , , 
 ,20251209093040 2025-12-09 9:36:20.984066500 AM,31.82823338,54.63544296,1386.949,USER,Fixed,Corrected,None,92, ,BYCODE(0), ,0.012,0.01,0.011,0.016,         BYLAYER,  BYCODE, ,0,Vertical,12/9/2025 9:36, , , , ,1.36,0.691,1.171, , , , 
 ,20251209093040 2025-12-09 9:36:22.978971200 AM,31.82811138,54.63528757,1386.814,USER,Partial,Corrected,None,93, ,BYCODE(0), ,0.012,0.01,0.011,0.016,         BYLAYER,  BYCODE, ,0,Vertical,12/9/2025 9:36, , , , ,1.36,0.691,1.171, , , , 
 ,20251209093040 2025-12-09 9:36:24.980080800 AM,31.82798825,54.63513308,1386.857,USER,Partial,Corrected,None,94, ,BYCODE(0), ,0.012,0.01,0.011,0.016,         BYLAYER,  BYCODE, ,0,Vertical,12/9/2025 9:36, , , , ,1.36,0.691,1.172, , , , 
 ,20251209093040 2025-12-09 9:36:26.970976600 AM,31.82786622,54.63497918,1386.784,USER,Fixed,Corrected,None,95, ,BYCODE(0), ,0.012,0.01,0.011,0.016,         BYLAYER,  BYCODE, ,0,Vertical,12/9/2025 9:36, , , , ,1.361,0.691,1.172, , , , 
 ,20251209093040 2025-12-09 9:36:28.965945500 AM,31.82774369,54.63482499,1386.682,USER,Fixed,Corrected,None,96, ,BYCODE(0), ,0.012,0.01,0.011,0.016,         BYLAYER,  BYCODE, ,0,Vertical,12/9/2025 9:36, , , , ,1.361,0.691,1.172, , , , 
 ,20251209093040 2025-12-09 9:36:30.965069100 AM,31.82762056,54.63467151,1386.599,USER,Fixed,Corrected,None,97, ,BYCODE(0), ,0.012,0.01,0.011,0.016,         BYLAYER,  BYCODE, ,0,Vertical,12/9/2025 9:36, , , , ,1.361,0.691,1.172, , , , 
 ,20251209093040 2025-12-09 9:36:32.927069700 AM,31.82750003,54.63452034,1386.399,USER,Fixed,Corrected,None,98, ,BYCODE(0), ,0.013,0.01,0.011,0.016,         BYLAYER,  BYCODE, ,0,Vertical,12/9/2025 9:36, , , , ,1.361,0.691,1.173, , , , 
 ,20251209093040 2025-12-09 9:36:34.922228600 AM,31.82737796,54.63436693,1386.253,USER,Fixed,Corrected,None,99, ,BYCODE(0), ,0.013,0.01,0.011,0.016,         BYLAYER,  BYCODE, ,0,Vertical,12/9/2025 9:36, , , , ,1.361,0.691,1.173, , , , 
 ,20251209093040 2025-12-09 9:36:36.911026700 AM,31.82725505,54.63421242,1386.068,USER,Fixed,Corrected,None,100, ,BYCODE(0), ,0.013,0.01,0.011,0.016,         BYLAYER,  BYCODE, ,0,Vertical,12/9/2025 9:36, , , , ,1.362,0.691,1.173, , , , 
 ,20251209093040 2025-12-09 9:36:38.897707900 AM,31.82713304,54.6340595,1385.969,USER,Fixed,Corrected,None,101, ,BYCODE(0), ,0.013,0.01,0.011,0.016,         BYLAYER,  BYCODE, ,0,Vertical,12/9/2025 9:36, , , , ,1.362,0.691,1.173, , , , 
 ,20251209093040 2025-12-09 9:36:40.884372000 AM,31.82701112,54.63390547,1385.737,USER,Fixed,Corrected,None,102, ,BYCODE(0), ,0.013,0.01,0.011,0.016,         BYLAYER,  BYCODE, ,0,Vertical,12/9/2025 9:36, , , , ,1.358,0.684,1.174, , , , 
 ,20251209093040 2025-12-09 9:36:43.227994200 AM,31.82689195,54.63375741,1385.578,USER,Partial,Corrected,None,103, ,BYCODE(0), ,0.013,0.01,0.011,0.016,         BYLAYER,  BYCODE, ,0,Vertical,12/9/2025 9:36, , , , ,1.359,0.684,1.174, , , , 
 ,20251209093040 2025-12-09 9:36:44.347585700 AM,31.82684596,54.63374147,1385.644,USER,Fixed,Corrected,None,104, ,BYCODE(0), ,0.013,0.01,0.011,0.016,         BYLAYER,  BYCODE, ,0,Vertical,12/9/2025 9:36, , , , ,1.359,0.684,1.174, , , , 
 ,20251209093040 2025-12-09 9:36:47.243918200 AM,31.82668233,54.6338463,1385.656,USER,Fixed,Corrected,None,105, ,BYCODE(0), ,0.013,0.01,0.011,0.016,         BYLAYER,  BYCODE, ,0,Vertical,12/9/2025 9:36, , , , ,1.359,0.684,1.175, , , , 
 ,20251209093040 2025-12-09 9:36:49.860677000 AM,31.82659668,54.63393814,1385.929,USER,Fixed,Corrected,None,106, ,BYCODE(0), ,0.013,0.01,0.011,0.016,         BYLAYER,  BYCODE, ,0,Vertical,12/9/2025 9:36, , , , ,1.359,0.684,1.175, , , , 
 ,20251209093040 2025-12-09 9:36:52.990572700 AM,31.8267179,54.63410836,1385.992,USER,Partial,Corrected,None,107, ,BYCODE(0), ,0.013,0.01,0.011,0.016,         BYLAYER,  BYCODE, ,0,Vertical,12/9/2025 9:36, , , , ,1.36,0.684,1.175, , , , 
 ,20251209093040 2025-12-09 9:36:54.985419000 AM,31.82684038,54.63426857,1386.198,USER,Partial,Corrected,None,108, ,BYCODE(0), ,0.013,0.01,0.011,0.016,         BYLAYER,  BYCODE, ,0,Vertical,12/9/2025 9:36, , , , ,1.36,0.684,1.175, , , , 
 ,20251209093040 2025-12-09 9:36:56.974230300 AM,31.82696095,54.63442189,1386.757,USER,Fixed,Corrected,None,109, ,BYCODE(0), ,0.013,0.01,0.011,0.016,         BYLAYER,  BYCODE, ,0,Vertical,12/9/2025 9:36, , , , ,1.36,0.684,1.176, , , , 
 ,20251209093040 2025-12-09 9:36:58.962931600 AM,31.82708377,54.63457609,1387.11,USER,Fixed,Corrected,None,110, ,BYCODE(0), ,0.013,0.01,0.011,0.016,         BYLAYER,  BYCODE, ,0,Vertical,12/9/2025 9:36, , , , ,1.36,0.684,1.176, , , , 
 ,20251209093040 2025-12-09 9:37:00.953758700 AM,31.82720645,54.63473204,1387.459,USER,Fixed,Corrected,None,111, ,BYCODE(0), ,0.013,0.01,0.011,0.016,         BYLAYER,  BYCODE, ,0,Vertical,12/9/2025 9:37, , , , ,1.361,0.684,1.176, , , , 
 ,20251209093040 2025-12-09 9:37:02.944633700 AM,31.82732763,54.6348852,1387.85,USER,Fixed,Corrected,None,112, ,BYCODE(0), ,0.013,0.01,0.011,0.016,         BYLAYER,  BYCODE, ,0,Vertical,12/9/2025 9:37, , , , ,1.361,0.684,1.176, , , , 
 ,20251209093040 2025-12-09 9:37:04.933307600 AM,31.82744931,54.63503842,1388.006,USER,Fixed,Corrected,None,113, ,BYCODE(0), ,0.013,0.01,0.011,0.016,         BYLAYER,  BYCODE, ,0,Vertical,12/9/2025 9:37, , , , ,1.361,0.684,1.177, , , , 
 ,20251209093040 2025-12-09 9:37:06.922060500 AM,31.82757084,54.6351906,1388.006,USER,Partial,Corrected,None,114, ,BYCODE(0), ,0.013,0.01,0.011,0.016,         BYLAYER,  BYCODE, ,0,Vertical,12/9/2025 9:37, , , , ,1.361,0.684,1.177, , , , 
 ,20251209093040 2025-12-09 9:37:08.939879900 AM,31.82769523,54.63534568,1388.015,USER,Partial,Corrected,None,115, ,BYCODE(0), ,0.013,0.01,0.011,0.016,         BYLAYER,  BYCODE, ,0,Vertical,12/9/2025 9:37, , , , ,1.361,0.684,1.177, , , , 
 ,20251209093040 2025-12-09 9:37:10.897636400 AM,31.82781502,54.63549693,1388.275,USER,Fixed,Corrected,None,116, ,BYCODE(0), ,0.013,0.01,0.011,0.016,         BYLAYER,  BYCODE, ,0,Vertical,12/9/2025 9:37, , , , ,1.362,0.684,1.178, , , , 
 ,20251209093040 2025-12-09 9:37:12.907372700 AM,31.82793761,54.6356522,1388.525,USER,Partial,Corrected,None,117, ,BYCODE(0), ,0.013,0.01,0.011,0.016,         BYLAYER,  BYCODE, ,0,Vertical,12/9/2025 9:37, , , , ,1.362,0.684,1.178, , , , 
 ,20251209093040 2025-12-09 9:37:14.898274200 AM,31.82805927,54.63580577,1388.609,USER,Fixed,Corrected,None,118, ,BYCODE(0), ,0.013,0.01,0.011,0.016,         BYLAYER,  BYCODE, ,0,Vertical,12/9/2025 9:37, , , , ,1.362,0.684,1.178, , , , 
 ,20251209093040 2025-12-09 9:37:16.889025000 AM,31.82818096,54.63595964,1388.725,USER,Fixed,Corrected,None,119, ,BYCODE(0), ,0.013,0.01,0.011,0.016,         BYLAYER,  BYCODE, ,0,Vertical,12/9/2025 9:37, , , , ,1.362,0.684,1.178, , , , 
 ,20251209093040 2025-12-09 9:37:18.875782500 AM,31.82830277,54.63611375,1388.783,USER,Fixed,Corrected,None,120, ,BYCODE(0), ,0.013,0.01,0.011,0.016,         BYLAYER,  BYCODE, ,0,Vertical,12/9/2025 9:37, , , , ,1.363,0.684,1.179, , , , 
 ,20251209093040 2025-12-09 9:37:20.862396000 AM,31.82842455,54.63626785,1388.827,USER,Fixed,Corrected,None,121, ,BYCODE(0), ,0.013,0.01,0.011,0.016,         BYLAYER,  BYCODE, ,0,Vertical,12/9/2025 9:37, , , , ,1.363,0.684,1.179, , , , 
 ,20251209093040 2025-12-09 9:37:22.834396800 AM,31.82854538,54.63642169,1389.018,USER,Fixed,Corrected,None,122, ,BYCODE(0), ,0.013,0.01,0.011,0.016,         BYLAYER,  BYCODE, ,0,Vertical,12/9/2025 9:37, , , , ,1.363,0.684,1.179, , , , 
 ,20251209093040 2025-12-09 9:37:24.858233500 AM,31.82867032,54.63658008,1389.374,USER,Fixed,Corrected,None,123, ,BYCODE(0), ,0.013,0.01,0.011,0.016,         BYLAYER,  BYCODE, ,0,Vertical,12/9/2025 9:37, , , , ,1.363,0.684,1.179, , , , 
 ,20251209093040 2025-12-09 9:37:27.787809100 AM,31.828772,54.63673325,1389.794,USER,Fixed,Corrected,None,124, ,BYCODE(0), ,0.013,0.01,0.011,0.016,         BYLAYER,  BYCODE, ,0,Vertical,12/9/2025 9:37, , , , ,1.364,0.684,1.18, , , , 
 ,20251209093040 2025-12-09 9:37:28.508418100 AM,31.82876406,54.63675731,1389.731,USER,Fixed,Corrected,None,125, ,BYCODE(0), ,0.013,0.01,0.011,0.016,         BYLAYER,  BYCODE, ,0,Vertical,12/9/2025 9:37, , , , ,1.364,0.684,1.18, , , , 
 ,20251209093040 2025-12-09 9:37:31.423941100 AM,31.82860979,54.6368632,1388.565,USER,Fixed,Corrected,None,126, ,BYCODE(0), ,0.013,0.01,0.011,0.016,         BYLAYER,  BYCODE, ,0,Vertical,12/9/2025 9:37, , , , ,1.364,0.684,1.18, , , , 
 ,20251209093040 2025-12-09 9:37:33.801088600 AM,31.8284891,54.63691036,1387.693,USER,Fixed,Corrected,None,127, ,BYCODE(0), ,0.013,0.01,0.011,0.016,         BYLAYER,  BYCODE, ,0,Vertical,12/9/2025 9:37, , , , ,1.364,0.684,1.18, , , , 
 ,20251209093040 2025-12-09 9:37:36.559668500 AM,31.82835526,54.63675731,1387.389,USER,Fixed,Corrected,None,128, ,BYCODE(0), ,0.013,0.01,0.011,0.016,         BYLAYER,  BYCODE, ,0,Vertical,12/9/2025 9:37, , , , ,1.365,0.684,1.181, , , , 
 ,20251209093040 2025-12-09 9:37:38.581621600 AM,31.82822901,54.63659944,1387.356,USER,Fixed,Corrected,None,129, ,BYCODE(0), ,0.013,0.01,0.011,0.016,         BYLAYER,  BYCODE, ,0,Vertical,12/9/2025 9:37, , , , ,1.365,0.684,1.181, , , , 
 ,20251209093040 2025-12-09 9:37:40.537439600 AM,31.82810905,54.6364493,1387.554,USER,Fixed,Corrected,None,130, ,BYCODE(0), ,0.013,0.01,0.011,0.016,         BYLAYER,  BYCODE, ,0,Vertical,12/9/2025 9:37, , , , ,1.365,0.684,1.181, , , , 
 ,20251209093040 2025-12-09 9:37:42.559368800 AM,31.82798479,54.63629325,1387.749,USER,Fixed,Corrected,None,131, ,BYCODE(0), ,0.013,0.01,0.011,0.016,         BYLAYER,  BYCODE, ,0,Vertical,12/9/2025 9:37, , , , ,1.365,0.684,1.182, , , , 
 ,20251209093040 2025-12-09 9:37:44.521404500 AM,31.8278647,54.6361424,1387.773,USER,Fixed,Corrected,None,132, ,BYCODE(0), ,0.013,0.01,0.011,0.016,         BYLAYER,  BYCODE, ,0,Vertical,12/9/2025 9:37, , , , ,1.366,0.684,1.182, , , , 
 ,20251209093040 2025-12-09 9:37:46.543504000 AM,31.82774031,54.63598593,1387.652,USER,Fixed,Corrected,None,133, ,BYCODE(0), ,0.013,0.01,0.011,0.016,         BYLAYER,  BYCODE, ,0,Vertical,12/9/2025 9:37, , , , ,1.366,0.684,1.182, , , , 
 ,20251209093040 2025-12-09 9:37:48.505572100 AM,31.82762,54.63583472,1387.27,USER,Fixed,Corrected,None,134, ,BYCODE(0), ,0.013,0.01,0.011,0.016,         BYLAYER,  BYCODE, ,0,Vertical,12/9/2025 9:37, , , , ,1.366,0.684,1.182, , , , 
 ,20251209093040 2025-12-09 9:37:50.506748900 AM,31.82749649,54.63567995,1387.033,USER,Fixed,Corrected,None,135, ,BYCODE(0), ,0.013,0.01,0.011,0.016,         BYLAYER,  BYCODE, ,0,Vertical,12/9/2025 9:37, , , , ,1.366,0.684,1.183, , , , 
 ,20251209093040 2025-12-09 9:37:52.497587200 AM,31.82737406,54.63552506,1386.997,USER,Fixed,Corrected,None,136, ,BYCODE(0), ,0.013,0.01,0.011,0.016,         BYLAYER,  BYCODE, ,0,Vertical,12/9/2025 9:37, , , , ,1.366,0.684,1.183, , , , 
 ,20251209093040 2025-12-09 9:37:54.484296600 AM,31.82725143,54.63537071,1386.927,USER,Fixed,Corrected,None,137, ,BYCODE(0), ,0.013,0.01,0.011,0.016,         BYLAYER,  BYCODE, ,0,Vertical,12/9/2025 9:37, , , , ,1.367,0.684,1.183, , , , 
 ,20251209093040 2025-12-09 9:37:56.504318000 AM,31.82712659,54.63521488,1386.919,USER,Fixed,Corrected,None,138, ,BYCODE(0), ,0.013,0.01,0.011,0.016,         BYLAYER,  BYCODE, ,0,Vertical,12/9/2025 9:37, , , , ,1.367,0.684,1.183, , , , 
 ,20251209093040 2025-12-09 9:37:58.456232300 AM,31.82700634,54.6350634,1386.731,USER,Fixed,Corrected,None,139, ,BYCODE(0), ,0.013,0.01,0.011,0.016,         BYLAYER,  BYCODE, ,0,Vertical,12/9/2025 9:37, , , , ,1.367,0.684,1.184, , , , 
 ,20251209093040 2025-12-09 9:38:00.455342300 AM,31.8268823,54.63490927,1386.461,USER,Fixed,Corrected,None,140, ,BYCODE(0), ,0.013,0.01,0.011,0.016,         BYLAYER,  BYCODE, ,0,Vertical,12/9/2025 9:38, , , , ,1.367,0.684,1.184, , , , 
 ,20251209093040 2025-12-09 9:38:02.456397100 AM,31.82675879,54.63475389,1386.303,USER,Fixed,Corrected,None,141, ,BYCODE(0), ,0.013,0.01,0.011,0.016,         BYLAYER,  BYCODE, ,0,Vertical,12/9/2025 9:38, , , , ,1.368,0.684,1.184, , , , 
 ,20251209093040 2025-12-09 9:38:04.447246300 AM,31.82663661,54.63459935,1386.174,USER,Fixed,Corrected,None,142, ,BYCODE(0), ,0.013,0.01,0.011,0.016,         BYLAYER,  BYCODE, ,0,Vertical,12/9/2025 9:38, , , , ,1.368,0.684,1.184, , , , 
 ,20251209093040 2025-12-09 9:38:06.438064600 AM,31.82651476,54.6344454,1385.797,USER,Fixed,Corrected,None,143, ,BYCODE(0), ,0.013,0.01,0.011,0.016,         BYLAYER,  BYCODE, ,0,Vertical,12/9/2025 9:38, , , , ,1.368,0.684,1.185, , , , 
 ,20251209093040 2025-12-09 9:38:08.428947900 AM,31.82639193,54.63429093,1385.357,USER,Fixed,Corrected,None,144, ,BYCODE(0), ,0.013,0.01,0.011,0.016,         BYLAYER,  BYCODE, ,0,Vertical,12/9/2025 9:38, , , , ,1.368,0.684,1.185, , , , 
 ,20251209093040 2025-12-09 9:38:11.124921800 AM,31.82626937,54.63416452,1385.058,USER,Fixed,Corrected,None,145, ,BYCODE(0), ,0.013,0.01,0.011,0.016,         BYLAYER,  BYCODE, ,0,Vertical,12/9/2025 9:38, , , , ,1.368,0.684,1.185, , , , 
 ,20251209093040 2025-12-09 9:38:14.310983900 AM,31.82609327,54.634268,1384.545,USER,Fixed,Corrected,None,146, ,BYCODE(0), ,0.013,0.01,0.011,0.016,         BYLAYER,  BYCODE, ,0,Vertical,12/9/2025 9:38, , , , ,1.369,0.684,1.186, , , , 
 ,20251209093040 2025-12-09 9:38:16.944409600 AM,31.82600625,54.63436103,1384.308,USER,Fixed,Corrected,None,147, ,BYCODE(0), ,0.013,0.01,0.011,0.016,         BYLAYER,  BYCODE, ,0,Vertical,12/9/2025 9:38, , , , ,1.369,0.684,1.186, , , , 
 ,20251209093040 2025-12-09 9:38:20.105517100 AM,31.82613142,54.63453433,1383.99,USER,Fixed,Corrected,None,148, ,BYCODE(0), ,0.013,0.01,0.011,0.016,         BYLAYER,  BYCODE, ,0,Vertical,12/9/2025 9:38, , , , ,1.369,0.684,1.186, , , , 
 ,20251209093040 2025-12-09 9:38:22.061221600 AM,31.82625234,54.63469087,1384.009,USER,Fixed,Corrected,None,149, ,BYCODE(0), ,0.013,0.01,0.011,0.016,         BYLAYER,  BYCODE, ,0,Vertical,12/9/2025 9:38, , , , ,1.37,0.684,1.186, , , , 
 ,20251209093040 2025-12-09 9:38:24.060140100 AM,31.82637427,54.63484497,1384.484,USER,Fixed,Corrected,None,150, ,BYCODE(0), ,0.013,0.01,0.011,0.016,         BYLAYER,  BYCODE, ,0,Vertical,12/9/2025 9:38, , , , ,1.37,0.684,1.187, , , , 
 ,20251209093040 2025-12-09 9:38:26.059277500 AM,31.82649667,54.63499934,1384.889,USER,Fixed,Corrected,None,151, ,BYCODE(0), ,0.013,0.01,0.011,0.016,         BYLAYER,  BYCODE, ,0,Vertical,12/9/2025 9:38, , , , ,1.37,0.684,1.187, , , , 
 ,20251209093040 2025-12-09 9:38:28.050073100 AM,31.82661925,54.63515242,1385.449,USER,Fixed,Corrected,None,152, ,BYCODE(0), ,0.013,0.01,0.011,0.016,         BYLAYER,  BYCODE, ,0,Vertical,12/9/2025 9:38, , , , ,1.37,0.684,1.187, , , , 
 ,20251209093040 2025-12-09 9:38:30.042921800 AM,31.82674173,54.63530665,1385.954,USER,Fixed,Corrected,None,153, ,BYCODE(0), ,0.013,0.01,0.011,0.016,         BYLAYER,  BYCODE, ,0,Vertical,12/9/2025 9:38, , , , ,1.371,0.684,1.187, , , , 
 ,20251209093040 2025-12-09 9:38:32.037756200 AM,31.82686462,54.63546223,1386.427,USER,Fixed,Corrected,None,154, ,BYCODE(0), ,0.013,0.01,0.011,0.016,         BYLAYER,  BYCODE, ,0,Vertical,12/9/2025 9:38, , , , ,1.371,0.684,1.188, , , , 
 ,20251209093040 2025-12-09 9:38:34.005725400 AM,31.82698473,54.63561483,1386.721,USER,Fixed,Corrected,None,155, ,BYCODE(0), ,0.013,0.01,0.011,0.016,         BYLAYER,  BYCODE, ,0,Vertical,12/9/2025 9:38, , , , ,1.371,0.684,1.188, , , , 
 ,20251209093040 2025-12-09 9:38:36.000679700 AM,31.82710735,54.63576819,1386.729,USER,Fixed,Corrected,None,156, ,BYCODE(0), ,0.013,0.01,0.011,0.016,         BYLAYER,  BYCODE, ,0,Vertical,12/9/2025 9:38, , , , ,1.371,0.684,1.188, , , , 
 ,20251209093040 2025-12-09 9:38:37.989550600 AM,31.82722966,54.63592171,1386.807,USER,Fixed,Corrected,None,157, ,BYCODE(0), ,0.013,0.01,0.011,0.016,         BYLAYER,  BYCODE, ,0,Vertical,12/9/2025 9:38, , , , ,1.371,0.684,1.188, , , , 
 ,20251209093040 2025-12-09 9:38:39.982379200 AM,31.82735264,54.63607596,1386.786,USER,Fixed,Corrected,None,158, ,BYCODE(0), ,0.013,0.01,0.011,0.016,         BYLAYER,  BYCODE, ,0,Vertical,12/9/2025 9:38, , , , ,1.372,0.684,1.189, , , , 
 ,20251209093040 2025-12-09 9:38:41.983583700 AM,31.8274761,54.63623058,1386.975,USER,Fixed,Corrected,None,159, ,BYCODE(0), ,0.013,0.01,0.011,0.016,         BYLAYER,  BYCODE, ,0,Vertical,12/9/2025 9:38, , , , ,1.372,0.684,1.189, , , , 
 ,20251209093040 2025-12-09 9:38:43.976518400 AM,31.82759771,54.63638297,1387.165,USER,Fixed,Corrected,None,160, ,BYCODE(0), ,0.013,0.01,0.011,0.016,         BYLAYER,  BYCODE, ,0,Vertical,12/9/2025 9:38, , , , ,1.372,0.684,1.189, , , , 
 ,20251209093040 2025-12-09 9:38:45.965167300 AM,31.82772018,54.63653698,1387.314,USER,Fixed,Corrected,None,161, ,BYCODE(0), ,0.013,0.01,0.011,0.016,         BYLAYER,  BYCODE, ,0,Vertical,12/9/2025 9:38, , , , ,1.372,0.684,1.189, , , , 
 ,20251209093040 2025-12-09 9:38:47.953844300 AM,31.82784239,54.63669119,1387.524,USER,Partial,Corrected,None,162, ,BYCODE(0), ,0.013,0.01,0.011,0.016,         BYLAYER,  BYCODE, ,0,Vertical,12/9/2025 9:38, , , , ,1.372,0.685,1.19, , , , 
 ,20251209093040 2025-12-09 9:38:49.942724200 AM,31.82796444,54.63684575,1387.602,USER,Fixed,Corrected,None,163, ,BYCODE(0), ,0.013,0.01,0.011,0.016,         BYLAYER,  BYCODE, ,0,Vertical,12/9/2025 9:38, , , , ,1.373,0.685,1.19, , , , 
 ,20251209093040 2025-12-09 9:38:51.943935200 AM,31.82808733,54.63699862,1387.684,USER,Fixed,Corrected,None,164, ,BYCODE(0), ,0.013,0.01,0.011,0.016,         BYLAYER,  BYCODE, ,0,Vertical,12/9/2025 9:38, , , , ,1.373,0.685,1.19, , , , 
 ,20251209093040 2025-12-09 9:38:54.835826900 AM,31.82815768,54.63713202,1388.03,USER,Fixed,Corrected,None,165, ,BYCODE(0), ,0.013,0.01,0.011,0.016,         BYLAYER,  BYCODE, ,0,Vertical,12/9/2025 9:38, , , , ,1.373,0.685,1.19, , , , 
 ,20251209093040 2025-12-09 9:38:58.063665600 AM,31.82799735,54.63724823,1388.397,USER,Fixed,Corrected,None,166, ,BYCODE(0), ,0.013,0.01,0.011,0.016,         BYLAYER,  BYCODE, ,0,Vertical,12/9/2025 9:38, , , , ,1.374,0.685,1.191, , , , 
 ,20251209093040 2025-12-09 9:39:00.426103800 AM,31.82787595,54.63729525,1388.818,USER,Fixed,Corrected,None,167, ,BYCODE(0), ,0.013,0.01,0.011,0.016,         BYLAYER,  BYCODE, ,0,Vertical,12/9/2025 9:39, , , , ,1.374,0.685,1.191, , , , 
 ,20251209093040 2025-12-09 9:39:03.195513500 AM,31.82774116,54.63714232,1388.604,USER,Fixed,Corrected,None,168, ,BYCODE(0), ,0.013,0.01,0.011,0.016,         BYLAYER,  BYCODE, ,0,Vertical,12/9/2025 9:39, , , , ,1.374,0.685,1.191, , , , 
 ,20251209093040 2025-12-09 9:39:05.197076300 AM,31.8276156,54.63698776,1388.286,USER,Partial,Corrected,None,169, ,BYCODE(0), ,0.013,0.01,0.011,0.016,         BYLAYER,  BYCODE, ,0,Vertical,12/9/2025 9:39, , , , ,1.374,0.685,1.192, , , , 
 ,20251209093040 2025-12-09 9:39:07.183785000 AM,31.8274938,54.63683544,1388.065,USER,Partial,Corrected,None,170, ,BYCODE(0), ,0.013,0.01,0.011,0.016,         BYLAYER,  BYCODE, ,0,Vertical,12/9/2025 9:39, , , , ,1.375,0.685,1.192, , , , 
 ,20251209093040 2025-12-09 9:39:09.191200000 AM,31.82736996,54.63668106,1387.993,USER,Fixed,Corrected,None,171, ,BYCODE(0), ,0.013,0.01,0.011,0.016,         BYLAYER,  BYCODE, ,0,Vertical,12/9/2025 9:39, , , , ,1.375,0.685,1.192, , , , 
 ,20251209093040 2025-12-09 9:39:11.186232300 AM,31.82724697,54.63652689,1387.823,USER,Partial,Corrected,None,172, ,BYCODE(0), ,0.013,0.01,0.011,0.016,         BYLAYER,  BYCODE, ,0,Vertical,12/9/2025 9:39, , , , ,1.375,0.685,1.192, , , , 
 ,20251209093040 2025-12-09 9:39:13.142014700 AM,31.82712667,54.6363757,1387.589,USER,Partial,Corrected,None,173, ,BYCODE(0), ,0.013,0.01,0.011,0.016,         BYLAYER,  BYCODE, ,0,Vertical,12/9/2025 9:39, , , , ,1.375,0.685,1.193, , , , 
 ,20251209093040 2025-12-09 9:39:15.172309600 AM,31.82700168,54.63621896,1387.339,USER,Fixed,Corrected,None,174, ,BYCODE(0), ,0.013,0.01,0.011,0.016,         BYLAYER,  BYCODE, ,0,Vertical,12/9/2025 9:39, , , , ,1.375,0.685,1.193, , , , 
 ,20251209093040 2025-12-09 9:39:17.134316000 AM,31.82688102,54.63606796,1387.171,USER,Fixed,Corrected,None,175, ,BYCODE(0), ,0.013,0.01,0.011,0.016,         BYLAYER,  BYCODE, ,0,Vertical,12/9/2025 9:39, , , , ,1.376,0.685,1.193, , , , 
 ,20251209093040 2025-12-09 9:39:19.137395600 AM,31.82675776,54.63591244,1386.953,USER,Fixed,Corrected,None,176, ,BYCODE(0), ,0.013,0.01,0.011,0.016,         BYLAYER,  BYCODE, ,0,Vertical,12/9/2025 9:39, , , , ,1.376,0.685,1.193, , , , 
 ,20251209093040 2025-12-09 9:39:21.132250500 AM,31.82663536,54.63575847,1386.831,USER,Partial,Corrected,None,177, ,BYCODE(0), ,0.013,0.01,0.011,0.016,         BYLAYER,  BYCODE, ,0,Vertical,12/9/2025 9:39, , , , ,1.376,0.685,1.194, , , , 
 ,20251209093040 2025-12-09 9:39:23.127321500 AM,31.82651224,54.63560476,1386.578,USER,Fixed,Corrected,None,178, ,BYCODE(0), ,0.013,0.01,0.011,0.016,         BYLAYER,  BYCODE, ,0,Vertical,12/9/2025 9:39, , , , ,1.376,0.685,1.194, , , , 
 ,20251209093040 2025-12-09 9:39:25.120135300 AM,31.82638988,54.6354512,1386.414,USER,Fixed,Corrected,None,179, ,BYCODE(0), ,0.013,0.01,0.011,0.016,         BYLAYER,  BYCODE, ,0,Vertical,12/9/2025 9:39, , , , ,1.376,0.685,1.194, , , , 
 ,20251209093040 2025-12-09 9:39:27.106718500 AM,31.8262679,54.63529829,1386.073,USER,Fixed,Corrected,None,180, ,BYCODE(0), ,0.013,0.01,0.011,0.016,         BYLAYER,  BYCODE, ,0,Vertical,12/9/2025 9:39, , , , ,1.377,0.685,1.194, , , , 
 ,20251209093040 2025-12-09 9:39:29.095567700 AM,31.82614557,54.63514489,1385.743,USER,Partial,Corrected,None,181, ,BYCODE(0), ,0.013,0.01,0.011,0.016,         BYLAYER,  BYCODE, ,0,Vertical,12/9/2025 9:39, , , , ,1.377,0.685,1.195, , , , 
 ,20251209093040 2025-12-09 9:39:31.084374000 AM,31.82602307,54.63499129,1385.539,USER,Fixed,Corrected,None,182, ,BYCODE(0), ,0.013,0.01,0.011,0.016,         BYLAYER,  BYCODE, ,0,Vertical,12/9/2025 9:39, , , , ,1.377,0.685,1.195, , , , 
 ,20251209093040 2025-12-09 9:39:33.073199000 AM,31.82590121,54.63483764,1385.399,USER,Fixed,Corrected,None,183, ,BYCODE(0), ,0.013,0.01,0.011,0.016,         BYLAYER,  BYCODE, ,0,Vertical,12/9/2025 9:39, , , , ,1.377,0.685,1.195, , , , 
 ,20251209093040 2025-12-09 9:39:35.068251800 AM,31.82577877,54.63468345,1385.158,USER,Fixed,Corrected,None,184, ,BYCODE(0), ,0.013,0.01,0.011,0.016,         BYLAYER,  BYCODE, ,0,Vertical,12/9/2025 9:39, , , , ,1.378,0.685,1.195, , , , 
 ,20251209093040 2025-12-09 9:39:37.555835200 AM,31.82567068,54.63458856,1385.22,USER,Partial,Corrected,None,185, ,BYCODE(0), ,0.013,0.01,0.011,0.016,         BYLAYER,  BYCODE, ,0,Vertical,12/9/2025 9:39, , , , ,1.378,0.685,1.195, , , , 
 ,20251209093040 2025-12-09 9:39:40.516919900 AM,31.82550372,54.63469256,1384.684,USER,Partial,Corrected,None,186, ,BYCODE(0), ,0.013,0.01,0.012,0.017,         BYLAYER,  BYCODE, ,0,Vertical,12/9/2025 9:39, , , , ,1.378,0.685,1.196, , , , 
 ,20251209093040 2025-12-09 9:39:43.136002500 AM,31.82541596,54.63478421,1384.925,USER,Partial,Corrected,None,187, ,BYCODE(0), ,0.013,0.01,0.011,0.017,         BYLAYER,  BYCODE, ,0,Vertical,12/9/2025 9:39, , , , ,1.378,0.685,1.196, , , , 
 ,20251209093040 2025-12-09 9:39:46.261787700 AM,31.82553737,54.6349544,1384.546,USER,Fixed,Corrected,None,188, ,BYCODE(0), ,0.013,0.01,0.011,0.017,         BYLAYER,  BYCODE, ,0,Vertical,12/9/2025 9:39, , , , ,1.379,0.685,1.197, , , , 
 ,20251209093040 2025-12-09 9:39:48.287881600 AM,31.82566187,54.63511432,1384.54,USER,Fixed,Corrected,None,189, ,BYCODE(0), ,0.013,0.01,0.011,0.016,         BYLAYER,  BYCODE, ,0,Vertical,12/9/2025 9:39, , , , ,1.379,0.685,1.197, , , , 
 ,20251209093040 2025-12-09 9:39:50.245791900 AM,31.82578158,54.6352659,1384.962,USER,Fixed,Corrected,None,190, ,BYCODE(0), ,0.013,0.01,0.011,0.016,         BYLAYER,  BYCODE, ,0,Vertical,12/9/2025 9:39, , , , ,1.379,0.685,1.197, , , , 
 ,20251209093040 2025-12-09 9:39:52.240871900 AM,31.82590424,54.63541939,1385.497,USER,Fixed,Corrected,None,191, ,BYCODE(0), ,0.013,0.01,0.011,0.016,         BYLAYER,  BYCODE, ,0,Vertical,12/9/2025 9:39, , , , ,1.379,0.685,1.197, , , , 
 ,20251209093040 2025-12-09 9:39:54.244355000 AM,31.82602746,54.63557234,1385.946,USER,Fixed,Corrected,None,192, ,BYCODE(0), ,0.013,0.01,0.011,0.016,         BYLAYER,  BYCODE, ,0,Vertical,12/9/2025 9:39, , , , ,1.38,0.685,1.197, , , , 
 ,20251209093040 2025-12-09 9:39:56.235464100 AM,31.82614958,54.6357265,1386.127,USER,Fixed,Corrected,None,193, ,BYCODE(0), ,0.013,0.01,0.011,0.016,         BYLAYER,  BYCODE, ,0,Vertical,12/9/2025 9:39, , , , ,1.38,0.685,1.198, , , , 
 ,20251209093040 2025-12-09 9:39:58.228305100 AM,31.82627216,54.63588075,1386.482,USER,Fixed,Corrected,None,194, ,BYCODE(0), ,0.013,0.01,0.011,0.016,         BYLAYER,  BYCODE, ,0,Vertical,12/9/2025 9:39, , , , ,1.38,0.685,1.198, , , , 
 ,20251209093040 2025-12-09 9:40:00.196324300 AM,31.82639297,54.63603246,1386.856,USER,Fixed,Corrected,None,195, ,BYCODE(0), ,0.013,0.01,0.011,0.016,         BYLAYER,  BYCODE, ,0,Vertical,12/9/2025 9:40, , , , ,1.38,0.685,1.198, , , , 
 ,20251209093040 2025-12-09 9:40:02.185062400 AM,31.82651531,54.6361858,1387.145,USER,Fixed,Corrected,None,196, ,BYCODE(0), ,0.013,0.01,0.011,0.016,         BYLAYER,  BYCODE, ,0,Vertical,12/9/2025 9:40, , , , ,1.38,0.685,1.198, , , , 
 ,20251209093040 2025-12-09 9:40:04.177920300 AM,31.82663731,54.63633941,1387.285,USER,Fixed,Corrected,None,197, ,BYCODE(0), ,0.013,0.01,0.011,0.016,         BYLAYER,  BYCODE, ,0,Vertical,12/9/2025 9:40, , , , ,1.381,0.685,1.199, , , , 
 ,20251209093040 2025-12-09 9:40:06.168688100 AM,31.82675978,54.63649319,1387.355,USER,Fixed,Corrected,None,198, ,BYCODE(0), ,0.013,0.01,0.011,0.016,         BYLAYER,  BYCODE, ,0,Vertical,12/9/2025 9:40, , , , ,1.381,0.685,1.199, , , , 
 ,20251209093040 2025-12-09 9:40:08.159484600 AM,31.82688255,54.6366473,1387.507,USER,Fixed,Corrected,None,199, ,BYCODE(0), ,0.013,0.01,0.011,0.016,         BYLAYER,  BYCODE, ,0,Vertical,12/9/2025 9:40, , , , ,1.381,0.685,1.199, , , , 
 ,20251209093040 2025-12-09 9:40:10.154377200 AM,31.82700504,54.63680175,1387.766,USER,Fixed,Corrected,None,200, ,BYCODE(0), ,0.013,0.01,0.011,0.016,         BYLAYER,  BYCODE, ,0,Vertical,12/9/2025 9:40, , , , ,1.381,0.685,1.199, , , , 
 ,20251209093040 2025-12-09 9:40:12.147538900 AM,31.82712682,54.6369561,1387.979,USER,Fixed,Corrected,None,201, ,BYCODE(0), ,0.013,0.01,0.011,0.016,         BYLAYER,  BYCODE, ,0,Vertical,12/9/2025 9:40, , , , ,1.381,0.685,1.2, , , , 
 ,20251209093040 2025-12-09 9:40:14.142512300 AM,31.82724943,54.63711048,1388.197,USER,Fixed,Corrected,None,202, ,BYCODE(0), ,0.013,0.01,0.011,0.016,         BYLAYER,  BYCODE, ,0,Vertical,12/9/2025 9:40, , , , ,1.382,0.685,1.2, , , , 
 ,20251209093040 2025-12-09 9:40:16.143896300 AM,31.82737298,54.6372659,1388.461,USER,Fixed,Corrected,None,203, ,BYCODE(0), ,0.012,0.011,0.012,0.016,         BYLAYER,  BYCODE, ,0,Vertical,12/9/2025 9:40, , , , ,1.382,0.685,1.2, , , , 
 ,20251209093040 2025-12-09 9:40:18.171949900 AM,31.82749437,54.63741942,1389.033,USER,Fixed,Corrected,None,204, ,BYCODE(0), ,0.012,0.011,0.012,0.016,         BYLAYER,  BYCODE, ,0,Vertical,12/9/2025 9:40, , , , ,1.382,0.685,1.2, , , , 
 ,20251209093040 2025-12-09 9:40:20.561303600 AM,31.82754041,54.63751928,1389.396,USER,Partial,Corrected,None,205, ,BYCODE(0), ,0.012,0.011,0.012,0.016,         BYLAYER,  BYCODE, ,0,Vertical,12/9/2025 9:40, , , , ,1.382,0.685,1.2, , , , 
 ,20251209093040 2025-12-09 9:40:23.820279600 AM,31.82738019,54.6376345,1388.423,USER,Fixed,Corrected,None,206, ,BYCODE(0), ,0.012,0.011,0.012,0.016,         BYLAYER,  BYCODE, ,0,Vertical,12/9/2025 9:40, , , , ,1.383,0.685,1.201, , , , 
 ,20251209093040 2025-12-09 9:40:26.214276300 AM,31.82725689,54.63767986,1388.352,USER,Fixed,Corrected,None,207, ,BYCODE(0), ,0.012,0.011,0.012,0.016,         BYLAYER,  BYCODE, ,0,Vertical,12/9/2025 9:40, , , , ,1.383,0.685,1.201, , , , 
 ,20251209093040 2025-12-09 9:40:28.975050200 AM,31.82712232,54.63752642,1387.904,USER,Fixed,Corrected,None,208, ,BYCODE(0), ,0.012,0.011,0.012,0.016,         BYLAYER,  BYCODE, ,0,Vertical,12/9/2025 9:40, , , , ,1.383,0.685,1.201, , , , 
 ,20251209093040 2025-12-09 9:40:30.963673800 AM,31.8269977,54.63737327,1387.524,USER,Fixed,Corrected,None,209, ,BYCODE(0), ,0.012,0.011,0.012,0.016,         BYLAYER,  BYCODE, ,0,Vertical,12/9/2025 9:40, , , , ,1.383,0.685,1.202, , , , 
 ,20251209093040 2025-12-09 9:40:32.958651800 AM,31.82687565,54.63722024,1387.532,USER,Fixed,Corrected,None,210, ,BYCODE(0), ,0.012,0.011,0.012,0.016,         BYLAYER,  BYCODE, ,0,Vertical,12/9/2025 9:40, , , , ,1.383,0.685,1.202, , , , 
 ,20251209093040 2025-12-09 9:40:34.949441400 AM,31.8267536,54.63706724,1387.272,USER,Fixed,Corrected,None,211, ,BYCODE(0), ,0.012,0.011,0.012,0.016,         BYLAYER,  BYCODE, ,0,Vertical,12/9/2025 9:40, , , , ,1.384,0.685,1.202, , , , 
 ,20251209093040 2025-12-09 9:40:36.938346100 AM,31.82663126,54.63691278,1386.963,USER,Fixed,Corrected,None,212, ,BYCODE(0), ,0.012,0.011,0.012,0.016,         BYLAYER,  BYCODE, ,0,Vertical,12/9/2025 9:40, , , , ,1.384,0.685,1.202, , , , 
 ,20251209093040 2025-12-09 9:40:38.927032000 AM,31.82650955,54.63675906,1386.506,USER,Fixed,Corrected,None,213, ,BYCODE(0), ,0.012,0.011,0.012,0.016,         BYLAYER,  BYCODE, ,0,Vertical,12/9/2025 9:40, , , , ,1.384,0.685,1.203, , , , 
 ,20251209093040 2025-12-09 9:40:40.919856800 AM,31.82638638,54.63660467,1386.287,USER,Fixed,Corrected,None,214, ,BYCODE(0), ,0.012,0.011,0.012,0.016,         BYLAYER,  BYCODE, ,0,Vertical,12/9/2025 9:40, , , , ,1.384,0.685,1.203, , , , 
 ,20251209093040 2025-12-09 9:40:42.908591700 AM,31.82626366,54.63645139,1386.301,USER,Fixed,Corrected,None,215, ,BYCODE(0), ,0.012,0.011,0.012,0.016,         BYLAYER,  BYCODE, ,0,Vertical,12/9/2025 9:40, , , , ,1.384,0.685,1.203, , , , 
 ,20251209093040 2025-12-09 9:40:44.901529600 AM,31.82614108,54.63629767,1386.074,USER,Fixed,Corrected,None,216, ,BYCODE(0), ,0.012,0.011,0.012,0.016,         BYLAYER,  BYCODE, ,0,Vertical,12/9/2025 9:40, , , , ,1.385,0.685,1.203, , , , 
 ,20251209093040 2025-12-09 9:40:46.855479200 AM,31.82602081,54.6361465,1385.852,USER,Fixed,Corrected,None,217, ,BYCODE(0), ,0.012,0.011,0.012,0.016,         BYLAYER,  BYCODE, ,0,Vertical,12/9/2025 9:40, , , , ,1.385,0.685,1.203, , , , 
 ,20251209093040 2025-12-09 9:40:48.877606600 AM,31.8258963,54.63599038,1385.697,USER,Fixed,Corrected,None,218, ,BYCODE(0), ,0.012,0.011,0.012,0.016,         BYLAYER,  BYCODE, ,0,Vertical,12/9/2025 9:40, , , , ,1.385,0.685,1.204, , , , 
 ,20251209093040 2025-12-09 9:40:50.846023100 AM,31.8257749,54.63583821,1385.558,USER,Fixed,Corrected,None,219, ,BYCODE(0), ,0.012,0.011,0.012,0.016,         BYLAYER,  BYCODE, ,0,Vertical,12/9/2025 9:40, , , , ,1.385,0.685,1.204, , , , 
 ,20251209093040 2025-12-09 9:40:52.839006200 AM,31.82565198,54.63568411,1385.233,USER,Fixed,Corrected,None,220, ,BYCODE(0), ,0.012,0.011,0.012,0.016,         BYLAYER,  BYCODE, ,0,Vertical,12/9/2025 9:40, , , , ,1.385,0.685,1.204, , , , 
 ,20251209093040 2025-12-09 9:40:54.827731400 AM,31.82552956,54.63553052,1385.072,USER,Fixed,Corrected,None,221, ,BYCODE(0), ,0.012,0.011,0.012,0.016,         BYLAYER,  BYCODE, ,0,Vertical,12/9/2025 9:40, , , , ,1.386,0.685,1.204, , , , 
 ,20251209093040 2025-12-09 9:40:56.847761900 AM,31.82540555,54.63537476,1385.037,USER,Fixed,Corrected,None,222, ,BYCODE(0), ,0.012,0.011,0.012,0.016,         BYLAYER,  BYCODE, ,0,Vertical,12/9/2025 9:40, , , , ,1.386,0.685,1.205, , , , 
 ,20251209093040 2025-12-09 9:40:58.817910400 AM,31.82528447,54.635223,1384.866,USER,Fixed,Corrected,None,223, ,BYCODE(0), ,0.012,0.011,0.012,0.016,         BYLAYER,  BYCODE, ,0,Vertical,12/9/2025 9:40, , , , ,1.386,0.685,1.205, , , , 
 ,20251209093040 2025-12-09 9:41:00.842036700 AM,31.82516359,54.63507103,1384.769,USER,Fixed,Corrected,None,224, ,BYCODE(0), ,0.012,0.011,0.012,0.016,         BYLAYER,  BYCODE, ,0,Vertical,12/9/2025 9:41, , , , ,1.386,0.685,1.205, , , , 
 ,20251209093040 2025-12-09 9:41:02.903828400 AM,31.82507948,54.63500817,1384.664,USER,Fixed,Corrected,None,225, ,BYCODE(0), ,0.012,0.011,0.012,0.016,         BYLAYER,  BYCODE, ,0,Vertical,12/9/2025 9:41, , , , ,1.386,0.685,1.205, , , , 
 ,20251209093040 2025-12-09 9:41:05.833300600 AM,31.82491425,54.63511128,1383.882,USER,Partial,Corrected,None,226, ,BYCODE(0), ,0.012,0.011,0.012,0.016,         BYLAYER,  BYCODE, ,0,Vertical,12/9/2025 9:41, , , , ,1.387,0.685,1.206, , , , 
 ,20251209093040 2025-12-09 9:41:08.462694400 AM,31.82482796,54.6352048,1384.254,USER,Fixed,Corrected,None,227, ,BYCODE(0), ,0.012,0.011,0.012,0.016,         BYLAYER,  BYCODE, ,0,Vertical,12/9/2025 9:41, , , , ,1.387,0.685,1.206, , , , 
 ,20251209093040 2025-12-09 9:41:11.592381200 AM,31.82494926,54.63537483,1384.04,USER,Fixed,Corrected,None,228, ,BYCODE(0), ,0.012,0.011,0.012,0.016,         BYLAYER,  BYCODE, ,0,Vertical,12/9/2025 9:41, , , , ,1.387,0.685,1.206, , , , 
 ,20251209093040 2025-12-09 9:41:13.585214100 AM,31.82507256,54.63553345,1383.982,USER,Fixed,Corrected,None,229, ,BYCODE(0), ,0.012,0.011,0.012,0.016,         BYLAYER,  BYCODE, ,0,Vertical,12/9/2025 9:41, , , , ,1.387,0.685,1.206, , , , 
 ,20251209093040 2025-12-09 9:41:15.576009000 AM,31.82519424,54.63568699,1384.526,USER,Fixed,Corrected,None,230, ,BYCODE(0), ,0.012,0.011,0.012,0.016,         BYLAYER,  BYCODE, ,0,Vertical,12/9/2025 9:41, , , , ,1.388,0.685,1.207, , , , 
 ,20251209093040 2025-12-09 9:41:17.566851900 AM,31.82531599,54.63584006,1384.994,USER,Fixed,Corrected,None,231, ,BYCODE(0), ,0.012,0.011,0.012,0.016,         BYLAYER,  BYCODE, ,0,Vertical,12/9/2025 9:41, , , , ,1.388,0.685,1.207, , , , 
 ,20251209093040 2025-12-09 9:41:19.561896300 AM,31.82543867,54.63599478,1385.37,USER,Fixed,Corrected,None,232, ,BYCODE(0), ,0.012,0.011,0.012,0.016,         BYLAYER,  BYCODE, ,0,Vertical,12/9/2025 9:41, , , , ,1.388,0.685,1.207, , , , 
 ,20251209093040 2025-12-09 9:41:21.515688400 AM,31.82555841,54.63614497,1385.613,USER,Fixed,Corrected,None,233, ,BYCODE(0), ,0.012,0.011,0.012,0.016,         BYLAYER,  BYCODE, ,0,Vertical,12/9/2025 9:41, , , , ,1.388,0.685,1.207, , , , 
 ,20251209093040 2025-12-09 9:41:23.519248500 AM,31.82568184,54.63629996,1385.884,USER,Fixed,Corrected,None,234, ,BYCODE(0), ,0.012,0.011,0.012,0.016,         BYLAYER,  BYCODE, ,0,Vertical,12/9/2025 9:41, , , , ,1.388,0.685,1.207, , , , 
 ,20251209093040 2025-12-09 9:41:25.512146700 AM,31.82580485,54.63645416,1386.155,USER,Fixed,Corrected,None,235, ,BYCODE(0), ,0.012,0.011,0.012,0.016,         BYLAYER,  BYCODE, ,0,Vertical,12/9/2025 9:41, , , , ,1.389,0.685,1.208, , , , 
 ,20251209093040 2025-12-09 9:41:27.505169600 AM,31.82592708,54.63660682,1386.403,USER,Fixed,Corrected,None,236, ,BYCODE(0), ,0.012,0.011,0.012,0.016,         BYLAYER,  BYCODE, ,0,Vertical,12/9/2025 9:41, , , , ,1.389,0.685,1.208, , , , 
 ,20251209093040 2025-12-09 9:41:29.502220400 AM,31.82604958,54.6367609,1386.38,USER,Fixed,Corrected,None,237, ,BYCODE(0), ,0.012,0.011,0.012,0.016,         BYLAYER,  BYCODE, ,0,Vertical,12/9/2025 9:41, , , , ,1.389,0.685,1.208, , , , 
 ,20251209093040 2025-12-09 9:41:31.505482900 AM,31.82617303,54.6369156,1386.474,USER,Fixed,Corrected,None,238, ,BYCODE(0), ,0.012,0.011,0.012,0.016,         BYLAYER,  BYCODE, ,0,Vertical,12/9/2025 9:41, , , , ,1.389,0.685,1.208, , , , 
 ,20251209093040 2025-12-09 9:41:33.467590300 AM,31.82629343,54.63706677,1386.641,USER,Fixed,Corrected,None,239, ,BYCODE(0), ,0.012,0.011,0.012,0.016,         BYLAYER,  BYCODE, ,0,Vertical,12/9/2025 9:41, , , , ,1.389,0.685,1.209, , , , 
 ,20251209093040 2025-12-09 9:41:35.464606800 AM,31.82641612,54.63722069,1386.83,USER,Fixed,Corrected,None,240, ,BYCODE(0), ,0.012,0.011,0.012,0.016,         BYLAYER,  BYCODE, ,0,Vertical,12/9/2025 9:41, , , , ,1.39,0.685,1.209, , , , 
 ,20251209093040 2025-12-09 9:41:37.463704300 AM,31.82653963,54.63737547,1387.084,USER,Partial,Corrected,None,241, ,BYCODE(0), ,0.012,0.011,0.012,0.016,         BYLAYER,  BYCODE, ,0,Vertical,12/9/2025 9:41, , , , ,1.39,0.685,1.209, , , , 
 ,20251209093040 2025-12-09 9:41:39.454509700 AM,31.82666196,54.6375289,1387.305,USER,Fixed,Corrected,None,242, ,BYCODE(0), ,0.012,0.011,0.012,0.016,         BYLAYER,  BYCODE, ,0,Vertical,12/9/2025 9:41, , , , ,1.39,0.686,1.209, , , , 
 ,20251209093040 2025-12-09 9:41:41.445261200 AM,31.82678406,54.63768233,1387.417,USER,Fixed,Corrected,None,243, ,BYCODE(0), ,0.012,0.011,0.012,0.016,         BYLAYER,  BYCODE, ,0,Vertical,12/9/2025 9:41, , , , ,1.39,0.686,1.209, , , , 
 ,20251209093040 2025-12-09 9:41:43.617898700 AM,31.82690277,54.63783391,1387.532,USER,Fixed,Corrected,None,244, ,BYCODE(0), ,0.012,0.011,0.012,0.016,         BYLAYER,  BYCODE, ,0,Vertical,12/9/2025 9:41, , , , ,1.39,0.686,1.21, , , , 
 ,20251209093040 2025-12-09 9:41:45.444264900 AM,31.82692451,54.63790325,1387.654,USER,Fixed,Corrected,None,245, ,BYCODE(0), ,0.012,0.011,0.012,0.016,         BYLAYER,  BYCODE, ,0,Vertical,12/9/2025 9:41, , , , ,1.391,0.686,1.21, , , , 
 ,20251209093040 2025-12-09 9:41:48.707399100 AM,31.82676351,54.63802067,1386.829,USER,Fixed,Corrected,None,246, ,BYCODE(0), ,0.012,0.011,0.012,0.016,         BYLAYER,  BYCODE, ,0,Vertical,12/9/2025 9:41, , , , ,1.391,0.686,1.21, , , , 
 ,20251209093040 2025-12-09 9:41:51.059548900 AM,31.82664244,54.63806496,1386.653,USER,Fixed,Corrected,None,247, ,BYCODE(0), ,0.012,0.011,0.012,0.016,         BYLAYER,  BYCODE, ,0,Vertical,12/9/2025 9:41, , , , ,1.391,0.686,1.211, , , , 
 ,20251209093040 2025-12-09 9:41:53.832918600 AM,31.82650702,54.63791189,1386.42,USER,Fixed,Corrected,None,248, ,BYCODE(0), ,0.012,0.011,0.012,0.016,         BYLAYER,  BYCODE, ,0,Vertical,12/9/2025 9:41, , , , ,1.286,0.662,1.103, , , , 
 ,20251209093040 2025-12-09 9:41:55.825776800 AM,31.82638252,54.63775917,1386.22,USER,Fixed,Corrected,None,249, ,BYCODE(0), ,0.012,0.011,0.012,0.016,         BYLAYER,  BYCODE, ,0,Vertical,12/9/2025 9:41, , , , ,1.286,0.662,1.103, , , , 
 ,20251209093040 2025-12-09 9:41:57.826976500 AM,31.8262598,54.63760637,1386.077,USER,Fixed,Corrected,None,250, ,BYCODE(0), ,0.012,0.011,0.012,0.016,         BYLAYER,  BYCODE, ,0,Vertical,12/9/2025 9:41, , , , ,1.286,0.662,1.103, , , , 
 ,20251209093040 2025-12-09 9:41:59.791085500 AM,31.82613888,54.63745445,1386.131,USER,Fixed,Corrected,None,251, ,BYCODE(0), ,0.012,0.011,0.012,0.016,         BYLAYER,  BYCODE, ,0,Vertical,12/9/2025 9:41:60 AM, , , , ,1.287,0.662,1.103, , , , 
 ,20251209093040 2025-12-09 9:42:01.779971600 AM,31.82601648,54.6373005,1386.125,USER,Fixed,Corrected,None,252, ,BYCODE(0), ,0.012,0.011,0.012,0.016,         BYLAYER,  BYCODE, ,0,Vertical,12/9/2025 9:42, , , , ,1.287,0.662,1.104, , , , 
 ,20251209093040 2025-12-09 9:42:03.800044300 AM,31.82589251,54.63714469,1385.913,USER,Fixed,Corrected,None,253, ,BYCODE(0), ,0.012,0.011,0.012,0.016,         BYLAYER,  BYCODE, ,0,Vertical,12/9/2025 9:42, , , , ,1.287,0.662,1.104, , , , 
 ,20251209093040 2025-12-09 9:42:05.788907800 AM,31.82576984,54.63699112,1385.514,USER,Fixed,Corrected,None,254, ,BYCODE(0), ,0.012,0.011,0.012,0.016,         BYLAYER,  BYCODE, ,0,Vertical,12/9/2025 9:42, , , , ,1.287,0.662,1.104, , , , 
 ,20251209093040 2025-12-09 9:42:07.777943400 AM,31.82564741,54.63683724,1385.244,USER,Fixed,Corrected,None,255, ,BYCODE(0), ,0.012,0.011,0.012,0.016,         BYLAYER,  BYCODE, ,0,Vertical,12/9/2025 9:42, , , , ,1.287,0.662,1.104, , , , 
 ,20251209093040 2025-12-09 9:42:09.766875000 AM,31.82552493,54.63668385,1385.132,USER,Fixed,Corrected,None,256, ,BYCODE(0), ,0.012,0.011,0.012,0.016,         BYLAYER,  BYCODE, ,0,Vertical,12/9/2025 9:42, , , , ,1.288,0.662,1.105, , , , 
 ,20251209093040 2025-12-09 9:42:11.763904300 AM,31.82540203,54.63653022,1385.176,USER,Fixed,Corrected,None,257, ,BYCODE(0), ,0.012,0.011,0.012,0.016,         BYLAYER,  BYCODE, ,0,Vertical,12/9/2025 9:42, , , , ,1.288,0.662,1.105, , , , 
 ,20251209093040 2025-12-09 9:42:13.724835900 AM,31.82528121,54.63637906,1385.11,USER,Fixed,Corrected,None,258, ,BYCODE(0), ,0.012,0.011,0.012,0.016,         BYLAYER,  BYCODE, ,0,Vertical,12/9/2025 9:42, , , , ,1.288,0.662,1.105, , , , 
 ,20251209093040 2025-12-09 9:42:15.745003000 AM,31.82515642,54.63622249,1385.068,USER,Fixed,Corrected,None,259, ,BYCODE(0), ,0.012,0.011,0.012,0.016,         BYLAYER,  BYCODE, ,0,Vertical,12/9/2025 9:42, , , , ,1.288,0.662,1.105, , , , 
 ,20251209093040 2025-12-09 9:42:17.707096300 AM,31.82503554,54.63607067,1384.862,USER,Fixed,Corrected,None,260, ,BYCODE(0), ,0.012,0.011,0.012,0.016,         BYLAYER,  BYCODE, ,0,Vertical,12/9/2025 9:42, , , , ,1.289,0.662,1.106, , , , 
 ,20251209093040 2025-12-09 9:42:19.704139900 AM,31.82491267,54.63591689,1384.68,USER,Fixed,Corrected,None,261, ,BYCODE(0), ,0.012,0.011,0.012,0.016,         BYLAYER,  BYCODE, ,0,Vertical,12/9/2025 9:42, , , , ,1.289,0.662,1.106, , , , 
 ,20251209093040 2025-12-09 9:42:21.695345900 AM,31.82479009,54.63576344,1384.297,USER,Fixed,Corrected,None,262, ,BYCODE(0), ,0.012,0.011,0.012,0.016,         BYLAYER,  BYCODE, ,0,Vertical,12/9/2025 9:42, , , , ,1.289,0.662,1.106, , , , 
 ,20251209093040 2025-12-09 9:42:23.684208600 AM,31.82466768,54.63560948,1384.16,USER,Fixed,Corrected,None,263, ,BYCODE(0), ,0.012,0.011,0.012,0.016,         BYLAYER,  BYCODE, ,0,Vertical,12/9/2025 9:42, , , , ,1.289,0.662,1.106, , , , 
 ,20251209093040 2025-12-09 9:42:25.884105200 AM,31.82454773,54.63545918,1384.214,USER,Fixed,Corrected,None,264, ,BYCODE(0), ,0.012,0.011,0.012,0.016,         BYLAYER,  BYCODE, ,0,Vertical,12/9/2025 9:42, , , , ,1.289,0.662,1.107, , , , 
 ,20251209093040 2025-12-09 9:42:27.310348300 AM,31.82449076,54.63542839,1384.424,USER,Fixed,Corrected,None,265, ,BYCODE(0), ,0.012,0.011,0.012,0.016,         BYLAYER,  BYCODE, ,0,Vertical,12/9/2025 9:42, , , , ,1.29,0.662,1.107, , , , 
 ,20251209093040 2025-12-09 9:42:30.243995200 AM,31.82432588,54.63553063,1385.057,USER,Partial,Corrected,None,266, ,BYCODE(0), ,0.012,0.011,0.012,0.016,         BYLAYER,  BYCODE, ,0,Vertical,12/9/2025 9:42, , , , ,1.29,0.662,1.107, , , , 
 ,20251209093040 2025-12-09 9:42:32.904593900 AM,31.82423759,54.63562485,1386.36,USER,Fixed,Corrected,None,267, ,BYCODE(0), ,0.012,0.011,0.012,0.016,         BYLAYER,  BYCODE, ,0,Vertical,12/9/2025 9:42, , , , ,1.29,0.662,1.108, , , , 
 ,20251209093040 2025-12-09 9:42:36.023997800 AM,31.82435854,54.63579463,1386.12,USER,Partial,Corrected,None,268, ,BYCODE(0), ,0.012,0.011,0.012,0.016,         BYLAYER,  BYCODE, ,0,Vertical,12/9/2025 9:42, , , , ,1.291,0.662,1.108, , , , 
 ,20251209093040 2025-12-09 9:42:38.012962100 AM,31.8244814,54.63595239,1385.881,USER,Fixed,Corrected,None,269, ,BYCODE(0), ,0.012,0.011,0.012,0.016,         BYLAYER,  BYCODE, ,0,Vertical,12/9/2025 9:42, , , , ,1.291,0.662,1.108, , , , 
 ,20251209093040 2025-12-09 9:42:40.001800100 AM,31.82460319,54.63610586,1386.215,USER,Fixed,Corrected,None,270, ,BYCODE(0), ,0.012,0.011,0.012,0.016,         BYLAYER,  BYCODE, ,0,Vertical,12/9/2025 9:42, , , , ,1.291,0.662,1.108, , , , 
 ,20251209093040 2025-12-09 9:42:41.990634700 AM,31.82472519,54.63625961,1386.641,USER,Fixed,Corrected,None,271, ,BYCODE(0), ,0.012,0.011,0.012,0.016,         BYLAYER,  BYCODE, ,0,Vertical,12/9/2025 9:42, , , , ,1.291,0.662,1.109, , , , 
 ,20251209093040 2025-12-09 9:42:43.981553300 AM,31.82484721,54.63641279,1387.086,USER,Fixed,Corrected,None,272, ,BYCODE(0), ,0.012,0.011,0.012,0.016,         BYLAYER,  BYCODE, ,0,Vertical,12/9/2025 9:42, , , , ,1.291,0.662,1.109, , , , 
 ,20251209093040 2025-12-09 9:42:45.972405700 AM,31.82496953,54.6365662,1387.426,USER,Fixed,Corrected,None,273, ,BYCODE(0), ,0.012,0.011,0.012,0.016,         BYLAYER,  BYCODE, ,0,Vertical,12/9/2025 9:42, , , , ,1.292,0.662,1.109, , , , 
 ,20251209093040 2025-12-09 9:42:47.961370000 AM,31.82509146,54.63672015,1387.651,USER,Fixed,Corrected,None,274, ,BYCODE(0), ,0.012,0.011,0.012,0.016,         BYLAYER,  BYCODE, ,0,Vertical,12/9/2025 9:42, , , , ,1.292,0.662,1.109, , , , 
 ,20251209093040 2025-12-09 9:42:49.950206300 AM,31.8252134,54.63687445,1387.816,USER,Fixed,Corrected,None,275, ,BYCODE(0), ,0.012,0.011,0.012,0.016,         BYLAYER,  BYCODE, ,0,Vertical,12/9/2025 9:42, , , , ,1.292,0.662,1.11, , , , 
 ,20251209093040 2025-12-09 9:42:51.949691300 AM,31.82533684,54.63702976,1387.949,USER,Fixed,Corrected,None,276, ,BYCODE(0), ,0.012,0.011,0.012,0.016,         BYLAYER,  BYCODE, ,0,Vertical,12/9/2025 9:42, , , , ,1.292,0.662,1.11, , , , 
 ,20251209093040 2025-12-09 9:42:53.940558400 AM,31.8254593,54.63718344,1388.133,USER,Fixed,Corrected,None,277, ,BYCODE(0), ,0.012,0.011,0.012,0.016,         BYLAYER,  BYCODE, ,0,Vertical,12/9/2025 9:42, , , , ,1.293,0.662,1.11, , , , 
 ,20251209093040 2025-12-09 9:42:55.946133100 AM,31.82558235,54.63733814,1388.266,USER,Fixed,Corrected,None,278, ,BYCODE(0), ,0.012,0.011,0.012,0.016,         BYLAYER,  BYCODE, ,0,Vertical,12/9/2025 9:42, , , , ,1.293,0.662,1.11, , , , 
 ,20251209093040 2025-12-09 9:42:57.916461700 AM,31.82570365,54.63749094,1388.255,USER,Fixed,Corrected,None,279, ,BYCODE(0), ,0.013,0.011,0.012,0.017,         BYLAYER,  BYCODE, ,0,Vertical,12/9/2025 9:42, , , , ,1.293,0.662,1.111, , , , 
 ,20251209093040 2025-12-09 9:42:59.905221700 AM,31.82582584,54.63764469,1388.269,USER,Fixed,Corrected,None,280, ,BYCODE(0), ,0.013,0.011,0.012,0.017,         BYLAYER,  BYCODE, ,0,Vertical,12/9/2025 9:42:60 AM, , , , ,1.293,0.662,1.111, , , , 
 ,20251209093040 2025-12-09 9:43:01.898378600 AM,31.82594827,54.63779818,1388.352,USER,Fixed,Corrected,None,281, ,BYCODE(0), ,0.013,0.011,0.012,0.017,         BYLAYER,  BYCODE, ,0,Vertical,12/9/2025 9:43, , , , ,1.293,0.662,1.111, , , , 
 ,20251209093040 2025-12-09 9:43:03.885287500 AM,31.82606999,54.63795041,1388.237,USER,Fixed,Corrected,None,282, ,BYCODE(0), ,0.013,0.011,0.012,0.017,         BYLAYER,  BYCODE, ,0,Vertical,12/9/2025 9:43, , , , ,1.294,0.662,1.111, , , , 
 ,20251209093040 2025-12-09 9:43:05.872029300 AM,31.82619242,54.6381049,1388.266,USER,Fixed,Corrected,None,283, ,BYCODE(0), ,0.013,0.011,0.012,0.017,         BYLAYER,  BYCODE, ,0,Vertical,12/9/2025 9:43, , , , ,1.294,0.662,1.112, , , , 
 ,20251209093040 2025-12-09 9:43:08.503900100 AM,31.82630747,54.63825979,1388.743,USER,Fixed,Corrected,None,284, ,BYCODE(0), ,0.013,0.011,0.012,0.017,         BYLAYER,  BYCODE, ,0,Vertical,12/9/2025 9:43, , , , ,1.294,0.662,1.112, , , , 
 ,20251209093040 2025-12-09 9:43:09.494386200 AM,31.82630669,54.63829431,1388.735,USER,Fixed,Corrected,None,285, ,BYCODE(0), ,0.013,0.011,0.012,0.017,         BYLAYER,  BYCODE, ,0,Vertical,12/9/2025 9:43, , , , ,1.294,0.662,1.112, , , , 
 ,20251209093040 2025-12-09 9:43:12.680573000 AM,31.82614732,54.63840904,1387.836,USER,Partial,Corrected,None,286, ,BYCODE(0), ,0.013,0.011,0.012,0.017,         BYLAYER,  BYCODE, ,0,Vertical,12/9/2025 9:43, , , , ,1.295,0.662,1.112, , , , 
 ,20251209093040 2025-12-09 9:43:15.076218600 AM,31.82602428,54.63845525,1387.567,USER,Fixed,Corrected,None,287, ,BYCODE(0), ,0.013,0.011,0.012,0.017,         BYLAYER,  BYCODE, ,0,Vertical,12/9/2025 9:43, , , , ,1.295,0.662,1.113, , , , 
 ,20251209093040 2025-12-09 9:43:17.828581100 AM,31.82589031,54.63830309,1387.044,USER,Fixed,Corrected,None,288, ,BYCODE(0), ,0.013,0.011,0.012,0.017,         BYLAYER,  BYCODE, ,0,Vertical,12/9/2025 9:43, , , , ,1.295,0.662,1.113, , , , 
 ,20251209093040 2025-12-09 9:43:19.829991300 AM,31.82576497,54.63814778,1386.593,USER,Fixed,Corrected,None,289, ,BYCODE(0), ,0.013,0.011,0.012,0.017,         BYLAYER,  BYCODE, ,0,Vertical,12/9/2025 9:43, , , , ,1.295,0.662,1.113, , , , 
 ,20251209093040 2025-12-09 9:43:21.825397000 AM,31.8256429,54.63799539,1386.493,USER,Fixed,Corrected,None,290, ,BYCODE(0), ,0.013,0.011,0.012,0.017,         BYLAYER,  BYCODE, ,0,Vertical,12/9/2025 9:43, , , , ,1.296,0.662,1.113, , , , 
 ,20251209093040 2025-12-09 9:43:23.814386600 AM,31.82552076,54.63784249,1386.315,USER,Fixed,Corrected,None,291, ,BYCODE(0), ,0.013,0.011,0.012,0.017,         BYLAYER,  BYCODE, ,0,Vertical,12/9/2025 9:43, , , , ,1.296,0.662,1.114, , , , 
 ,20251209093040 2025-12-09 9:43:25.805344300 AM,31.825398,54.63768815,1386.277,USER,Fixed,Corrected,None,292, ,BYCODE(0), ,0.013,0.011,0.012,0.017,         BYLAYER,  BYCODE, ,0,Vertical,12/9/2025 9:43, , , , ,1.296,0.662,1.114, , , , 
 ,20251209093040 2025-12-09 9:43:27.794344200 AM,31.82527596,54.63753486,1386.17,USER,Fixed,Corrected,None,293, ,BYCODE(0), ,0.013,0.011,0.012,0.017,         BYLAYER,  BYCODE, ,0,Vertical,12/9/2025 9:43, , , , ,1.296,0.662,1.114, , , , 
 ,20251209093040 2025-12-09 9:43:29.783279200 AM,31.82515338,54.63738129,1386.067,USER,Fixed,Corrected,None,294, ,BYCODE(0), ,0.013,0.011,0.012,0.017,         BYLAYER,  BYCODE, ,0,Vertical,12/9/2025 9:43, , , , ,1.296,0.662,1.114, , , , 
 ,20251209093040 2025-12-09 9:43:31.774158000 AM,31.82503076,54.63722758,1385.874,USER,Fixed,Corrected,None,295, ,BYCODE(0), ,0.013,0.011,0.012,0.017,         BYLAYER,  BYCODE, ,0,Vertical,12/9/2025 9:43, , , , ,1.297,0.662,1.115, , , , 
 ,20251209093040 2025-12-09 9:43:33.767139900 AM,31.82490816,54.63707363,1385.514,USER,Fixed,Corrected,None,296, ,BYCODE(0), ,0.013,0.011,0.012,0.017,         BYLAYER,  BYCODE, ,0,Vertical,12/9/2025 9:43, , , , ,1.297,0.662,1.115, , , , 
 ,20251209093040 2025-12-09 9:43:35.753876200 AM,31.82478606,54.63691996,1385.208,USER,Fixed,Corrected,None,297, ,BYCODE(0), ,0.013,0.011,0.012,0.017,         BYLAYER,  BYCODE, ,0,Vertical,12/9/2025 9:43, , , , ,1.297,0.662,1.115, , , , 
 ,20251209093040 2025-12-09 9:43:37.742723200 AM,31.82466331,54.63676636,1384.944,USER,Fixed,Corrected,None,298, ,BYCODE(0), ,0.013,0.011,0.012,0.017,         BYLAYER,  BYCODE, ,0,Vertical,12/9/2025 9:43, , , , ,1.297,0.662,1.115, , , , 
 ,20251209093040 2025-12-09 9:43:39.733585100 AM,31.82454092,54.63661236,1384.592,USER,Fixed,Corrected,None,299, ,BYCODE(0), ,0.013,0.011,0.012,0.017,         BYLAYER,  BYCODE, ,0,Vertical,12/9/2025 9:43, , , , ,1.297,0.662,1.116, , , , 
 ,20251209093040 2025-12-09 9:43:41.730568200 AM,31.8244182,54.63645726,1384.278,USER,Fixed,Corrected,None,300, ,BYCODE(0), ,0.013,0.011,0.012,0.017,         BYLAYER,  BYCODE, ,0,Vertical,12/9/2025 9:43, , , , ,1.298,0.662,1.116, , , , 
 ,20251209093040 2025-12-09 9:43:43.729969000 AM,31.82429527,54.63630279,1384.078,USER,Fixed,Corrected,None,301, ,BYCODE(0), ,0.013,0.011,0.012,0.017,         BYLAYER,  BYCODE, ,0,Vertical,12/9/2025 9:43, , , , ,1.298,0.662,1.116, , , , 
 ,20251209093040 2025-12-09 9:43:45.692075700 AM,31.82417473,54.63615104,1383.688,USER,Fixed,Corrected,None,302, ,BYCODE(0), ,0.013,0.011,0.012,0.017,         BYLAYER,  BYCODE, ,0,Vertical,12/9/2025 9:43, , , , ,1.298,0.662,1.116, , , , 
 ,20251209093040 2025-12-09 9:43:47.682763800 AM,31.82405218,54.63599747,1383.577,USER,Fixed,Corrected,None,303, ,BYCODE(0), ,0.013,0.011,0.012,0.017,         BYLAYER,  BYCODE, ,0,Vertical,12/9/2025 9:43, , , , ,1.298,0.662,1.117, , , , 
 ,20251209093040 2025-12-09 9:43:50.068205600 AM,31.8239305,54.63585188,1383.533,USER,Fixed,Corrected,None,304, ,BYCODE(0), ,0.013,0.011,0.012,0.017,         BYLAYER,  BYCODE, ,0,Vertical,12/9/2025 9:43, , , , ,1.299,0.662,1.117, , , , 
 ,20251209093040 2025-12-09 9:43:50.962732300 AM,31.82388998,54.63583844,1383.418,USER,Fixed,Corrected,None,305, ,BYCODE(0), ,0.013,0.011,0.012,0.017,         BYLAYER,  BYCODE, ,0,Vertical,12/9/2025 9:43, , , , ,1.299,0.662,1.117, , , , 
 ,20251209093040 2025-12-09 9:43:53.759025300 AM,31.82371901,54.63592068,1382.322,USER,Fixed,Corrected,None,306, ,BYCODE(0), ,0.013,0.011,0.012,0.017,         BYLAYER,  BYCODE, ,0,Vertical,12/9/2025 9:43, , , , ,1.299,0.662,1.117, , , , 
 ,20251209093040 2025-12-09 9:43:56.586497100 AM,31.82361695,54.63600791,1382.394,USER,Fixed,Corrected,None,307, ,BYCODE(0), ,0.013,0.011,0.012,0.017,         BYLAYER,  BYCODE, ,0,Vertical,12/9/2025 9:43, , , , ,1.299,0.662,1.118, , , , 
 ,20251209093040 2025-12-09 9:43:59.739298600 AM,31.82373677,54.63617679,1382.128,USER,Fixed,Corrected,None,308, ,BYCODE(0), ,0.013,0.011,0.012,0.017,         BYLAYER,  BYCODE, ,0,Vertical,12/9/2025 9:43:60 AM, , , , ,1.3,0.662,1.118, , , , 
 ,20251209093040 2025-12-09 9:44:01.767541900 AM,31.82386138,54.63633693,1382.121,USER,Fixed,Corrected,None,309, ,BYCODE(0), ,0.013,0.011,0.012,0.017,         BYLAYER,  BYCODE, ,0,Vertical,12/9/2025 9:44, , , , ,1.3,0.662,1.118, , , , 
 ,20251209093040 2025-12-09 9:44:03.729630700 AM,31.82398154,54.63648824,1382.635,USER,Fixed,Corrected,None,310, ,BYCODE(0), ,0.013,0.011,0.012,0.017,         BYLAYER,  BYCODE, ,0,Vertical,12/9/2025 9:44, , , , ,1.3,0.662,1.119, , , , 
 ,20251209093040 2025-12-09 9:44:05.730765100 AM,31.82410453,54.63664223,1383.233,USER,Fixed,Corrected,None,311, ,BYCODE(0), ,0.013,0.011,0.012,0.017,         BYLAYER,  BYCODE, ,0,Vertical,12/9/2025 9:44, , , , ,1.3,0.662,1.119, , , , 
 ,20251209093040 2025-12-09 9:44:07.719862900 AM,31.82422684,54.63679671,1383.862,USER,Fixed,Corrected,None,312, ,BYCODE(0), ,0.013,0.011,0.012,0.017,         BYLAYER,  BYCODE, ,0,Vertical,12/9/2025 9:44, , , , ,1.3,0.662,1.119, , , , 
 ,20251209093040 2025-12-09 9:44:09.712762600 AM,31.824349,54.63695073,1384.184,USER,Fixed,Corrected,None,313, ,BYCODE(0), ,0.013,0.011,0.012,0.017,         BYLAYER,  BYCODE, ,0,Vertical,12/9/2025 9:44, , , , ,1.301,0.663,1.119, , , , 
 ,20251209093040 2025-12-09 9:44:11.699429000 AM,31.8244704,54.63710361,1384.295,USER,Fixed,Corrected,None,314, ,BYCODE(0), ,0.013,0.011,0.012,0.017,         BYLAYER,  BYCODE, ,0,Vertical,12/9/2025 9:44, , , , ,1.301,0.663,1.119, , , , 
 ,20251209093040 2025-12-09 9:44:13.698495400 AM,31.82459353,54.63725781,1384.292,USER,Fixed,Corrected,None,315, ,BYCODE(0), ,0.013,0.011,0.012,0.017,         BYLAYER,  BYCODE, ,0,Vertical,12/9/2025 9:44, , , , ,1.301,0.663,1.12, , , , 
 ,20251209093040 2025-12-09 9:44:15.691385500 AM,31.8247166,54.63741291,1384.497,USER,Fixed,Corrected,None,316, ,BYCODE(0), ,0.013,0.011,0.012,0.017,         BYLAYER,  BYCODE, ,0,Vertical,12/9/2025 9:44, , , , ,1.301,0.663,1.12, , , , 
 ,20251209093040 2025-12-09 9:44:17.686350600 AM,31.82483949,54.63756634,1384.762,USER,Fixed,Corrected,None,317, ,BYCODE(0), ,0.013,0.011,0.012,0.017,         BYLAYER,  BYCODE, ,0,Vertical,12/9/2025 9:44, , , , ,1.301,0.663,1.12, , , , 
 ,20251209093040 2025-12-09 9:44:19.673074000 AM,31.82496178,54.63771919,1384.856,USER,Fixed,Corrected,None,318, ,BYCODE(0), ,0.013,0.011,0.012,0.017,         BYLAYER,  BYCODE, ,0,Vertical,12/9/2025 9:44, , , , ,1.302,0.663,1.12, , , , 
 ,20251209093040 2025-12-09 9:44:21.662004000 AM,31.82508366,54.63787259,1384.886,USER,Fixed,Corrected,None,319, ,BYCODE(0), ,0.013,0.011,0.012,0.017,         BYLAYER,  BYCODE, ,0,Vertical,12/9/2025 9:44, , , , ,1.302,0.663,1.121, , , , 
 ,20251209093040 2025-12-09 9:44:23.656834800 AM,31.82520603,54.63802681,1385.065,USER,Fixed,Corrected,None,320, ,BYCODE(0), ,0.013,0.011,0.012,0.017,         BYLAYER,  BYCODE, ,0,Vertical,12/9/2025 9:44, , , , ,1.302,0.663,1.121, , , , 
 ,20251209093040 2025-12-09 9:44:25.651750800 AM,31.82532875,54.63818106,1385.277,USER,Fixed,Corrected,None,321, ,BYCODE(0), ,0.013,0.011,0.012,0.017,         BYLAYER,  BYCODE, ,0,Vertical,12/9/2025 9:44, , , , ,1.302,0.663,1.121, , , , 
 ,20251209093040 2025-12-09 9:44:27.642665600 AM,31.82545073,54.63833464,1385.393,USER,Fixed,Corrected,None,322, ,BYCODE(0), ,0.013,0.011,0.012,0.017,         BYLAYER,  BYCODE, ,0,Vertical,12/9/2025 9:44, , , , ,1.302,0.663,1.121, , , , 
 ,20251209093040 2025-12-09 9:44:29.633557600 AM,31.82557324,54.63848952,1385.683,USER,Fixed,Corrected,None,323, ,BYCODE(0), ,0.013,0.011,0.012,0.017,         BYLAYER,  BYCODE, ,0,Vertical,12/9/2025 9:44, , , , ,1.303,0.663,1.122, , , , 
 ,20251209093040 2025-12-09 9:44:32.152491800 AM,31.8256891,54.63864395,1386.406,USER,Fixed,Corrected,None,324, ,BYCODE(0), ,0.013,0.011,0.012,0.017,         BYLAYER,  BYCODE, ,0,Vertical,12/9/2025 9:44, , , , ,1.303,0.663,1.122, , , , 
 ,20251209093040 2025-12-09 9:44:33.285069700 AM,31.82569162,54.63868433,1386.512,USER,Fixed,Corrected,None,325, ,BYCODE(0), ,0.013,0.011,0.012,0.017,         BYLAYER,  BYCODE, ,0,Vertical,12/9/2025 9:44, , , , ,1.303,0.663,1.122, , , , 
 ,20251209093040 2025-12-09 9:44:36.535924200 AM,31.82553087,54.63880072,1385.833,USER,Fixed,Corrected,None,326, ,BYCODE(0), ,0.013,0.011,0.012,0.017,         BYLAYER,  BYCODE, ,0,Vertical,12/9/2025 9:44, , , , ,1.303,0.663,1.122, , , , 
 ,20251209093040 2025-12-09 9:44:38.862693100 AM,31.82541125,54.63884644,1386.046,USER,Fixed,Corrected,None,327, ,BYCODE(0), ,0.013,0.011,0.012,0.017,         BYLAYER,  BYCODE, ,0,Vertical,12/9/2025 9:44, , , , ,1.304,0.663,1.123, , , , 
 ,20251209093040 2025-12-09 9:44:41.648346900 AM,31.82527608,54.63869439,1385.798,USER,Fixed,Corrected,None,328, ,BYCODE(0), ,0.013,0.011,0.012,0.017,         BYLAYER,  BYCODE, ,0,Vertical,12/9/2025 9:44, , , , ,1.304,0.663,1.123, , , , 
 ,20251209093040 2025-12-09 9:44:43.639221400 AM,31.82515066,54.63853958,1385.469,USER,Fixed,Corrected,None,329, ,BYCODE(0), ,0.013,0.011,0.012,0.017,         BYLAYER,  BYCODE, ,0,Vertical,12/9/2025 9:44, , , , ,1.304,0.663,1.123, , , , 
 ,20251209093040 2025-12-09 9:44:45.629922900 AM,31.82502938,54.63838686,1385.332,USER,Fixed,Corrected,None,330, ,BYCODE(0), ,0.013,0.011,0.012,0.017,         BYLAYER,  BYCODE, ,0,Vertical,12/9/2025 9:44, , , , ,1.304,0.663,1.123, , , , 
 ,20251209093040 2025-12-09 9:44:47.621026500 AM,31.82490737,54.63823269,1385.048,USER,Fixed,Corrected,None,331, ,BYCODE(0), ,0.013,0.011,0.012,0.017,         BYLAYER,  BYCODE, ,0,Vertical,12/9/2025 9:44, , , , ,1.304,0.663,1.124, , , , 
 ,20251209093040 2025-12-09 9:44:49.615972000 AM,31.82478436,54.63807761,1385.083,USER,Fixed,Corrected,None,332, ,BYCODE(0), ,0.013,0.011,0.012,0.017,         BYLAYER,  BYCODE, ,0,Vertical,12/9/2025 9:44, , , , ,1.305,0.663,1.124, , , , 
 ,20251209093040 2025-12-09 9:44:51.604700800 AM,31.82466271,54.6379252,1385.01,USER,Fixed,Corrected,None,333, ,BYCODE(0), ,0.013,0.011,0.012,0.017,         BYLAYER,  BYCODE, ,0,Vertical,12/9/2025 9:44, , , , ,1.305,0.663,1.124, , , , 
 ,20251209093040 2025-12-09 9:44:53.599831600 AM,31.82453971,54.63777075,1384.949,USER,Fixed,Corrected,None,334, ,BYCODE(0), ,0.013,0.011,0.012,0.017,         BYLAYER,  BYCODE, ,0,Vertical,12/9/2025 9:44, , , , ,1.305,0.663,1.124, , , , 
 ,20251209093040 2025-12-09 9:44:55.588811400 AM,31.82441724,54.63761806,1384.641,USER,Fixed,Corrected,None,335, ,BYCODE(0), ,0.013,0.011,0.012,0.017,         BYLAYER,  BYCODE, ,0,Vertical,12/9/2025 9:44, , , , ,1.305,0.663,1.124, , , , 
 ,20251209093040 2025-12-09 9:44:57.581688400 AM,31.8242945,54.63746445,1384.433,USER,Fixed,Corrected,None,336, ,BYCODE(0), ,0.013,0.011,0.012,0.017,         BYLAYER,  BYCODE, ,0,Vertical,12/9/2025 9:44, , , , ,1.305,0.663,1.125, , , , 
 ,20251209093040 2025-12-09 9:44:59.574606200 AM,31.8241717,54.63731021,1384.444,USER,Fixed,Corrected,None,337, ,BYCODE(0), ,0.013,0.011,0.012,0.017,         BYLAYER,  BYCODE, ,0,Vertical,12/9/2025 9:44:60 AM, , , , ,1.306,0.663,1.125, , , , 
 ,20251209093040 2025-12-09 9:45:01.561148200 AM,31.8240494,54.63715613,1384.517,USER,Fixed,Corrected,None,338, ,BYCODE(0), ,0.013,0.011,0.012,0.017,         BYLAYER,  BYCODE, ,0,Vertical,12/9/2025 9:45, , , , ,1.306,0.663,1.125, , , , 
 ,20251209093040 2025-12-09 9:45:03.549738200 AM,31.82392738,54.63700272,1384.425,USER,Fixed,Corrected,None,339, ,BYCODE(0), ,0.013,0.011,0.012,0.017,         BYLAYER,  BYCODE, ,0,Vertical,12/9/2025 9:45, , , , ,1.306,0.663,1.125, , , , 
 ,20251209093040 2025-12-09 9:45:05.542630200 AM,31.82380513,54.6368494,1384.164,USER,Fixed,Corrected,None,340, ,BYCODE(0), ,0.013,0.011,0.012,0.017,         BYLAYER,  BYCODE, ,0,Vertical,12/9/2025 9:45, , , , ,1.306,0.663,1.126, , , , 
 ,20251209093040 2025-12-09 9:45:07.543803000 AM,31.82368271,54.63669483,1383.772,USER,Fixed,Corrected,None,341, ,BYCODE(0), ,0.013,0.011,0.012,0.017,         BYLAYER,  BYCODE, ,0,Vertical,12/9/2025 9:45, , , , ,1.306,0.663,1.126, , , , 
 ,20251209093040 2025-12-09 9:45:09.503697600 AM,31.82356208,54.6365435,1383.493,USER,Fixed,Corrected,None,342, ,BYCODE(0), ,0.013,0.011,0.012,0.017,         BYLAYER,  BYCODE, ,0,Vertical,12/9/2025 9:45, , , , ,1.307,0.663,1.126, , , , 
 ,20251209093040 2025-12-09 9:45:11.527855600 AM,31.82343715,54.63638714,1383.215,USER,Fixed,Corrected,None,343, ,BYCODE(0), ,0.013,0.011,0.012,0.017,         BYLAYER,  BYCODE, ,0,Vertical,12/9/2025 9:45, , , , ,1.307,0.663,1.126, , , , 
 ,20251209093040 2025-12-09 9:45:13.618741500 AM,31.82331893,54.63623894,1383.071,USER,Fixed,Corrected,None,344, ,BYCODE(0), ,0.013,0.011,0.012,0.017,         BYLAYER,  BYCODE, ,0,Vertical,12/9/2025 9:45, , , , ,1.307,0.663,1.127, , , , 
 ,20251209093040 2025-12-09 9:45:15.145121100 AM,31.82325317,54.63619862,1383.034,USER,Fixed,Corrected,None,345, ,BYCODE(0), ,0.013,0.011,0.012,0.017,         BYLAYER,  BYCODE, ,0,Vertical,12/9/2025 9:45, , , , ,1.307,0.663,1.127, , , , 
 ,20251209093040 2025-12-09 9:45:17.968530400 AM,31.82308198,54.63628028,1382.271,USER,Fixed,Corrected,None,346, ,BYCODE(0), ,0.013,0.011,0.012,0.017,         BYLAYER,  BYCODE, ,0,Vertical,12/9/2025 9:45, , , , ,1.307,0.663,1.127, , , , 
 ,20251209093040 2025-12-09 9:45:20.802034400 AM,31.82297874,54.63636703,1382.45,USER,Fixed,Corrected,None,347, ,BYCODE(0), ,0.013,0.011,0.012,0.017,         BYLAYER,  BYCODE, ,0,Vertical,12/9/2025 9:45, , , , ,1.308,0.663,1.127, , , , 
 ,20251209093040 2025-12-09 9:45:23.994307500 AM,31.82310202,54.63654064,1382.259,USER,Fixed,Corrected,None,348, ,BYCODE(0), ,0.013,0.011,0.012,0.017,         BYLAYER,  BYCODE, ,0,Vertical,12/9/2025 9:45, , , , ,1.308,0.663,1.128, , , , 
 ,20251209093040 2025-12-09 9:45:25.982989500 AM,31.82322376,54.63669775,1382.359,USER,Fixed,Corrected,None,349, ,BYCODE(0), ,0.013,0.011,0.012,0.017,         BYLAYER,  BYCODE, ,0,Vertical,12/9/2025 9:45, , , , ,1.308,0.663,1.128, , , , 
 ,20251209093040 2025-12-09 9:45:27.971812500 AM,31.82334454,54.63685068,1382.574,USER,Fixed,Corrected,None,350, ,BYCODE(0), ,0.013,0.011,0.012,0.017,         BYLAYER,  BYCODE, ,0,Vertical,12/9/2025 9:45, , , , ,1.308,0.663,1.128, , , , 
 ,20251209093040 2025-12-09 9:45:29.960535000 AM,31.82346745,54.63700361,1382.957,USER,Fixed,Corrected,None,351, ,BYCODE(0), ,0.013,0.011,0.012,0.017,         BYLAYER,  BYCODE, ,0,Vertical,12/9/2025 9:45, , , , ,1.309,0.663,1.128, , , , 
 ,20251209093040 2025-12-09 9:45:31.951203600 AM,31.8235896,54.63715654,1383.45,USER,Fixed,Corrected,None,352, ,BYCODE(0), ,0.013,0.011,0.012,0.017,         BYLAYER,  BYCODE, ,0,Vertical,12/9/2025 9:45, , , , ,1.309,0.663,1.129, , , , 
 ,20251209093040 2025-12-09 9:45:33.939913300 AM,31.82371165,54.63731013,1383.957,USER,Fixed,Corrected,None,353, ,BYCODE(0), ,0.013,0.011,0.012,0.017,         BYLAYER,  BYCODE, ,0,Vertical,12/9/2025 9:45, , , , ,1.309,0.663,1.129, , , , 
 ,20251209093040 2025-12-09 9:45:35.928706900 AM,31.82383332,54.63746281,1384.019,USER,Fixed,Corrected,None,354, ,BYCODE(0), ,0.013,0.011,0.012,0.017,         BYLAYER,  BYCODE, ,0,Vertical,12/9/2025 9:45, , , , ,1.309,0.663,1.129, , , , 
 ,20251209093040 2025-12-09 9:45:37.915462500 AM,31.82395559,54.63761546,1384.297,USER,Fixed,Corrected,None,355, ,BYCODE(0), ,0.013,0.011,0.012,0.017,         BYLAYER,  BYCODE, ,0,Vertical,12/9/2025 9:45, , , , ,1.309,0.663,1.129, , , , 
 ,20251209093040 2025-12-09 9:45:39.908546900 AM,31.82407814,54.63776968,1384.602,USER,Fixed,Corrected,None,356, ,BYCODE(0), ,0.013,0.011,0.012,0.017,         BYLAYER,  BYCODE, ,0,Vertical,12/9/2025 9:45, , , , ,1.31,0.663,1.129, , , , 
 ,20251209093040 2025-12-09 9:45:41.901581300 AM,31.82420063,54.63792459,1384.877,USER,Fixed,Corrected,None,357, ,BYCODE(0), ,0.013,0.011,0.012,0.017,         BYLAYER,  BYCODE, ,0,Vertical,12/9/2025 9:45, , , , ,1.31,0.663,1.13, , , , 
 ,20251209093040 2025-12-09 9:45:43.872109200 AM,31.82432222,54.63807758,1385.178,USER,Partial,Corrected,None,358, ,BYCODE(0), ,0.013,0.011,0.012,0.017,         BYLAYER,  BYCODE, ,0,Vertical,12/9/2025 9:45, , , , ,1.31,0.663,1.13, , , , 
 ,20251209093040 2025-12-09 9:45:45.863174400 AM,31.82444446,54.63823161,1385.538,USER,Fixed,Corrected,None,359, ,BYCODE(0), ,0.013,0.011,0.012,0.017,         BYLAYER,  BYCODE, ,0,Vertical,12/9/2025 9:45, , , , ,1.31,0.663,1.13, , , , 
 ,20251209093040 2025-12-09 9:45:47.851924900 AM,31.82456645,54.6383864,1385.807,USER,Fixed,Corrected,None,360, ,BYCODE(0), ,0.013,0.011,0.012,0.017,         BYLAYER,  BYCODE, ,0,Vertical,12/9/2025 9:45, , , , ,1.31,0.663,1.13, , , , 
 ,20251209093040 2025-12-09 9:45:49.842746000 AM,31.82468903,54.63853953,1385.968,USER,Fixed,Corrected,None,361, ,BYCODE(0), ,0.013,0.011,0.012,0.017,         BYLAYER,  BYCODE, ,0,Vertical,12/9/2025 9:45, , , , ,1.311,0.663,1.13, , , , 
 ,20251209093040 2025-12-09 9:45:51.833560500 AM,31.82481164,54.6386927,1386.041,USER,Fixed,Corrected,None,362, ,BYCODE(0), ,0.013,0.011,0.012,0.017,         BYLAYER,  BYCODE, ,0,Vertical,12/9/2025 9:45, , , , ,1.311,0.663,1.131, , , , 
 ,20251209093040 2025-12-09 9:45:53.824311300 AM,31.82493417,54.63884647,1386.125,USER,Fixed,Corrected,None,363, ,BYCODE(0), ,0.013,0.011,0.012,0.017,         BYLAYER,  BYCODE, ,0,Vertical,12/9/2025 9:45, , , , ,1.311,0.663,1.131, , , , 
 ,20251209093040 2025-12-09 9:45:56.011340100 AM,31.82505403,54.63899922,1386.522,USER,Fixed,Corrected,None,364, ,BYCODE(0), ,0.013,0.011,0.012,0.017,         BYLAYER,  BYCODE, ,0,Vertical,12/9/2025 9:45, , , , ,1.311,0.663,1.131, , , , 
 ,20251209093040 2025-12-09 9:45:57.869119200 AM,31.82507818,54.63907045,1386.784,USER,Fixed,Corrected,None,365, ,BYCODE(0), ,0.013,0.011,0.012,0.017,         BYLAYER,  BYCODE, ,0,Vertical,12/9/2025 9:45, , , , ,1.311,0.663,1.131, , , , 
 ,20251209093040 2025-12-09 9:46:01.128318300 AM,31.82491874,54.63918846,1386.828,USER,Fixed,Corrected,None,366, ,BYCODE(0), ,0.013,0.011,0.012,0.017,         BYLAYER,  BYCODE, ,0,Vertical,12/9/2025 9:46, , , , ,1.312,0.663,1.132, , , , 
 ,20251209093040 2025-12-09 9:46:03.488812400 AM,31.82479684,54.63923391,1387.488,USER,Fixed,Corrected,None,367, ,BYCODE(0), ,0.013,0.011,0.012,0.017,         BYLAYER,  BYCODE, ,0,Vertical,12/9/2025 9:46, , , , ,1.312,0.663,1.132, , , , 
 ,20251209093040 2025-12-09 9:46:06.245304100 AM,31.82466338,54.63908434,1387.232,USER,Fixed,Corrected,None,368, ,BYCODE(0), ,0.013,0.011,0.012,0.017,         BYLAYER,  BYCODE, ,0,Vertical,12/9/2025 9:46, , , , ,1.312,0.663,1.132, , , , 
 ,20251209093040 2025-12-09 9:46:08.269626900 AM,31.82453668,54.63892757,1386.756,USER,Fixed,Corrected,None,369, ,BYCODE(0), ,0.013,0.011,0.012,0.017,         BYLAYER,  BYCODE, ,0,Vertical,12/9/2025 9:46, , , , ,1.312,0.663,1.132, , , , 
 ,20251209093040 2025-12-09 9:46:10.227790400 AM,31.82441625,54.63877696,1386.719,USER,Fixed,Corrected,None,370, ,BYCODE(0), ,0.013,0.011,0.012,0.017,         BYLAYER,  BYCODE, ,0,Vertical,12/9/2025 9:46, , , , ,1.313,0.663,1.133, , , , 
 ,20251209093040 2025-12-09 9:46:12.247639400 AM,31.82429216,54.63862154,1386.596,USER,Fixed,Corrected,None,371, ,BYCODE(0), ,0.013,0.011,0.012,0.017,         BYLAYER,  BYCODE, ,0,Vertical,12/9/2025 9:46, , , , ,1.313,0.663,1.133, , , , 
 ,20251209093040 2025-12-09 9:46:14.234393400 AM,31.82416984,54.63846787,1386.344,USER,Fixed,Corrected,None,372, ,BYCODE(0), ,0.013,0.011,0.012,0.017,         BYLAYER,  BYCODE, ,0,Vertical,12/9/2025 9:46, , , , ,1.313,0.663,1.133, , , , 
 ,20251209093040 2025-12-09 9:46:16.225209500 AM,31.8240478,54.63831431,1386.118,USER,Fixed,Corrected,None,373, ,BYCODE(0), ,0.013,0.011,0.012,0.017,         BYLAYER,  BYCODE, ,0,Vertical,12/9/2025 9:46, , , , ,1.313,0.663,1.133, , , , 
 ,20251209093040 2025-12-09 9:46:18.218078100 AM,31.82392541,54.63816098,1385.848,USER,Fixed,Corrected,None,374, ,BYCODE(0), ,0.013,0.011,0.012,0.017,         BYLAYER,  BYCODE, ,0,Vertical,12/9/2025 9:46, , , , ,1.313,0.663,1.134, , , , 
 ,20251209093040 2025-12-09 9:46:20.186223700 AM,31.82380444,54.63800847,1385.618,USER,Fixed,Corrected,None,375, ,BYCODE(0), ,0.013,0.011,0.012,0.017,         BYLAYER,  BYCODE, ,0,Vertical,12/9/2025 9:46, , , , ,1.314,0.663,1.134, , , , 
 ,20251209093040 2025-12-09 9:46:22.208272000 AM,31.82368013,54.63785243,1385.397,USER,Fixed,Corrected,None,376, ,BYCODE(0), ,0.013,0.011,0.012,0.017,         BYLAYER,  BYCODE, ,0,Vertical,12/9/2025 9:46, , , , ,1.314,0.663,1.134, , , , 
 ,20251209093040 2025-12-09 9:46:24.164048900 AM,31.82355977,54.6377013,1385.004,USER,Fixed,Corrected,None,377, ,BYCODE(0), ,0.013,0.011,0.012,0.017,         BYLAYER,  BYCODE, ,0,Vertical,12/9/2025 9:46, , , , ,1.314,0.663,1.134, , , , 
 ,20251209093040 2025-12-09 9:46:26.188310100 AM,31.82343524,54.63754506,1384.731,USER,Fixed,Corrected,None,378, ,BYCODE(0), ,0.013,0.011,0.012,0.017,         BYLAYER,  BYCODE, ,0,Vertical,12/9/2025 9:46, , , , ,1.314,0.663,1.134, , , , 
 ,20251209093040 2025-12-09 9:46:28.154624700 AM,31.82331428,54.63739247,1384.557,USER,Fixed,Corrected,None,379, ,BYCODE(0), ,0.013,0.011,0.012,0.017,         BYLAYER,  BYCODE, ,0,Vertical,12/9/2025 9:46, , , , ,1.314,0.663,1.135, , , , 
 ,20251209093040 2025-12-09 9:46:30.141383900 AM,31.82319189,54.63723855,1384.44,USER,Fixed,Corrected,None,380, ,BYCODE(0), ,0.013,0.011,0.012,0.017,         BYLAYER,  BYCODE, ,0,Vertical,12/9/2025 9:46, , , , ,1.314,0.663,1.135, , , , 
 ,20251209093040 2025-12-09 9:46:32.134393000 AM,31.82306883,54.63708525,1384.045,USER,Fixed,Corrected,None,381, ,BYCODE(0), ,0.013,0.011,0.012,0.017,         BYLAYER,  BYCODE, ,0,Vertical,12/9/2025 9:46, , , , ,1.315,0.663,1.135, , , , 
 ,20251209093040 2025-12-09 9:46:34.129484900 AM,31.82294605,54.63693094,1383.7,USER,Fixed,Corrected,None,382, ,BYCODE(0), ,0.013,0.011,0.012,0.017,         BYLAYER,  BYCODE, ,0,Vertical,12/9/2025 9:46, , , , ,1.315,0.663,1.135, , , , 
 ,20251209093040 2025-12-09 9:46:36.118535300 AM,31.82282379,54.63677663,1383.459,USER,Fixed,Corrected,None,383, ,BYCODE(0), ,0.013,0.011,0.012,0.017,         BYLAYER,  BYCODE, ,0,Vertical,12/9/2025 9:46, , , , ,1.315,0.663,1.135, , , , 
 ,20251209093040 2025-12-09 9:46:38.146957400 AM,31.82270167,54.63662319,1383.42,USER,Fixed,Corrected,None,384, ,BYCODE(0), ,0.013,0.011,0.012,0.017,         BYLAYER,  BYCODE, ,0,Vertical,12/9/2025 9:46, , , , ,1.315,0.663,1.136, , , , 
 ,20251209093040 2025-12-09 9:46:40.148307300 AM,31.82261441,54.63655574,1383.479,USER,Fixed,Corrected,None,385, ,BYCODE(0), ,0.013,0.011,0.012,0.017,         BYLAYER,  BYCODE, ,0,Vertical,12/9/2025 9:46, , , , ,1.315,0.663,1.136, , , , 
 ,20251209093040 2025-12-09 9:46:42.973558900 AM,31.822443,54.636637,1383.324,USER,Fixed,Corrected,None,386, ,BYCODE(0), ,0.013,0.011,0.012,0.017,         BYLAYER,  BYCODE, ,0,Vertical,12/9/2025 9:46, , , , ,1.316,0.663,1.136, , , , 
 ,20251209093040 2025-12-09 9:46:45.799231500 AM,31.82233919,54.63672316,1383.95,USER,Fixed,Corrected,None,387, ,BYCODE(0), ,0.013,0.011,0.012,0.017,         BYLAYER,  BYCODE, ,0,Vertical,12/9/2025 9:46, , , , ,1.316,0.663,1.136, , , , 
 ,20251209093040 2025-12-09 9:46:48.991683500 AM,31.82245995,54.6368936,1383.616,USER,Fixed,Corrected,None,388, ,BYCODE(0), ,0.013,0.011,0.012,0.017,         BYLAYER,  BYCODE, ,0,Vertical,12/9/2025 9:46, , , , ,1.316,0.663,1.137, , , , 
 ,20251209093040 2025-12-09 9:46:50.982651700 AM,31.82258367,54.63705181,1383.806,USER,Fixed,Corrected,None,389, ,BYCODE(0), ,0.013,0.011,0.012,0.017,         BYLAYER,  BYCODE, ,0,Vertical,12/9/2025 9:46, , , , ,1.316,0.663,1.137, , , , 
 ,20251209093040 2025-12-09 9:46:52.977680000 AM,31.82270503,54.63720499,1384.47,USER,Partial,Corrected,None,390, ,BYCODE(0), ,0.013,0.011,0.012,0.017,         BYLAYER,  BYCODE, ,0,Vertical,12/9/2025 9:46, , , , ,1.317,0.663,1.137, , , , 
 ,20251209093040 2025-12-09 9:46:54.966576100 AM,31.82282711,54.63735883,1384.711,USER,Fixed,Corrected,None,391, ,BYCODE(0), ,0.013,0.011,0.012,0.017,         BYLAYER,  BYCODE, ,0,Vertical,12/9/2025 9:46, , , , ,1.317,0.663,1.137, , , , 
 ,20251209093040 2025-12-09 9:46:56.957752900 AM,31.82294941,54.63751202,1385.057,USER,Partial,Corrected,None,392, ,BYCODE(0), ,0.013,0.011,0.012,0.017,         BYLAYER,  BYCODE, ,0,Vertical,12/9/2025 9:46, , , , ,1.317,0.663,1.138, , , , 
 ,20251209093040 2025-12-09 9:46:58.952753500 AM,31.82307117,54.63766549,1385.156,USER,Fixed,Corrected,None,393, ,BYCODE(0), ,0.013,0.011,0.012,0.017,         BYLAYER,  BYCODE, ,0,Vertical,12/9/2025 9:46, , , , ,1.317,0.663,1.138, , , , 
 ,20251209093040 2025-12-09 9:47:00.949982900 AM,31.82319409,54.63781995,1385.384,USER,Partial,Corrected,None,394, ,BYCODE(0), ,0.013,0.011,0.012,0.017,         BYLAYER,  BYCODE, ,0,Vertical,12/9/2025 9:47, , , , ,1.317,0.663,1.138, , , , 
 ,20251209093040 2025-12-09 9:47:02.905803200 AM,31.82331429,54.63797113,1385.693,USER,Fixed,Corrected,None,395, ,BYCODE(0), ,0.013,0.011,0.012,0.017,         BYLAYER,  BYCODE, ,0,Vertical,12/9/2025 9:47, , , , ,1.317,0.663,1.138, , , , 
 ,20251209093040 2025-12-09 9:47:04.931920800 AM,31.82343951,54.63812798,1386.287,USER,Partial,Corrected,None,396, ,BYCODE(0), ,0.013,0.011,0.012,0.017,         BYLAYER,  BYCODE, ,0,Vertical,12/9/2025 9:47, , , , ,1.318,0.663,1.138, , , , 
 ,20251209093040 2025-12-09 9:47:06.885727900 AM,31.82355966,54.63827759,1386.518,USER,Fixed,Corrected,None,397, ,BYCODE(0), ,0.013,0.011,0.012,0.017,         BYLAYER,  BYCODE, ,0,Vertical,12/9/2025 9:47, , , , ,1.318,0.663,1.139, , , , 
 ,20251209093040 2025-12-09 9:47:08.884666700 AM,31.82368238,54.63843252,1386.761,USER,Fixed,Corrected,None,398, ,BYCODE(0), ,0.015,0.009,0.012,0.017,         BYLAYER,  BYCODE, ,0,Vertical,12/9/2025 9:47, , , , ,1.318,0.664,1.139, , , , 
 ,20251209093040 2025-12-09 9:47:10.873529900 AM,31.82380467,54.63858644,1387.143,USER,Partial,Corrected,None,399, ,BYCODE(0), ,0.015,0.009,0.012,0.017,         BYLAYER,  BYCODE, ,0,Vertical,12/9/2025 9:47, , , , ,1.318,0.664,1.139, , , , 
 ,20251209093040 2025-12-09 9:47:12.864285900 AM,31.82392698,54.63874081,1387.493,USER,Partial,Corrected,None,400, ,BYCODE(0), ,0.015,0.009,0.012,0.017,         BYLAYER,  BYCODE, ,0,Vertical,12/9/2025 9:47, , , , ,1.318,0.664,1.139, , , , 
 ,20251209093040 2025-12-09 9:47:14.869409600 AM,31.82405062,54.63889605,1387.739,USER,Partial,Corrected,None,401, ,BYCODE(0), ,0.015,0.009,0.012,0.017,         BYLAYER,  BYCODE, ,0,Vertical,12/9/2025 9:47, , , , ,1.318,0.664,1.139, , , , 
 ,20251209093040 2025-12-09 9:47:16.858315700 AM,31.82417302,54.63904975,1387.952,USER,Fixed,Corrected,None,402, ,BYCODE(0), ,0.015,0.009,0.012,0.017,         BYLAYER,  BYCODE, ,0,Vertical,12/9/2025 9:47, , , , ,1.319,0.664,1.14, , , , 
 ,20251209093040 2025-12-09 9:47:18.849108500 AM,31.82429544,54.63920324,1388.261,USER,Partial,Corrected,None,403, ,BYCODE(0), ,0.015,0.009,0.012,0.017,         BYLAYER,  BYCODE, ,0,Vertical,12/9/2025 9:47, , , , ,1.319,0.664,1.14, , , , 
 ,20251209093040 2025-12-09 9:47:20.875141600 AM,31.82441623,54.63935573,1388.532,USER,Fixed,Corrected,None,404, ,BYCODE(0), ,0.015,0.009,0.012,0.017,         BYLAYER,  BYCODE, ,0,Vertical,12/9/2025 9:47, , , , ,1.319,0.664,1.14, , , , 
 ,20251209093040 2025-12-09 9:47:23.294061200 AM,31.82446349,54.63945919,1388.768,USER,Partial,Corrected,None,405, ,BYCODE(0), ,0.015,0.009,0.012,0.017,         BYLAYER,  BYCODE, ,0,Vertical,12/9/2025 9:47, , , , ,1.319,0.664,1.14, , , , 
 ,20251209093040 2025-12-09 9:47:26.549221500 AM,31.82430342,54.6395762,1387.949,USER,Fixed,Corrected,None,406, ,BYCODE(0), ,0.015,0.009,0.012,0.017,         BYLAYER,  BYCODE, ,0,Vertical,12/9/2025 9:47, , , , ,1.32,0.664,1.141, , , , 
 ,20251209093040 2025-12-09 9:47:28.907527700 AM,31.82418134,54.63962251,1387.919,USER,Partial,Corrected,None,407, ,BYCODE(0), ,0.015,0.009,0.012,0.017,         BYLAYER,  BYCODE, ,0,Vertical,12/9/2025 9:47, , , , ,1.32,0.664,1.141, , , , 
 ,20251209093040 2025-12-09 9:47:31.697399900 AM,31.82404526,54.63946935,1387.559,USER,Fixed,Corrected,None,408, ,BYCODE(0), ,0.015,0.009,0.012,0.017,         BYLAYER,  BYCODE, ,0,Vertical,12/9/2025 9:47, , , , ,1.32,0.664,1.141, , , , 
 ,20251209093040 2025-12-09 9:47:33.651292300 AM,31.82392278,54.63931813,1387.108,USER,Partial,Corrected,None,409, ,BYCODE(0), ,0.015,0.009,0.012,0.017,         BYLAYER,  BYCODE, ,0,Vertical,12/9/2025 9:47, , , , ,1.32,0.664,1.141, , , , 
 ,20251209093040 2025-12-09 9:47:35.648644000 AM,31.82380022,54.63916418,1387.012,USER,Partial,Corrected,None,410, ,BYCODE(0), ,0.015,0.009,0.012,0.017,         BYLAYER,  BYCODE, ,0,Vertical,12/9/2025 9:47, , , , ,1.32,0.664,1.141, , , , 
 ,20251209093040 2025-12-09 9:47:37.639613600 AM,31.82367788,54.63901059,1386.809,USER,Fixed,Corrected,None,411, ,BYCODE(0), ,0.015,0.009,0.012,0.017,         BYLAYER,  BYCODE, ,0,Vertical,12/9/2025 9:47, , , , ,1.32,0.664,1.142, , , , 
 ,20251209093040 2025-12-09 9:47:39.632752400 AM,31.82355577,54.63885708,1386.621,USER,Fixed,Corrected,None,412, ,BYCODE(0), ,0.015,0.009,0.012,0.017,         BYLAYER,  BYCODE, ,0,Vertical,12/9/2025 9:47, , , , ,1.321,0.664,1.142, , , , 
 ,20251209093040 2025-12-09 9:47:41.621658300 AM,31.82343332,54.63870336,1386.304,USER,Fixed,Corrected,None,413, ,BYCODE(0), ,0.015,0.009,0.012,0.017,         BYLAYER,  BYCODE, ,0,Vertical,12/9/2025 9:47, , , , ,1.321,0.664,1.142, , , , 
 ,20251209093040 2025-12-09 9:47:43.610403300 AM,31.823311,54.63854965,1386.112,USER,Partial,Corrected,None,414, ,BYCODE(0), ,0.015,0.009,0.012,0.017,         BYLAYER,  BYCODE, ,0,Vertical,12/9/2025 9:47, , , , ,1.321,0.664,1.142, , , , 
 ,20251209093040 2025-12-09 9:47:45.599280100 AM,31.82318879,54.63839533,1385.992,USER,Partial,Corrected,None,415, ,BYCODE(0), ,0.015,0.009,0.012,0.017,         BYLAYER,  BYCODE, ,0,Vertical,12/9/2025 9:47, , , , ,1.321,0.664,1.142, , , , 
 ,20251209093040 2025-12-09 9:47:47.588332400 AM,31.8230661,54.63824263,1385.696,USER,Fixed,Corrected,None,416, ,BYCODE(0), ,0.015,0.01,0.012,0.018,         BYLAYER,  BYCODE, ,0,Vertical,12/9/2025 9:47, , , , ,1.321,0.664,1.143, , , , 
 ,20251209093040 2025-12-09 9:47:49.575215600 AM,31.82294375,54.63808936,1385.497,USER,Partial,Corrected,None,417, ,BYCODE(0), ,0.015,0.009,0.012,0.017,         BYLAYER,  BYCODE, ,0,Vertical,12/9/2025 9:47, , , , ,1.322,0.664,1.143, , , , 
 ,20251209093040 2025-12-09 9:47:51.595259200 AM,31.82281908,54.63793322,1385.299,USER,Fixed,Corrected,None,418, ,BYCODE(0), ,0.015,0.009,0.012,0.018,         BYLAYER,  BYCODE, ,0,Vertical,12/9/2025 9:47, , , , ,1.322,0.664,1.143, , , , 
 ,20251209093040 2025-12-09 9:47:53.553182100 AM,31.82269831,54.63778221,1385.27,USER,Partial,Corrected,None,419, ,BYCODE(0), ,0.015,0.009,0.012,0.018,         BYLAYER,  BYCODE, ,0,Vertical,12/9/2025 9:47, , , , ,1.322,0.664,1.143, , , , 
 ,20251209093040 2025-12-09 9:47:55.577364700 AM,31.82257435,54.63762552,1385.092,USER,Partial,Corrected,None,420, ,BYCODE(0), ,0.015,0.009,0.012,0.018,         BYLAYER,  BYCODE, ,0,Vertical,12/9/2025 9:47, , , , ,1.322,0.664,1.143, , , , 
 ,20251209093040 2025-12-09 9:47:57.535117900 AM,31.82245402,54.63747395,1384.818,USER,Partial,Corrected,None,421, ,BYCODE(0), ,0.015,0.009,0.012,0.018,         BYLAYER,  BYCODE, ,0,Vertical,12/9/2025 9:47, , , , ,1.322,0.664,1.144, , , , 
 ,20251209093040 2025-12-09 9:47:59.526044600 AM,31.82233171,54.6373194,1384.531,USER,Fixed,Corrected,None,422, ,BYCODE(0), ,0.015,0.009,0.012,0.018,         BYLAYER,  BYCODE, ,0,Vertical,12/9/2025 9:47:60 AM, , , , ,1.322,0.664,1.144, , , , 
 ,20251209093040 2025-12-09 9:48:01.527185900 AM,31.82220844,54.63716508,1384.185,USER,Partial,Corrected,None,423, ,BYCODE(0), ,0.015,0.009,0.012,0.018,         BYLAYER,  BYCODE, ,0,Vertical,12/9/2025 9:48, , , , ,1.323,0.664,1.144, , , , 
 ,20251209093040 2025-12-09 9:48:03.519910300 AM,31.82208682,54.63701261,1383.857,USER,Fixed,Corrected,None,424, ,BYCODE(0), ,0.015,0.009,0.012,0.018,         BYLAYER,  BYCODE, ,0,Vertical,12/9/2025 9:48, , , , ,1.323,0.664,1.144, , , , 
 ,20251209093040 2025-12-09 9:48:05.980636100 AM,31.82197332,54.63691467,1383.655,USER,Partial,Corrected,None,425, ,BYCODE(0), ,0.015,0.009,0.012,0.017,         BYLAYER,  BYCODE, ,0,Vertical,12/9/2025 9:48, , , , ,1.323,0.664,1.144, , , , 
 ,20251209093040 2025-12-09 9:48:08.820444100 AM,31.82180115,54.63699637,1382.434,USER,Fixed,Corrected,None,426, ,BYCODE(0), ,0.015,0.009,0.012,0.018,         BYLAYER,  BYCODE, ,0,Vertical,12/9/2025 9:48, , , , ,1.323,0.664,1.145, , , , 
 ,20251209093040 2025-12-09 9:48:11.612502100 AM,31.82169804,54.63708248,1382.278,USER,Fixed,Corrected,None,427, ,BYCODE(0), ,0.015,0.01,0.012,0.018,         BYLAYER,  BYCODE, ,0,Vertical,12/9/2025 9:48, , , , ,1.323,0.664,1.145, , , , 
 ,20251209093040 2025-12-09 9:48:14.808926300 AM,31.82181902,54.63725257,1382.151,USER,Partial,Corrected,None,428, ,BYCODE(0), ,0.015,0.009,0.012,0.018,         BYLAYER,  BYCODE, ,0,Vertical,12/9/2025 9:48, , , , ,1.324,0.664,1.145, , , , 
 ,20251209093040 2025-12-09 9:48:16.787516400 AM,31.82194065,54.63740876,1382.443,USER,Fixed,Corrected,None,429, ,BYCODE(0), ,0.015,0.009,0.012,0.018,         BYLAYER,  BYCODE, ,0,Vertical,12/9/2025 9:48, , , , ,1.324,0.664,1.145, , , , 
 ,20251209093040 2025-12-09 9:48:18.776288700 AM,31.82206263,54.63756268,1383.205,USER,Fixed,Corrected,None,430, ,BYCODE(0), ,0.015,0.009,0.012,0.018,         BYLAYER,  BYCODE, ,0,Vertical,12/9/2025 9:48, , , , ,1.324,0.664,1.146, , , , 
 ,20251209093040 2025-12-09 9:48:20.769098000 AM,31.82218537,54.6377163,1383.855,USER,Fixed,Corrected,None,431, ,BYCODE(0), ,0.015,0.009,0.012,0.018,         BYLAYER,  BYCODE, ,0,Vertical,12/9/2025 9:48, , , , ,1.324,0.664,1.146, , , , 
 ,20251209093040 2025-12-09 9:48:22.757960600 AM,31.82230774,54.63786989,1384.471,USER,Fixed,Corrected,None,432, ,BYCODE(0), ,0.015,0.009,0.012,0.018,         BYLAYER,  BYCODE, ,0,Vertical,12/9/2025 9:48, , , , ,1.324,0.664,1.146, , , , 
 ,20251209093040 2025-12-09 9:48:24.750907700 AM,31.82242957,54.63802357,1384.871,USER,Fixed,Corrected,None,433, ,BYCODE(0), ,0.015,0.009,0.012,0.018,         BYLAYER,  BYCODE, ,0,Vertical,12/9/2025 9:48, , , , ,1.324,0.664,1.146, , , , 
 ,20251209093040 2025-12-09 9:48:26.776912000 AM,31.82255387,54.63818163,1385.325,USER,Fixed,Corrected,None,434, ,BYCODE(0), ,0.015,0.009,0.012,0.018,         BYLAYER,  BYCODE, ,0,Vertical,12/9/2025 9:48, , , , ,1.325,0.664,1.146, , , , 
 ,20251209093040 2025-12-09 9:48:28.736894600 AM,31.82267411,54.63833261,1385.849,USER,Fixed,Corrected,None,435, ,BYCODE(0), ,0.015,0.009,0.012,0.017,         BYLAYER,  BYCODE, ,0,Vertical,12/9/2025 9:48, , , , ,1.325,0.664,1.146, , , , 
 ,20251209093040 2025-12-09 9:48:30.729803600 AM,31.82279637,54.63848588,1386.122,USER,Fixed,Corrected,None,436, ,BYCODE(0), ,0.015,0.009,0.012,0.018,         BYLAYER,  BYCODE, ,0,Vertical,12/9/2025 9:48, , , , ,1.325,0.664,1.147, , , , 
 ,20251209093040 2025-12-09 9:48:32.724890200 AM,31.82291938,54.63864,1386.29,USER,Fixed,Corrected,None,437, ,BYCODE(0), ,0.015,0.009,0.012,0.017,         BYLAYER,  BYCODE, ,0,Vertical,12/9/2025 9:48, , , , ,1.325,0.664,1.147, , , , 
 ,20251209093040 2025-12-09 9:48:34.713612300 AM,31.82304208,54.63879464,1386.606,USER,Fixed,Corrected,None,438, ,BYCODE(0), ,0.015,0.009,0.012,0.017,         BYLAYER,  BYCODE, ,0,Vertical,12/9/2025 9:48, , , , ,1.325,0.664,1.147, , , , 
 ,20251209093040 2025-12-09 9:48:36.706524800 AM,31.82316355,54.63894906,1386.985,USER,Fixed,Corrected,None,439, ,BYCODE(0), ,0.015,0.009,0.012,0.017,         BYLAYER,  BYCODE, ,0,Vertical,12/9/2025 9:48, , , , ,1.325,0.664,1.147, , , , 
 ,20251209093040 2025-12-09 9:48:38.699407600 AM,31.82328495,54.63910269,1387.212,USER,Fixed,Corrected,None,440, ,BYCODE(0), ,0.015,0.009,0.012,0.017,         BYLAYER,  BYCODE, ,0,Vertical,12/9/2025 9:48, , , , ,1.326,0.664,1.147, , , , 
 ,20251209093040 2025-12-09 9:48:40.688374000 AM,31.82340764,54.63925697,1387.458,USER,Fixed,Corrected,None,441, ,BYCODE(0), ,0.015,0.009,0.012,0.018,         BYLAYER,  BYCODE, ,0,Vertical,12/9/2025 9:48, , , , ,1.326,0.664,1.148, , , , 
 ,20251209093040 2025-12-09 9:48:42.670883900 AM,31.82352951,54.63941025,1387.859,USER,Fixed,Corrected,None,442, ,BYCODE(0), ,0.015,0.009,0.012,0.017,         BYLAYER,  BYCODE, ,0,Vertical,12/9/2025 9:48, , , , ,1.326,0.664,1.148, , , , 
 ,20251209093040 2025-12-09 9:48:44.659939300 AM,31.8236517,54.63956469,1388.118,USER,Fixed,Corrected,None,443, ,BYCODE(0), ,0.015,0.009,0.012,0.017,         BYLAYER,  BYCODE, ,0,Vertical,12/9/2025 9:48, , , , ,1.326,0.664,1.148, , , , 
 ,20251209093040 2025-12-09 9:48:46.650875800 AM,31.82377405,54.63971829,1388.577,USER,Fixed,Corrected,None,444, ,BYCODE(0), ,0.015,0.009,0.012,0.017,         BYLAYER,  BYCODE, ,0,Vertical,12/9/2025 9:48, , , , ,1.326,0.664,1.148, , , , 
 ,20251209093040 2025-12-09 9:48:49.509556500 AM,31.82384487,54.63985078,1388.778,USER,Fixed,Corrected,None,445, ,BYCODE(0), ,0.015,0.009,0.012,0.018,         BYLAYER,  BYCODE, ,0,Vertical,12/9/2025 9:48, , , , ,1.327,0.664,1.148, , , , 
 ,20251209093040 2025-12-09 9:48:52.768710600 AM,31.82368522,54.63996746,1387.629,USER,Fixed,Corrected,None,446, ,BYCODE(0), ,0.015,0.009,0.012,0.017,         BYLAYER,  BYCODE, ,0,Vertical,12/9/2025 9:48, , , , ,1.327,0.664,1.149, , , , 
 ,20251209093040 2025-12-09 9:48:55.131079700 AM,31.82356275,54.64001464,1387.659,USER,Partial,Corrected,None,447, ,BYCODE(0), ,0.015,0.009,0.012,0.018,         BYLAYER,  BYCODE, ,0,Vertical,12/9/2025 9:48, , , , ,1.327,0.664,1.149, , , , 
 ,20251209081532 2025-12-09 8:20:02.776526900 AM,31.83719339,54.62525591,1386.04,USER,Fixed,Corrected,None,25, ,BYCODE(0), ,0.013,0.01,0.011,0.016,         BYLAYER,  BYCODE, ,0,Vertical,12/9/2025 8:20, , , , ,1.434,0.739,1.229, , , , 
 ,20251209093040 2025-12-09 9:48:59.901315900 AM,31.82330293,54.63970542,1386.768,USER,Fixed,Corrected,None,449, ,BYCODE(0), ,0.015,0.009,0.012,0.018,         BYLAYER,  BYCODE, ,0,Vertical,12/9/2025 9:48:60 AM, , , , ,1.327,0.664,1.149, , , , 
 ,20251209093040 2025-12-09 9:49:01.871383200 AM,31.8231817,54.63955412,1386.565,USER,Partial,Corrected,None,450, ,BYCODE(0), ,0.015,0.009,0.012,0.018,         BYLAYER,  BYCODE, ,0,Vertical,12/9/2025 9:49, , , , ,1.327,0.664,1.149, , , , 
 ,20251209093040 2025-12-09 9:49:03.895397200 AM,31.82305778,54.63939975,1386.173,USER,Partial,Corrected,None,451, ,BYCODE(0), ,0.015,0.009,0.012,0.018,         BYLAYER,  BYCODE, ,0,Vertical,12/9/2025 9:49, , , , ,1.328,0.664,1.15, , , , 
 ,20251209093040 2025-12-09 9:49:05.847083800 AM,31.82293744,54.63924814,1385.965,USER,Fixed,Corrected,None,452, ,BYCODE(0), ,0.015,0.009,0.012,0.018,         BYLAYER,  BYCODE, ,0,Vertical,12/9/2025 9:49, , , , ,1.328,0.664,1.15, , , , 
 ,20251209093040 2025-12-09 9:49:07.870918500 AM,31.8228133,54.6390921,1385.725,USER,Fixed,Corrected,None,453, ,BYCODE(0), ,0.015,0.009,0.012,0.018,         BYLAYER,  BYCODE, ,0,Vertical,12/9/2025 9:49, , , , ,1.328,0.664,1.15, , , , 
 ,20251209093040 2025-12-09 9:49:09.831126200 AM,31.82269306,54.63894177,1385.446,USER,Fixed,Corrected,None,454, ,BYCODE(0), ,0.015,0.009,0.012,0.018,         BYLAYER,  BYCODE, ,0,Vertical,12/9/2025 9:49, , , , ,1.328,0.664,1.15, , , , 
 ,20251209093040 2025-12-09 9:49:11.857170100 AM,31.822568,54.6387852,1385.194,USER,Fixed,Corrected,None,455, ,BYCODE(0), ,0.015,0.009,0.012,0.018,         BYLAYER,  BYCODE, ,0,Vertical,12/9/2025 9:49, , , , ,1.328,0.664,1.15, , , , 
 ,20251209093040 2025-12-09 9:49:13.811156700 AM,31.82244821,54.63863442,1384.906,USER,Fixed,Corrected,None,456, ,BYCODE(0), ,0.015,0.009,0.012,0.018,         BYLAYER,  BYCODE, ,0,Vertical,12/9/2025 9:49, , , , ,1.328,0.664,1.151, , , , 
 ,20251209093040 2025-12-09 9:49:15.839177800 AM,31.82232404,54.63847784,1384.471,USER,Fixed,Corrected,None,457, ,BYCODE(0), ,0.015,0.009,0.012,0.018,         BYLAYER,  BYCODE, ,0,Vertical,12/9/2025 9:49, , , , ,1.329,0.664,1.151, , , , 
 ,20251209093040 2025-12-09 9:49:17.797322800 AM,31.822204,54.63832632,1384.185,USER,Fixed,Corrected,None,458, ,BYCODE(0), ,0.015,0.009,0.012,0.018,         BYLAYER,  BYCODE, ,0,Vertical,12/9/2025 9:49, , , , ,1.329,0.664,1.151, , , , 
 ,20251209093040 2025-12-09 9:49:19.791815800 AM,31.82208081,54.63817178,1383.825,USER,Fixed,Corrected,None,459, ,BYCODE(0), ,0.015,0.009,0.012,0.018,         BYLAYER,  BYCODE, ,0,Vertical,12/9/2025 9:49, , , , ,1.329,0.664,1.151, , , , 
 ,20251209093040 2025-12-09 9:49:21.772335300 AM,31.8219583,54.63801852,1383.556,USER,Fixed,Corrected,None,460, ,BYCODE(0), ,0.015,0.009,0.012,0.018,         BYLAYER,  BYCODE, ,0,Vertical,12/9/2025 9:49, , , , ,1.329,0.664,1.151, , , , 
 ,20251209093040 2025-12-09 9:49:23.800347100 AM,31.8218333,54.63786274,1383.549,USER,Fixed,Corrected,None,461, ,BYCODE(0), ,0.015,0.009,0.012,0.018,         BYLAYER,  BYCODE, ,0,Vertical,12/9/2025 9:49, , , , ,1.329,0.664,1.151, , , , 
 ,20251209093040 2025-12-09 9:49:25.768370200 AM,31.82171225,54.6377099,1383.362,USER,Fixed,Corrected,None,462, ,BYCODE(0), ,0.015,0.009,0.012,0.018,         BYLAYER,  BYCODE, ,0,Vertical,12/9/2025 9:49, , , , ,1.329,0.664,1.152, , , , 
 ,20251209093040 2025-12-09 9:49:27.761261000 AM,31.82158938,54.63755574,1383.221,USER,Fixed,Corrected,None,463, ,BYCODE(0), ,0.015,0.009,0.012,0.018,         BYLAYER,  BYCODE, ,0,Vertical,12/9/2025 9:49, , , , ,1.329,0.664,1.152, , , , 
 ,20251209093040 2025-12-09 9:49:29.756135500 AM,31.82146699,54.63740246,1383.103,USER,Fixed,Corrected,None,464, ,BYCODE(0), ,0.015,0.009,0.012,0.018,         BYLAYER,  BYCODE, ,0,Vertical,12/9/2025 9:49, , , , ,1.33,0.664,1.152, , , , 
 ,20251209093040 2025-12-09 9:49:32.393997700 AM,31.82133987,54.63727459,1383.054,USER,Fixed,Corrected,None,465, ,BYCODE(0), ,0.015,0.009,0.012,0.018,         BYLAYER,  BYCODE, ,0,Vertical,12/9/2025 9:49, , , , ,1.33,0.664,1.152, , , , 
 ,20251209093040 2025-12-09 9:49:35.450812100 AM,31.82115728,54.63735613,1382.926,USER,Partial,Corrected,None,466, ,BYCODE(0), ,0.015,0.01,0.012,0.018,         BYLAYER,  BYCODE, ,0,Vertical,12/9/2025 9:49, , , , ,1.33,0.664,1.152, , , , 
 ,20251209093040 2025-12-09 9:49:38.282432800 AM,31.82105553,54.63744167,1383.527,USER,Partial,Corrected,None,467, ,BYCODE(0), ,0.015,0.009,0.012,0.018,         BYLAYER,  BYCODE, ,0,Vertical,12/9/2025 9:49, , , , ,1.33,0.664,1.153, , , , 
 ,20251209093040 2025-12-09 9:49:41.441514300 AM,31.82117695,54.63761267,1382.965,USER,Partial,Corrected,None,468, ,BYCODE(0), ,0.015,0.009,0.012,0.018,         BYLAYER,  BYCODE, ,0,Vertical,12/9/2025 9:49, , , , ,1.331,0.664,1.153, , , , 
 ,20251209093040 2025-12-09 9:49:43.430134300 AM,31.82129958,54.63777044,1382.871,USER,Partial,Corrected,None,469, ,BYCODE(0), ,0.015,0.009,0.012,0.018,         BYLAYER,  BYCODE, ,0,Vertical,12/9/2025 9:49, , , , ,1.331,0.664,1.153, , , , 
 ,20251209093040 2025-12-09 9:49:45.420918000 AM,31.82142144,54.63792399,1383.243,USER,Fixed,Corrected,None,470, ,BYCODE(0), ,0.015,0.01,0.012,0.018,         BYLAYER,  BYCODE, ,0,Vertical,12/9/2025 9:49, , , , ,1.331,0.664,1.153, , , , 
 ,20251209093040 2025-12-09 9:49:47.413726300 AM,31.82154378,54.63807729,1383.69,USER,Partial,Corrected,None,471, ,BYCODE(0), ,0.015,0.009,0.012,0.018,         BYLAYER,  BYCODE, ,0,Vertical,12/9/2025 9:49, , , , ,1.331,0.664,1.153, , , , 
 ,20251209093040 2025-12-09 9:49:49.402198800 AM,31.82166571,54.63823134,1384.053,USER,Fixed,Corrected,None,472, ,BYCODE(0), ,0.015,0.009,0.012,0.018,         BYLAYER,  BYCODE, ,0,Vertical,12/9/2025 9:49, , , , ,1.331,0.664,1.154, , , , 
 ,20251209093040 2025-12-09 9:49:51.388824000 AM,31.82178792,54.63838479,1384.239,USER,Partial,Corrected,None,473, ,BYCODE(0), ,0.015,0.01,0.012,0.018,         BYLAYER,  BYCODE, ,0,Vertical,12/9/2025 9:49, , , , ,1.331,0.664,1.154, , , , 
 ,20251209093040 2025-12-09 9:49:53.383576900 AM,31.82191063,54.63853979,1384.379,USER,Fixed,Corrected,None,474, ,BYCODE(0), ,0.015,0.009,0.012,0.018,         BYLAYER,  BYCODE, ,0,Vertical,12/9/2025 9:49, , , , ,1.331,0.664,1.154, , , , 
 ,20251209093040 2025-12-09 9:49:55.376215700 AM,31.82203331,54.63869358,1384.388,USER,Fixed,Corrected,None,475, ,BYCODE(0), ,0.015,0.009,0.012,0.018,         BYLAYER,  BYCODE, ,0,Vertical,12/9/2025 9:49, , , , ,1.332,0.664,1.154, , , , 
 ,20251209093040 2025-12-09 9:49:57.364824300 AM,31.82215495,54.63884627,1384.394,USER,Fixed,Corrected,None,476, ,BYCODE(0), ,0.015,0.009,0.012,0.018,         BYLAYER,  BYCODE, ,0,Vertical,12/9/2025 9:49, , , , ,1.332,0.664,1.154, , , , 
 ,20251209093040 2025-12-09 9:49:59.361652900 AM,31.82227808,54.63900116,1384.601,USER,Partial,Corrected,None,477, ,BYCODE(0), ,0.015,0.01,0.012,0.018,         BYLAYER,  BYCODE, ,0,Vertical,12/9/2025 9:49, , , , ,1.332,0.664,1.154, , , , 
 ,20251209093040 2025-12-09 9:50:01.354384400 AM,31.82240128,54.63915498,1384.739,USER,Fixed,Corrected,None,478, ,BYCODE(0), ,0.015,0.009,0.012,0.018,         BYLAYER,  BYCODE, ,0,Vertical,12/9/2025 9:50, , , , ,1.332,0.664,1.155, , , , 
 ,20251209093040 2025-12-09 9:50:03.343354700 AM,31.82252321,54.63930773,1384.886,USER,Fixed,Corrected,None,479, ,BYCODE(0), ,0.015,0.009,0.012,0.018,         BYLAYER,  BYCODE, ,0,Vertical,12/9/2025 9:50, , , , ,1.332,0.664,1.155, , , , 
 ,20251209093040 2025-12-09 9:50:05.319724600 AM,31.82264508,54.63946068,1384.898,USER,Partial,Corrected,None,480, ,BYCODE(0), ,0.015,0.009,0.012,0.018,         BYLAYER,  BYCODE, ,0,Vertical,12/9/2025 9:50, , , , ,1.332,0.664,1.155, , , , 
 ,20251209093040 2025-12-09 9:50:07.343742100 AM,31.82276891,54.63961581,1384.841,USER,Partial,Corrected,None,481, ,BYCODE(0), ,0.015,0.009,0.012,0.018,         BYLAYER,  BYCODE, ,0,Vertical,12/9/2025 9:50, , , , ,1.332,0.664,1.155, , , , 
 ,20251209093040 2025-12-09 9:50:09.297776200 AM,31.8228888,54.63976677,1384.951,USER,Fixed,Corrected,None,482, ,BYCODE(0), ,0.015,0.009,0.012,0.018,         BYLAYER,  BYCODE, ,0,Vertical,12/9/2025 9:50, , , , ,1.333,0.664,1.155, , , , 
 ,20251209093040 2025-12-09 9:50:11.298915400 AM,31.82301164,54.63992178,1384.941,USER,Fixed,Corrected,None,483, ,BYCODE(0), ,0.015,0.009,0.012,0.018,         BYLAYER,  BYCODE, ,0,Vertical,12/9/2025 9:50, , , , ,1.333,0.664,1.155, , , , 
 ,20251209093040 2025-12-09 9:50:13.289600800 AM,31.82313379,54.64007591,1385.006,USER,Fixed,Corrected,None,484, ,BYCODE(0), ,0.015,0.009,0.012,0.018,         BYLAYER,  BYCODE, ,0,Vertical,12/9/2025 9:50, , , , ,1.333,0.664,1.156, , , , 
 ,20251209093040 2025-12-09 9:50:16.317319600 AM,31.82323088,54.64023257,1385.659,USER,Partial,Corrected,None,485, ,BYCODE(0), ,0.015,0.009,0.012,0.018,         BYLAYER,  BYCODE, ,0,Vertical,12/9/2025 9:50, , , , ,1.333,0.664,1.156, , , , 
 ,20251209093040 2025-12-09 9:50:19.807214000 AM,31.82306828,54.64035608,1385.22,USER,Fixed,Corrected,None,486, ,BYCODE(0), ,0.015,0.009,0.012,0.018,         BYLAYER,  BYCODE, ,0,Vertical,12/9/2025 9:50, , , , ,1.333,0.664,1.156, , , , 
 ,20251209093040 2025-12-09 9:50:22.163348200 AM,31.82294789,54.64040352,1385.417,USER,Fixed,Corrected,None,487, ,BYCODE(0), ,0.015,0.009,0.012,0.018,         BYLAYER,  BYCODE, ,0,Vertical,12/9/2025 9:50, , , , ,1.334,0.664,1.156, , , , 
 ,20251209093040 2025-12-09 9:50:24.945233300 AM,31.82281278,54.64025035,1385.164,USER,Fixed,Corrected,None,488, ,BYCODE(0), ,0.015,0.01,0.012,0.018,         BYLAYER,  BYCODE, ,0,Vertical,12/9/2025 9:50, , , , ,1.334,0.664,1.156, , , , 
 ,20251209093040 2025-12-09 9:50:26.934082700 AM,31.82268867,54.64009698,1385.02,USER,Partial,Corrected,None,489, ,BYCODE(0), ,0.015,0.009,0.012,0.018,         BYLAYER,  BYCODE, ,0,Vertical,12/9/2025 9:50, , , , ,1.334,0.664,1.157, , , , 
 ,20251209093040 2025-12-09 9:50:28.922984400 AM,31.8225677,54.63994484,1385.073,USER,Fixed,Corrected,None,490, ,BYCODE(0), ,0.015,0.01,0.012,0.018,         BYLAYER,  BYCODE, ,0,Vertical,12/9/2025 9:50, , , , ,1.334,0.664,1.157, , , , 
 ,20251209093040 2025-12-09 9:50:30.889554300 AM,31.8224471,54.639793,1385.258,USER,Partial,Corrected,None,491, ,BYCODE(0), ,0.015,0.01,0.012,0.018,         BYLAYER,  BYCODE, ,0,Vertical,12/9/2025 9:50, , , , ,1.334,0.664,1.157, , , , 
 ,20251209093040 2025-12-09 9:50:32.911481100 AM,31.82232259,54.63963628,1385.302,USER,Fixed,Corrected,None,492, ,BYCODE(0), ,0.015,0.01,0.012,0.018,         BYLAYER,  BYCODE, ,0,Vertical,12/9/2025 9:50, , , , ,1.334,0.664,1.157, , , , 
 ,20251209093040 2025-12-09 9:50:34.912522600 AM,31.82219959,54.63948184,1385.421,USER,Partial,Corrected,None,493, ,BYCODE(0), ,0.015,0.01,0.012,0.018,         BYLAYER,  BYCODE, ,0,Vertical,12/9/2025 9:50, , , , ,1.334,0.664,1.157, , , , 
 ,20251209093040 2025-12-09 9:50:36.868297100 AM,31.82207927,54.63933069,1385.396,USER,Fixed,Corrected,None,494, ,BYCODE(0), ,0.015,0.01,0.012,0.018,         BYLAYER,  BYCODE, ,0,Vertical,12/9/2025 9:50, , , , ,1.335,0.664,1.157, , , , 
 ,20251209093040 2025-12-09 9:50:38.885883300 AM,31.82195566,54.63917505,1385.299,USER,Fixed,Corrected,None,495, ,BYCODE(0), ,0.015,0.01,0.012,0.018,         BYLAYER,  BYCODE, ,0,Vertical,12/9/2025 9:50, , , , ,1.335,0.664,1.158, , , , 
 ,20251209093040 2025-12-09 9:50:40.880689100 AM,31.82183291,54.63902148,1385.143,USER,Partial,Corrected,None,496, ,BYCODE(0), ,0.015,0.01,0.012,0.018,         BYLAYER,  BYCODE, ,0,Vertical,12/9/2025 9:50, , , , ,1.335,0.664,1.158, , , , 
 ,20251209093040 2025-12-09 9:50:42.867414000 AM,31.82171064,54.63886854,1384.931,USER,Fixed,Corrected,None,497, ,BYCODE(0), ,0.015,0.01,0.012,0.018,         BYLAYER,  BYCODE, ,0,Vertical,12/9/2025 9:50, , , , ,1.335,0.664,1.158, , , , 
 ,20251209093040 2025-12-09 9:50:44.862350000 AM,31.82158752,54.63871472,1384.753,USER,Fixed,Corrected,None,498, ,BYCODE(0), ,0.015,0.01,0.012,0.018,         BYLAYER,  BYCODE, ,0,Vertical,12/9/2025 9:50, , , , ,1.335,0.664,1.158, , , , 
 ,20251209093040 2025-12-09 9:50:46.857302200 AM,31.82146489,54.63856026,1384.587,USER,Fixed,Corrected,None,499, ,BYCODE(0), ,0.015,0.009,0.012,0.018,         BYLAYER,  BYCODE, ,0,Vertical,12/9/2025 9:50, , , , ,1.335,0.664,1.158, , , , 
 ,20251209093040 2025-12-09 9:50:48.819556700 AM,31.82134389,54.63840883,1384.601,USER,Fixed,Corrected,None,500, ,BYCODE(0), ,0.015,0.01,0.012,0.018,         BYLAYER,  BYCODE, ,0,Vertical,12/9/2025 9:50, , , , ,1.335,0.664,1.158, , , , 
 ,20251209093040 2025-12-09 9:50:50.806225100 AM,31.82122157,54.63825558,1384.587,USER,Fixed,Corrected,None,501, ,BYCODE(0), ,0.015,0.009,0.012,0.018,         BYLAYER,  BYCODE, ,0,Vertical,12/9/2025 9:50, , , , ,1.335,0.664,1.159, , , , 
 ,20251209093040 2025-12-09 9:50:52.799014100 AM,31.82109871,54.63810187,1384.589,USER,Fixed,Corrected,None,502, ,BYCODE(0), ,0.015,0.009,0.012,0.018,         BYLAYER,  BYCODE, ,0,Vertical,12/9/2025 9:50, , , , ,1.336,0.664,1.159, , , , 
 ,20251209093040 2025-12-09 9:50:54.802326900 AM,31.82097558,54.63794809,1384.572,USER,Fixed,Corrected,None,503, ,BYCODE(0), ,0.015,0.01,0.012,0.018,         BYLAYER,  BYCODE, ,0,Vertical,12/9/2025 9:50, , , , ,1.336,0.664,1.159, , , , 
 ,20251209093040 2025-12-09 9:50:56.793147100 AM,31.82085353,54.63779497,1384.405,USER,Fixed,Corrected,None,504, ,BYCODE(0), ,0.015,0.01,0.012,0.018,         BYLAYER,  BYCODE, ,0,Vertical,12/9/2025 9:50, , , , ,1.336,0.664,1.159, , , , 
 ,20251209093040 2025-12-09 9:50:59.153631700 AM,31.82073253,54.63764957,1384.228,USER,Fixed,Corrected,None,505, ,BYCODE(0), ,0.015,0.009,0.012,0.018,         BYLAYER,  BYCODE, ,0,Vertical,12/9/2025 9:50, , , , ,1.336,0.664,1.159, , , , 
 ,20251209093040 2025-12-09 9:51:00.041839800 AM,31.82069223,54.63763462,1384.161,USER,Fixed,Corrected,None,506, ,BYCODE(0), ,0.015,0.009,0.012,0.018,         BYLAYER,  BYCODE, ,0,Vertical,12/9/2025 9:51, , , , ,1.336,0.664,1.159, , , , 
 ,20251209093040 2025-12-09 9:51:02.896647200 AM,31.82051851,54.63771668,1383.686,USER,Fixed,Corrected,None,507, ,BYCODE(0), ,0.015,0.01,0.013,0.018,         BYLAYER,  BYCODE, ,0,Vertical,12/9/2025 9:51, , , , ,1.336,0.664,1.159, , , , 
 ,20251209093040 2025-12-09 9:51:05.686706800 AM,31.82041691,54.63780256,1384.227,USER,Fixed,Corrected,None,508, ,BYCODE(0), ,0.015,0.01,0.012,0.018,         BYLAYER,  BYCODE, ,0,Vertical,12/9/2025 9:51, , , , ,1.336,0.664,1.16, , , , 
 ,20251209101609 2025-12-09 10:18:12.274306800 AM,31.82155276,54.63973627,1281.148,USER,Partial,Corrected,None,1, ,BYCODE(0), ,0.014,0.01,0.012,0.017,         BYLAYER,  BYCODE, ,0,Vertical,12/9/2025 10:18, , , , ,1.258,0.628,1.09, , , , 
 ,20251209101609 2025-12-09 10:20:07.181126100 AM,31.8205462,54.63803035,1385.06,USER,Fixed,Corrected,None,2, ,BYCODE(0), ,0.013,0.01,0.012,0.017,         BYLAYER,  BYCODE, ,0,Vertical,12/9/2025 10:20, , , , ,1.241,0.624,1.073, , , , 
 ,20251209101609 2025-12-09 10:20:09.005879600 AM,31.82064733,54.63815268,1384.864,USER,Partial,Corrected,None,3, ,BYCODE(0), ,0.013,0.01,0.012,0.017,         BYLAYER,  BYCODE, ,0,Vertical,12/9/2025 10:20, , , , ,1.241,0.624,1.072, , , , 
 ,20251209101609 2025-12-09 10:20:10.974008600 AM,31.82077584,54.63829949,1385.059,USER,Partial,Corrected,None,4, ,BYCODE(0), ,0.013,0.01,0.012,0.017,         BYLAYER,  BYCODE, ,0,Vertical,12/9/2025 10:20, , , , ,1.241,0.624,1.072, , , , 
 ,20251209101609 2025-12-09 10:20:12.967057900 AM,31.82089888,54.63845139,1385.6,USER,Partial,Corrected,None,5, ,BYCODE(0), ,0.013,0.01,0.012,0.017,         BYLAYER,  BYCODE, ,0,Vertical,12/9/2025 10:20, , , , ,1.241,0.624,1.072, , , , 
 ,20251209101609 2025-12-09 10:20:14.957896000 AM,31.82102036,54.63860573,1385.878,USER,Partial,Corrected,None,6, ,BYCODE(0), ,0.013,0.01,0.012,0.017,         BYLAYER,  BYCODE, ,0,Vertical,12/9/2025 10:20, , , , ,1.241,0.624,1.072, , , , 
 ,20251209101609 2025-12-09 10:20:16.948752200 AM,31.82114228,54.63875977,1386.214,USER,Partial,Corrected,None,7, ,BYCODE(0), ,0.013,0.01,0.012,0.017,         BYLAYER,  BYCODE, ,0,Vertical,12/9/2025 10:20, , , , ,1.241,0.624,1.072, , , , 
 ,20251209101609 2025-12-09 10:20:18.943841900 AM,31.8212633,54.63891477,1386.362,USER,Partial,Corrected,None,8, ,BYCODE(0), ,0.013,0.01,0.012,0.017,         BYLAYER,  BYCODE, ,0,Vertical,12/9/2025 10:20, , , , ,1.241,0.624,1.072, , , , 
 ,20251209101609 2025-12-09 10:20:20.934587700 AM,31.8213853,54.63906903,1386.478,USER,Partial,Corrected,None,9, ,BYCODE(0), ,0.013,0.01,0.012,0.017,         BYLAYER,  BYCODE, ,0,Vertical,12/9/2025 10:20, , , , ,1.241,0.624,1.072, , , , 
 ,20251209101609 2025-12-09 10:20:22.925304400 AM,31.82150692,54.63922267,1386.592,USER,Partial,Corrected,None,10, ,BYCODE(0), ,0.013,0.01,0.012,0.017,         BYLAYER,  BYCODE, ,0,Vertical,12/9/2025 10:20, , , , ,1.241,0.624,1.072, , , , 
 ,20251209101609 2025-12-09 10:20:24.918226000 AM,31.82162875,54.6393764,1386.506,USER,Partial,Corrected,None,11, ,BYCODE(0), ,0.014,0.01,0.012,0.017,         BYLAYER,  BYCODE, ,0,Vertical,12/9/2025 10:20, , , , ,1.24,0.624,1.072, , , , 
 ,20251209101609 2025-12-09 10:20:26.880290300 AM,31.82174931,54.63952808,1386.569,USER,Partial,Corrected,None,12, ,BYCODE(0), ,0.013,0.01,0.012,0.017,         BYLAYER,  BYCODE, ,0,Vertical,12/9/2025 10:20, , , , ,1.24,0.624,1.072, , , , 
 ,20251209101609 2025-12-09 10:20:28.908234800 AM,31.82187377,54.63968457,1386.63,USER,Partial,Corrected,None,13, ,BYCODE(0), ,0.013,0.01,0.012,0.017,         BYLAYER,  BYCODE, ,0,Vertical,12/9/2025 10:20, , , , ,1.24,0.624,1.072, , , , 
 ,20251209101609 2025-12-09 10:20:30.872616800 AM,31.82199395,54.63983641,1386.74,USER,Partial,Corrected,None,14, ,BYCODE(0), ,0.013,0.01,0.012,0.017,         BYLAYER,  BYCODE, ,0,Vertical,12/9/2025 10:20, , , , ,1.24,0.624,1.072, , , , 
 ,20251209101609 2025-12-09 10:20:32.863565200 AM,31.82211646,54.63999066,1386.882,USER,Partial,Corrected,None,15, ,BYCODE(0), ,0.013,0.01,0.012,0.017,         BYLAYER,  BYCODE, ,0,Vertical,12/9/2025 10:20, , , , ,1.24,0.624,1.072, , , , 
 ,20251209101609 2025-12-09 10:20:34.862413400 AM,31.82223915,54.64014543,1386.957,USER,Partial,Corrected,None,16, ,BYCODE(0), ,0.013,0.01,0.012,0.017,         BYLAYER,  BYCODE, ,0,Vertical,12/9/2025 10:20, , , , ,1.24,0.624,1.072, , , , 
 ,20251209101609 2025-12-09 10:20:36.848933000 AM,31.82236086,54.64029866,1387.055,USER,Partial,Corrected,None,17, ,BYCODE(0), ,0.013,0.01,0.012,0.017,         BYLAYER,  BYCODE, ,0,Vertical,12/9/2025 10:20, , , , ,1.24,0.624,1.071, , , , 
 ,20251209101609 2025-12-09 10:20:38.841680300 AM,31.82248301,54.64045249,1387.176,USER,Partial,Corrected,None,18, ,BYCODE(0), ,0.013,0.01,0.012,0.017,         BYLAYER,  BYCODE, ,0,Vertical,12/9/2025 10:20, , , , ,1.24,0.624,1.071, , , , 
 ,20251209101609 2025-12-09 10:20:41.467070300 AM,31.82260504,54.64059559,1387.461,USER,Partial,Corrected,None,19, ,BYCODE(0), ,0.013,0.01,0.012,0.017,         BYLAYER,  BYCODE, ,0,Vertical,12/9/2025 10:20, , , , ,1.24,0.624,1.071, , , , 
 ,20251209101609 2025-12-09 10:20:42.526032200 AM,31.82260069,54.64063058,1387.424,USER,Partial,Corrected,None,20, ,BYCODE(0), ,0.013,0.01,0.012,0.017,         BYLAYER,  BYCODE, ,0,Vertical,12/9/2025 10:20, , , , ,1.24,0.624,1.071, , , , 
 ,20251209101609 2025-12-09 10:20:45.814538200 AM,31.82243587,54.64075152,1387.026,USER,Fixed,Corrected,None,21, ,BYCODE(0), ,0.013,0.01,0.012,0.017,         BYLAYER,  BYCODE, ,0,Vertical,12/9/2025 10:20, , , , ,1.24,0.624,1.071, , , , 
 ,20251209101609 2025-12-09 10:20:48.177281600 AM,31.82231831,54.64080372,1387.452,USER,Fixed,Corrected,None,22, ,BYCODE(0), ,0.013,0.01,0.012,0.017,         BYLAYER,  BYCODE, ,0,Vertical,12/9/2025 10:20, , , , ,1.24,0.624,1.071, , , , 
 ,20251209101609 2025-12-09 10:20:50.965482700 AM,31.82218196,54.64064739,1387.731,USER,Partial,Corrected,None,23, ,BYCODE(0), ,0.013,0.01,0.012,0.017,         BYLAYER,  BYCODE, ,0,Vertical,12/9/2025 10:20, , , , ,1.24,0.624,1.071, , , , 
 ,20251209101609 2025-12-09 10:20:52.972761200 AM,31.82205425,54.64049165,1387.603,USER,Partial,Corrected,None,24, ,BYCODE(0), ,0.013,0.01,0.012,0.017,         BYLAYER,  BYCODE, ,0,Vertical,12/9/2025 10:20, , , , ,1.24,0.624,1.071, , , , 
 ,20251209101609 2025-12-09 10:20:54.963560100 AM,31.82193221,54.64033945,1387.595,USER,Partial,Corrected,None,25, ,BYCODE(0), ,0.013,0.01,0.012,0.017,         BYLAYER,  BYCODE, ,0,Vertical,12/9/2025 10:20, , , , ,1.239,0.624,1.071, , , , 
 ,20251209101609 2025-12-09 10:20:56.952300800 AM,31.82181062,54.64018604,1387.489,USER,Partial,Corrected,None,26, ,BYCODE(0), ,0.013,0.01,0.012,0.017,         BYLAYER,  BYCODE, ,0,Vertical,12/9/2025 10:20, , , , ,1.239,0.624,1.071, , , , 
 ,20251209101609 2025-12-09 10:20:58.938774600 AM,31.82168853,54.64003293,1387.366,USER,Partial,Corrected,None,27, ,BYCODE(0), ,0.013,0.01,0.012,0.017,         BYLAYER,  BYCODE, ,0,Vertical,12/9/2025 10:20, , , , ,1.239,0.624,1.071, , , , 
 ,20251209101609 2025-12-09 10:21:00.931674500 AM,31.82156636,54.63987914,1387.251,USER,Partial,Corrected,None,28, ,BYCODE(0), ,0.013,0.01,0.012,0.017,         BYLAYER,  BYCODE, ,0,Vertical,12/9/2025 10:21, , , , ,1.239,0.624,1.071, , , , 
 ,20251209101609 2025-12-09 10:21:02.920452100 AM,31.82144396,54.63972478,1387.263,USER,Partial,Corrected,None,29, ,BYCODE(0), ,0.013,0.01,0.012,0.017,         BYLAYER,  BYCODE, ,0,Vertical,12/9/2025 10:21, , , , ,1.239,0.624,1.071, , , , 
 ,20251209101609 2025-12-09 10:21:04.909236900 AM,31.82132218,54.63957101,1387.277,USER,Partial,Corrected,None,30, ,BYCODE(0), ,0.013,0.01,0.012,0.017,         BYLAYER,  BYCODE, ,0,Vertical,12/9/2025 10:21, , , , ,1.239,0.624,1.07, , , , 
 ,20251209101609 2025-12-09 10:21:06.906428300 AM,31.82119933,54.63941662,1386.915,USER,Partial,Corrected,None,31, ,BYCODE(0), ,0.013,0.01,0.012,0.017,         BYLAYER,  BYCODE, ,0,Vertical,12/9/2025 10:21, , , , ,1.239,0.624,1.07, , , , 
 ,20251209101609 2025-12-09 10:21:08.901501900 AM,31.82107661,54.63926263,1386.671,USER,Partial,Corrected,None,32, ,BYCODE(0), ,0.013,0.01,0.012,0.017,         BYLAYER,  BYCODE, ,0,Vertical,12/9/2025 10:21, , , , ,1.239,0.624,1.07, , , , 
 ,20251209101609 2025-12-09 10:21:10.892404600 AM,31.82095436,54.63910884,1386.484,USER,Partial,Corrected,None,33, ,BYCODE(0), ,0.013,0.01,0.012,0.017,         BYLAYER,  BYCODE, ,0,Vertical,12/9/2025 10:21, , , , ,1.239,0.624,1.07, , , , 
 ,20251209101609 2025-12-09 10:21:12.864866700 AM,31.82083285,54.63895635,1386.385,USER,Partial,Corrected,None,34, ,BYCODE(0), ,0.013,0.01,0.012,0.017,         BYLAYER,  BYCODE, ,0,Vertical,12/9/2025 10:21, , , , ,1.239,0.624,1.07, , , , 
 ,20251209101609 2025-12-09 10:21:14.868077300 AM,31.82070986,54.63880205,1386.261,USER,Partial,Corrected,None,35, ,BYCODE(0), ,0.013,0.01,0.012,0.017,         BYLAYER,  BYCODE, ,0,Vertical,12/9/2025 10:21, , , , ,1.239,0.624,1.07, , , , 
 ,20251209101609 2025-12-09 10:21:16.863254800 AM,31.82058748,54.63864844,1386.168,USER,Partial,Corrected,None,36, ,BYCODE(0), ,0.013,0.01,0.012,0.017,         BYLAYER,  BYCODE, ,0,Vertical,12/9/2025 10:21, , , , ,1.239,0.624,1.07, , , , 
 ,20251209101609 2025-12-09 10:21:18.852004500 AM,31.82046518,54.63849531,1386.132,USER,Partial,Corrected,None,37, ,BYCODE(0), ,0.013,0.01,0.012,0.017,         BYLAYER,  BYCODE, ,0,Vertical,12/9/2025 10:21, , , , ,1.239,0.624,1.07, , , , 
 ,20251209101609 2025-12-09 10:21:20.842894300 AM,31.82034294,54.63834188,1386.021,USER,Partial,Corrected,None,38, ,BYCODE(0), ,0.013,0.01,0.012,0.017,         BYLAYER,  BYCODE, ,0,Vertical,12/9/2025 10:21, , , , ,1.238,0.624,1.07, , , , 
 ,20251209101609 2025-12-09 10:21:22.835779900 AM,31.82022045,54.63818821,1385.814,USER,Partial,Corrected,None,39, ,BYCODE(0), ,0.013,0.01,0.012,0.017,         BYLAYER,  BYCODE, ,0,Vertical,12/9/2025 10:21, , , , ,1.238,0.624,1.07, , , , 
 ,20251209101609 2025-12-09 10:21:24.926463400 AM,31.82009921,54.63804252,1385.657,USER,Partial,Corrected,None,40, ,BYCODE(0), ,0.013,0.01,0.012,0.017,         BYLAYER,  BYCODE, ,0,Vertical,12/9/2025 10:21, , , , ,1.238,0.624,1.07, , , , 
 ,20251209101609 2025-12-09 10:21:26.480094200 AM,31.82002814,54.63800209,1385.585,USER,Partial,Corrected,None,41, ,BYCODE(0), ,0.014,0.01,0.012,0.017,         BYLAYER,  BYCODE, ,0,Vertical,12/9/2025 10:21, , , , ,1.238,0.624,1.07, , , , 
 ,20251209101609 2025-12-09 10:21:29.309618000 AM,31.81986063,54.63807739,1384.75,USER,Partial,Corrected,None,42, ,BYCODE(0), ,0.014,0.01,0.012,0.017,         BYLAYER,  BYCODE, ,0,Vertical,12/9/2025 10:21, , , , ,1.238,0.624,1.069, , , , 
 ,20251209101609 2025-12-09 10:21:32.141203200 AM,31.81976218,54.63817098,1384.869,USER,Partial,Corrected,None,43, ,BYCODE(0), ,0.014,0.01,0.012,0.017,         BYLAYER,  BYCODE, ,0,Vertical,12/9/2025 10:21, , , , ,1.356,0.689,1.167, , , , 
 ,20251209101609 2025-12-09 10:21:35.331510300 AM,31.81988024,54.63833959,1384.634,USER,Partial,Corrected,None,44, ,BYCODE(0), ,0.014,0.01,0.012,0.017,         BYLAYER,  BYCODE, ,0,Vertical,12/9/2025 10:21, , , , ,1.356,0.689,1.167, , , , 
 ,20251209101609 2025-12-09 10:21:37.324359200 AM,31.82000526,54.63849583,1384.628,USER,Partial,Corrected,None,45, ,BYCODE(0), ,0.014,0.01,0.012,0.017,         BYLAYER,  BYCODE, ,0,Vertical,12/9/2025 10:21, , , , ,1.356,0.689,1.167, , , , 
 ,20251209101609 2025-12-09 10:21:39.315458100 AM,31.82012708,54.63865036,1385.308,USER,Partial,Corrected,None,46, ,BYCODE(0), ,0.014,0.01,0.012,0.017,         BYLAYER,  BYCODE, ,0,Vertical,12/9/2025 10:21, , , , ,1.356,0.689,1.168, , , , 
 ,20251209101609 2025-12-09 10:21:41.279882400 AM,31.82024686,54.63880158,1385.635,USER,Partial,Corrected,None,47, ,BYCODE(0), ,0.014,0.01,0.012,0.017,         BYLAYER,  BYCODE, ,0,Vertical,12/9/2025 10:21, , , , ,1.356,0.689,1.168, , , , 
 ,20251209101609 2025-12-09 10:21:43.301951400 AM,31.82037182,54.63895811,1386.009,USER,Partial,Corrected,None,48, ,BYCODE(0), ,0.014,0.01,0.012,0.017,         BYLAYER,  BYCODE, ,0,Vertical,12/9/2025 10:21, , , , ,1.356,0.689,1.168, , , , 
 ,20251209101609 2025-12-09 10:21:45.280535000 AM,31.8204934,54.63911156,1386.586,USER,Partial,Corrected,None,49, ,BYCODE(0), ,0.014,0.01,0.012,0.017,         BYLAYER,  BYCODE, ,0,Vertical,12/9/2025 10:21, , , , ,1.356,0.689,1.168, , , , 
 ,20251209101609 2025-12-09 10:21:47.269428700 AM,31.82061454,54.63926416,1386.834,USER,Partial,Corrected,None,50, ,BYCODE(0), ,0.014,0.01,0.012,0.017,         BYLAYER,  BYCODE, ,0,Vertical,12/9/2025 10:21, , , , ,1.356,0.689,1.168, , , , 
 ,20251209101609 2025-12-09 10:21:49.262412100 AM,31.82073678,54.63941825,1386.917,USER,Partial,Corrected,None,51, ,BYCODE(0), ,0.014,0.01,0.012,0.017,         BYLAYER,  BYCODE, ,0,Vertical,12/9/2025 10:21, , , , ,1.356,0.689,1.168, , , , 
 ,20251209101609 2025-12-09 10:21:51.253257300 AM,31.82085844,54.63957142,1386.923,USER,Partial,Corrected,None,52, ,BYCODE(0), ,0.014,0.01,0.012,0.017,         BYLAYER,  BYCODE, ,0,Vertical,12/9/2025 10:21, , , , ,1.356,0.689,1.168, , , , 
 ,20251209101609 2025-12-09 10:21:53.241949600 AM,31.82098086,54.63972588,1387.026,USER,Partial,Corrected,None,53, ,BYCODE(0), ,0.014,0.01,0.012,0.017,         BYLAYER,  BYCODE, ,0,Vertical,12/9/2025 10:21, , , , ,1.356,0.689,1.168, , , , 
 ,20251209101609 2025-12-09 10:21:55.230724800 AM,31.82110318,54.63988026,1387.392,USER,Partial,Corrected,None,54, ,BYCODE(0), ,0.014,0.01,0.012,0.017,         BYLAYER,  BYCODE, ,0,Vertical,12/9/2025 10:21, , , , ,1.356,0.689,1.168, , , , 
 ,20251209101609 2025-12-09 10:21:57.219472200 AM,31.8212247,54.64003365,1387.538,USER,Partial,Corrected,None,55, ,BYCODE(0), ,0.014,0.01,0.012,0.017,         BYLAYER,  BYCODE, ,0,Vertical,12/9/2025 10:21, , , , ,1.356,0.689,1.168, , , , 
 ,20251209101609 2025-12-09 10:21:59.210258500 AM,31.82134618,54.64018669,1387.615,USER,Partial,Corrected,None,56, ,BYCODE(0), ,0.014,0.01,0.012,0.017,         BYLAYER,  BYCODE, ,0,Vertical,12/9/2025 10:21, , , , ,1.356,0.689,1.168, , , , 
 ,20251209101609 2025-12-09 10:22:01.201148500 AM,31.8214687,54.64033975,1387.837,USER,Partial,Corrected,None,57, ,BYCODE(0), ,0.014,0.01,0.012,0.017,         BYLAYER,  BYCODE, ,0,Vertical,12/9/2025 10:22, , , , ,1.356,0.689,1.168, , , , 
 ,20251209101609 2025-12-09 10:22:03.198152300 AM,31.82159084,54.6404932,1388.037,USER,Partial,Corrected,None,58, ,BYCODE(0), ,0.014,0.01,0.012,0.017,         BYLAYER,  BYCODE, ,0,Vertical,12/9/2025 10:22, , , , ,1.356,0.689,1.168, , , , 
 ,20251209101609 2025-12-09 10:22:05.191065500 AM,31.82171329,54.64064728,1388.111,USER,Fixed,Corrected,None,59, ,BYCODE(0), ,0.014,0.01,0.012,0.017,         BYLAYER,  BYCODE, ,0,Vertical,12/9/2025 10:22, , , , ,1.356,0.689,1.168, , , , 
 ,20251209101609 2025-12-09 10:22:07.181837600 AM,31.82183598,54.64080139,1388.448,USER,Fixed,Corrected,None,60, ,BYCODE(0), ,0.014,0.01,0.012,0.017,         BYLAYER,  BYCODE, ,0,Vertical,12/9/2025 10:22, , , , ,1.356,0.689,1.168, , , , 
 ,20251209101609 2025-12-09 10:22:09.303888600 AM,31.82195822,54.64094847,1388.922,USER,Fixed,Corrected,None,61, ,BYCODE(0), ,0.014,0.01,0.012,0.017,         BYLAYER,  BYCODE, ,0,Vertical,12/9/2025 10:22, , , , ,1.356,0.689,1.168, , , , 
 ,20251209101609 2025-12-09 10:22:11.326079100 AM,31.82198426,54.64101841,1389.089,USER,Fixed,Corrected,None,62, ,BYCODE(0), ,0.014,0.01,0.012,0.017,         BYLAYER,  BYCODE, ,0,Vertical,12/9/2025 10:22, , , , ,1.356,0.689,1.168, , , , 
 ,20251209101609 2025-12-09 10:22:14.612371000 AM,31.82181948,54.64113986,1387.995,USER,Fixed,Corrected,None,63, ,BYCODE(0), ,0.013,0.01,0.012,0.017,         BYLAYER,  BYCODE, ,0,Vertical,12/9/2025 10:22, , , , ,1.356,0.689,1.168, , , , 
 ,20251209101609 2025-12-09 10:22:16.976828100 AM,31.82170216,54.64119111,1387.984,USER,Fixed,Corrected,None,64, ,BYCODE(0), ,0.014,0.01,0.012,0.017,         BYLAYER,  BYCODE, ,0,Vertical,12/9/2025 10:22, , , , ,1.357,0.689,1.168, , , , 
 ,20251209101609 2025-12-09 10:22:19.770922900 AM,31.82156506,54.64103352,1388.171,USER,Partial,Corrected,None,65, ,BYCODE(0), ,0.014,0.01,0.012,0.017,         BYLAYER,  BYCODE, ,0,Vertical,12/9/2025 10:22, , , , ,1.357,0.689,1.169, , , , 
 ,20251209101609 2025-12-09 10:22:21.761647700 AM,31.82143937,54.64088032,1387.911,USER,Fixed,Corrected,None,66, ,BYCODE(0), ,0.014,0.01,0.012,0.017,         BYLAYER,  BYCODE, ,0,Vertical,12/9/2025 10:22, , , , ,1.357,0.689,1.169, , , , 
 ,20251209101609 2025-12-09 10:22:23.723637300 AM,31.82131887,54.64073021,1387.735,USER,Fixed,Corrected,None,67, ,BYCODE(0), ,0.014,0.01,0.012,0.017,         BYLAYER,  BYCODE, ,0,Vertical,12/9/2025 10:22, , , , ,1.357,0.689,1.169, , , , 
 ,20251209101609 2025-12-09 10:22:25.722762100 AM,31.82119655,54.64057621,1387.615,USER,Partial,Corrected,None,68, ,BYCODE(0), ,0.014,0.01,0.012,0.017,         BYLAYER,  BYCODE, ,0,Vertical,12/9/2025 10:22, , , , ,1.357,0.689,1.169, , , , 
 ,20251209101609 2025-12-09 10:22:27.711590100 AM,31.82107464,54.64042282,1387.512,USER,Fixed,Corrected,None,69, ,BYCODE(0), ,0.014,0.01,0.012,0.017,         BYLAYER,  BYCODE, ,0,Vertical,12/9/2025 10:22, , , , ,1.357,0.689,1.169, , , , 
 ,20251209101609 2025-12-09 10:22:29.702503900 AM,31.82095229,54.64026865,1387.396,USER,Fixed,Corrected,None,70, ,BYCODE(0), ,0.014,0.01,0.012,0.017,         BYLAYER,  BYCODE, ,0,Vertical,12/9/2025 10:22, , , , ,1.357,0.689,1.169, , , , 
 ,20251209101609 2025-12-09 10:22:31.693402800 AM,31.8208305,54.64011498,1387.411,USER,Partial,Corrected,None,71, ,BYCODE(0), ,0.014,0.01,0.012,0.017,         BYLAYER,  BYCODE, ,0,Vertical,12/9/2025 10:22, , , , ,1.357,0.689,1.169, , , , 
 ,20251209101609 2025-12-09 10:22:33.690713600 AM,31.82070806,54.63996114,1387.301,USER,Partial,Corrected,None,72, ,BYCODE(0), ,0.014,0.01,0.012,0.017,         BYLAYER,  BYCODE, ,0,Vertical,12/9/2025 10:22, , , , ,1.357,0.689,1.169, , , , 
 ,20251209101609 2025-12-09 10:22:35.681624700 AM,31.82058623,54.63980778,1387.089,USER,Partial,Corrected,None,73, ,BYCODE(0), ,0.014,0.01,0.012,0.017,         BYLAYER,  BYCODE, ,0,Vertical,12/9/2025 10:22, , , , ,1.357,0.689,1.169, , , , 
 ,20251209101609 2025-12-09 10:22:37.682858200 AM,31.82046355,54.63965327,1386.811,USER,Partial,Corrected,None,74, ,BYCODE(0), ,0.014,0.01,0.012,0.017,         BYLAYER,  BYCODE, ,0,Vertical,12/9/2025 10:22, , , , ,1.357,0.689,1.169, , , , 
 ,20251209101609 2025-12-09 10:22:39.647095900 AM,31.82034274,54.63950147,1386.658,USER,Partial,Corrected,None,75, ,BYCODE(0), ,0.014,0.01,0.012,0.017,         BYLAYER,  BYCODE, ,0,Vertical,12/9/2025 10:22, , , , ,1.357,0.689,1.169, , , , 
 ,20251209101609 2025-12-09 10:22:41.642016600 AM,31.82022008,54.63934744,1386.391,USER,Partial,Corrected,None,76, ,BYCODE(0), ,0.014,0.01,0.012,0.017,         BYLAYER,  BYCODE, ,0,Vertical,12/9/2025 10:22, , , , ,1.357,0.689,1.169, , , , 
 ,20251209101609 2025-12-09 10:22:43.659776000 AM,31.82009589,54.63919228,1386.101,USER,Partial,Corrected,None,77, ,BYCODE(0), ,0.014,0.01,0.012,0.017,         BYLAYER,  BYCODE, ,0,Vertical,12/9/2025 10:22, , , , ,1.357,0.689,1.169, , , , 
 ,20251209101609 2025-12-09 10:22:45.634179400 AM,31.81997481,54.63904021,1385.741,USER,Partial,Corrected,None,78, ,BYCODE(0), ,0.014,0.01,0.012,0.017,         BYLAYER,  BYCODE, ,0,Vertical,12/9/2025 10:22, , , , ,1.357,0.689,1.169, , , , 
 ,20251209101609 2025-12-09 10:22:47.622980600 AM,31.81985284,54.63888632,1385.633,USER,Partial,Corrected,None,79, ,BYCODE(0), ,0.014,0.01,0.012,0.017,         BYLAYER,  BYCODE, ,0,Vertical,12/9/2025 10:22, , , , ,1.357,0.689,1.169, , , , 
 ,20251209101609 2025-12-09 10:22:49.617876300 AM,31.81973069,54.63873109,1385.47,USER,Partial,Corrected,None,80, ,BYCODE(0), ,0.014,0.01,0.012,0.017,         BYLAYER,  BYCODE, ,0,Vertical,12/9/2025 10:22, , , , ,1.357,0.689,1.169, , , , 
 ,20251209101609 2025-12-09 10:22:51.610922300 AM,31.81960817,54.6385776,1385.114,USER,Partial,Corrected,None,81, ,BYCODE(0), ,0.014,0.01,0.012,0.017,         BYLAYER,  BYCODE, ,0,Vertical,12/9/2025 10:22, , , , ,1.357,0.689,1.169, , , , 
 ,20251209101609 2025-12-09 10:22:53.608006500 AM,31.81948695,54.63842794,1384.769,USER,Partial,Corrected,None,82, ,BYCODE(0), ,0.014,0.01,0.012,0.017,         BYLAYER,  BYCODE, ,0,Vertical,12/9/2025 10:22, , , , ,1.357,0.689,1.169, , , , 
 ,20251209101609 2025-12-09 10:22:55.663574200 AM,31.81939057,54.63836072,1384.727,USER,Partial,Corrected,None,83, ,BYCODE(0), ,0.014,0.01,0.012,0.017,         BYLAYER,  BYCODE, ,0,Vertical,12/9/2025 10:22, , , , ,1.357,0.689,1.169, , , , 
 ,20251209101609 2025-12-09 10:22:58.503277300 AM,31.81922309,54.63843662,1384.977,USER,Partial,Corrected,None,84, ,BYCODE(0), ,0.014,0.01,0.012,0.017,         BYLAYER,  BYCODE, ,0,Vertical,12/9/2025 10:22, , , , ,1.357,0.689,1.169, , , , 
 ,20251209101609 2025-12-09 10:23:01.328603000 AM,31.81912426,54.63853054,1385.992,USER,Partial,Corrected,None,85, ,BYCODE(0), ,0.014,0.01,0.012,0.017,         BYLAYER,  BYCODE, ,0,Vertical,12/9/2025 10:23, , , , ,1.357,0.689,1.169, , , , 
 ,20251209101609 2025-12-09 10:23:04.518835800 AM,31.81924174,54.63869967,1386.003,USER,Partial,Corrected,None,86, ,BYCODE(0), ,0.014,0.01,0.012,0.017,         BYLAYER,  BYCODE, ,0,Vertical,12/9/2025 10:23, , , , ,1.357,0.689,1.169, , , , 
 ,20251209101609 2025-12-09 10:23:06.473480000 AM,31.81936265,54.63885379,1386.195,USER,Partial,Corrected,None,87, ,BYCODE(0), ,0.014,0.01,0.012,0.017,         BYLAYER,  BYCODE, ,0,Vertical,12/9/2025 10:23, , , , ,1.357,0.689,1.169, , , , 
 ,20251209101609 2025-12-09 10:23:08.497435600 AM,31.81948755,54.63901004,1386.826,USER,Partial,Corrected,None,88, ,BYCODE(0), ,0.014,0.01,0.012,0.017,         BYLAYER,  BYCODE, ,0,Vertical,12/9/2025 10:23, , , , ,1.357,0.689,1.169, , , , 
 ,20251209101609 2025-12-09 10:23:10.488270500 AM,31.81961043,54.63916392,1387.302,USER,Partial,Corrected,None,89, ,BYCODE(0), ,0.014,0.01,0.012,0.017,         BYLAYER,  BYCODE, ,0,Vertical,12/9/2025 10:23, , , , ,1.357,0.689,1.169, , , , 
 ,20251209101609 2025-12-09 10:23:12.479257600 AM,31.8197326,54.63931664,1387.452,USER,Partial,Corrected,None,90, ,BYCODE(0), ,0.014,0.01,0.012,0.017,         BYLAYER,  BYCODE, ,0,Vertical,12/9/2025 10:23, , , , ,1.357,0.689,1.17, , , , 
 ,20251209101609 2025-12-09 10:23:14.441584100 AM,31.81985263,54.63946945,1387.481,USER,Partial,Corrected,None,91, ,BYCODE(0), ,0.014,0.01,0.012,0.017,         BYLAYER,  BYCODE, ,0,Vertical,12/9/2025 10:23, , , , ,1.357,0.689,1.17, , , , 
 ,20251209101609 2025-12-09 10:23:16.467716200 AM,31.8199768,54.63962606,1387.56,USER,Partial,Corrected,None,92, ,BYCODE(0), ,0.014,0.01,0.012,0.017,         BYLAYER,  BYCODE, ,0,Vertical,12/9/2025 10:23, , , , ,1.357,0.689,1.17, , , , 
 ,20251209101609 2025-12-09 10:23:18.421785800 AM,31.82009683,54.63977677,1387.658,USER,Partial,Corrected,None,93, ,BYCODE(0), ,0.014,0.01,0.012,0.017,         BYLAYER,  BYCODE, ,0,Vertical,12/9/2025 10:23, , , , ,1.357,0.689,1.17, , , , 
 ,20251209101609 2025-12-09 10:23:20.452055700 AM,31.82022191,54.63993374,1387.425,USER,Partial,Corrected,None,94, ,BYCODE(0), ,0.014,0.01,0.012,0.017,         BYLAYER,  BYCODE, ,0,Vertical,12/9/2025 10:23, , , , ,1.357,0.689,1.17, , , , 
 ,20251209101609 2025-12-09 10:23:22.447008400 AM,31.82034439,54.64008726,1387.364,USER,Partial,Corrected,None,95, ,BYCODE(0), ,0.014,0.01,0.012,0.017,         BYLAYER,  BYCODE, ,0,Vertical,12/9/2025 10:23, , , , ,1.357,0.689,1.17, , , , 
 ,20251209101609 2025-12-09 10:23:24.403113800 AM,31.82046455,54.64023806,1387.264,USER,Partial,Corrected,None,96, ,BYCODE(0), ,0.014,0.01,0.012,0.017,         BYLAYER,  BYCODE, ,0,Vertical,12/9/2025 10:23, , , , ,1.358,0.689,1.17, , , , 
 ,20251209101609 2025-12-09 10:23:26.425072900 AM,31.82058801,54.64039352,1387.521,USER,Partial,Corrected,None,97, ,BYCODE(0), ,0.014,0.01,0.012,0.017,         BYLAYER,  BYCODE, ,0,Vertical,12/9/2025 10:23, , , , ,1.358,0.689,1.17, , , , 
 ,20251209101609 2025-12-09 10:23:28.382960600 AM,31.82070778,54.64054476,1387.475,USER,Partial,Corrected,None,98, ,BYCODE(0), ,0.014,0.01,0.012,0.017,         BYLAYER,  BYCODE, ,0,Vertical,12/9/2025 10:23, , , , ,1.358,0.689,1.17, , , , 
 ,20251209101609 2025-12-09 10:23:30.404871500 AM,31.82083253,54.64070087,1387.62,USER,Partial,Corrected,None,99, ,BYCODE(0), ,0.014,0.01,0.012,0.017,         BYLAYER,  BYCODE, ,0,Vertical,12/9/2025 10:23, , , , ,1.358,0.689,1.17, , , , 
 ,20251209101609 2025-12-09 10:23:32.365244900 AM,31.82095281,54.64085111,1387.656,USER,Partial,Corrected,None,100, ,BYCODE(0), ,0.014,0.01,0.012,0.017,         BYLAYER,  BYCODE, ,0,Vertical,12/9/2025 10:23, , , , ,1.358,0.689,1.17, , , , 
 ,20251209101609 2025-12-09 10:23:34.393657700 AM,31.82107716,54.64100805,1387.547,USER,Partial,Corrected,None,101, ,BYCODE(0), ,0.014,0.01,0.012,0.017,         BYLAYER,  BYCODE, ,0,Vertical,12/9/2025 10:23, , , , ,1.358,0.689,1.17, , , , 
 ,20251209101609 2025-12-09 10:23:36.351605400 AM,31.8211969,54.64115967,1387.625,USER,Partial,Corrected,None,102, ,BYCODE(0), ,0.014,0.01,0.012,0.017,         BYLAYER,  BYCODE, ,0,Vertical,12/9/2025 10:23, , , , ,1.358,0.689,1.17, , , , 
 ,20251209101609 2025-12-09 10:23:38.373708200 AM,31.82131833,54.6413112,1387.9,USER,Partial,Corrected,None,103, ,BYCODE(0), ,0.014,0.01,0.012,0.017,         BYLAYER,  BYCODE, ,0,Vertical,12/9/2025 10:23, , , , ,1.358,0.689,1.17, , , , 
 ,20251209101609 2025-12-09 10:23:40.896812200 AM,31.82137117,54.64140687,1388.296,USER,Partial,Corrected,None,104, ,BYCODE(0), ,0.014,0.01,0.012,0.017,         BYLAYER,  BYCODE, ,0,Vertical,12/9/2025 10:23, , , , ,1.358,0.689,1.17, , , , 
 ,20251209101609 2025-12-09 10:23:44.224815100 AM,31.82120564,54.64153032,1388.284,USER,Partial,Corrected,None,105, ,BYCODE(0), ,0.014,0.01,0.012,0.017,         BYLAYER,  BYCODE, ,0,Vertical,12/9/2025 10:23, , , , ,1.358,0.689,1.17, , , , 
 ,20251209101609 2025-12-09 10:23:46.583117000 AM,31.82108853,54.64158316,1388.935,USER,Partial,Corrected,None,106, ,BYCODE(0), ,0.014,0.01,0.012,0.017,         BYLAYER,  BYCODE, ,0,Vertical,12/9/2025 10:23, , , , ,1.358,0.689,1.17, , , , 
 ,20251209101609 2025-12-09 10:23:49.373021600 AM,31.82095291,54.64142606,1389.018,USER,Partial,Corrected,None,107, ,BYCODE(0), ,0.014,0.01,0.012,0.017,         BYLAYER,  BYCODE, ,0,Vertical,12/9/2025 10:23, , , , ,1.358,0.689,1.17, , , , 
 ,20251209101609 2025-12-09 10:23:51.372040700 AM,31.82082549,54.64127045,1388.744,USER,Partial,Corrected,None,108, ,BYCODE(0), ,0.014,0.01,0.012,0.017,         BYLAYER,  BYCODE, ,0,Vertical,12/9/2025 10:23, , , , ,1.358,0.689,1.17, , , , 
 ,20251209101609 2025-12-09 10:23:53.360927300 AM,31.82070392,54.64111873,1388.74,USER,Partial,Corrected,None,109, ,BYCODE(0), ,0.014,0.01,0.012,0.017,         BYLAYER,  BYCODE, ,0,Vertical,12/9/2025 10:23, , , , ,1.358,0.689,1.17, , , , 
 ,20251209101609 2025-12-09 10:23:55.347674800 AM,31.82058277,54.64096592,1388.465,USER,Partial,Corrected,None,110, ,BYCODE(0), ,0.014,0.01,0.012,0.017,         BYLAYER,  BYCODE, ,0,Vertical,12/9/2025 10:23, , , , ,1.358,0.689,1.17, , , , 
 ,20251209101609 2025-12-09 10:23:57.336530200 AM,31.82046065,54.6408117,1388.351,USER,Partial,Corrected,None,111, ,BYCODE(0), ,0.014,0.01,0.012,0.017,         BYLAYER,  BYCODE, ,0,Vertical,12/9/2025 10:23, , , , ,1.358,0.689,1.17, , , , 
 ,20251209101609 2025-12-09 10:23:59.327335600 AM,31.82033846,54.64065833,1388.249,USER,Partial,Corrected,None,112, ,BYCODE(0), ,0.014,0.01,0.012,0.017,         BYLAYER,  BYCODE, ,0,Vertical,12/9/2025 10:23, , , , ,1.358,0.689,1.17, , , , 
 ,20251209101609 2025-12-09 10:24:01.316042200 AM,31.82021624,54.64050445,1388.063,USER,Partial,Corrected,None,113, ,BYCODE(0), ,0.014,0.01,0.012,0.017,         BYLAYER,  BYCODE, ,0,Vertical,12/9/2025 10:24, , , , ,1.358,0.689,1.17, , , , 
 ,20251209101609 2025-12-09 10:24:03.304848700 AM,31.82009418,54.6403513,1387.878,USER,Partial,Corrected,None,114, ,BYCODE(0), ,0.014,0.01,0.012,0.017,         BYLAYER,  BYCODE, ,0,Vertical,12/9/2025 10:24, , , , ,1.358,0.689,1.17, , , , 
 ,20251209101609 2025-12-09 10:24:05.324828400 AM,31.81997047,54.64019598,1387.638,USER,Partial,Corrected,None,115, ,BYCODE(0), ,0.014,0.01,0.012,0.017,         BYLAYER,  BYCODE, ,0,Vertical,12/9/2025 10:24, , , , ,1.358,0.689,1.17, , , , 
 ,20251209101609 2025-12-09 10:24:07.286839500 AM,31.81984952,54.64004408,1387.405,USER,Partial,Corrected,None,116, ,BYCODE(0), ,0.014,0.01,0.012,0.017,         BYLAYER,  BYCODE, ,0,Vertical,12/9/2025 10:24, , , , ,1.358,0.689,1.17, , , , 
 ,20251209101609 2025-12-09 10:24:09.283857100 AM,31.81972692,54.63989001,1387.241,USER,Partial,Corrected,None,117, ,BYCODE(0), ,0.014,0.01,0.012,0.017,         BYLAYER,  BYCODE, ,0,Vertical,12/9/2025 10:24, , , , ,1.358,0.689,1.17, , , , 
 ,20251209101609 2025-12-09 10:24:11.284070500 AM,31.81960424,54.63973547,1386.98,USER,Partial,Corrected,None,118, ,BYCODE(0), ,0.014,0.01,0.012,0.017,         BYLAYER,  BYCODE, ,0,Vertical,12/9/2025 10:24, , , , ,1.358,0.689,1.17, , , , 
 ,20251209101609 2025-12-09 10:24:13.276945100 AM,31.81948198,54.63958171,1386.576,USER,Partial,Corrected,None,119, ,BYCODE(0), ,0.014,0.01,0.012,0.017,         BYLAYER,  BYCODE, ,0,Vertical,12/9/2025 10:24, , , , ,1.358,0.689,1.17, , , , 
 ,20251209101609 2025-12-09 10:24:15.263652100 AM,31.81936011,54.63942928,1385.92,USER,Partial,Corrected,None,120, ,BYCODE(0), ,0.014,0.01,0.012,0.017,         BYLAYER,  BYCODE, ,0,Vertical,12/9/2025 10:24, , , , ,1.358,0.689,1.17, , , , 
 ,20251209101609 2025-12-09 10:24:17.252407800 AM,31.81923855,54.63927594,1385.58,USER,Partial,Corrected,None,121, ,BYCODE(0), ,0.014,0.01,0.012,0.017,         BYLAYER,  BYCODE, ,0,Vertical,12/9/2025 10:24, , , , ,1.358,0.689,1.17, , , , 
 ,20251209101609 2025-12-09 10:24:19.220632300 AM,31.81911715,54.63912444,1385.333,USER,Partial,Corrected,None,122, ,BYCODE(0), ,0.014,0.01,0.012,0.017,         BYLAYER,  BYCODE, ,0,Vertical,12/9/2025 10:24, , , , ,1.358,0.689,1.17, , , , 
 ,20251209101609 2025-12-09 10:24:21.242738500 AM,31.8189928,54.63896868,1385.08,USER,Partial,Corrected,None,123, ,BYCODE(0), ,0.014,0.01,0.012,0.017,         BYLAYER,  BYCODE, ,0,Vertical,12/9/2025 10:24, , , , ,1.358,0.689,1.17, , , , 
 ,20251209101609 2025-12-09 10:24:23.213037700 AM,31.81887151,54.63881623,1384.963,USER,Partial,Corrected,None,124, ,BYCODE(0), ,0.014,0.01,0.012,0.017,         BYLAYER,  BYCODE, ,0,Vertical,12/9/2025 10:24, , , , ,1.358,0.689,1.17, , , , 
 ,20251209101609 2025-12-09 10:24:25.706859600 AM,31.81874953,54.63872108,1385.009,USER,Partial,Corrected,None,125, ,BYCODE(0), ,0.014,0.01,0.012,0.017,         BYLAYER,  BYCODE, ,0,Vertical,12/9/2025 10:24, , , , ,1.358,0.689,1.17, , , , 
 ,20251209101609 2025-12-09 10:24:28.530102300 AM,31.81858258,54.6387962,1384.563,USER,Partial,Corrected,None,126, ,BYCODE(0), ,0.014,0.011,0.012,0.017,         BYLAYER,  BYCODE, ,0,Vertical,12/9/2025 10:24, , , , ,1.358,0.689,1.17, , , , 
 ,20251209101609 2025-12-09 10:24:31.359548800 AM,31.8184851,54.63888988,1384.634,USER,Partial,Corrected,None,127, ,BYCODE(0), ,0.014,0.01,0.012,0.017,         BYLAYER,  BYCODE, ,0,Vertical,12/9/2025 10:24, , , , ,1.358,0.689,1.17, , , , 
 ,20251209101609 2025-12-09 10:24:34.518450500 AM,31.8186003,54.63905632,1384.186,USER,Partial,Corrected,None,128, ,BYCODE(0), ,0.014,0.01,0.012,0.017,         BYLAYER,  BYCODE, ,0,Vertical,12/9/2025 10:24, , , , ,1.358,0.689,1.17, , , , 
 ,20251209101609 2025-12-09 10:24:36.538185800 AM,31.81872593,54.63921403,1384.031,USER,Partial,Corrected,None,129, ,BYCODE(0), ,0.014,0.01,0.012,0.017,         BYLAYER,  BYCODE, ,0,Vertical,12/9/2025 10:24, , , , ,1.358,0.689,1.17, , , , 
 ,20251209101609 2025-12-09 10:24:38.533311600 AM,31.81884811,54.63936778,1384.462,USER,Partial,Corrected,None,130, ,BYCODE(0), ,0.014,0.01,0.012,0.017,         BYLAYER,  BYCODE, ,0,Vertical,12/9/2025 10:24, , , , ,1.358,0.689,1.17, , , , 
 ,20251209101609 2025-12-09 10:24:40.519692400 AM,31.81896976,54.63952207,1384.728,USER,Partial,Corrected,None,131, ,BYCODE(0), ,0.014,0.01,0.012,0.017,         BYLAYER,  BYCODE, ,0,Vertical,12/9/2025 10:24, , , , ,1.358,0.689,1.17, , , , 
 ,20251209101609 2025-12-09 10:24:42.514620100 AM,31.81909289,54.63967776,1385.308,USER,Partial,Corrected,None,132, ,BYCODE(0), ,0.014,0.01,0.012,0.017,         BYLAYER,  BYCODE, ,0,Vertical,12/9/2025 10:24, , , , ,1.358,0.689,1.17, , , , 
 ,20251209101609 2025-12-09 10:24:44.507348300 AM,31.81921599,54.63983232,1386.1,USER,Partial,Corrected,None,133, ,BYCODE(0), ,0.014,0.01,0.012,0.017,         BYLAYER,  BYCODE, ,0,Vertical,12/9/2025 10:24, , , , ,1.358,0.689,1.17, , , , 
 ,20251209101609 2025-12-09 10:24:46.465233600 AM,31.81933643,54.63998286,1386.503,USER,Partial,Corrected,None,134, ,BYCODE(0), ,0.014,0.01,0.012,0.017,         BYLAYER,  BYCODE, ,0,Vertical,12/9/2025 10:24, , , , ,1.358,0.689,1.17, , , , 
 ,20251209101609 2025-12-09 10:24:48.491155100 AM,31.81946124,54.64014032,1386.774,USER,Fixed,Corrected,None,135, ,BYCODE(0), ,0.014,0.01,0.012,0.017,         BYLAYER,  BYCODE, ,0,Vertical,12/9/2025 10:24, , , , ,1.358,0.689,1.17, , , , 
 ,20251209101609 2025-12-09 10:24:50.463532900 AM,31.81958247,54.64029312,1387.307,USER,Fixed,Corrected,None,136, ,BYCODE(0), ,0.014,0.01,0.012,0.017,         BYLAYER,  BYCODE, ,0,Vertical,12/9/2025 10:24, , , , ,1.358,0.689,1.17, , , , 
 ,20251209101609 2025-12-09 10:24:52.458490100 AM,31.8197048,54.64044643,1387.363,USER,Fixed,Corrected,None,137, ,BYCODE(0), ,0.014,0.01,0.012,0.017,         BYLAYER,  BYCODE, ,0,Vertical,12/9/2025 10:24, , , , ,1.358,0.689,1.17, , , , 
 ,20251209101609 2025-12-09 10:24:54.424798000 AM,31.81982445,54.64059747,1387.086,USER,Fixed,Corrected,None,138, ,BYCODE(0), ,0.014,0.01,0.012,0.017,         BYLAYER,  BYCODE, ,0,Vertical,12/9/2025 10:24, , , , ,1.358,0.689,1.17, , , , 
 ,20251209101609 2025-12-09 10:24:56.452859400 AM,31.81994839,54.64075375,1386.922,USER,Fixed,Corrected,None,139, ,BYCODE(0), ,0.014,0.01,0.012,0.017,         BYLAYER,  BYCODE, ,0,Vertical,12/9/2025 10:24, , , , ,1.358,0.689,1.171, , , , 
 ,20251209101609 2025-12-09 10:24:58.406728300 AM,31.82006861,54.6409047,1386.816,USER,Fixed,Corrected,None,140, ,BYCODE(0), ,0.014,0.01,0.012,0.017,         BYLAYER,  BYCODE, ,0,Vertical,12/9/2025 10:24, , , , ,1.358,0.689,1.171, , , , 
 ,20251209101609 2025-12-09 10:25:00.405809400 AM,31.82019201,54.64105908,1387.125,USER,Fixed,Corrected,None,141, ,BYCODE(0), ,0.014,0.01,0.012,0.017,         BYLAYER,  BYCODE, ,0,Vertical,12/9/2025 10:25, , , , ,1.358,0.689,1.171, , , , 
 ,20251209101609 2025-12-09 10:25:02.398791300 AM,31.82031451,54.64121259,1387.406,USER,Fixed,Corrected,None,142, ,BYCODE(0), ,0.014,0.01,0.012,0.017,         BYLAYER,  BYCODE, ,0,Vertical,12/9/2025 10:25, , , , ,1.358,0.689,1.171, , , , 
 ,20251209101609 2025-12-09 10:25:04.387693400 AM,31.82043612,54.64136597,1387.717,USER,Fixed,Corrected,None,143, ,BYCODE(0), ,0.014,0.01,0.012,0.017,         BYLAYER,  BYCODE, ,0,Vertical,12/9/2025 10:25, , , , ,1.358,0.689,1.171, , , , 
 ,20251209101609 2025-12-09 10:25:06.376373800 AM,31.82055805,54.64152015,1387.878,USER,Fixed,Corrected,None,144, ,BYCODE(0), ,0.014,0.01,0.012,0.017,         BYLAYER,  BYCODE, ,0,Vertical,12/9/2025 10:25, , , , ,1.358,0.689,1.171, , , , 
 ,20251209101609 2025-12-09 10:25:08.388015500 AM,31.82068154,54.64167482,1387.962,USER,Fixed,Corrected,None,145, ,BYCODE(0), ,0.014,0.01,0.012,0.017,         BYLAYER,  BYCODE, ,0,Vertical,12/9/2025 10:25, , , , ,1.358,0.689,1.171, , , , 
 ,20251209101609 2025-12-09 10:25:11.378159500 AM,31.82075775,54.64179867,1388.059,USER,Fixed,Corrected,None,146, ,BYCODE(0), ,0.014,0.01,0.012,0.017,         BYLAYER,  BYCODE, ,0,Vertical,12/9/2025 10:25, , , , ,1.358,0.689,1.171, , , , 
 ,20251209101609 2025-12-09 10:25:14.748038300 AM,31.82058734,54.64191153,1387.176,USER,Fixed,Corrected,None,147, ,BYCODE(0), ,0.014,0.01,0.012,0.017,         BYLAYER,  BYCODE, ,0,Vertical,12/9/2025 10:25, , , , ,1.358,0.689,1.171, , , , 
 ,20251209101609 2025-12-09 10:25:17.104319300 AM,31.82046479,54.6419587,1387.391,USER,Fixed,Corrected,None,148, ,BYCODE(0), ,0.014,0.01,0.012,0.017,         BYLAYER,  BYCODE, ,0,Vertical,12/9/2025 10:25, , , , ,1.358,0.688,1.171, , , , 
 ,20251209101609 2025-12-09 10:25:19.825416300 AM,31.82032987,54.64180342,1387.77,USER,Fixed,Corrected,None,149, ,BYCODE(0), ,0.014,0.01,0.012,0.017,         BYLAYER,  BYCODE, ,0,Vertical,12/9/2025 10:25, , , , ,1.358,0.688,1.171, , , , 
 ,20251209101609 2025-12-09 10:25:21.849188800 AM,31.82020142,54.64164738,1387.637,USER,Fixed,Corrected,None,150, ,BYCODE(0), ,0.014,0.01,0.012,0.017,         BYLAYER,  BYCODE, ,0,Vertical,12/9/2025 10:25, , , , ,1.358,0.688,1.171, , , , 
 ,20251209101609 2025-12-09 10:25:23.811174200 AM,31.82008123,54.64149717,1387.585,USER,Fixed,Corrected,None,151, ,BYCODE(0), ,0.014,0.01,0.012,0.017,         BYLAYER,  BYCODE, ,0,Vertical,12/9/2025 10:25, , , , ,1.358,0.688,1.171, , , , 
 ,20251209101609 2025-12-09 10:25:25.806039800 AM,31.81995901,54.64134348,1387.494,USER,Fixed,Corrected,None,152, ,BYCODE(0), ,0.014,0.01,0.012,0.017,         BYLAYER,  BYCODE, ,0,Vertical,12/9/2025 10:25, , , , ,1.358,0.688,1.171, , , , 
 ,20251209101609 2025-12-09 10:25:27.798815500 AM,31.8198372,54.64118932,1387.454,USER,Fixed,Corrected,None,153, ,BYCODE(0), ,0.014,0.01,0.012,0.017,         BYLAYER,  BYCODE, ,0,Vertical,12/9/2025 10:25, , , , ,1.358,0.688,1.171, , , , 
 ,20251209101609 2025-12-09 10:25:29.802063700 AM,31.8197144,54.64103456,1387.449,USER,Fixed,Corrected,None,154, ,BYCODE(0), ,0.014,0.01,0.012,0.017,         BYLAYER,  BYCODE, ,0,Vertical,12/9/2025 10:25, , , , ,1.358,0.688,1.171, , , , 
 ,20251209101609 2025-12-09 10:25:31.757934100 AM,31.81959363,54.6408834,1387.283,USER,Fixed,Corrected,None,155, ,BYCODE(0), ,0.014,0.01,0.012,0.017,         BYLAYER,  BYCODE, ,0,Vertical,12/9/2025 10:25, , , , ,1.358,0.688,1.171, , , , 
 ,20251209101609 2025-12-09 10:25:33.781971000 AM,31.81946962,54.64072789,1387.034,USER,Fixed,Corrected,None,156, ,BYCODE(0), ,0.014,0.01,0.012,0.017,         BYLAYER,  BYCODE, ,0,Vertical,12/9/2025 10:25, , , , ,1.358,0.688,1.171, , , , 
 ,20251209101609 2025-12-09 10:25:35.766699600 AM,31.81934876,54.64057455,1386.897,USER,Fixed,Corrected,None,157, ,BYCODE(0), ,0.014,0.01,0.012,0.017,         BYLAYER,  BYCODE, ,0,Vertical,12/9/2025 10:25, , , , ,1.358,0.688,1.171, , , , 
 ,20251209101609 2025-12-09 10:25:37.759815900 AM,31.81922655,54.64042116,1386.699,USER,Fixed,Corrected,None,158, ,BYCODE(0), ,0.014,0.01,0.012,0.017,         BYLAYER,  BYCODE, ,0,Vertical,12/9/2025 10:25, , , , ,1.358,0.688,1.171, , , , 
 ,20251209101609 2025-12-09 10:25:39.750569600 AM,31.81910416,54.6402677,1386.521,USER,Fixed,Corrected,None,159, ,BYCODE(0), ,0.014,0.01,0.012,0.017,         BYLAYER,  BYCODE, ,0,Vertical,12/9/2025 10:25, , , , ,1.358,0.688,1.171, , , , 
 ,20251209101609 2025-12-09 10:25:41.741319900 AM,31.81898134,54.64011402,1386.195,USER,Fixed,Corrected,None,160, ,BYCODE(0), ,0.014,0.01,0.012,0.017,         BYLAYER,  BYCODE, ,0,Vertical,12/9/2025 10:25, , , , ,1.358,0.688,1.171, , , , 
 ,20251209101609 2025-12-09 10:25:43.736308100 AM,31.81885874,54.63995924,1385.935,USER,Fixed,Corrected,None,161, ,BYCODE(0), ,0.014,0.01,0.012,0.017,         BYLAYER,  BYCODE, ,0,Vertical,12/9/2025 10:25, , , , ,1.358,0.688,1.171, , , , 
 ,20251209101609 2025-12-09 10:25:45.724821800 AM,31.81873679,54.63980614,1385.768,USER,Fixed,Corrected,None,162, ,BYCODE(0), ,0.014,0.01,0.012,0.017,         BYLAYER,  BYCODE, ,0,Vertical,12/9/2025 10:25, , , , ,1.358,0.688,1.171, , , , 
 ,20251209101609 2025-12-09 10:25:47.682715900 AM,31.81861662,54.63965563,1385.499,USER,Fixed,Corrected,None,163, ,BYCODE(0), ,0.014,0.01,0.012,0.017,         BYLAYER,  BYCODE, ,0,Vertical,12/9/2025 10:25, , , , ,1.358,0.688,1.171, , , , 
 ,20251209101609 2025-12-09 10:25:49.704518600 AM,31.81849226,54.63949863,1385.145,USER,Fixed,Corrected,None,164, ,BYCODE(0), ,0.014,0.01,0.012,0.017,         BYLAYER,  BYCODE, ,0,Vertical,12/9/2025 10:25, , , , ,1.358,0.688,1.17, , , , 
 ,20251209101609 2025-12-09 10:25:51.662637700 AM,31.81837194,54.63934821,1385.178,USER,Fixed,Corrected,None,165, ,BYCODE(0), ,0.014,0.01,0.012,0.017,         BYLAYER,  BYCODE, ,0,Vertical,12/9/2025 10:25, , , , ,1.358,0.688,1.17, , , , 
 ,20251209101609 2025-12-09 10:25:53.688646600 AM,31.81824759,54.63919136,1385.197,USER,Fixed,Corrected,None,166, ,BYCODE(0), ,0.014,0.01,0.012,0.017,         BYLAYER,  BYCODE, ,0,Vertical,12/9/2025 10:25, , , , ,1.358,0.688,1.17, , , , 
 ,20251209101609 2025-12-09 10:25:56.359871900 AM,31.81811458,54.639081,1385.356,USER,Fixed,Corrected,None,167, ,BYCODE(0), ,0.014,0.01,0.012,0.017,         BYLAYER,  BYCODE, ,0,Vertical,12/9/2025 10:25, , , , ,1.358,0.688,1.17, , , , 
 ,20251209101609 2025-12-09 10:25:59.178974200 AM,31.81794828,54.63915623,1385.112,USER,Fixed,Corrected,None,168, ,BYCODE(0), ,0.014,0.011,0.013,0.017,         BYLAYER,  BYCODE, ,0,Vertical,12/9/2025 10:25, , , , ,1.358,0.688,1.17, , , , 
 ,20251209101609 2025-12-09 10:26:02.004331600 AM,31.81784828,54.63924918,1385.618,USER,Fixed,Corrected,None,169, ,BYCODE(0), ,0.014,0.01,0.012,0.017,         BYLAYER,  BYCODE, ,0,Vertical,12/9/2025 10:26, , , , ,1.358,0.688,1.17, , , , 
 ,20251209101609 2025-12-09 10:26:05.198761000 AM,31.81796591,54.63941913,1385.267,USER,Fixed,Corrected,None,170, ,BYCODE(0), ,0.014,0.01,0.012,0.017,         BYLAYER,  BYCODE, ,0,Vertical,12/9/2025 10:26, , , , ,1.358,0.688,1.17, , , , 
 ,20251209101609 2025-12-09 10:26:07.193779900 AM,31.81809162,54.63957566,1385.45,USER,Fixed,Corrected,None,171, ,BYCODE(0), ,0.014,0.01,0.012,0.017,         BYLAYER,  BYCODE, ,0,Vertical,12/9/2025 10:26, , , , ,1.358,0.688,1.17, , , , 
 ,20251209101609 2025-12-09 10:26:09.184368600 AM,31.81821343,54.639729,1385.824,USER,Fixed,Corrected,None,172, ,BYCODE(0), ,0.014,0.01,0.012,0.017,         BYLAYER,  BYCODE, ,0,Vertical,12/9/2025 10:26, , , , ,1.358,0.688,1.17, , , , 
 ,20251209101609 2025-12-09 10:26:11.138053200 AM,31.81833305,54.63987995,1386.121,USER,Fixed,Corrected,None,173, ,BYCODE(0), ,0.014,0.01,0.012,0.017,         BYLAYER,  BYCODE, ,0,Vertical,12/9/2025 10:26, , , , ,1.358,0.688,1.17, , , , 
 ,20251209101609 2025-12-09 10:26:13.162020000 AM,31.81845673,54.64003613,1386.421,USER,Fixed,Corrected,None,174, ,BYCODE(0), ,0.014,0.01,0.012,0.017,         BYLAYER,  BYCODE, ,0,Vertical,12/9/2025 10:26, , , , ,1.358,0.688,1.17, , , , 
 ,20251209101609 2025-12-09 10:26:15.140504600 AM,31.81857708,54.64018838,1386.586,USER,Fixed,Corrected,None,175, ,BYCODE(0), ,0.014,0.01,0.012,0.017,         BYLAYER,  BYCODE, ,0,Vertical,12/9/2025 10:26, , , , ,1.358,0.688,1.17, , , , 
 ,20251209101609 2025-12-09 10:26:17.139669900 AM,31.81869926,54.640343,1386.418,USER,Fixed,Corrected,None,176, ,BYCODE(0), ,0.014,0.01,0.012,0.017,         BYLAYER,  BYCODE, ,0,Vertical,12/9/2025 10:26, , , , ,1.358,0.688,1.17, , , , 
 ,20251209101609 2025-12-09 10:26:19.140770700 AM,31.81882208,54.64049712,1386.49,USER,Fixed,Corrected,None,177, ,BYCODE(0), ,0.014,0.01,0.012,0.017,         BYLAYER,  BYCODE, ,0,Vertical,12/9/2025 10:26, , , , ,1.358,0.688,1.17, , , , 
 ,20251209101609 2025-12-09 10:26:21.129366900 AM,31.81894457,54.64065092,1386.652,USER,Fixed,Corrected,None,178, ,BYCODE(0), ,0.014,0.01,0.012,0.017,         BYLAYER,  BYCODE, ,0,Vertical,12/9/2025 10:26, , , , ,1.358,0.688,1.17, , , , 
 ,20251209101609 2025-12-09 10:26:23.120005800 AM,31.81906686,54.64080463,1386.951,USER,Fixed,Corrected,None,179, ,BYCODE(0), ,0.014,0.01,0.012,0.017,         BYLAYER,  BYCODE, ,0,Vertical,12/9/2025 10:26, , , , ,1.358,0.688,1.17, , , , 
 ,20251209101609 2025-12-09 10:26:25.110899700 AM,31.8191891,54.64095863,1387.215,USER,Fixed,Corrected,None,180, ,BYCODE(0), ,0.014,0.01,0.012,0.017,         BYLAYER,  BYCODE, ,0,Vertical,12/9/2025 10:26, , , , ,1.358,0.688,1.17, , , , 
 ,20251209101609 2025-12-09 10:26:27.075051300 AM,31.81930928,54.64111,1387.374,USER,Fixed,Corrected,None,181, ,BYCODE(0), ,0.014,0.01,0.012,0.017,         BYLAYER,  BYCODE, ,0,Vertical,12/9/2025 10:26, , , , ,1.358,0.688,1.17, , , , 
 ,20251209101609 2025-12-09 10:26:29.067957400 AM,31.81943253,54.64126393,1387.555,USER,Fixed,Corrected,None,182, ,BYCODE(0), ,0.014,0.01,0.012,0.017,         BYLAYER,  BYCODE, ,0,Vertical,12/9/2025 10:26, , , , ,1.358,0.688,1.17, , , , 
 ,20251209101609 2025-12-09 10:26:31.058768300 AM,31.8195544,54.64141743,1387.688,USER,Partial,Corrected,None,183, ,BYCODE(0), ,0.014,0.01,0.012,0.017,         BYLAYER,  BYCODE, ,0,Vertical,12/9/2025 10:26, , , , ,1.358,0.688,1.17, , , , 
 ,20251209101609 2025-12-09 10:26:33.051414300 AM,31.81967703,54.64157202,1387.746,USER,Partial,Corrected,None,184, ,BYCODE(0), ,0.014,0.01,0.012,0.017,         BYLAYER,  BYCODE, ,0,Vertical,12/9/2025 10:26, , , , ,1.358,0.688,1.17, , , , 
 ,20251209101609 2025-12-09 10:26:35.042290200 AM,31.81979977,54.64172551,1387.915,USER,Partial,Corrected,None,185, ,BYCODE(0), ,0.014,0.01,0.012,0.017,         BYLAYER,  BYCODE, ,0,Vertical,12/9/2025 10:26, , , , ,1.358,0.688,1.17, , , , 
 ,20251209101609 2025-12-09 10:26:37.031197300 AM,31.8199218,54.64187918,1388.172,USER,Partial,Corrected,None,186, ,BYCODE(0), ,0.014,0.01,0.012,0.017,         BYLAYER,  BYCODE, ,0,Vertical,12/9/2025 10:26, , , , ,1.357,0.688,1.17, , , , 
 ,20251209101609 2025-12-09 10:26:39.022139500 AM,31.82004236,54.64203079,1388.232,USER,Partial,Corrected,None,187, ,BYCODE(0), ,0.014,0.01,0.012,0.017,         BYLAYER,  BYCODE, ,0,Vertical,12/9/2025 10:26, , , , ,1.357,0.688,1.17, , , , 
 ,20251209101609 2025-12-09 10:26:41.782827400 AM,31.82010513,54.64213774,1388.342,USER,Fixed,Corrected,None,188, ,BYCODE(0), ,0.014,0.01,0.012,0.017,         BYLAYER,  BYCODE, ,0,Vertical,12/9/2025 10:26, , , , ,1.357,0.688,1.17, , , , 
 ,20251209101609 2025-12-09 10:26:45.152372100 AM,31.81993001,54.64223886,1387.427,USER,Fixed,Corrected,None,189, ,BYCODE(0), ,0.014,0.01,0.012,0.017,         BYLAYER,  BYCODE, ,0,Vertical,12/9/2025 10:26, , , , ,1.357,0.688,1.17, , , , 
 ,20251209101609 2025-12-09 10:26:47.543918400 AM,31.81979842,54.64228158,1387.422,USER,Fixed,Corrected,None,190, ,BYCODE(0), ,0.014,0.01,0.012,0.017,         BYLAYER,  BYCODE, ,0,Vertical,12/9/2025 10:26, , , , ,1.357,0.688,1.17, , , , 
 ,20251209101609 2025-12-09 10:26:50.236229900 AM,31.81966251,54.64212575,1387.65,USER,Fixed,Corrected,None,191, ,BYCODE(0), ,0.014,0.01,0.012,0.017,         BYLAYER,  BYCODE, ,0,Vertical,12/9/2025 10:26, , , , ,1.357,0.688,1.17, , , , 
 ,20251209101609 2025-12-09 10:26:52.233418700 AM,31.81953581,54.64197162,1387.699,USER,Fixed,Corrected,None,192, ,BYCODE(0), ,0.014,0.01,0.012,0.017,         BYLAYER,  BYCODE, ,0,Vertical,12/9/2025 10:26, , , , ,1.357,0.688,1.17, , , , 
 ,20251209101609 2025-12-09 10:26:54.213843800 AM,31.81941342,54.64181972,1387.842,USER,Fixed,Corrected,None,193, ,BYCODE(0), ,0.014,0.01,0.012,0.017,         BYLAYER,  BYCODE, ,0,Vertical,12/9/2025 10:26, , , , ,1.357,0.688,1.17, , , , 
 ,20251209101609 2025-12-09 10:26:56.206629500 AM,31.81929177,54.64166622,1387.829,USER,Fixed,Corrected,None,194, ,BYCODE(0), ,0.014,0.011,0.012,0.017,         BYLAYER,  BYCODE, ,0,Vertical,12/9/2025 10:26, , , , ,1.357,0.688,1.17, , , , 
 ,20251209101609 2025-12-09 10:26:58.201500400 AM,31.8191695,54.64151185,1387.857,USER,Fixed,Corrected,None,195, ,BYCODE(0), ,0.014,0.011,0.012,0.017,         BYLAYER,  BYCODE, ,0,Vertical,12/9/2025 10:26, , , , ,1.357,0.688,1.17, , , , 
 ,20251209101609 2025-12-09 10:27:00.194266300 AM,31.81904785,54.6413581,1387.724,USER,Fixed,Corrected,None,196, ,BYCODE(0), ,0.014,0.011,0.012,0.017,         BYLAYER,  BYCODE, ,0,Vertical,12/9/2025 10:27, , , , ,1.357,0.688,1.17, , , , 
 ,20251209101609 2025-12-09 10:27:02.158624900 AM,31.81892715,54.64120605,1387.494,USER,Fixed,Corrected,None,197, ,BYCODE(0), ,0.014,0.011,0.013,0.017,         BYLAYER,  BYCODE, ,0,Vertical,12/9/2025 10:27, , , , ,1.357,0.688,1.17, , , , 
 ,20251209101609 2025-12-09 10:27:04.182406900 AM,31.81880287,54.64105022,1387.181,USER,Fixed,Corrected,None,198, ,BYCODE(0), ,0.014,0.011,0.013,0.017,         BYLAYER,  BYCODE, ,0,Vertical,12/9/2025 10:27, , , , ,1.357,0.688,1.17, , , , 
 ,20251209101609 2025-12-09 10:27:06.175131800 AM,31.81868063,54.64089699,1386.952,USER,Fixed,Corrected,None,199, ,BYCODE(0), ,0.014,0.011,0.013,0.017,         BYLAYER,  BYCODE, ,0,Vertical,12/9/2025 10:27, , , , ,1.357,0.688,1.17, , , , 
 ,20251209101609 2025-12-09 10:27:08.161805900 AM,31.81855843,54.64074336,1386.656,USER,Fixed,Corrected,None,200, ,BYCODE(0), ,0.014,0.011,0.013,0.017,         BYLAYER,  BYCODE, ,0,Vertical,12/9/2025 10:27, , , , ,1.357,0.688,1.17, , , , 
 ,20251209101609 2025-12-09 10:27:10.150671500 AM,31.81843586,54.64058997,1386.431,USER,Fixed,Corrected,None,201, ,BYCODE(0), ,0.014,0.011,0.013,0.017,         BYLAYER,  BYCODE, ,0,Vertical,12/9/2025 10:27, , , , ,1.357,0.688,1.17, , , , 
 ,20251209101609 2025-12-09 10:27:12.141310200 AM,31.81831329,54.64043684,1386.206,USER,Fixed,Corrected,None,202, ,BYCODE(0), ,0.014,0.011,0.013,0.018,         BYLAYER,  BYCODE, ,0,Vertical,12/9/2025 10:27, , , , ,1.357,0.688,1.17, , , , 
 ,20251209101609 2025-12-09 10:27:14.123696100 AM,31.8181914,54.64028369,1386,USER,Fixed,Corrected,None,203, ,BYCODE(0), ,0.014,0.011,0.013,0.018,         BYLAYER,  BYCODE, ,0,Vertical,12/9/2025 10:27, , , , ,1.357,0.688,1.17, , , , 
 ,20251209101609 2025-12-09 10:27:16.110286700 AM,31.81806939,54.64012999,1385.906,USER,Partial,Corrected,None,204, ,BYCODE(0), ,0.014,0.011,0.013,0.018,         BYLAYER,  BYCODE, ,0,Vertical,12/9/2025 10:27, , , , ,1.357,0.688,1.17, , , , 
 ,20251209101609 2025-12-09 10:27:18.109389800 AM,31.81794658,54.63997589,1385.786,USER,Fixed,Corrected,None,205, ,BYCODE(0), ,0.014,0.011,0.013,0.018,         BYLAYER,  BYCODE, ,0,Vertical,12/9/2025 10:27, , , , ,1.357,0.688,1.17, , , , 
 ,20251209101609 2025-12-09 10:27:20.104218200 AM,31.81782376,54.63982252,1385.557,USER,Fixed,Corrected,None,206, ,BYCODE(0), ,0.014,0.011,0.013,0.018,         BYLAYER,  BYCODE, ,0,Vertical,12/9/2025 10:27, , , , ,1.357,0.688,1.17, , , , 
 ,20251209101609 2025-12-09 10:27:22.062316400 AM,31.81770352,54.63967142,1385.372,USER,Fixed,Corrected,None,207, ,BYCODE(0), ,0.014,0.011,0.013,0.018,         BYLAYER,  BYCODE, ,0,Vertical,12/9/2025 10:27, , , , ,1.357,0.688,1.17, , , , 
 ,20251209101609 2025-12-09 10:27:24.061370600 AM,31.81758145,54.63951917,1385.173,USER,Partial,Corrected,None,208, ,BYCODE(0), ,0.014,0.011,0.013,0.018,         BYLAYER,  BYCODE, ,0,Vertical,12/9/2025 10:27, , , , ,1.357,0.688,1.17, , , , 
 ,20251209101609 2025-12-09 10:27:26.290521400 AM,31.81747437,54.63944109,1385.082,USER,Fixed,Corrected,None,209, ,BYCODE(0), ,0.014,0.011,0.013,0.018,         BYLAYER,  BYCODE, ,0,Vertical,12/9/2025 10:27, , , , ,1.357,0.688,1.17, , , , 
 ,20251209101609 2025-12-09 10:27:29.130661200 AM,31.81730683,54.63951627,1384.714,USER,Fixed,Corrected,None,210, ,BYCODE(0), ,0.014,0.011,0.013,0.018,         BYLAYER,  BYCODE, ,0,Vertical,12/9/2025 10:27, , , , ,1.357,0.688,1.17, , , , 
 ,20251209101609 2025-12-09 10:27:31.954249600 AM,31.81720996,54.63961032,1384.261,USER,Fixed,Corrected,None,211, ,BYCODE(0), ,0.014,0.011,0.013,0.018,         BYLAYER,  BYCODE, ,0,Vertical,12/9/2025 10:27, , , , ,1.357,0.688,1.17, , , , 
 ,20251209101609 2025-12-09 10:27:35.111151700 AM,31.81732629,54.63977942,1383.735,USER,Fixed,Corrected,None,212, ,BYCODE(0), ,0.014,0.011,0.013,0.018,         BYLAYER,  BYCODE, ,0,Vertical,12/9/2025 10:27, , , , ,1.357,0.688,1.17, , , , 
 ,20251209101609 2025-12-09 10:27:37.105728600 AM,31.81745004,54.6399346,1384.024,USER,Fixed,Corrected,None,213, ,BYCODE(0), ,0.014,0.011,0.013,0.018,         BYLAYER,  BYCODE, ,0,Vertical,12/9/2025 10:27, , , , ,1.357,0.688,1.169, , , , 
 ,20251209101609 2025-12-09 10:27:39.094464300 AM,31.81757201,54.64008766,1384.763,USER,Fixed,Corrected,None,214, ,BYCODE(0), ,0.014,0.011,0.013,0.018,         BYLAYER,  BYCODE, ,0,Vertical,12/9/2025 10:27, , , , ,1.357,0.688,1.169, , , , 
 ,20251209101609 2025-12-09 10:27:41.082954200 AM,31.81769449,54.64024153,1385.488,USER,Fixed,Corrected,None,215, ,BYCODE(0), ,0.014,0.011,0.013,0.018,         BYLAYER,  BYCODE, ,0,Vertical,12/9/2025 10:27, , , , ,1.357,0.688,1.169, , , , 
 ,20251209101609 2025-12-09 10:27:43.077975500 AM,31.81781717,54.64039613,1386.165,USER,Fixed,Corrected,None,216, ,BYCODE(0), ,0.014,0.011,0.013,0.018,         BYLAYER,  BYCODE, ,0,Vertical,12/9/2025 10:27, , , , ,1.357,0.688,1.169, , , , 
 ,20251209101609 2025-12-09 10:27:45.066496800 AM,31.81793796,54.64054924,1386.596,USER,Fixed,Corrected,None,217, ,BYCODE(0), ,0.014,0.011,0.013,0.018,         BYLAYER,  BYCODE, ,0,Vertical,12/9/2025 10:27, , , , ,1.356,0.688,1.169, , , , 
 ,20251209101609 2025-12-09 10:27:47.055141000 AM,31.81806003,54.64070329,1386.679,USER,Fixed,Corrected,None,218, ,BYCODE(0), ,0.014,0.011,0.013,0.018,         BYLAYER,  BYCODE, ,0,Vertical,12/9/2025 10:27, , , , ,1.356,0.687,1.169, , , , 
 ,20251209101609 2025-12-09 10:27:49.049866000 AM,31.81818329,54.64085843,1387.127,USER,Fixed,Corrected,None,219, ,BYCODE(0), ,0.014,0.011,0.013,0.018,         BYLAYER,  BYCODE, ,0,Vertical,12/9/2025 10:27, , , , ,1.356,0.687,1.169, , , , 
 ,20251209101609 2025-12-09 10:27:51.044642900 AM,31.81830601,54.64101246,1387.466,USER,Fixed,Corrected,None,220, ,BYCODE(0), ,0.014,0.011,0.013,0.018,         BYLAYER,  BYCODE, ,0,Vertical,12/9/2025 10:27, , , , ,1.356,0.687,1.169, , , , 
 ,20251209101609 2025-12-09 10:27:53.033263900 AM,31.81842831,54.64116619,1387.625,USER,Fixed,Corrected,None,221, ,BYCODE(0), ,0.014,0.011,0.013,0.018,         BYLAYER,  BYCODE, ,0,Vertical,12/9/2025 10:27, , , , ,1.356,0.687,1.169, , , , 
 ,20251209101609 2025-12-09 10:27:55.034130800 AM,31.81855201,54.64132108,1388.063,USER,Fixed,Corrected,None,222, ,BYCODE(0), ,0.014,0.011,0.013,0.018,         BYLAYER,  BYCODE, ,0,Vertical,12/9/2025 10:27, , , , ,1.356,0.687,1.169, , , , 
 ,20251209101609 2025-12-09 10:27:57.022700500 AM,31.81867462,54.64147468,1388.479,USER,Fixed,Corrected,None,223, ,BYCODE(0), ,0.014,0.011,0.013,0.018,         BYLAYER,  BYCODE, ,0,Vertical,12/9/2025 10:27, , , , ,1.356,0.687,1.169, , , , 
 ,20251209101609 2025-12-09 10:27:59.013328600 AM,31.81879768,54.64162791,1388.638,USER,Fixed,Corrected,None,224, ,BYCODE(0), ,0.014,0.011,0.013,0.017,         BYLAYER,  BYCODE, ,0,Vertical,12/9/2025 10:27, , , , ,1.356,0.687,1.169, , , , 
 ,20251209101609 2025-12-09 10:28:01.006039400 AM,31.81892004,54.64178152,1388.869,USER,Fixed,Corrected,None,225, ,BYCODE(0), ,0.014,0.011,0.013,0.017,         BYLAYER,  BYCODE, ,0,Vertical,12/9/2025 10:28, , , , ,1.356,0.687,1.169, , , , 
 ,20251209101609 2025-12-09 10:28:02.998644400 AM,31.81904227,54.64193551,1389.117,USER,Fixed,Corrected,None,226, ,BYCODE(0), ,0.014,0.011,0.013,0.017,         BYLAYER,  BYCODE, ,0,Vertical,12/9/2025 10:28, , , , ,1.356,0.687,1.169, , , , 
 ,20251209101609 2025-12-09 10:28:04.995421200 AM,31.81916392,54.64208976,1389.165,USER,Fixed,Corrected,None,227, ,BYCODE(0), ,0.014,0.011,0.013,0.017,         BYLAYER,  BYCODE, ,0,Vertical,12/9/2025 10:28, , , , ,1.356,0.687,1.169, , , , 
 ,20251209101609 2025-12-09 10:28:06.990150900 AM,31.81928628,54.64224432,1389.118,USER,Fixed,Corrected,None,228, ,BYCODE(0), ,0.014,0.011,0.013,0.017,         BYLAYER,  BYCODE, ,0,Vertical,12/9/2025 10:28, , , , ,1.356,0.687,1.169, , , , 
 ,20251209101609 2025-12-09 10:28:09.080627700 AM,31.81940844,54.64239176,1389.563,USER,Fixed,Corrected,None,229, ,BYCODE(0), ,0.014,0.011,0.013,0.017,         BYLAYER,  BYCODE, ,0,Vertical,12/9/2025 10:28, , , , ,1.356,0.687,1.169, , , , 
 ,20251209101609 2025-12-09 10:28:11.238287900 AM,31.8194394,54.64246239,1389.84,USER,Fixed,Corrected,None,230, ,BYCODE(0), ,0.014,0.011,0.013,0.017,         BYLAYER,  BYCODE, ,0,Vertical,12/9/2025 10:28, , , , ,1.356,0.687,1.169, , , , 
 ,20251209101609 2025-12-09 10:28:14.631051800 AM,31.81926268,54.6425641,1388.452,USER,Fixed,Corrected,None,231, ,BYCODE(0), ,0.014,0.011,0.013,0.018,         BYLAYER,  BYCODE, ,0,Vertical,12/9/2025 10:28, , , , ,1.356,0.687,1.169, , , , 
 ,20251209101609 2025-12-09 10:28:17.058184900 AM,31.81912975,54.64260678,1388.25,USER,Fixed,Corrected,None,232, ,BYCODE(0), ,0.014,0.011,0.013,0.018,         BYLAYER,  BYCODE, ,0,Vertical,12/9/2025 10:28, , , , ,1.356,0.687,1.169, , , , 
 ,20251209101609 2025-12-09 10:28:19.725304800 AM,31.81899565,54.64244895,1388.449,USER,Fixed,Corrected,None,233, ,BYCODE(0), ,0.014,0.011,0.013,0.018,         BYLAYER,  BYCODE, ,0,Vertical,12/9/2025 10:28, , , , ,1.356,0.687,1.169, , , , 
 ,20251209101609 2025-12-09 10:28:21.722156500 AM,31.8188687,54.64229425,1388.355,USER,Partial,Corrected,None,234, ,BYCODE(0), ,0.014,0.011,0.013,0.018,         BYLAYER,  BYCODE, ,0,Vertical,12/9/2025 10:28, , , , ,1.356,0.687,1.169, , , , 
 ,20251209101609 2025-12-09 10:28:23.712928500 AM,31.81874704,54.64214265,1388.21,USER,Fixed,Corrected,None,235, ,BYCODE(0), ,0.014,0.011,0.013,0.018,         BYLAYER,  BYCODE, ,0,Vertical,12/9/2025 10:28, , , , ,1.356,0.687,1.169, , , , 
 ,20251209101609 2025-12-09 10:28:25.703661700 AM,31.81862531,54.64198914,1388.127,USER,Fixed,Corrected,None,236, ,BYCODE(0), ,0.014,0.011,0.013,0.018,         BYLAYER,  BYCODE, ,0,Vertical,12/9/2025 10:28, , , , ,1.356,0.687,1.169, , , , 
 ,20251209101609 2025-12-09 10:28:27.698505600 AM,31.81850311,54.64183477,1387.983,USER,Fixed,Corrected,None,237, ,BYCODE(0), ,0.014,0.011,0.013,0.018,         BYLAYER,  BYCODE, ,0,Vertical,12/9/2025 10:28, , , , ,1.356,0.687,1.169, , , , 
 ,20251209101609 2025-12-09 10:28:29.693267600 AM,31.81838071,54.64168092,1388.003,USER,Fixed,Corrected,None,238, ,BYCODE(0), ,0.014,0.011,0.013,0.018,         BYLAYER,  BYCODE, ,0,Vertical,12/9/2025 10:28, , , , ,1.356,0.687,1.169, , , , 
 ,20251209101609 2025-12-09 10:28:31.657675500 AM,31.81826087,54.64152988,1387.765,USER,Fixed,Corrected,None,239, ,BYCODE(0), ,0.014,0.011,0.013,0.018,         BYLAYER,  BYCODE, ,0,Vertical,12/9/2025 10:28, , , , ,1.356,0.687,1.168, , , , 
 ,20251209101609 2025-12-09 10:28:33.648493800 AM,31.81813841,54.641376,1387.547,USER,Fixed,Corrected,None,240, ,BYCODE(0), ,0.014,0.011,0.013,0.018,         BYLAYER,  BYCODE, ,0,Vertical,12/9/2025 10:28, , , , ,1.355,0.687,1.168, , , , 
 ,20251209101609 2025-12-09 10:28:35.637242100 AM,31.81801604,54.64122227,1387.498,USER,Fixed,Corrected,None,241, ,BYCODE(0), ,0.014,0.011,0.013,0.018,         BYLAYER,  BYCODE, ,0,Vertical,12/9/2025 10:28, , , , ,1.355,0.687,1.168, , , , 
 ,20251209101609 2025-12-09 10:28:37.625945300 AM,31.81789304,54.64106887,1387.371,USER,Fixed,Corrected,None,242, ,BYCODE(0), ,0.014,0.011,0.013,0.018,         BYLAYER,  BYCODE, ,0,Vertical,12/9/2025 10:28, , , , ,1.355,0.687,1.168, , , , 
 ,20251209101609 2025-12-09 10:28:39.614803800 AM,31.81777148,54.64091587,1387.191,USER,Fixed,Corrected,None,243, ,BYCODE(0), ,0.014,0.011,0.013,0.018,         BYLAYER,  BYCODE, ,0,Vertical,12/9/2025 10:28, , , , ,1.355,0.687,1.168, , , , 
 ,20251209101609 2025-12-09 10:28:41.603449100 AM,31.81764913,54.64076284,1386.951,USER,Fixed,Corrected,None,244, ,BYCODE(0), ,0.014,0.011,0.013,0.018,         BYLAYER,  BYCODE, ,0,Vertical,12/9/2025 10:28, , , , ,1.355,0.687,1.168, , , , 
 ,20251209101609 2025-12-09 10:28:43.596296300 AM,31.8175264,54.64060915,1386.795,USER,Fixed,Corrected,None,245, ,BYCODE(0), ,0.014,0.011,0.013,0.018,         BYLAYER,  BYCODE, ,0,Vertical,12/9/2025 10:28, , , , ,1.355,0.687,1.168, , , , 
 ,20251209101609 2025-12-09 10:28:45.591263500 AM,31.81740318,54.64045488,1386.713,USER,Fixed,Corrected,None,246, ,BYCODE(0), ,0.014,0.011,0.013,0.018,         BYLAYER,  BYCODE, ,0,Vertical,12/9/2025 10:28, , , , ,1.355,0.687,1.168, , , , 
 ,20251209101609 2025-12-09 10:28:47.580129100 AM,31.81728109,54.64030182,1386.711,USER,Fixed,Corrected,None,247, ,BYCODE(0), ,0.014,0.011,0.013,0.018,         BYLAYER,  BYCODE, ,0,Vertical,12/9/2025 10:28, , , , ,1.355,0.687,1.168, , , , 
 ,20251209101609 2025-12-09 10:28:49.575127400 AM,31.81715827,54.64014703,1386.707,USER,Fixed,Corrected,None,248, ,BYCODE(0), ,0.014,0.011,0.013,0.018,         BYLAYER,  BYCODE, ,0,Vertical,12/9/2025 10:28, , , , ,1.355,0.687,1.168, , , , 
 ,20251209101609 2025-12-09 10:28:51.563916000 AM,31.81703522,54.63999387,1386.535,USER,Fixed,Corrected,None,249, ,BYCODE(0), ,0.014,0.011,0.013,0.018,         BYLAYER,  BYCODE, ,0,Vertical,12/9/2025 10:28, , , , ,1.355,0.687,1.168, , , , 
 ,20251209101609 2025-12-09 10:28:53.654615400 AM,31.81691367,54.63984583,1386.363,USER,Fixed,Corrected,None,250, ,BYCODE(0), ,0.014,0.011,0.013,0.018,         BYLAYER,  BYCODE, ,0,Vertical,12/9/2025 10:28, , , , ,1.355,0.687,1.168, , , , 
 ,20251209101609 2025-12-09 10:28:55.285541800 AM,31.81683806,54.63980171,1386.156,USER,Fixed,Corrected,None,251, ,BYCODE(0), ,0.014,0.011,0.013,0.018,         BYLAYER,  BYCODE, ,0,Vertical,12/9/2025 10:28, , , , ,1.355,0.687,1.168, , , , 
 ,20251209101609 2025-12-09 10:28:58.108898400 AM,31.81667124,54.63987701,1384.816,USER,Fixed,Corrected,None,252, ,BYCODE(0), ,0.014,0.011,0.013,0.018,         BYLAYER,  BYCODE, ,0,Vertical,12/9/2025 10:28, , , , ,1.355,0.687,1.168, , , , 
 ,20251209101609 2025-12-09 10:29:00.944770100 AM,31.8165739,54.63997234,1384.212,USER,Partial,Corrected,None,253, ,BYCODE(0), ,0.014,0.011,0.013,0.018,         BYLAYER,  BYCODE, ,0,Vertical,12/9/2025 10:29, , , , ,1.355,0.687,1.168, , , , 
 ,20251209101609 2025-12-09 10:29:04.103616700 AM,31.81668986,54.6401397,1383.758,USER,Fixed,Corrected,None,254, ,BYCODE(0), ,0.014,0.011,0.013,0.018,         BYLAYER,  BYCODE, ,0,Vertical,12/9/2025 10:29, , , , ,1.355,0.687,1.168, , , , 
 ,20251209101609 2025-12-09 10:29:06.125385800 AM,31.81681671,54.6402995,1384.033,USER,Fixed,Corrected,None,255, ,BYCODE(0), ,0.014,0.011,0.013,0.018,         BYLAYER,  BYCODE, ,0,Vertical,12/9/2025 10:29, , , , ,1.355,0.687,1.168, , , , 
 ,20251209101609 2025-12-09 10:29:08.118200300 AM,31.81693865,54.64045313,1384.884,USER,Fixed,Corrected,None,256, ,BYCODE(0), ,0.014,0.011,0.013,0.018,         BYLAYER,  BYCODE, ,0,Vertical,12/9/2025 10:29, , , , ,1.355,0.687,1.168, , , , 
 ,20251209101609 2025-12-09 10:29:10.109022600 AM,31.81706002,54.64060624,1385.361,USER,Fixed,Corrected,None,257, ,BYCODE(0), ,0.014,0.011,0.013,0.018,         BYLAYER,  BYCODE, ,0,Vertical,12/9/2025 10:29, , , , ,1.355,0.687,1.168, , , , 
 ,20251209101609 2025-12-09 10:29:12.073163500 AM,31.8171804,54.64075779,1385.682,USER,Fixed,Corrected,None,258, ,BYCODE(0), ,0.014,0.011,0.013,0.018,         BYLAYER,  BYCODE, ,0,Vertical,12/9/2025 10:29, , , , ,1.354,0.687,1.167, , , , 
 ,20251209101609 2025-12-09 10:29:14.066083700 AM,31.81730228,54.64091198,1386.015,USER,Fixed,Corrected,None,259, ,BYCODE(0), ,0.014,0.011,0.013,0.018,         BYLAYER,  BYCODE, ,0,Vertical,12/9/2025 10:29, , , , ,1.354,0.687,1.167, , , , 
 ,20251209101609 2025-12-09 10:29:16.056635600 AM,31.81742396,54.64106563,1386.39,USER,Fixed,Corrected,None,260, ,BYCODE(0), ,0.014,0.011,0.013,0.018,         BYLAYER,  BYCODE, ,0,Vertical,12/9/2025 10:29, , , , ,1.354,0.687,1.167, , , , 
 ,20251209101609 2025-12-09 10:29:18.049637300 AM,31.81754641,54.64121952,1386.569,USER,Fixed,Corrected,None,261, ,BYCODE(0), ,0.014,0.011,0.013,0.018,         BYLAYER,  BYCODE, ,0,Vertical,12/9/2025 10:29, , , , ,1.354,0.687,1.167, , , , 
 ,20251209101609 2025-12-09 10:29:20.038590200 AM,31.81766907,54.64137346,1387.175,USER,Fixed,Corrected,None,262, ,BYCODE(0), ,0.014,0.011,0.013,0.018,         BYLAYER,  BYCODE, ,0,Vertical,12/9/2025 10:29, , , , ,1.354,0.687,1.167, , , , 
 ,20251209101609 2025-12-09 10:29:22.029159100 AM,31.81779092,54.64152744,1387.737,USER,Fixed,Corrected,None,263, ,BYCODE(0), ,0.014,0.011,0.013,0.018,         BYLAYER,  BYCODE, ,0,Vertical,12/9/2025 10:29, , , , ,1.354,0.687,1.167, , , , 
 ,20251209101609 2025-12-09 10:29:24.019982600 AM,31.81791381,54.64168118,1388.139,USER,Fixed,Corrected,None,264, ,BYCODE(0), ,0.014,0.011,0.013,0.018,         BYLAYER,  BYCODE, ,0,Vertical,12/9/2025 10:29, , , , ,1.354,0.687,1.167, , , , 
 ,20251209101609 2025-12-09 10:29:26.014623200 AM,31.81803593,54.64183455,1388.594,USER,Fixed,Corrected,None,265, ,BYCODE(0), ,0.014,0.011,0.013,0.018,         BYLAYER,  BYCODE, ,0,Vertical,12/9/2025 10:29, , , , ,1.354,0.687,1.167, , , , 
 ,20251209101609 2025-12-09 10:29:28.007360700 AM,31.81815762,54.64198807,1388.768,USER,Fixed,Corrected,None,266, ,BYCODE(0), ,0.014,0.011,0.013,0.018,         BYLAYER,  BYCODE, ,0,Vertical,12/9/2025 10:29, , , , ,1.354,0.687,1.167, , , , 
 ,20251209101609 2025-12-09 10:29:30.000094200 AM,31.81828001,54.64214229,1388.799,USER,Fixed,Corrected,None,267, ,BYCODE(0), ,0.014,0.011,0.013,0.018,         BYLAYER,  BYCODE, ,0,Vertical,12/9/2025 10:29, , , , ,1.354,0.687,1.167, , , , 
 ,20251209101609 2025-12-09 10:29:31.992754700 AM,31.81840304,54.64229655,1388.979,USER,Fixed,Corrected,None,268, ,BYCODE(0), ,0.014,0.011,0.013,0.018,         BYLAYER,  BYCODE, ,0,Vertical,12/9/2025 10:29, , , , ,1.354,0.687,1.167, , , , 
 ,20251209101609 2025-12-09 10:29:33.989515300 AM,31.81852621,54.64245034,1389.453,USER,Fixed,Corrected,None,269, ,BYCODE(0), ,0.014,0.011,0.013,0.018,         BYLAYER,  BYCODE, ,0,Vertical,12/9/2025 10:29, , , , ,1.354,0.687,1.167, , , , 
 ,20251209101609 2025-12-09 10:29:35.953900600 AM,31.81864635,54.64260167,1389.637,USER,Fixed,Corrected,None,270, ,BYCODE(0), ,0.014,0.011,0.013,0.018,         BYLAYER,  BYCODE, ,0,Vertical,12/9/2025 10:29, , , , ,1.354,0.686,1.167, , , , 
 ,20251209101609 2025-12-09 10:29:38.483532400 AM,31.81877272,54.64274638,1390.151,USER,Partial,Corrected,None,271, ,BYCODE(0), ,0.014,0.011,0.013,0.018,         BYLAYER,  BYCODE, ,0,Vertical,12/9/2025 10:29, , , , ,1.354,0.686,1.167, , , , 
 ,20251209101609 2025-12-09 10:29:39.777773900 AM,31.8187713,54.642785,1390.143,USER,Partial,Corrected,None,272, ,BYCODE(0), ,0.014,0.011,0.013,0.018,         BYLAYER,  BYCODE, ,0,Vertical,12/9/2025 10:29, , , , ,1.354,0.686,1.167, , , , 
 ,20251209101609 2025-12-09 10:29:43.170213200 AM,31.81859569,54.64288525,1389.004,USER,Fixed,Corrected,None,273, ,BYCODE(0), ,0.014,0.011,0.013,0.018,         BYLAYER,  BYCODE, ,0,Vertical,12/9/2025 10:29, , , , ,1.354,0.686,1.167, , , , 
 ,20251209101609 2025-12-09 10:29:45.597371100 AM,31.81846246,54.64292803,1389.285,USER,Partial,Corrected,None,274, ,BYCODE(0), ,0.014,0.011,0.013,0.018,         BYLAYER,  BYCODE, ,0,Vertical,12/9/2025 10:29, , , , ,1.353,0.686,1.167, , , , 
 ,20251209101609 2025-12-09 10:29:48.268544200 AM,31.81832831,54.64277112,1389.458,USER,Fixed,Corrected,None,275, ,BYCODE(0), ,0.014,0.011,0.013,0.018,         BYLAYER,  BYCODE, ,0,Vertical,12/9/2025 10:29, , , , ,1.353,0.686,1.166, , , , 
 ,20251209101609 2025-12-09 10:29:50.269792800 AM,31.81820089,54.64261696,1389.231,USER,Fixed,Corrected,None,276, ,BYCODE(0), ,0.014,0.011,0.013,0.018,         BYLAYER,  BYCODE, ,0,Vertical,12/9/2025 10:29, , , , ,1.353,0.686,1.166, , , , 
 ,20251209101609 2025-12-09 10:29:52.223951100 AM,31.8180801,54.64246756,1389.21,USER,Fixed,Corrected,None,277, ,BYCODE(0), ,0.014,0.011,0.013,0.018,         BYLAYER,  BYCODE, ,0,Vertical,12/9/2025 10:29, , , , ,1.353,0.686,1.166, , , , 
 ,20251209101609 2025-12-09 10:29:54.245648400 AM,31.81795571,54.64231138,1389.231,USER,Fixed,Corrected,None,278, ,BYCODE(0), ,0.014,0.011,0.013,0.018,         BYLAYER,  BYCODE, ,0,Vertical,12/9/2025 10:29, , , , ,1.353,0.686,1.166, , , , 
 ,20251209101609 2025-12-09 10:29:56.216153400 AM,31.81783477,54.64215971,1388.939,USER,Fixed,Corrected,None,279, ,BYCODE(0), ,0.014,0.011,0.013,0.018,         BYLAYER,  BYCODE, ,0,Vertical,12/9/2025 10:29, , , , ,1.353,0.686,1.166, , , , 
 ,20251209101609 2025-12-09 10:29:58.227738900 AM,31.81771085,54.64200405,1388.609,USER,Fixed,Corrected,None,280, ,BYCODE(0), ,0.014,0.011,0.013,0.018,         BYLAYER,  BYCODE, ,0,Vertical,12/9/2025 10:29, , , , ,1.353,0.686,1.166, , , , 
 ,20251209101609 2025-12-09 10:30:00.199634800 AM,31.81758933,54.64185212,1388.26,USER,Fixed,Corrected,None,281, ,BYCODE(0), ,0.014,0.011,0.013,0.018,         BYLAYER,  BYCODE, ,0,Vertical,12/9/2025 10:30, , , , ,1.353,0.686,1.166, , , , 
 ,20251209101609 2025-12-09 10:30:02.188562600 AM,31.81746663,54.64169851,1388.014,USER,Fixed,Corrected,None,282, ,BYCODE(0), ,0.014,0.011,0.013,0.018,         BYLAYER,  BYCODE, ,0,Vertical,12/9/2025 10:30, , , , ,1.353,0.686,1.166, , , , 
 ,20251209101609 2025-12-09 10:30:04.212477400 AM,31.81734201,54.64154267,1387.897,USER,Fixed,Corrected,None,283, ,BYCODE(0), ,0.014,0.011,0.013,0.018,         BYLAYER,  BYCODE, ,0,Vertical,12/9/2025 10:30, , , , ,1.353,0.686,1.166, , , , 
 ,20251209101609 2025-12-09 10:30:06.172670600 AM,31.81722169,54.64139046,1387.806,USER,Fixed,Corrected,None,284, ,BYCODE(0), ,0.014,0.011,0.013,0.018,         BYLAYER,  BYCODE, ,0,Vertical,12/9/2025 10:30, , , , ,1.353,0.686,1.166, , , , 
 ,20251209101609 2025-12-09 10:30:08.169548300 AM,31.81709841,54.64123626,1387.655,USER,Fixed,Corrected,None,285, ,BYCODE(0), ,0.014,0.011,0.013,0.018,         BYLAYER,  BYCODE, ,0,Vertical,12/9/2025 10:30, , , , ,1.353,0.686,1.166, , , , 
 ,20251209101609 2025-12-09 10:30:10.172734500 AM,31.81697577,54.64108164,1387.355,USER,Fixed,Corrected,None,286, ,BYCODE(0), ,0.014,0.011,0.013,0.018,         BYLAYER,  BYCODE, ,0,Vertical,12/9/2025 10:30, , , , ,1.353,0.686,1.166, , , , 
 ,20251209101609 2025-12-09 10:30:12.167872900 AM,31.81685262,54.64092776,1387.22,USER,Fixed,Corrected,None,287, ,BYCODE(0), ,0.014,0.011,0.013,0.018,         BYLAYER,  BYCODE, ,0,Vertical,12/9/2025 10:30, , , , ,1.353,0.686,1.166, , , , 
 ,20251209101609 2025-12-09 10:30:14.140291200 AM,31.81673147,54.64077604,1386.953,USER,Fixed,Corrected,None,288, ,BYCODE(0), ,0.014,0.011,0.013,0.018,         BYLAYER,  BYCODE, ,0,Vertical,12/9/2025 10:30, , , , ,1.352,0.686,1.166, , , , 
 ,20251209101609 2025-12-09 10:30:16.131029800 AM,31.81660877,54.64062181,1386.749,USER,Fixed,Corrected,None,289, ,BYCODE(0), ,0.014,0.011,0.013,0.018,         BYLAYER,  BYCODE, ,0,Vertical,12/9/2025 10:30, , , , ,1.352,0.686,1.165, , , , 
 ,20251209101609 2025-12-09 10:30:18.117886500 AM,31.81648653,54.64046833,1386.543,USER,Fixed,Corrected,None,290, ,BYCODE(0), ,0.014,0.011,0.013,0.018,         BYLAYER,  BYCODE, ,0,Vertical,12/9/2025 10:30, , , , ,1.352,0.686,1.165, , , , 
 ,20251209101609 2025-12-09 10:30:20.108631400 AM,31.81636458,54.6403154,1386.209,USER,Fixed,Corrected,None,291, ,BYCODE(0), ,0.014,0.011,0.013,0.018,         BYLAYER,  BYCODE, ,0,Vertical,12/9/2025 10:30, , , , ,1.352,0.686,1.165, , , , 
 ,20251209101609 2025-12-09 10:30:22.500472300 AM,31.81623743,54.64017437,1385.97,USER,Fixed,Corrected,None,292, ,BYCODE(0), ,0.014,0.011,0.013,0.018,         BYLAYER,  BYCODE, ,0,Vertical,12/9/2025 10:30, , , , ,1.352,0.686,1.165, , , , 
 ,20251209101609 2025-12-09 10:30:23.386727100 AM,31.81619612,54.64016049,1385.82,USER,Fixed,Corrected,None,293, ,BYCODE(0), ,0.014,0.011,0.013,0.018,         BYLAYER,  BYCODE, ,0,Vertical,12/9/2025 10:30, , , , ,1.352,0.686,1.165, , , , 
 ,20251209101609 2025-12-09 10:30:26.179045000 AM,31.81602951,54.6402377,1385.283,USER,Fixed,Corrected,None,294, ,BYCODE(0), ,0.014,0.011,0.013,0.018,         BYLAYER,  BYCODE, ,0,Vertical,12/9/2025 10:30, , , , ,1.352,0.686,1.165, , , , 
 ,20251209101609 2025-12-09 10:30:29.008610000 AM,31.8159321,54.64033059,1385.955,USER,Partial,Corrected,None,295, ,BYCODE(0), ,0.014,0.011,0.013,0.018,         BYLAYER,  BYCODE, ,0,Vertical,12/9/2025 10:30, , , , ,1.352,0.686,1.165, , , , 
 ,20251209101609 2025-12-09 10:30:32.173846000 AM,31.81604686,54.64049772,1385.565,USER,Fixed,Corrected,None,296, ,BYCODE(0), ,0.014,0.011,0.013,0.018,         BYLAYER,  BYCODE, ,0,Vertical,12/9/2025 10:30, , , , ,1.352,0.686,1.165, , , , 
 ,20251209101609 2025-12-09 10:30:34.164675000 AM,31.81617138,54.64065507,1385.761,USER,Fixed,Corrected,None,297, ,BYCODE(0), ,0.014,0.011,0.013,0.018,         BYLAYER,  BYCODE, ,0,Vertical,12/9/2025 10:30, , , , ,1.352,0.686,1.165, , , , 
 ,20251209101609 2025-12-09 10:30:36.155501800 AM,31.81629374,54.64080852,1386.318,USER,Fixed,Corrected,None,298, ,BYCODE(0), ,0.014,0.011,0.013,0.018,         BYLAYER,  BYCODE, ,0,Vertical,12/9/2025 10:30, , , , ,1.352,0.686,1.165, , , , 
 ,20251209101609 2025-12-09 10:30:38.150324600 AM,31.81641713,54.64096259,1386.846,USER,Fixed,Corrected,None,299, ,BYCODE(0), ,0.014,0.011,0.013,0.018,         BYLAYER,  BYCODE, ,0,Vertical,12/9/2025 10:30, , , , ,1.352,0.686,1.165, , , , 
 ,20251209101609 2025-12-09 10:30:40.174238200 AM,31.81654139,54.64111877,1387.339,USER,Fixed,Corrected,None,300, ,BYCODE(0), ,0.014,0.011,0.013,0.018,         BYLAYER,  BYCODE, ,0,Vertical,12/9/2025 10:30, , , , ,1.352,0.686,1.165, , , , 
 ,20251209101609 2025-12-09 10:30:42.132083400 AM,31.8166621,54.64126986,1387.594,USER,Fixed,Corrected,None,301, ,BYCODE(0), ,0.014,0.011,0.013,0.018,         BYLAYER,  BYCODE, ,0,Vertical,12/9/2025 10:30, , , , ,1.351,0.686,1.165, , , , 
 ,20251209101609 2025-12-09 10:30:44.153803800 AM,31.81678667,54.6414259,1387.972,USER,Fixed,Corrected,None,302, ,BYCODE(0), ,0.014,0.011,0.013,0.018,         BYLAYER,  BYCODE, ,0,Vertical,12/9/2025 10:30, , , , ,1.351,0.686,1.164, , , , 
 ,20251209101609 2025-12-09 10:30:46.134309300 AM,31.8169078,54.64157834,1388.133,USER,Fixed,Corrected,None,303, ,BYCODE(0), ,0.014,0.011,0.013,0.018,         BYLAYER,  BYCODE, ,0,Vertical,12/9/2025 10:30, , , , ,1.351,0.686,1.164, , , , 
 ,20251209101609 2025-12-09 10:30:48.127145300 AM,31.81702962,54.64173219,1388.242,USER,Fixed,Corrected,None,304, ,BYCODE(0), ,0.014,0.011,0.013,0.018,         BYLAYER,  BYCODE, ,0,Vertical,12/9/2025 10:30, , , , ,1.351,0.686,1.164, , , , 
 ,20251209101609 2025-12-09 10:30:50.080735900 AM,31.81714994,54.64188382,1388.615,USER,Fixed,Corrected,None,305, ,BYCODE(0), ,0.014,0.011,0.013,0.018,         BYLAYER,  BYCODE, ,0,Vertical,12/9/2025 10:30, , , , ,1.351,0.686,1.164, , , , 
 ,20251209101609 2025-12-09 10:30:52.108891000 AM,31.81727429,54.64204038,1388.984,USER,Fixed,Corrected,None,306, ,BYCODE(0), ,0.014,0.011,0.013,0.018,         BYLAYER,  BYCODE, ,0,Vertical,12/9/2025 10:30, , , , ,1.351,0.686,1.164, , , , 
 ,20251209101609 2025-12-09 10:30:54.066648500 AM,31.81739411,54.6421917,1389.118,USER,Fixed,Corrected,None,307, ,BYCODE(0), ,0.014,0.011,0.013,0.018,         BYLAYER,  BYCODE, ,0,Vertical,12/9/2025 10:30, , , , ,1.351,0.686,1.164, , , , 
 ,20251209101609 2025-12-09 10:30:56.088434500 AM,31.81751869,54.64234711,1389.407,USER,Fixed,Corrected,None,308, ,BYCODE(0), ,0.014,0.011,0.013,0.018,         BYLAYER,  BYCODE, ,0,Vertical,12/9/2025 10:30, , , , ,1.351,0.686,1.164, , , , 
 ,20251209101609 2025-12-09 10:30:58.052902900 AM,31.8176403,54.64249824,1389.579,USER,Fixed,Corrected,None,309, ,BYCODE(0), ,0.014,0.011,0.013,0.018,         BYLAYER,  BYCODE, ,0,Vertical,12/9/2025 10:30, , , , ,1.351,0.686,1.164, , , , 
 ,20251209101609 2025-12-09 10:31:00.041443600 AM,31.81776207,54.64265251,1389.768,USER,Fixed,Corrected,None,310, ,BYCODE(0), ,0.014,0.011,0.013,0.018,         BYLAYER,  BYCODE, ,0,Vertical,12/9/2025 10:31, , , , ,1.351,0.686,1.164, , , , 
 ,20251209101609 2025-12-09 10:31:02.032321200 AM,31.81788484,54.64280764,1390.282,USER,Fixed,Corrected,None,311, ,BYCODE(0), ,0.014,0.011,0.013,0.018,         BYLAYER,  BYCODE, ,0,Vertical,12/9/2025 10:31, , , , ,1.351,0.686,1.164, , , , 
 ,20251209101609 2025-12-09 10:31:04.051965200 AM,31.81800897,54.64296362,1390.828,USER,Fixed,Corrected,None,312, ,BYCODE(0), ,0.014,0.011,0.013,0.018,         BYLAYER,  BYCODE, ,0,Vertical,12/9/2025 10:31, , , , ,1.351,0.686,1.164, , , , 
 ,20251209101609 2025-12-09 10:31:07.309100900 AM,31.81809939,54.64310755,1391.309,USER,Fixed,Corrected,None,313, ,BYCODE(0), ,0.014,0.011,0.013,0.018,         BYLAYER,  BYCODE, ,0,Vertical,12/9/2025 10:31, , , , ,1.35,0.685,1.164, , , , 
 ,20251209101609 2025-12-09 10:31:10.632822500 AM,31.81792425,54.64320855,1390.392,USER,Fixed,Corrected,None,314, ,BYCODE(0), ,0.014,0.011,0.013,0.018,         BYLAYER,  BYCODE, ,0,Vertical,12/9/2025 10:31, , , , ,1.35,0.685,1.163, , , , 
 ,20251209101609 2025-12-09 10:31:13.026513100 AM,31.81779289,54.64324989,1390.373,USER,Partial,Corrected,None,315, ,BYCODE(0), ,0.014,0.011,0.013,0.018,         BYLAYER,  BYCODE, ,0,Vertical,12/9/2025 10:31, , , , ,1.35,0.685,1.163, , , , 
 ,20251209101609 2025-12-09 10:31:15.682955300 AM,31.81765965,54.64309524,1390.541,USER,Fixed,Corrected,None,316, ,BYCODE(0), ,0.014,0.011,0.013,0.018,         BYLAYER,  BYCODE, ,0,Vertical,12/9/2025 10:31, , , , ,1.35,0.685,1.163, , , , 
 ,20251209101609 2025-12-09 10:31:17.676029900 AM,31.81753373,54.64294151,1390.421,USER,Fixed,Corrected,None,317, ,BYCODE(0), ,0.014,0.011,0.013,0.018,         BYLAYER,  BYCODE, ,0,Vertical,12/9/2025 10:31, , , , ,1.35,0.685,1.163, , , , 
 ,20251209101609 2025-12-09 10:31:19.666891300 AM,31.81741192,54.64278927,1390.327,USER,Fixed,Corrected,None,318, ,BYCODE(0), ,0.014,0.011,0.013,0.018,         BYLAYER,  BYCODE, ,0,Vertical,12/9/2025 10:31, , , , ,1.35,0.685,1.163, , , , 
 ,20251209101609 2025-12-09 10:31:21.690990900 AM,31.81728803,54.64263227,1390.149,USER,Fixed,Corrected,None,319, ,BYCODE(0), ,0.014,0.011,0.013,0.018,         BYLAYER,  BYCODE, ,0,Vertical,12/9/2025 10:31, , , , ,1.35,0.685,1.163, , , , 
 ,20251209101609 2025-12-09 10:31:23.646771000 AM,31.81716803,54.6424806,1390.045,USER,Fixed,Corrected,None,320, ,BYCODE(0), ,0.014,0.011,0.013,0.018,         BYLAYER,  BYCODE, ,0,Vertical,12/9/2025 10:31, , , , ,1.35,0.685,1.163, , , , 
 ,20251209101609 2025-12-09 10:31:25.672780500 AM,31.8170433,54.64232411,1389.911,USER,Fixed,Corrected,None,321, ,BYCODE(0), ,0.014,0.011,0.013,0.018,         BYLAYER,  BYCODE, ,0,Vertical,12/9/2025 10:31, , , , ,1.35,0.685,1.163, , , , 
 ,20251209101609 2025-12-09 10:31:27.626471500 AM,31.81692269,54.64217276,1389.682,USER,Fixed,Corrected,None,322, ,BYCODE(0), ,0.014,0.011,0.013,0.018,         BYLAYER,  BYCODE, ,0,Vertical,12/9/2025 10:31, , , , ,1.35,0.685,1.163, , , , 
 ,20251209101609 2025-12-09 10:31:29.633686300 AM,31.81679908,54.64201775,1389.346,USER,Fixed,Corrected,None,323, ,BYCODE(0), ,0.014,0.011,0.013,0.018,         BYLAYER,  BYCODE, ,0,Vertical,12/9/2025 10:31, , , , ,1.35,0.685,1.163, , , , 
 ,20251209101609 2025-12-09 10:31:31.624383400 AM,31.81667659,54.64186372,1388.964,USER,Fixed,Corrected,None,324, ,BYCODE(0), ,0.014,0.011,0.013,0.018,         BYLAYER,  BYCODE, ,0,Vertical,12/9/2025 10:31, , , , ,1.349,0.685,1.163, , , , 
 ,20251209101609 2025-12-09 10:31:33.615249400 AM,31.81655387,54.64170952,1388.663,USER,Fixed,Corrected,None,325, ,BYCODE(0), ,0.014,0.011,0.013,0.018,         BYLAYER,  BYCODE, ,0,Vertical,12/9/2025 10:31, , , , ,1.349,0.685,1.163, , , , 
 ,20251209101609 2025-12-09 10:31:35.608036500 AM,31.81643127,54.6415549,1388.211,USER,Fixed,Corrected,None,326, ,BYCODE(0), ,0.014,0.011,0.013,0.018,         BYLAYER,  BYCODE, ,0,Vertical,12/9/2025 10:31, , , , ,1.349,0.685,1.162, , , , 
 ,20251209101609 2025-12-09 10:31:37.598730600 AM,31.81630847,54.641402,1387.818,USER,Fixed,Corrected,None,327, ,BYCODE(0), ,0.014,0.011,0.013,0.018,         BYLAYER,  BYCODE, ,0,Vertical,12/9/2025 10:31, , , , ,1.349,0.685,1.162, , , , 
 ,20251209101609 2025-12-09 10:31:39.595456400 AM,31.81618548,54.64124778,1387.474,USER,Fixed,Corrected,None,328, ,BYCODE(0), ,0.014,0.011,0.013,0.018,         BYLAYER,  BYCODE, ,0,Vertical,12/9/2025 10:31, , , , ,1.349,0.685,1.162, , , , 
 ,20251209101609 2025-12-09 10:31:41.590688500 AM,31.81606241,54.64109333,1387.153,USER,Fixed,Corrected,None,329, ,BYCODE(0), ,0.014,0.011,0.013,0.018,         BYLAYER,  BYCODE, ,0,Vertical,12/9/2025 10:31, , , , ,1.349,0.685,1.162, , , , 
 ,20251209101609 2025-12-09 10:31:43.558703900 AM,31.81594136,54.6409408,1386.816,USER,Fixed,Corrected,None,330, ,BYCODE(0), ,0.014,0.011,0.013,0.018,         BYLAYER,  BYCODE, ,0,Vertical,12/9/2025 10:31, , , , ,1.349,0.685,1.162, , , , 
 ,20251209101609 2025-12-09 10:31:45.547449800 AM,31.81581883,54.64078718,1386.526,USER,Fixed,Corrected,None,331, ,BYCODE(0), ,0.014,0.011,0.013,0.018,         BYLAYER,  BYCODE, ,0,Vertical,12/9/2025 10:31, , , , ,1.349,0.685,1.162, , , , 
 ,20251209101609 2025-12-09 10:31:47.548759500 AM,31.81569534,54.64063242,1386.31,USER,Fixed,Corrected,None,332, ,BYCODE(0), ,0.014,0.011,0.013,0.018,         BYLAYER,  BYCODE, ,0,Vertical,12/9/2025 10:31, , , , ,1.349,0.685,1.162, , , , 
 ,20251209101609 2025-12-09 10:31:50.277041400 AM,31.81555872,54.64051627,1386.212,USER,Fixed,Corrected,None,333, ,BYCODE(0), ,0.014,0.011,0.013,0.018,         BYLAYER,  BYCODE, ,0,Vertical,12/9/2025 10:31, , , , ,1.349,0.685,1.162, , , , 
 ,20251209101609 2025-12-09 10:31:53.135750300 AM,31.81539015,54.64059185,1385.928,USER,Fixed,Corrected,None,334, ,BYCODE(0), ,0.014,0.011,0.013,0.018,         BYLAYER,  BYCODE, ,0,Vertical,12/9/2025 10:31, , , , ,1.349,0.685,1.162, , , , 
 ,20251209101609 2025-12-09 10:31:55.961200500 AM,31.81529205,54.64068508,1386.178,USER,Partial,Corrected,None,335, ,BYCODE(0), ,0.014,0.011,0.013,0.018,         BYLAYER,  BYCODE, ,0,Vertical,12/9/2025 10:31, , , , ,1.348,0.685,1.162, , , , 
 ,20251209101609 2025-12-09 10:31:59.151626800 AM,31.81540995,54.64085605,1386.26,USER,Partial,Corrected,None,336, ,BYCODE(0), ,0.014,0.011,0.013,0.018,         BYLAYER,  BYCODE, ,0,Vertical,12/9/2025 10:31, , , , ,1.348,0.685,1.161, , , , 
 ,20251209101609 2025-12-09 10:32:01.105302800 AM,31.81553144,54.6410093,1386.409,USER,Fixed,Corrected,None,337, ,BYCODE(0), ,0.014,0.011,0.013,0.018,         BYLAYER,  BYCODE, ,0,Vertical,12/9/2025 10:32, , , , ,1.348,0.685,1.161, , , , 
 ,20251209101609 2025-12-09 10:32:03.133477200 AM,31.8156561,54.64116514,1386.968,USER,Fixed,Corrected,None,338, ,BYCODE(0), ,0.014,0.011,0.013,0.018,         BYLAYER,  BYCODE, ,0,Vertical,12/9/2025 10:32, , , , ,1.348,0.685,1.161, , , , 
 ,20251209101609 2025-12-09 10:32:05.095467800 AM,31.81577643,54.64131725,1387.612,USER,Fixed,Corrected,None,339, ,BYCODE(0), ,0.014,0.011,0.013,0.018,         BYLAYER,  BYCODE, ,0,Vertical,12/9/2025 10:32, , , , ,1.348,0.685,1.161, , , , 
 ,20251209101609 2025-12-09 10:32:07.086333800 AM,31.81589876,54.64147093,1388.206,USER,Fixed,Corrected,None,340, ,BYCODE(0), ,0.014,0.011,0.013,0.018,         BYLAYER,  BYCODE, ,0,Vertical,12/9/2025 10:32, , , , ,1.348,0.685,1.161, , , , 
 ,20251209101609 2025-12-09 10:32:09.074947600 AM,31.81602082,54.64162463,1388.536,USER,Fixed,Corrected,None,341, ,BYCODE(0), ,0.014,0.011,0.013,0.018,         BYLAYER,  BYCODE, ,0,Vertical,12/9/2025 10:32, , , , ,1.348,0.685,1.161, , , , 
 ,20251209101609 2025-12-09 10:32:11.067926900 AM,31.81614312,54.64178011,1389.09,USER,Fixed,Corrected,None,342, ,BYCODE(0), ,0.014,0.011,0.013,0.018,         BYLAYER,  BYCODE, ,0,Vertical,12/9/2025 10:32, , , , ,1.348,0.685,1.161, , , , 
 ,20251209101609 2025-12-09 10:32:13.087739000 AM,31.81626686,54.64193618,1389.355,USER,Fixed,Corrected,None,343, ,BYCODE(0), ,0.014,0.011,0.013,0.018,         BYLAYER,  BYCODE, ,0,Vertical,12/9/2025 10:32, , , , ,1.348,0.685,1.161, , , , 
 ,20251209101609 2025-12-09 10:32:15.045687200 AM,31.81638742,54.64208801,1389.699,USER,Fixed,Corrected,None,344, ,BYCODE(0), ,0.014,0.011,0.013,0.018,         BYLAYER,  BYCODE, ,0,Vertical,12/9/2025 10:32, , , , ,1.347,0.685,1.161, , , , 
 ,20251209101609 2025-12-09 10:32:17.065519800 AM,31.81651209,54.64224309,1390.154,USER,Fixed,Corrected,None,345, ,BYCODE(0), ,0.014,0.011,0.013,0.018,         BYLAYER,  BYCODE, ,0,Vertical,12/9/2025 10:32, , , , ,1.347,0.685,1.16, , , , 
 ,20251209101609 2025-12-09 10:32:19.060337100 AM,31.81663458,54.64239749,1390.507,USER,Fixed,Corrected,None,346, ,BYCODE(0), ,0.014,0.011,0.013,0.018,         BYLAYER,  BYCODE, ,0,Vertical,12/9/2025 10:32, , , , ,1.347,0.685,1.16, , , , 
 ,20251209101609 2025-12-09 10:32:21.046689500 AM,31.81675622,54.6425503,1390.715,USER,Fixed,Corrected,None,347, ,BYCODE(0), ,0.014,0.011,0.013,0.018,         BYLAYER,  BYCODE, ,0,Vertical,12/9/2025 10:32, , , , ,1.347,0.685,1.16, , , , 
 ,20251209101609 2025-12-09 10:32:23.035388700 AM,31.8168784,54.64270426,1390.885,USER,Fixed,Corrected,None,348, ,BYCODE(0), ,0.014,0.011,0.013,0.018,         BYLAYER,  BYCODE, ,0,Vertical,12/9/2025 10:32, , , , ,1.347,0.685,1.16, , , , 
 ,20251209101609 2025-12-09 10:32:25.032398700 AM,31.81700038,54.64285834,1391.06,USER,Fixed,Corrected,None,349, ,BYCODE(0), ,0.014,0.011,0.013,0.018,         BYLAYER,  BYCODE, ,0,Vertical,12/9/2025 10:32, , , , ,1.347,0.684,1.16, , , , 
 ,20251209101609 2025-12-09 10:32:26.983978000 AM,31.81712082,54.64300905,1391.201,USER,Fixed,Corrected,None,350, ,BYCODE(0), ,0.014,0.011,0.013,0.018,         BYLAYER,  BYCODE, ,0,Vertical,12/9/2025 10:32, , , , ,1.347,0.684,1.16, , , , 
 ,20251209101609 2025-12-09 10:32:29.003791800 AM,31.81724545,54.64316457,1391.453,USER,Fixed,Corrected,None,351, ,BYCODE(0), ,0.014,0.011,0.013,0.018,         BYLAYER,  BYCODE, ,0,Vertical,12/9/2025 10:32, , , , ,1.347,0.684,1.16, , , , 
 ,20251209101609 2025-12-09 10:32:30.994621300 AM,31.8173669,54.64331637,1391.913,USER,Fixed,Corrected,None,352, ,BYCODE(0), ,0.014,0.011,0.013,0.018,         BYLAYER,  BYCODE, ,0,Vertical,12/9/2025 10:32, , , , ,1.347,0.684,1.16, , , , 
 ,20251209101609 2025-12-09 10:32:33.759438500 AM,31.8174316,54.64342613,1392.489,USER,Fixed,Corrected,None,353, ,BYCODE(0), ,0.014,0.011,0.013,0.018,         BYLAYER,  BYCODE, ,0,Vertical,12/9/2025 10:32, , , , ,1.347,0.684,1.16, , , , 
 ,20251209101609 2025-12-09 10:32:37.151896000 AM,31.81725502,54.64352869,1391.954,USER,Fixed,Corrected,None,354, ,BYCODE(0), ,0.014,0.011,0.013,0.018,         BYLAYER,  BYCODE, ,0,Vertical,12/9/2025 10:32, , , , ,1.346,0.684,1.16, , , , 
 ,20251209101609 2025-12-09 10:32:39.541526600 AM,31.81712383,54.64356932,1392.426,USER,Fixed,Corrected,None,355, ,BYCODE(0), ,0.014,0.011,0.013,0.018,         BYLAYER,  BYCODE, ,0,Vertical,12/9/2025 10:32, , , , ,1.346,0.684,1.159, , , , 
 ,20251209101609 2025-12-09 10:32:42.193864600 AM,31.81699003,54.64341527,1392.67,USER,Partial,Corrected,None,356, ,BYCODE(0), ,0.014,0.011,0.013,0.018,         BYLAYER,  BYCODE, ,0,Vertical,12/9/2025 10:32, , , , ,1.346,0.684,1.159, , , , 
 ,20251209101609 2025-12-09 10:32:44.188864700 AM,31.81686389,54.64326123,1392.319,USER,Partial,Corrected,None,357, ,BYCODE(0), ,0.014,0.011,0.013,0.018,         BYLAYER,  BYCODE, ,0,Vertical,12/9/2025 10:32, , , , ,1.346,0.684,1.159, , , , 
 ,20251209101609 2025-12-09 10:32:46.214964900 AM,31.81673927,54.64310585,1392.039,USER,Fixed,Corrected,None,358, ,BYCODE(0), ,0.014,0.011,0.013,0.018,         BYLAYER,  BYCODE, ,0,Vertical,12/9/2025 10:32, , , , ,1.346,0.684,1.159, , , , 
 ,20251209101609 2025-12-09 10:32:48.171048600 AM,31.81661907,54.6429547,1391.733,USER,Fixed,Corrected,None,359, ,BYCODE(0), ,0.014,0.011,0.013,0.018,         BYLAYER,  BYCODE, ,0,Vertical,12/9/2025 10:32, , , , ,1.346,0.684,1.159, , , , 
 ,20251209101609 2025-12-09 10:32:50.172335100 AM,31.81649625,54.6427996,1391.482,USER,Partial,Corrected,None,360, ,BYCODE(0), ,0.014,0.011,0.013,0.018,         BYLAYER,  BYCODE, ,0,Vertical,12/9/2025 10:32, , , , ,1.346,0.684,1.159, , , , 
 ,20251209101609 2025-12-09 10:32:52.163235900 AM,31.81637389,54.64264651,1391.18,USER,Fixed,Corrected,None,361, ,BYCODE(0), ,0.014,0.011,0.013,0.018,         BYLAYER,  BYCODE, ,0,Vertical,12/9/2025 10:32, , , , ,1.346,0.684,1.159, , , , 
 ,20251209101609 2025-12-09 10:32:54.154106600 AM,31.81625161,54.64249271,1390.828,USER,Fixed,Corrected,None,362, ,BYCODE(0), ,0.014,0.011,0.013,0.018,         BYLAYER,  BYCODE, ,0,Vertical,12/9/2025 10:32, , , , ,1.346,0.684,1.159, , , , 
 ,20251209101609 2025-12-09 10:32:56.148948200 AM,31.81612934,54.64233863,1390.509,USER,Fixed,Corrected,None,363, ,BYCODE(0), ,0.014,0.011,0.013,0.018,         BYLAYER,  BYCODE, ,0,Vertical,12/9/2025 10:32, , , , ,1.345,0.684,1.159, , , , 
 ,20251209101609 2025-12-09 10:32:58.148013600 AM,31.81600539,54.64218444,1390.261,USER,Fixed,Corrected,None,364, ,BYCODE(0), ,0.014,0.011,0.013,0.018,         BYLAYER,  BYCODE, ,0,Vertical,12/9/2025 10:32, , , , ,1.345,0.684,1.158, , , , 
 ,20251209101609 2025-12-09 10:33:00.103701800 AM,31.81588532,54.64203363,1390.031,USER,Fixed,Corrected,None,365, ,BYCODE(0), ,0.014,0.011,0.013,0.018,         BYLAYER,  BYCODE, ,0,Vertical,12/9/2025 10:33, , , , ,1.345,0.684,1.158, , , , 
 ,20251209101609 2025-12-09 10:33:02.131811900 AM,31.81576099,54.64187681,1389.801,USER,Fixed,Corrected,None,366, ,BYCODE(0), ,0.014,0.011,0.013,0.018,         BYLAYER,  BYCODE, ,0,Vertical,12/9/2025 10:33, , , , ,1.345,0.684,1.158, , , , 
 ,20251209101609 2025-12-09 10:33:04.094023000 AM,31.8156403,54.64172495,1389.52,USER,Fixed,Corrected,None,367, ,BYCODE(0), ,0.014,0.011,0.013,0.018,         BYLAYER,  BYCODE, ,0,Vertical,12/9/2025 10:33, , , , ,1.345,0.684,1.158, , , , 
 ,20251209101609 2025-12-09 10:33:06.118145900 AM,31.81551613,54.64156884,1389.268,USER,Fixed,Corrected,None,368, ,BYCODE(0), ,0.014,0.011,0.013,0.018,         BYLAYER,  BYCODE, ,0,Vertical,12/9/2025 10:33, , , , ,1.345,0.684,1.158, , , , 
 ,20251209101609 2025-12-09 10:33:08.080547300 AM,31.8153957,54.64141716,1388.85,USER,Fixed,Corrected,None,369, ,BYCODE(0), ,0.014,0.011,0.013,0.018,         BYLAYER,  BYCODE, ,0,Vertical,12/9/2025 10:33, , , , ,1.345,0.684,1.158, , , , 
 ,20251209101609 2025-12-09 10:33:10.065509100 AM,31.81527376,54.64126411,1388.523,USER,Fixed,Corrected,None,370, ,BYCODE(0), ,0.014,0.011,0.013,0.018,         BYLAYER,  BYCODE, ,0,Vertical,12/9/2025 10:33, , , , ,1.345,0.684,1.158, , , , 
 ,20251209101609 2025-12-09 10:33:12.058428800 AM,31.81515163,54.64111074,1388.099,USER,Fixed,Corrected,None,371, ,BYCODE(0), ,0.014,0.011,0.013,0.018,         BYLAYER,  BYCODE, ,0,Vertical,12/9/2025 10:33, , , , ,1.345,0.684,1.158, , , , 
 ,20251209101609 2025-12-09 10:33:14.049221800 AM,31.8150292,54.64095754,1387.823,USER,Fixed,Corrected,None,372, ,BYCODE(0), ,0.014,0.011,0.013,0.018,         BYLAYER,  BYCODE, ,0,Vertical,12/9/2025 10:33, , , , ,1.344,0.684,1.158, , , , 
 ,20251209101609 2025-12-09 10:33:16.307335600 AM,31.81492045,54.64087579,1387.598,USER,Fixed,Corrected,None,373, ,BYCODE(0), ,0.014,0.011,0.013,0.018,         BYLAYER,  BYCODE, ,0,Vertical,12/9/2025 10:33, , , , ,1.344,0.684,1.157, , , , 
 ,20251209101609 2025-12-09 10:33:19.165898600 AM,31.81475204,54.64095221,1387.586,USER,Fixed,Corrected,None,374, ,BYCODE(0), ,0.014,0.011,0.013,0.018,         BYLAYER,  BYCODE, ,0,Vertical,12/9/2025 10:33, , , , ,1.344,0.684,1.157, , , , 
 ,20251209101609 2025-12-09 10:33:21.991300600 AM,31.81465483,54.64104606,1387.896,USER,Fixed,Corrected,None,375, ,BYCODE(0), ,0.014,0.011,0.013,0.018,         BYLAYER,  BYCODE, ,0,Vertical,12/9/2025 10:33, , , , ,1.344,0.684,1.157, , , , 
 ,20251209063040 2025-12-09 6:47:21.389064300 AM,31.85181011,54.60993734,1389.463,USER,Fixed,Corrected,None,397, ,BYCODE(0), ,0.016,0.013,0.014,0.02,         BYLAYER,  BYCODE, ,0,Vertical,12/9/2025 6:47, , , , ,1.326,0.737,1.102, , , , 
 ,20251209101609 2025-12-09 10:33:27.151484500 AM,31.81489602,54.6413713,1388.15,USER,Fixed,Corrected,None,377, ,BYCODE(0), ,0.014,0.011,0.013,0.018,         BYLAYER,  BYCODE, ,0,Vertical,12/9/2025 10:33, , , , ,1.344,0.684,1.157, , , , 
 ,20251209101609 2025-12-09 10:33:29.157154300 AM,31.81501875,54.64152596,1388.911,USER,Fixed,Corrected,None,378, ,BYCODE(0), ,0.014,0.011,0.013,0.018,         BYLAYER,  BYCODE, ,0,Vertical,12/9/2025 10:33, , , , ,1.344,0.684,1.157, , , , 
 ,20251209101609 2025-12-09 10:33:31.112912900 AM,31.81513883,54.64167784,1389.567,USER,Fixed,Corrected,None,379, ,BYCODE(0), ,0.014,0.011,0.013,0.018,         BYLAYER,  BYCODE, ,0,Vertical,12/9/2025 10:33, , , , ,1.344,0.684,1.157, , , , 
 ,20251209101609 2025-12-09 10:33:33.140955000 AM,31.81526379,54.64183426,1390.047,USER,Fixed,Corrected,None,380, ,BYCODE(0), ,0.014,0.011,0.013,0.018,         BYLAYER,  BYCODE, ,0,Vertical,12/9/2025 10:33, , , , ,1.343,0.684,1.157, , , , 
 ,20251209101609 2025-12-09 10:33:35.131958500 AM,31.81538606,54.64198775,1390.385,USER,Fixed,Corrected,None,381, ,BYCODE(0), ,0.014,0.011,0.013,0.018,         BYLAYER,  BYCODE, ,0,Vertical,12/9/2025 10:33, , , , ,1.343,0.684,1.156, , , , 
 ,20251209101609 2025-12-09 10:33:37.091934000 AM,31.81550672,54.64213927,1390.594,USER,Fixed,Corrected,None,382, ,BYCODE(0), ,0.014,0.011,0.013,0.018,         BYLAYER,  BYCODE, ,0,Vertical,12/9/2025 10:33, , , , ,1.343,0.683,1.156, , , , 
 ,20251209101609 2025-12-09 10:33:39.114013900 AM,31.81563128,54.64229557,1391.005,USER,Fixed,Corrected,None,383, ,BYCODE(0), ,0.014,0.011,0.013,0.018,         BYLAYER,  BYCODE, ,0,Vertical,12/9/2025 10:33, , , , ,1.343,0.683,1.156, , , , 
 ,20251209101609 2025-12-09 10:33:41.076458900 AM,31.81575265,54.64244729,1391.405,USER,Fixed,Corrected,None,384, ,BYCODE(0), ,0.014,0.011,0.013,0.018,         BYLAYER,  BYCODE, ,0,Vertical,12/9/2025 10:33, , , , ,1.343,0.683,1.156, , , , 
 ,20251209101609 2025-12-09 10:33:43.069194300 AM,31.81587552,54.64260167,1391.934,USER,Fixed,Corrected,None,385, ,BYCODE(0), ,0.014,0.011,0.013,0.018,         BYLAYER,  BYCODE, ,0,Vertical,12/9/2025 10:33, , , , ,1.343,0.683,1.156, , , , 
 ,20251209101609 2025-12-09 10:33:45.058067800 AM,31.8159975,54.64275625,1392.448,USER,Fixed,Corrected,None,386, ,BYCODE(0), ,0.014,0.011,0.013,0.018,         BYLAYER,  BYCODE, ,0,Vertical,12/9/2025 10:33, , , , ,1.343,0.683,1.156, , , , 
 ,20251209101609 2025-12-09 10:33:47.050816100 AM,31.81611931,54.64291033,1392.676,USER,Fixed,Corrected,None,387, ,BYCODE(0), ,0.014,0.011,0.013,0.018,         BYLAYER,  BYCODE, ,0,Vertical,12/9/2025 10:33, , , , ,1.343,0.683,1.156, , , , 
 ,20251209101609 2025-12-09 10:33:49.039409600 AM,31.81624072,54.64306404,1392.868,USER,Fixed,Corrected,None,388, ,BYCODE(0), ,0.014,0.011,0.013,0.018,         BYLAYER,  BYCODE, ,0,Vertical,12/9/2025 10:33, , , , ,1.343,0.683,1.156, , , , 
 ,20251209101609 2025-12-09 10:33:51.042658800 AM,31.81636485,54.64321876,1393.105,USER,Fixed,Corrected,None,389, ,BYCODE(0), ,0.014,0.011,0.013,0.018,         BYLAYER,  BYCODE, ,0,Vertical,12/9/2025 10:33, , , , ,1.342,0.683,1.156, , , , 
 ,20251209101609 2025-12-09 10:33:53.008762800 AM,31.81648596,54.6433705,1393.48,USER,Fixed,Corrected,None,390, ,BYCODE(0), ,0.014,0.011,0.013,0.018,         BYLAYER,  BYCODE, ,0,Vertical,12/9/2025 10:33, , , , ,1.342,0.683,1.155, , , , 
 ,20251209101609 2025-12-09 10:33:55.030543800 AM,31.81661044,54.64352631,1393.699,USER,Fixed,Corrected,None,391, ,BYCODE(0), ,0.014,0.011,0.013,0.018,         BYLAYER,  BYCODE, ,0,Vertical,12/9/2025 10:33, , , , ,1.342,0.683,1.155, , , , 
 ,20251209101609 2025-12-09 10:33:57.119293500 AM,31.81673114,54.64367457,1394.041,USER,Fixed,Corrected,None,392, ,BYCODE(0), ,0.014,0.011,0.013,0.018,         BYLAYER,  BYCODE, ,0,Vertical,12/9/2025 10:33, , , , ,1.342,0.683,1.155, , , , 
 ,20251209101609 2025-12-09 10:33:59.320887800 AM,31.81676512,54.64375107,1394.142,USER,Fixed,Corrected,None,393, ,BYCODE(0), ,0.014,0.011,0.013,0.018,         BYLAYER,  BYCODE, ,0,Vertical,12/9/2025 10:33, , , , ,1.342,0.683,1.155, , , , 
 ,20251209101609 2025-12-09 10:34:02.676327200 AM,31.81659057,54.64385237,1393.523,USER,Fixed,Corrected,None,394, ,BYCODE(0), ,0.014,0.011,0.013,0.018,         BYLAYER,  BYCODE, ,0,Vertical,12/9/2025 10:34, , , , ,1.342,0.683,1.155, , , , 
 ,20251209101609 2025-12-09 10:34:05.068033200 AM,31.81645852,54.64389477,1393.781,USER,Fixed,Corrected,None,395, ,BYCODE(0), ,0.014,0.011,0.013,0.018,         BYLAYER,  BYCODE, ,0,Vertical,12/9/2025 10:34, , , , ,1.342,0.683,1.155, , , , 
 ,20251209101609 2025-12-09 10:34:07.760057900 AM,31.81632319,54.64373785,1393.753,USER,Fixed,Corrected,None,396, ,BYCODE(0), ,0.014,0.011,0.013,0.018,         BYLAYER,  BYCODE, ,0,Vertical,12/9/2025 10:34, , , , ,1.341,0.683,1.155, , , , 
 ,20251209101609 2025-12-09 10:34:09.763440600 AM,31.81619679,54.64358384,1393.54,USER,Fixed,Corrected,None,397, ,BYCODE(0), ,0.014,0.011,0.013,0.018,         BYLAYER,  BYCODE, ,0,Vertical,12/9/2025 10:34, , , , ,1.341,0.683,1.154, , , , 
 ,20251209101609 2025-12-09 10:34:11.756116200 AM,31.81607496,54.64343078,1393.362,USER,Fixed,Corrected,None,398, ,BYCODE(0), ,0.014,0.011,0.013,0.018,         BYLAYER,  BYCODE, ,0,Vertical,12/9/2025 10:34, , , , ,1.341,0.683,1.154, , , , 
 ,20251209101609 2025-12-09 10:34:13.718500600 AM,31.81595435,54.64327936,1393.18,USER,Fixed,Corrected,None,399, ,BYCODE(0), ,0.014,0.011,0.013,0.018,         BYLAYER,  BYCODE, ,0,Vertical,12/9/2025 10:34, , , , ,1.341,0.683,1.154, , , , 
 ,20251209101609 2025-12-09 10:34:15.709277200 AM,31.81583206,54.64312627,1393.065,USER,Fixed,Corrected,None,400, ,BYCODE(0), ,0.014,0.011,0.013,0.018,         BYLAYER,  BYCODE, ,0,Vertical,12/9/2025 10:34, , , , ,1.341,0.683,1.154, , , , 
 ,20251209101609 2025-12-09 10:34:17.702302700 AM,31.81570944,54.64297217,1392.884,USER,Fixed,Corrected,None,401, ,BYCODE(0), ,0.014,0.011,0.013,0.018,         BYLAYER,  BYCODE, ,0,Vertical,12/9/2025 10:34, , , , ,1.341,0.683,1.154, , , , 
 ,20251209101609 2025-12-09 10:34:19.695201400 AM,31.81558646,54.64281769,1392.743,USER,Fixed,Corrected,None,402, ,BYCODE(0), ,0.014,0.011,0.013,0.018,         BYLAYER,  BYCODE, ,0,Vertical,12/9/2025 10:34, , , , ,1.341,0.683,1.154, , , , 
 ,20251209101609 2025-12-09 10:34:21.686039000 AM,31.81546375,54.64266363,1392.491,USER,Partial,Corrected,None,403, ,BYCODE(0), ,0.014,0.011,0.013,0.018,         BYLAYER,  BYCODE, ,0,Vertical,12/9/2025 10:34, , , , ,1.341,0.683,1.154, , , , 
 ,20251209101609 2025-12-09 10:34:23.681087500 AM,31.81534108,54.64250974,1392.267,USER,Fixed,Corrected,None,404, ,BYCODE(0), ,0.014,0.011,0.013,0.018,         BYLAYER,  BYCODE, ,0,Vertical,12/9/2025 10:34, , , , ,1.34,0.683,1.154, , , , 
 ,20251209101609 2025-12-09 10:34:25.670803100 AM,31.81521839,54.64235572,1391.972,USER,Partial,Corrected,None,405, ,BYCODE(0), ,0.014,0.011,0.013,0.018,         BYLAYER,  BYCODE, ,0,Vertical,12/9/2025 10:34, , , , ,1.34,0.683,1.153, , , , 
 ,20251209101609 2025-12-09 10:34:27.665913800 AM,31.81509554,54.64220146,1391.685,USER,Partial,Corrected,None,406, ,BYCODE(0), ,0.014,0.011,0.013,0.018,         BYLAYER,  BYCODE, ,0,Vertical,12/9/2025 10:34, , , , ,1.34,0.683,1.153, , , , 
 ,20251209101609 2025-12-09 10:34:29.648618500 AM,31.81497408,54.64204822,1391.114,USER,Fixed,Corrected,None,407, ,BYCODE(0), ,0.014,0.011,0.013,0.018,         BYLAYER,  BYCODE, ,0,Vertical,12/9/2025 10:34, , , , ,1.34,0.683,1.153, , , , 
 ,20251209101609 2025-12-09 10:34:31.639441300 AM,31.81485146,54.64189444,1390.912,USER,Fixed,Corrected,None,408, ,BYCODE(0), ,0.014,0.011,0.013,0.018,         BYLAYER,  BYCODE, ,0,Vertical,12/9/2025 10:34, , , , ,1.34,0.683,1.153, , , , 
 ,20251209101609 2025-12-09 10:34:33.632417000 AM,31.81472901,54.64174103,1390.565,USER,Fixed,Corrected,None,409, ,BYCODE(0), ,0.014,0.011,0.013,0.018,         BYLAYER,  BYCODE, ,0,Vertical,12/9/2025 10:34, , , , ,1.34,0.683,1.153, , , , 
 ,20251209101609 2025-12-09 10:34:35.621178600 AM,31.81460638,54.64158697,1390.212,USER,Partial,Corrected,None,410, ,BYCODE(0), ,0.014,0.011,0.013,0.018,         BYLAYER,  BYCODE, ,0,Vertical,12/9/2025 10:34, , , , ,1.34,0.683,1.153, , , , 
 ,20251209101609 2025-12-09 10:34:37.607942600 AM,31.8144845,54.64143451,1390.018,USER,Fixed,Corrected,None,411, ,BYCODE(0), ,0.014,0.011,0.013,0.018,         BYLAYER,  BYCODE, ,0,Vertical,12/9/2025 10:34, , , , ,1.34,0.683,1.153, , , , 
 ,20251209101609 2025-12-09 10:34:39.669597900 AM,31.81436246,54.64128429,1389.754,USER,Partial,Corrected,None,412, ,BYCODE(0), ,0.014,0.011,0.013,0.018,         BYLAYER,  BYCODE, ,0,Vertical,12/9/2025 10:34, , , , ,1.339,0.683,1.153, , , , 
 ,20251209101609 2025-12-09 10:34:41.298540600 AM,31.81428182,54.64123346,1389.63,USER,Fixed,Corrected,None,413, ,BYCODE(0), ,0.014,0.011,0.013,0.018,         BYLAYER,  BYCODE, ,0,Vertical,12/9/2025 10:34, , , , ,1.339,0.683,1.152, , , , 
 ,20251209101609 2025-12-09 10:34:44.061385900 AM,31.8141071,54.64129266,1389.306,USER,Fixed,Corrected,None,414, ,BYCODE(0), ,0.014,0.011,0.013,0.018,         BYLAYER,  BYCODE, ,0,Vertical,12/9/2025 10:34, , , , ,1.339,0.682,1.152, , , , 
 ,20251209101609 2025-12-09 10:34:47.049702400 AM,31.81399418,54.64137748,1389.287,USER,Fixed,Corrected,None,415, ,BYCODE(0), ,0.014,0.011,0.013,0.018,         BYLAYER,  BYCODE, ,0,Vertical,12/9/2025 10:34, , , , ,1.339,0.682,1.152, , , , 
 ,20251209101609 2025-12-09 10:34:50.281689200 AM,31.81411138,54.64154881,1389.004,USER,Fixed,Corrected,None,416, ,BYCODE(0), ,0.014,0.011,0.013,0.018,         BYLAYER,  BYCODE, ,0,Vertical,12/9/2025 10:34, , , , ,1.339,0.682,1.152, , , , 
 ,20251209101609 2025-12-09 10:34:52.272796400 AM,31.81423605,54.64170463,1389.347,USER,Fixed,Corrected,None,417, ,BYCODE(0), ,0.014,0.011,0.013,0.018,         BYLAYER,  BYCODE, ,0,Vertical,12/9/2025 10:34, , , , ,1.339,0.682,1.152, , , , 
 ,20251209101609 2025-12-09 10:34:54.261688200 AM,31.81435773,54.64185744,1390.153,USER,Fixed,Corrected,None,418, ,BYCODE(0), ,0.014,0.011,0.013,0.018,         BYLAYER,  BYCODE, ,0,Vertical,12/9/2025 10:34, , , , ,1.339,0.682,1.152, , , , 
 ,20251209101609 2025-12-09 10:34:56.252396100 AM,31.81447926,54.64201139,1390.658,USER,Fixed,Corrected,None,419, ,BYCODE(0), ,0.014,0.011,0.013,0.018,         BYLAYER,  BYCODE, ,0,Vertical,12/9/2025 10:34, , , , ,1.338,0.682,1.151, , , , 
 ,20251209101609 2025-12-09 10:34:58.241043300 AM,31.81460176,54.64216493,1391.195,USER,Fixed,Corrected,None,420, ,BYCODE(0), ,0.014,0.011,0.013,0.018,         BYLAYER,  BYCODE, ,0,Vertical,12/9/2025 10:34, , , , ,1.338,0.682,1.151, , , , 
 ,20251209101609 2025-12-09 10:35:00.231959800 AM,31.81472449,54.64231907,1391.82,USER,Fixed,Corrected,None,421, ,BYCODE(0), ,0.014,0.011,0.013,0.018,         BYLAYER,  BYCODE, ,0,Vertical,12/9/2025 10:35, , , , ,1.338,0.682,1.151, , , , 
 ,20251209101609 2025-12-09 10:35:02.222704900 AM,31.81484718,54.64247294,1392.276,USER,Fixed,Corrected,None,422, ,BYCODE(0), ,0.014,0.011,0.013,0.018,         BYLAYER,  BYCODE, ,0,Vertical,12/9/2025 10:35, , , , ,1.338,0.682,1.151, , , , 
 ,20251209101609 2025-12-09 10:35:04.209157200 AM,31.81496863,54.64262632,1392.548,USER,Fixed,Corrected,None,423, ,BYCODE(0), ,0.014,0.011,0.013,0.018,         BYLAYER,  BYCODE, ,0,Vertical,12/9/2025 10:35, , , , ,1.338,0.682,1.151, , , , 
 ,20251209101609 2025-12-09 10:35:06.202114300 AM,31.81509079,54.64278071,1392.813,USER,Fixed,Corrected,None,424, ,BYCODE(0), ,0.014,0.011,0.013,0.018,         BYLAYER,  BYCODE, ,0,Vertical,12/9/2025 10:35, , , , ,1.338,0.682,1.151, , , , 
 ,20251209101609 2025-12-09 10:35:08.190924400 AM,31.81521279,54.64293446,1393.015,USER,Partial,Corrected,None,425, ,BYCODE(0), ,0.014,0.011,0.013,0.018,         BYLAYER,  BYCODE, ,0,Vertical,12/9/2025 10:35, , , , ,1.338,0.682,1.151, , , , 
 ,20251209101609 2025-12-09 10:35:10.181713600 AM,31.81533445,54.64308873,1393.099,USER,Partial,Corrected,None,426, ,BYCODE(0), ,0.014,0.011,0.013,0.018,         BYLAYER,  BYCODE, ,0,Vertical,12/9/2025 10:35, , , , ,1.338,0.682,1.151, , , , 
 ,20251209101609 2025-12-09 10:35:12.174543600 AM,31.81545784,54.64324301,1393.496,USER,Fixed,Corrected,None,427, ,BYCODE(0), ,0.014,0.011,0.013,0.018,         BYLAYER,  BYCODE, ,0,Vertical,12/9/2025 10:35, , , , ,1.337,0.682,1.15, , , , 
 ,20251209101609 2025-12-09 10:35:14.169182800 AM,31.81558046,54.64339684,1394.075,USER,Fixed,Corrected,None,428, ,BYCODE(0), ,0.014,0.011,0.013,0.018,         BYLAYER,  BYCODE, ,0,Vertical,12/9/2025 10:35, , , , ,1.337,0.682,1.15, , , , 
 ,20251209101609 2025-12-09 10:35:16.168402900 AM,31.81570441,54.64355184,1394.593,USER,Fixed,Corrected,None,429, ,BYCODE(0), ,0.014,0.011,0.013,0.018,         BYLAYER,  BYCODE, ,0,Vertical,12/9/2025 10:35, , , , ,1.337,0.682,1.15, , , , 
 ,20251209101609 2025-12-09 10:35:18.159336600 AM,31.81582735,54.64370574,1395.139,USER,Fixed,Corrected,None,430, ,BYCODE(0), ,0.014,0.011,0.013,0.018,         BYLAYER,  BYCODE, ,0,Vertical,12/9/2025 10:35, , , , ,1.337,0.682,1.15, , , , 
 ,20251209101609 2025-12-09 10:35:20.153988100 AM,31.81594962,54.64385872,1395.171,USER,Fixed,Corrected,None,431, ,BYCODE(0), ,0.014,0.011,0.013,0.018,         BYLAYER,  BYCODE, ,0,Vertical,12/9/2025 10:35, , , , ,1.337,0.682,1.15, , , , 
 ,20251209101609 2025-12-09 10:35:22.279990900 AM,31.81607156,54.64400569,1395.36,USER,Fixed,Corrected,None,432, ,BYCODE(0), ,0.014,0.011,0.013,0.018,         BYLAYER,  BYCODE, ,0,Vertical,12/9/2025 10:35, , , , ,1.337,0.682,1.15, , , , 
 ,20251209101609 2025-12-09 10:35:24.349924100 AM,31.81609876,54.64407444,1395.486,USER,Fixed,Corrected,None,433, ,BYCODE(0), ,0.014,0.011,0.013,0.018,         BYLAYER,  BYCODE, ,0,Vertical,12/9/2025 10:35, , , , ,1.337,0.682,1.15, , , , 
 ,20251209101609 2025-12-09 10:35:27.717494500 AM,31.81592423,54.64417528,1395.132,USER,Fixed,Corrected,None,434, ,BYCODE(0), ,0.014,0.011,0.013,0.018,         BYLAYER,  BYCODE, ,0,Vertical,12/9/2025 10:35, , , , ,1.336,0.682,1.149, , , , 
 ,20251209101609 2025-12-09 10:35:30.105190500 AM,31.81579218,54.64421864,1395.473,USER,Fixed,Corrected,None,435, ,BYCODE(0), ,0.014,0.011,0.013,0.018,         BYLAYER,  BYCODE, ,0,Vertical,12/9/2025 10:35, , , , ,1.336,0.682,1.149, , , , 
 ,20251209101609 2025-12-09 10:35:32.830588100 AM,31.81565501,54.64406018,1395.357,USER,Fixed,Corrected,None,436, ,BYCODE(0), ,0.014,0.011,0.013,0.018,         BYLAYER,  BYCODE, ,0,Vertical,12/9/2025 10:35, , , , ,1.336,0.682,1.149, , , , 
 ,20251209101609 2025-12-09 10:35:34.821445500 AM,31.81552841,54.64390685,1395.07,USER,Fixed,Corrected,None,437, ,BYCODE(0), ,0.014,0.011,0.013,0.018,         BYLAYER,  BYCODE, ,0,Vertical,12/9/2025 10:35, , , , ,1.336,0.682,1.149, , , , 
 ,20251209101609 2025-12-09 10:35:36.816467300 AM,31.81540604,54.64375407,1394.885,USER,Fixed,Corrected,None,438, ,BYCODE(0), ,0.014,0.011,0.013,0.018,         BYLAYER,  BYCODE, ,0,Vertical,12/9/2025 10:35, , , , ,1.336,0.682,1.149, , , , 
 ,20251209101609 2025-12-09 10:35:38.786865700 AM,31.81528534,54.64360137,1394.652,USER,Fixed,Corrected,None,439, ,BYCODE(0), ,0.014,0.011,0.013,0.018,         BYLAYER,  BYCODE, ,0,Vertical,12/9/2025 10:35, , , , ,1.336,0.682,1.149, , , , 
 ,20251209101609 2025-12-09 10:35:40.777832500 AM,31.8151626,54.64344762,1394.408,USER,Fixed,Corrected,None,440, ,BYCODE(0), ,0.014,0.011,0.013,0.018,         BYLAYER,  BYCODE, ,0,Vertical,12/9/2025 10:35, , , , ,1.336,0.682,1.149, , , , 
 ,20251209101609 2025-12-09 10:35:42.768730400 AM,31.81504068,54.64329468,1394.213,USER,Fixed,Corrected,None,441, ,BYCODE(0), ,0.014,0.011,0.013,0.018,         BYLAYER,  BYCODE, ,0,Vertical,12/9/2025 10:35, , , , ,1.335,0.682,1.148, , , , 
 ,20251209101609 2025-12-09 10:35:44.759502400 AM,31.8149189,54.64314092,1393.908,USER,Fixed,Corrected,None,442, ,BYCODE(0), ,0.014,0.011,0.013,0.018,         BYLAYER,  BYCODE, ,0,Vertical,12/9/2025 10:35, , , , ,1.335,0.681,1.148, , , , 
 ,20251209101609 2025-12-09 10:35:46.750492100 AM,31.81479655,54.6429861,1393.717,USER,Fixed,Corrected,None,443, ,BYCODE(0), ,0.014,0.011,0.013,0.018,         BYLAYER,  BYCODE, ,0,Vertical,12/9/2025 10:35, , , , ,1.335,0.681,1.148, , , , 
 ,20251209101609 2025-12-09 10:35:48.749645700 AM,31.81467368,54.64283098,1393.654,USER,Fixed,Corrected,None,444, ,BYCODE(0), ,0.014,0.011,0.013,0.018,         BYLAYER,  BYCODE, ,0,Vertical,12/9/2025 10:35, , , , ,1.335,0.681,1.148, , , , 
 ,20251209101609 2025-12-09 10:35:50.736598500 AM,31.81455111,54.6426785,1393.277,USER,Fixed,Corrected,None,445, ,BYCODE(0), ,0.014,0.011,0.013,0.018,         BYLAYER,  BYCODE, ,0,Vertical,12/9/2025 10:35, , , , ,1.335,0.681,1.148, , , , 
 ,20251209101609 2025-12-09 10:35:52.729555400 AM,31.8144291,54.64252486,1392.791,USER,Partial,Corrected,None,446, ,BYCODE(0), ,0.014,0.011,0.013,0.018,         BYLAYER,  BYCODE, ,0,Vertical,12/9/2025 10:35, , , , ,1.335,0.681,1.148, , , , 
 ,20251209101609 2025-12-09 10:35:54.718417200 AM,31.81430732,54.64237063,1392.486,USER,Fixed,Corrected,None,447, ,BYCODE(0), ,0.014,0.011,0.013,0.018,         BYLAYER,  BYCODE, ,0,Vertical,12/9/2025 10:35, , , , ,1.335,0.681,1.148, , , , 
 ,20251209101609 2025-12-09 10:35:56.709389000 AM,31.81418428,54.64221615,1392.213,USER,Fixed,Corrected,None,448, ,BYCODE(0), ,0.014,0.011,0.013,0.018,         BYLAYER,  BYCODE, ,0,Vertical,12/9/2025 10:35, , , , ,1.334,0.681,1.147, , , , 
 ,20251209101609 2025-12-09 10:35:58.700192000 AM,31.81406148,54.64206332,1391.926,USER,Fixed,Corrected,None,449, ,BYCODE(0), ,0.014,0.011,0.013,0.018,         BYLAYER,  BYCODE, ,0,Vertical,12/9/2025 10:35, , , , ,1.334,0.681,1.147, , , , 
 ,20251209101609 2025-12-09 10:36:00.654041300 AM,31.81394163,54.64191329,1391.62,USER,Partial,Corrected,None,450, ,BYCODE(0), ,0.014,0.011,0.013,0.018,         BYLAYER,  BYCODE, ,0,Vertical,12/9/2025 10:36, , , , ,1.334,0.681,1.147, , , , 
 ,20251209101609 2025-12-09 10:36:02.679900200 AM,31.81381677,54.64175601,1391.244,USER,Fixed,Corrected,None,451, ,BYCODE(0), ,0.014,0.011,0.013,0.018,         BYLAYER,  BYCODE, ,0,Vertical,12/9/2025 10:36, , , , ,1.334,0.681,1.147, , , , 
 ,20251209101609 2025-12-09 10:36:04.670859800 AM,31.81369547,54.64160397,1390.941,USER,Fixed,Corrected,None,452, ,BYCODE(0), ,0.014,0.011,0.013,0.018,         BYLAYER,  BYCODE, ,0,Vertical,12/9/2025 10:36, , , , ,1.334,0.681,1.147, , , , 
 ,20251209101609 2025-12-09 10:36:06.726120900 AM,31.81359199,54.64152837,1390.912,USER,Fixed,Corrected,None,453, ,BYCODE(0), ,0.014,0.011,0.013,0.018,         BYLAYER,  BYCODE, ,0,Vertical,12/9/2025 10:36, , , , ,1.334,0.681,1.147, , , , 
 ,20251209101609 2025-12-09 10:36:09.449565900 AM,31.81341784,54.64158463,1390.854,USER,Fixed,Corrected,None,454, ,BYCODE(0), ,0.014,0.011,0.013,0.018,         BYLAYER,  BYCODE, ,0,Vertical,12/9/2025 10:36, , , , ,1.334,0.681,1.146, , , , 
 ,20251209101609 2025-12-09 10:36:12.477134700 AM,31.8133017,54.6416671,1390.739,USER,Fixed,Corrected,None,455, ,BYCODE(0), ,0.014,0.011,0.013,0.018,         BYLAYER,  BYCODE, ,0,Vertical,12/9/2025 10:36, , , , ,1.333,0.681,1.146, , , , 
 ,20251209104520 2025-12-09 10:47:52.708060700 AM,31.81420548,54.64348717,1288.753,USER,Fixed,Corrected,None,1, ,BYCODE(0), ,0.016,0.011,0.014,0.02,         BYLAYER,  BYCODE, ,0,Vertical,12/9/2025 10:47, , , , ,1.395,0.723,1.193, , , , 
 ,20251209104520 2025-12-09 10:49:09.317053100 AM,31.81336673,54.64175438,1389.807,USER,Fixed,Corrected,None,2, ,BYCODE(0), ,0.016,0.011,0.014,0.019,         BYLAYER,  BYCODE, ,0,Vertical,12/9/2025 10:49, , , , ,1.389,0.722,1.187, , , , 
 ,20251209104520 2025-12-09 10:49:11.145561900 AM,31.81346604,54.64187617,1389.934,USER,Fixed,Corrected,None,3, ,BYCODE(0), ,0.016,0.011,0.014,0.019,         BYLAYER,  BYCODE, ,0,Vertical,12/9/2025 10:49, , , , ,1.389,0.722,1.187, , , , 
 ,20251209104520 2025-12-09 10:49:13.138323300 AM,31.81359011,54.64203298,1390.27,USER,Fixed,Corrected,None,4, ,BYCODE(0), ,0.016,0.011,0.014,0.019,         BYLAYER,  BYCODE, ,0,Vertical,12/9/2025 10:49, , , , ,1.389,0.722,1.187, , , , 
 ,20251209104520 2025-12-09 10:49:15.129101500 AM,31.81371103,54.64218713,1390.914,USER,Fixed,Corrected,None,5, ,BYCODE(0), ,0.016,0.011,0.014,0.019,         BYLAYER,  BYCODE, ,0,Vertical,12/9/2025 10:49, , , , ,1.389,0.722,1.187, , , , 
 ,20251209104520 2025-12-09 10:49:17.126196400 AM,31.81383265,54.64234101,1391.269,USER,Fixed,Corrected,None,6, ,BYCODE(0), ,0.016,0.011,0.014,0.019,         BYLAYER,  BYCODE, ,0,Vertical,12/9/2025 10:49, , , , ,1.389,0.722,1.187, , , , 
 ,20251209104520 2025-12-09 10:49:19.094361500 AM,31.81395375,54.64249344,1391.651,USER,Fixed,Corrected,None,7, ,BYCODE(0), ,0.016,0.011,0.014,0.019,         BYLAYER,  BYCODE, ,0,Vertical,12/9/2025 10:49, , , , ,1.389,0.722,1.186, , , , 
 ,20251209104520 2025-12-09 10:49:21.087192100 AM,31.81407627,54.64264854,1392.146,USER,Fixed,Corrected,None,8, ,BYCODE(0), ,0.016,0.011,0.014,0.019,         BYLAYER,  BYCODE, ,0,Vertical,12/9/2025 10:49, , , , ,1.388,0.722,1.186, , , , 
 ,20251209104520 2025-12-09 10:49:23.076018800 AM,31.8141982,54.64280184,1392.533,USER,Fixed,Corrected,None,9, ,BYCODE(0), ,0.016,0.011,0.014,0.019,         BYLAYER,  BYCODE, ,0,Vertical,12/9/2025 10:49, , , , ,1.388,0.722,1.186, , , , 
 ,20251209104520 2025-12-09 10:49:25.070672000 AM,31.81431989,54.64295495,1392.804,USER,Fixed,Corrected,None,10, ,BYCODE(0), ,0.016,0.011,0.014,0.019,         BYLAYER,  BYCODE, ,0,Vertical,12/9/2025 10:49, , , , ,1.388,0.722,1.186, , , , 
 ,20251209104520 2025-12-09 10:49:27.059130400 AM,31.81444223,54.64310771,1393.003,USER,Fixed,Corrected,None,11, ,BYCODE(0), ,0.016,0.011,0.014,0.019,         BYLAYER,  BYCODE, ,0,Vertical,12/9/2025 10:49, , , , ,1.388,0.722,1.186, , , , 
 ,20251209104520 2025-12-09 10:49:29.049622500 AM,31.81456529,54.6432614,1393.231,USER,Fixed,Corrected,None,12, ,BYCODE(0), ,0.016,0.011,0.014,0.019,         BYLAYER,  BYCODE, ,0,Vertical,12/9/2025 10:49, , , , ,1.388,0.722,1.186, , , , 
 ,20251209104520 2025-12-09 10:49:31.038259700 AM,31.8146881,54.64341559,1393.66,USER,Fixed,Corrected,None,13, ,BYCODE(0), ,0.016,0.011,0.014,0.019,         BYLAYER,  BYCODE, ,0,Vertical,12/9/2025 10:49, , , , ,1.388,0.721,1.185, , , , 
 ,20251209104520 2025-12-09 10:49:33.031245700 AM,31.81481073,54.64356991,1394.162,USER,Fixed,Corrected,None,14, ,BYCODE(0), ,0.016,0.011,0.014,0.019,         BYLAYER,  BYCODE, ,0,Vertical,12/9/2025 10:49, , , , ,1.388,0.721,1.185, , , , 
 ,20251209104520 2025-12-09 10:49:35.025928700 AM,31.81493288,54.64372317,1394.64,USER,Fixed,Corrected,None,15, ,BYCODE(0), ,0.016,0.011,0.014,0.019,         BYLAYER,  BYCODE, ,0,Vertical,12/9/2025 10:49, , , , ,1.387,0.721,1.185, , , , 
 ,20251209104520 2025-12-09 10:49:37.016818800 AM,31.81505603,54.64387735,1394.908,USER,Fixed,Corrected,None,16, ,BYCODE(0), ,0.016,0.011,0.014,0.019,         BYLAYER,  BYCODE, ,0,Vertical,12/9/2025 10:49, , , , ,1.387,0.721,1.185, , , , 
 ,20251209104520 2025-12-09 10:49:39.007674900 AM,31.81517928,54.64403113,1395.286,USER,Fixed,Corrected,None,17, ,BYCODE(0), ,0.016,0.011,0.014,0.019,         BYLAYER,  BYCODE, ,0,Vertical,12/9/2025 10:49, , , , ,1.387,0.721,1.185, , , , 
 ,20251209104520 2025-12-09 10:49:40.998569000 AM,31.81530207,54.64418314,1395.437,USER,Fixed,Corrected,None,18, ,BYCODE(0), ,0.016,0.011,0.014,0.019,         BYLAYER,  BYCODE, ,0,Vertical,12/9/2025 10:49, , , , ,1.387,0.721,1.185, , , , 
 ,20251209104520 2025-12-09 10:49:43.053954600 AM,31.81542105,54.64433412,1395.744,USER,Fixed,Corrected,None,19, ,BYCODE(0), ,0.016,0.011,0.014,0.019,         BYLAYER,  BYCODE, ,0,Vertical,12/9/2025 10:49, , , , ,1.387,0.721,1.185, , , , 
 ,20251209104520 2025-12-09 10:49:45.345599900 AM,31.81545702,54.64442582,1396.187,USER,Fixed,Corrected,None,20, ,BYCODE(0), ,0.016,0.011,0.014,0.019,         BYLAYER,  BYCODE, ,0,Vertical,12/9/2025 10:49, , , , ,1.387,0.721,1.184, , , , 
 ,20251209104520 2025-12-09 10:49:48.642291800 AM,31.8152863,54.64452193,1396.556,USER,Fixed,Corrected,None,21, ,BYCODE(0), ,0.016,0.011,0.014,0.019,         BYLAYER,  BYCODE, ,0,Vertical,12/9/2025 10:49, , , , ,1.387,0.721,1.184, , , , 
 ,20251209104520 2025-12-09 10:49:51.040113400 AM,31.8151512,54.64455708,1396.955,USER,Fixed,Corrected,None,22, ,BYCODE(0), ,0.016,0.011,0.014,0.019,         BYLAYER,  BYCODE, ,0,Vertical,12/9/2025 10:49, , , , ,1.386,0.721,1.184, , , , 
 ,20251209104520 2025-12-09 10:49:53.696567100 AM,31.81501646,54.64440591,1396.454,USER,Fixed,Corrected,None,23, ,BYCODE(0), ,0.016,0.011,0.014,0.019,         BYLAYER,  BYCODE, ,0,Vertical,12/9/2025 10:49, , , , ,1.386,0.721,1.184, , , , 
 ,20251209104520 2025-12-09 10:49:55.730831900 AM,31.81488911,54.64424842,1395.814,USER,Fixed,Corrected,None,24, ,BYCODE(0), ,0.016,0.011,0.014,0.019,         BYLAYER,  BYCODE, ,0,Vertical,12/9/2025 10:49, , , , ,1.386,0.721,1.184, , , , 
 ,20251209104520 2025-12-09 10:49:57.693061100 AM,31.81476939,54.64409911,1395.372,USER,Fixed,Corrected,None,25, ,BYCODE(0), ,0.016,0.011,0.014,0.019,         BYLAYER,  BYCODE, ,0,Vertical,12/9/2025 10:49, , , , ,1.386,0.721,1.183, , , , 
 ,20251209104520 2025-12-09 10:49:59.679883700 AM,31.8146472,54.6439458,1395.003,USER,Fixed,Corrected,None,26, ,BYCODE(0), ,0.016,0.011,0.014,0.019,         BYLAYER,  BYCODE, ,0,Vertical,12/9/2025 10:49:60 AM, , , , ,1.386,0.721,1.183, , , , 
 ,20251209104520 2025-12-09 10:50:01.670774000 AM,31.81452345,54.64379154,1394.875,USER,Fixed,Corrected,None,27, ,BYCODE(0), ,0.016,0.011,0.014,0.019,         BYLAYER,  BYCODE, ,0,Vertical,12/9/2025 10:50, , , , ,1.386,0.721,1.183, , , , 
 ,20251209104520 2025-12-09 10:50:03.661385500 AM,31.8144005,54.64363836,1394.79,USER,Fixed,Corrected,None,28, ,BYCODE(0), ,0.016,0.011,0.014,0.019,         BYLAYER,  BYCODE, ,0,Vertical,12/9/2025 10:50, , , , ,1.385,0.721,1.183, , , , 
 ,20251209104520 2025-12-09 10:50:05.656637000 AM,31.81427825,54.6434853,1394.482,USER,Fixed,Corrected,None,29, ,BYCODE(0), ,0.016,0.011,0.014,0.019,         BYLAYER,  BYCODE, ,0,Vertical,12/9/2025 10:50, , , , ,1.385,0.721,1.183, , , , 
 ,20251209104520 2025-12-09 10:50:07.653403500 AM,31.8141551,54.64333131,1394.107,USER,Fixed,Corrected,None,30, ,BYCODE(0), ,0.016,0.011,0.014,0.019,         BYLAYER,  BYCODE, ,0,Vertical,12/9/2025 10:50, , , , ,1.385,0.721,1.183, , , , 
 ,20251209104520 2025-12-09 10:50:09.646022100 AM,31.81403283,54.64317749,1393.786,USER,Fixed,Corrected,None,31, ,BYCODE(0), ,0.016,0.011,0.014,0.019,         BYLAYER,  BYCODE, ,0,Vertical,12/9/2025 10:50, , , , ,1.385,0.721,1.183, , , , 
 ,20251209104520 2025-12-09 10:50:11.638844700 AM,31.81391035,54.64302404,1393.206,USER,Fixed,Corrected,None,32, ,BYCODE(0), ,0.016,0.011,0.014,0.019,         BYLAYER,  BYCODE, ,0,Vertical,12/9/2025 10:50, , , , ,1.385,0.721,1.182, , , , 
 ,20251209104520 2025-12-09 10:50:13.594586400 AM,31.81378998,54.64287364,1392.832,USER,Fixed,Corrected,None,33, ,BYCODE(0), ,0.016,0.011,0.014,0.019,         BYLAYER,  BYCODE, ,0,Vertical,12/9/2025 10:50, , , , ,1.385,0.721,1.182, , , , 
 ,20251209104520 2025-12-09 10:50:15.618617300 AM,31.81366499,54.64271768,1392.543,USER,Fixed,Corrected,None,34, ,BYCODE(0), ,0.016,0.011,0.014,0.019,         BYLAYER,  BYCODE, ,0,Vertical,12/9/2025 10:50, , , , ,1.385,0.721,1.182, , , , 
 ,20251209104520 2025-12-09 10:50:17.613480100 AM,31.81354273,54.64256419,1392.342,USER,Fixed,Corrected,None,35, ,BYCODE(0), ,0.016,0.011,0.014,0.019,         BYLAYER,  BYCODE, ,0,Vertical,12/9/2025 10:50, , , , ,1.384,0.721,1.182, , , , 
 ,20251209104520 2025-12-09 10:50:19.604394900 AM,31.81342057,54.64241076,1392.128,USER,Fixed,Corrected,None,36, ,BYCODE(0), ,0.016,0.011,0.014,0.019,         BYLAYER,  BYCODE, ,0,Vertical,12/9/2025 10:50, , , , ,1.384,0.721,1.182, , , , 
 ,20251209104520 2025-12-09 10:50:21.560462500 AM,31.81330075,54.64225893,1391.74,USER,Fixed,Corrected,None,37, ,BYCODE(0), ,0.016,0.011,0.014,0.019,         BYLAYER,  BYCODE, ,0,Vertical,12/9/2025 10:50, , , , ,1.384,0.721,1.182, , , , 
 ,20251209104520 2025-12-09 10:50:23.561334800 AM,31.81317795,54.64210387,1391.405,USER,Fixed,Corrected,None,38, ,BYCODE(0), ,0.016,0.011,0.014,0.019,         BYLAYER,  BYCODE, ,0,Vertical,12/9/2025 10:50, , , , ,1.384,0.721,1.181, , , , 
 ,20251209104520 2025-12-09 10:50:25.585359800 AM,31.81305406,54.64194709,1390.946,USER,Fixed,Corrected,None,39, ,BYCODE(0), ,0.016,0.011,0.014,0.019,         BYLAYER,  BYCODE, ,0,Vertical,12/9/2025 10:50, , , , ,1.384,0.721,1.181, , , , 
 ,20251209104520 2025-12-09 10:50:28.041910200 AM,31.81293278,54.64183924,1390.827,USER,Fixed,Corrected,None,40, ,BYCODE(0), ,0.016,0.011,0.014,0.019,         BYLAYER,  BYCODE, ,0,Vertical,12/9/2025 10:50, , , , ,1.384,0.721,1.181, , , , 
 ,20251209104520 2025-12-09 10:50:30.782002400 AM,31.81275324,54.64190013,1390.707,USER,Fixed,Corrected,None,41, ,BYCODE(0), ,0.016,0.011,0.014,0.02,         BYLAYER,  BYCODE, ,0,Vertical,12/9/2025 10:50, , , , ,1.384,0.721,1.181, , , , 
 ,20251209104520 2025-12-09 10:50:33.809736700 AM,31.81263426,54.64197586,1390.757,USER,Fixed,Corrected,None,42, ,BYCODE(0), ,0.016,0.011,0.014,0.02,         BYLAYER,  BYCODE, ,0,Vertical,12/9/2025 10:50, , , , ,1.383,0.721,1.181, , , , 
 ,20251209104520 2025-12-09 10:50:37.037602900 AM,31.81275334,54.64214697,1390.521,USER,Fixed,Corrected,None,43, ,BYCODE(0), ,0.016,0.011,0.014,0.019,         BYLAYER,  BYCODE, ,0,Vertical,12/9/2025 10:50, , , , ,1.383,0.721,1.18, , , , 
 ,20251209104520 2025-12-09 10:50:39.028496000 AM,31.81287674,54.64230567,1390.814,USER,Fixed,Corrected,None,44, ,BYCODE(0), ,0.016,0.011,0.014,0.019,         BYLAYER,  BYCODE, ,0,Vertical,12/9/2025 10:50, , , , ,1.383,0.721,1.18, , , , 
 ,20251209104520 2025-12-09 10:50:41.019278000 AM,31.81299852,54.64245859,1391.418,USER,Fixed,Corrected,None,45, ,BYCODE(0), ,0.016,0.011,0.014,0.019,         BYLAYER,  BYCODE, ,0,Vertical,12/9/2025 10:50, , , , ,1.383,0.721,1.18, , , , 
 ,20251209104520 2025-12-09 10:50:43.014105800 AM,31.81312213,54.642612,1391.917,USER,Fixed,Corrected,None,46, ,BYCODE(0), ,0.016,0.011,0.014,0.019,         BYLAYER,  BYCODE, ,0,Vertical,12/9/2025 10:50, , , , ,1.383,0.721,1.18, , , , 
 ,20251209104520 2025-12-09 10:50:45.008941400 AM,31.81324554,54.64276626,1392.503,USER,Fixed,Corrected,None,47, ,BYCODE(0), ,0.016,0.011,0.014,0.019,         BYLAYER,  BYCODE, ,0,Vertical,12/9/2025 10:50, , , , ,1.382,0.721,1.18, , , , 
 ,20251209104520 2025-12-09 10:50:46.997411300 AM,31.81336882,54.64291988,1393.213,USER,Fixed,Corrected,None,48, ,BYCODE(0), ,0.016,0.011,0.014,0.019,         BYLAYER,  BYCODE, ,0,Vertical,12/9/2025 10:50, , , , ,1.382,0.721,1.18, , , , 
 ,20251209104520 2025-12-09 10:50:48.988143900 AM,31.81349231,54.64307322,1393.707,USER,Fixed,Corrected,None,49, ,BYCODE(0), ,0.016,0.011,0.014,0.019,         BYLAYER,  BYCODE, ,0,Vertical,12/9/2025 10:50, , , , ,1.382,0.721,1.179, , , , 
 ,20251209104520 2025-12-09 10:50:50.982806400 AM,31.81361483,54.64322718,1394.031,USER,Fixed,Corrected,None,50, ,BYCODE(0), ,0.016,0.011,0.014,0.019,         BYLAYER,  BYCODE, ,0,Vertical,12/9/2025 10:50, , , , ,1.382,0.721,1.179, , , , 
 ,20251209104520 2025-12-09 10:50:52.969551100 AM,31.8137358,54.64337955,1394.293,USER,Fixed,Corrected,None,51, ,BYCODE(0), ,0.016,0.011,0.014,0.019,         BYLAYER,  BYCODE, ,0,Vertical,12/9/2025 10:50, , , , ,1.382,0.721,1.179, , , , 
 ,20251209104520 2025-12-09 10:50:54.958342600 AM,31.81385792,54.64353461,1394.59,USER,Fixed,Corrected,None,52, ,BYCODE(0), ,0.016,0.011,0.014,0.019,         BYLAYER,  BYCODE, ,0,Vertical,12/9/2025 10:50, , , , ,1.382,0.721,1.179, , , , 
 ,20251209104520 2025-12-09 10:50:56.949120000 AM,31.81398042,54.64368919,1395.098,USER,Fixed,Corrected,None,53, ,BYCODE(0), ,0.016,0.011,0.014,0.019,         BYLAYER,  BYCODE, ,0,Vertical,12/9/2025 10:50, , , , ,1.382,0.721,1.179, , , , 
 ,20251209104520 2025-12-09 10:50:58.939849400 AM,31.81410223,54.64384244,1395.394,USER,Fixed,Corrected,None,54, ,BYCODE(0), ,0.016,0.011,0.014,0.019,         BYLAYER,  BYCODE, ,0,Vertical,12/9/2025 10:50, , , , ,1.382,0.721,1.179, , , , 
 ,20251209104520 2025-12-09 10:51:00.930303800 AM,31.81422506,54.64399626,1395.611,USER,Fixed,Corrected,None,55, ,BYCODE(0), ,0.016,0.011,0.014,0.019,         BYLAYER,  BYCODE, ,0,Vertical,12/9/2025 10:51, , , , ,1.381,0.721,1.179, , , , 
 ,20251209104520 2025-12-09 10:51:02.921043200 AM,31.81434666,54.64414805,1395.887,USER,Fixed,Corrected,None,56, ,BYCODE(0), ,0.016,0.011,0.014,0.019,         BYLAYER,  BYCODE, ,0,Vertical,12/9/2025 10:51, , , , ,1.381,0.721,1.178, , , , 
 ,20251209104520 2025-12-09 10:51:04.921794400 AM,31.81446921,54.64430254,1396.141,USER,Fixed,Corrected,None,57, ,BYCODE(0), ,0.016,0.011,0.014,0.019,         BYLAYER,  BYCODE, ,0,Vertical,12/9/2025 10:51, , , , ,1.381,0.721,1.178, , , , 
 ,20251209104520 2025-12-09 10:51:06.880145300 AM,31.81458956,54.64445418,1396.524,USER,Fixed,Corrected,None,58, ,BYCODE(0), ,0.016,0.011,0.014,0.019,         BYLAYER,  BYCODE, ,0,Vertical,12/9/2025 10:51, , , , ,1.381,0.721,1.178, , , , 
 ,20251209104520 2025-12-09 10:51:08.901883800 AM,31.81471368,54.64461094,1397.01,USER,Fixed,Corrected,None,59, ,BYCODE(0), ,0.016,0.011,0.014,0.019,         BYLAYER,  BYCODE, ,0,Vertical,12/9/2025 10:51, , , , ,1.381,0.72,1.178, , , , 
 ,20251209104520 2025-12-09 10:51:11.902671600 AM,31.81478734,54.64474855,1397.548,USER,Fixed,Corrected,None,60, ,BYCODE(0), ,0.016,0.011,0.014,0.019,         BYLAYER,  BYCODE, ,0,Vertical,12/9/2025 10:51, , , , ,1.381,0.72,1.178, , , , 
 ,20251209104520 2025-12-09 10:51:15.199438100 AM,31.81461708,54.64484341,1397.781,USER,Fixed,Corrected,None,61, ,BYCODE(0), ,0.016,0.011,0.014,0.019,         BYLAYER,  BYCODE, ,0,Vertical,12/9/2025 10:51, , , , ,1.38,0.72,1.177, , , , 
 ,20251209104520 2025-12-09 10:51:17.589060300 AM,31.8144829,54.64487858,1398.208,USER,Fixed,Corrected,None,62, ,BYCODE(0), ,0.016,0.011,0.014,0.019,         BYLAYER,  BYCODE, ,0,Vertical,12/9/2025 10:51, , , , ,1.38,0.72,1.177, , , , 
 ,20251209104520 2025-12-09 10:51:20.283559100 AM,31.8143462,54.6447236,1397.932,USER,Fixed,Corrected,None,63, ,BYCODE(0), ,0.016,0.011,0.014,0.019,         BYLAYER,  BYCODE, ,0,Vertical,12/9/2025 10:51, , , , ,1.38,0.72,1.177, , , , 
 ,20251209104520 2025-12-09 10:51:22.239754000 AM,31.81422436,54.64457287,1397.52,USER,Fixed,Corrected,None,64, ,BYCODE(0), ,0.016,0.011,0.014,0.019,         BYLAYER,  BYCODE, ,0,Vertical,12/9/2025 10:51, , , , ,1.38,0.72,1.177, , , , 
 ,20251209104520 2025-12-09 10:51:24.265604300 AM,31.81410047,54.64441805,1397.132,USER,Fixed,Corrected,None,65, ,BYCODE(0), ,0.016,0.011,0.014,0.019,         BYLAYER,  BYCODE, ,0,Vertical,12/9/2025 10:51, , , , ,1.38,0.72,1.177, , , , 
 ,20251209104520 2025-12-09 10:51:26.230260800 AM,31.81398007,54.64426637,1396.891,USER,Fixed,Corrected,None,66, ,BYCODE(0), ,0.016,0.011,0.014,0.019,         BYLAYER,  BYCODE, ,0,Vertical,12/9/2025 10:51, , , , ,1.38,0.72,1.177, , , , 
 ,20251209104520 2025-12-09 10:51:28.227385800 AM,31.81385727,54.64411182,1396.543,USER,Fixed,Corrected,None,67, ,BYCODE(0), ,0.016,0.011,0.014,0.019,         BYLAYER,  BYCODE, ,0,Vertical,12/9/2025 10:51, , , , ,1.379,0.72,1.176, , , , 
 ,20251209104520 2025-12-09 10:51:30.216264500 AM,31.81373582,54.64395787,1396.275,USER,Fixed,Corrected,None,68, ,BYCODE(0), ,0.016,0.011,0.014,0.019,         BYLAYER,  BYCODE, ,0,Vertical,12/9/2025 10:51, , , , ,1.379,0.72,1.176, , , , 
 ,20251209104520 2025-12-09 10:51:32.202993600 AM,31.81361395,54.64380431,1395.862,USER,Fixed,Corrected,None,69, ,BYCODE(0), ,0.016,0.011,0.014,0.02,         BYLAYER,  BYCODE, ,0,Vertical,12/9/2025 10:51, , , , ,1.379,0.72,1.176, , , , 
 ,20251209104520 2025-12-09 10:51:34.191766500 AM,31.81349185,54.64365078,1395.444,USER,Fixed,Corrected,None,70, ,BYCODE(0), ,0.016,0.011,0.014,0.02,         BYLAYER,  BYCODE, ,0,Vertical,12/9/2025 10:51, , , , ,1.519,0.759,1.316, , , , 
 ,20251209104520 2025-12-09 10:51:36.182552600 AM,31.81337007,54.64349727,1395.084,USER,Fixed,Corrected,None,71, ,BYCODE(0), ,0.016,0.011,0.014,0.02,         BYLAYER,  BYCODE, ,0,Vertical,12/9/2025 10:51, , , , ,1.519,0.759,1.316, , , , 
 ,20251209104520 2025-12-09 10:51:38.206746800 AM,31.8132459,54.64334092,1394.685,USER,Fixed,Corrected,None,72, ,BYCODE(0), ,0.016,0.011,0.014,0.02,         BYLAYER,  BYCODE, ,0,Vertical,12/9/2025 10:51, , , , ,1.519,0.759,1.316, , , , 
 ,20251209104520 2025-12-09 10:51:40.179705400 AM,31.81312542,54.64318884,1394.43,USER,Fixed,Corrected,None,73, ,BYCODE(0), ,0.016,0.011,0.014,0.02,         BYLAYER,  BYCODE, ,0,Vertical,12/9/2025 10:51, , , , ,1.519,0.759,1.316, , , , 
 ,20251209104520 2025-12-09 10:51:42.172588300 AM,31.81300287,54.64303498,1394.101,USER,Fixed,Corrected,None,74, ,BYCODE(0), ,0.016,0.011,0.014,0.02,         BYLAYER,  BYCODE, ,0,Vertical,12/9/2025 10:51, , , , ,1.519,0.759,1.316, , , , 
 ,20251209104520 2025-12-09 10:51:44.161469700 AM,31.81288086,54.64288153,1393.875,USER,Fixed,Corrected,None,75, ,BYCODE(0), ,0.016,0.011,0.014,0.02,         BYLAYER,  BYCODE, ,0,Vertical,12/9/2025 10:51, , , , ,1.519,0.759,1.315, , , , 
 ,20251209104520 2025-12-09 10:51:46.154367700 AM,31.81275811,54.64272754,1393.309,USER,Fixed,Corrected,None,76, ,BYCODE(0), ,0.016,0.011,0.014,0.02,         BYLAYER,  BYCODE, ,0,Vertical,12/9/2025 10:51, , , , ,1.519,0.759,1.315, , , , 
 ,20251209104520 2025-12-09 10:51:48.128556300 AM,31.81263616,54.64257594,1392.646,USER,Fixed,Corrected,None,77, ,BYCODE(0), ,0.016,0.011,0.014,0.02,         BYLAYER,  BYCODE, ,0,Vertical,12/9/2025 10:51, , , , ,1.518,0.759,1.315, , , , 
 ,20251209104520 2025-12-09 10:51:50.152596700 AM,31.81251109,54.64241976,1392.177,USER,Partial,Corrected,None,78, ,BYCODE(0), ,0.016,0.011,0.014,0.02,         BYLAYER,  BYCODE, ,0,Vertical,12/9/2025 10:51, , , , ,1.518,0.759,1.315, , , , 
 ,20251209104520 2025-12-09 10:51:52.112501600 AM,31.8123908,54.64226876,1391.649,USER,Fixed,Corrected,None,79, ,BYCODE(0), ,0.016,0.011,0.014,0.02,         BYLAYER,  BYCODE, ,0,Vertical,12/9/2025 10:51, , , , ,1.518,0.759,1.315, , , , 
 ,20251209104520 2025-12-09 10:51:54.574961700 AM,31.81226663,54.64213236,1391.309,USER,Fixed,Corrected,None,80, ,BYCODE(0), ,0.016,0.011,0.014,0.02,         BYLAYER,  BYCODE, ,0,Vertical,12/9/2025 10:51, , , , ,1.518,0.759,1.315, , , , 
 ,20251209104520 2025-12-09 10:51:55.293193800 AM,31.81222949,54.64212541,1391.269,USER,Fixed,Corrected,None,81, ,BYCODE(0), ,0.016,0.011,0.014,0.02,         BYLAYER,  BYCODE, ,0,Vertical,12/9/2025 10:51, , , , ,1.518,0.759,1.315, , , , 
 ,20251209104520 2025-12-09 10:51:57.749390100 AM,31.81206468,54.64218721,1391.014,USER,Partial,Corrected,None,82, ,BYCODE(0), ,0.016,0.011,0.014,0.02,         BYLAYER,  BYCODE, ,0,Vertical,12/9/2025 10:51, , , , ,1.518,0.759,1.314, , , , 
 ,20251209104520 2025-12-09 10:52:00.806159500 AM,31.81194338,54.64226583,1391.282,USER,Fixed,Corrected,None,83, ,BYCODE(0), ,0.016,0.011,0.014,0.02,         BYLAYER,  BYCODE, ,0,Vertical,12/9/2025 10:52, , , , ,1.517,0.759,1.314, , , , 
 ,20251209104520 2025-12-09 10:52:04.034035400 AM,31.81206606,54.64243942,1391.626,USER,Fixed,Corrected,None,84, ,BYCODE(0), ,0.016,0.011,0.014,0.02,         BYLAYER,  BYCODE, ,0,Vertical,12/9/2025 10:52, , , , ,1.517,0.759,1.314, , , , 
 ,20251209104520 2025-12-09 10:52:06.031397100 AM,31.81218785,54.6425966,1391.946,USER,Fixed,Corrected,None,85, ,BYCODE(0), ,0.016,0.011,0.014,0.02,         BYLAYER,  BYCODE, ,0,Vertical,12/9/2025 10:52, , , , ,1.517,0.759,1.314, , , , 
 ,20251209104520 2025-12-09 10:52:08.003768200 AM,31.81230839,54.64274904,1392.5,USER,Fixed,Corrected,None,86, ,BYCODE(0), ,0.016,0.011,0.014,0.02,         BYLAYER,  BYCODE, ,0,Vertical,12/9/2025 10:52, , , , ,1.517,0.759,1.314, , , , 
 ,20251209104520 2025-12-09 10:52:09.992526500 AM,31.81243031,54.6429019,1393.006,USER,Fixed,Corrected,None,87, ,BYCODE(0), ,0.016,0.011,0.014,0.02,         BYLAYER,  BYCODE, ,0,Vertical,12/9/2025 10:52, , , , ,1.517,0.759,1.313, , , , 
 ,20251209104520 2025-12-09 10:52:11.985510100 AM,31.8125524,54.64305381,1393.309,USER,Fixed,Corrected,None,88, ,BYCODE(0), ,0.016,0.011,0.014,0.02,         BYLAYER,  BYCODE, ,0,Vertical,12/9/2025 10:52, , , , ,1.517,0.758,1.313, , , , 
 ,20251209104520 2025-12-09 10:52:13.980606100 AM,31.81267457,54.64320877,1393.752,USER,Fixed,Corrected,None,89, ,BYCODE(0), ,0.016,0.011,0.014,0.02,         BYLAYER,  BYCODE, ,0,Vertical,12/9/2025 10:52, , , , ,1.516,0.758,1.313, , , , 
 ,20251209104520 2025-12-09 10:52:15.973208900 AM,31.81279673,54.643362,1394.144,USER,Fixed,Corrected,None,90, ,BYCODE(0), ,0.016,0.011,0.014,0.02,         BYLAYER,  BYCODE, ,0,Vertical,12/9/2025 10:52, , , , ,1.516,0.758,1.313, , , , 
 ,20251209104520 2025-12-09 10:52:17.961831800 AM,31.81291894,54.64351629,1394.587,USER,Fixed,Corrected,None,91, ,BYCODE(0), ,0.016,0.011,0.014,0.02,         BYLAYER,  BYCODE, ,0,Vertical,12/9/2025 10:52, , , , ,1.516,0.758,1.313, , , , 
 ,20251209104520 2025-12-09 10:52:19.954586500 AM,31.81304136,54.64367091,1395.065,USER,Fixed,Corrected,None,92, ,BYCODE(0), ,0.016,0.011,0.014,0.02,         BYLAYER,  BYCODE, ,0,Vertical,12/9/2025 10:52, , , , ,1.516,0.758,1.313, , , , 
 ,20251209104520 2025-12-09 10:52:21.943050400 AM,31.81316208,54.64382432,1395.498,USER,Fixed,Corrected,None,93, ,BYCODE(0), ,0.016,0.011,0.014,0.02,         BYLAYER,  BYCODE, ,0,Vertical,12/9/2025 10:52, , , , ,1.516,0.758,1.313, , , , 
 ,20251209104520 2025-12-09 10:52:23.937784900 AM,31.813284,54.6439784,1395.919,USER,Fixed,Corrected,None,94, ,BYCODE(0), ,0.016,0.011,0.014,0.02,         BYLAYER,  BYCODE, ,0,Vertical,12/9/2025 10:52, , , , ,1.516,0.758,1.312, , , , 
 ,20251209104520 2025-12-09 10:52:25.930304300 AM,31.81340624,54.64413237,1396.302,USER,Fixed,Corrected,None,95, ,BYCODE(0), ,0.016,0.011,0.014,0.02,         BYLAYER,  BYCODE, ,0,Vertical,12/9/2025 10:52, , , , ,1.516,0.758,1.312, , , , 
 ,20251209104520 2025-12-09 10:52:27.920878600 AM,31.81352922,54.64428668,1396.752,USER,Fixed,Corrected,None,96, ,BYCODE(0), ,0.016,0.011,0.014,0.02,         BYLAYER,  BYCODE, ,0,Vertical,12/9/2025 10:52, , , , ,1.515,0.758,1.312, , , , 
 ,20251209104520 2025-12-09 10:52:29.909249800 AM,31.8136513,54.644441,1397.364,USER,Fixed,Corrected,None,97, ,BYCODE(0), ,0.016,0.011,0.014,0.02,         BYLAYER,  BYCODE, ,0,Vertical,12/9/2025 10:52, , , , ,1.515,0.758,1.312, , , , 
 ,20251209104520 2025-12-09 10:52:31.904089000 AM,31.8137735,54.64459477,1397.756,USER,Fixed,Corrected,None,98, ,BYCODE(0), ,0.016,0.011,0.014,0.02,         BYLAYER,  BYCODE, ,0,Vertical,12/9/2025 10:52, , , , ,1.515,0.758,1.312, , , , 
 ,20251209104520 2025-12-09 10:52:33.870144600 AM,31.81389468,54.64474667,1398.09,USER,Fixed,Corrected,None,99, ,BYCODE(0), ,0.016,0.011,0.014,0.02,         BYLAYER,  BYCODE, ,0,Vertical,12/9/2025 10:52, , , , ,1.515,0.758,1.312, , , , 
 ,20251209104520 2025-12-09 10:52:35.891994000 AM,31.81401879,54.64490298,1398.509,USER,Fixed,Corrected,None,100, ,BYCODE(0), ,0.016,0.011,0.014,0.02,         BYLAYER,  BYCODE, ,0,Vertical,12/9/2025 10:52, , , , ,1.515,0.758,1.311, , , , 
 ,20251209104520 2025-12-09 10:52:38.765062300 AM,31.81412214,54.64505699,1399.275,USER,Fixed,Corrected,None,101, ,BYCODE(0), ,0.016,0.011,0.014,0.02,         BYLAYER,  BYCODE, ,0,Vertical,12/9/2025 10:52, , , , ,1.515,0.758,1.311, , , , 
 ,20251209104520 2025-12-09 10:52:39.493587000 AM,31.81411536,54.64507991,1399.34,USER,Fixed,Corrected,None,102, ,BYCODE(0), ,0.016,0.011,0.014,0.02,         BYLAYER,  BYCODE, ,0,Vertical,12/9/2025 10:52, , , , ,1.514,0.758,1.311, , , , 
 ,20251209104520 2025-12-09 10:52:42.615464200 AM,31.81394828,54.64516847,1399.372,USER,Fixed,Corrected,None,103, ,BYCODE(0), ,0.016,0.011,0.014,0.02,         BYLAYER,  BYCODE, ,0,Vertical,12/9/2025 10:52, , , , ,1.514,0.758,1.311, , , , 
 ,20251209104520 2025-12-09 10:52:45.009155300 AM,31.81381392,54.64520336,1399.595,USER,Fixed,Corrected,None,104, ,BYCODE(0), ,0.016,0.011,0.014,0.02,         BYLAYER,  BYCODE, ,0,Vertical,12/9/2025 10:52, , , , ,1.514,0.758,1.311, , , , 
 ,20251209104520 2025-12-09 10:52:47.670230600 AM,31.81367929,54.64505131,1399.092,USER,Fixed,Corrected,None,105, ,BYCODE(0), ,0.016,0.011,0.014,0.02,         BYLAYER,  BYCODE, ,0,Vertical,12/9/2025 10:52, , , , ,1.514,0.758,1.31, , , , 
 ,20251209104520 2025-12-09 10:52:49.660832900 AM,31.81355536,54.6448967,1398.597,USER,Fixed,Corrected,None,106, ,BYCODE(0), ,0.016,0.011,0.014,0.02,         BYLAYER,  BYCODE, ,0,Vertical,12/9/2025 10:52, , , , ,1.514,0.758,1.31, , , , 
 ,20251209104520 2025-12-09 10:52:51.659704700 AM,31.81343448,54.6447433,1398.342,USER,Fixed,Corrected,None,107, ,BYCODE(0), ,0.016,0.011,0.014,0.02,         BYLAYER,  BYCODE, ,0,Vertical,12/9/2025 10:52, , , , ,1.514,0.758,1.31, , , , 
 ,20251209104520 2025-12-09 10:52:53.662743300 AM,31.81331227,54.64458865,1398.002,USER,Fixed,Corrected,None,108, ,BYCODE(0), ,0.016,0.011,0.014,0.02,         BYLAYER,  BYCODE, ,0,Vertical,12/9/2025 10:52, , , , ,1.513,0.758,1.31, , , , 
 ,20251209104520 2025-12-09 10:52:55.651578200 AM,31.81318981,54.64443496,1397.537,USER,Fixed,Corrected,None,109, ,BYCODE(0), ,0.016,0.011,0.014,0.02,         BYLAYER,  BYCODE, ,0,Vertical,12/9/2025 10:52, , , , ,1.513,0.758,1.31, , , , 
 ,20251209104520 2025-12-09 10:52:57.650532000 AM,31.81306727,54.64428081,1397.174,USER,Partial,Corrected,None,110, ,BYCODE(0), ,0.016,0.011,0.014,0.02,         BYLAYER,  BYCODE, ,0,Vertical,12/9/2025 10:52, , , , ,1.513,0.758,1.31, , , , 
 ,20251209104520 2025-12-09 10:52:59.614974500 AM,31.81294728,54.64412934,1396.846,USER,Partial,Corrected,None,111, ,BYCODE(0), ,0.016,0.011,0.014,0.02,         BYLAYER,  BYCODE, ,0,Vertical,12/9/2025 10:52:60 AM, , , , ,1.513,0.758,1.31, , , , 
 ,20251209104520 2025-12-09 10:53:01.607611200 AM,31.81282443,54.64397532,1396.303,USER,Fixed,Corrected,None,112, ,BYCODE(0), ,0.016,0.011,0.014,0.02,         BYLAYER,  BYCODE, ,0,Vertical,12/9/2025 10:53, , , , ,1.513,0.758,1.309, , , , 
 ,20251209104520 2025-12-09 10:53:03.596443200 AM,31.81270162,54.64382221,1395.736,USER,Fixed,Corrected,None,113, ,BYCODE(0), ,0.016,0.011,0.014,0.02,         BYLAYER,  BYCODE, ,0,Vertical,12/9/2025 10:53, , , , ,1.513,0.758,1.309, , , , 
 ,20251209104520 2025-12-09 10:53:05.585125200 AM,31.81257851,54.64366963,1395.122,USER,Fixed,Corrected,None,114, ,BYCODE(0), ,0.016,0.011,0.014,0.02,         BYLAYER,  BYCODE, ,0,Vertical,12/9/2025 10:53, , , , ,1.512,0.757,1.309, , , , 
 ,20251209104520 2025-12-09 10:53:07.573998900 AM,31.81245614,54.64351632,1394.677,USER,Fixed,Corrected,None,115, ,BYCODE(0), ,0.016,0.011,0.014,0.02,         BYLAYER,  BYCODE, ,0,Vertical,12/9/2025 10:53, , , , ,1.512,0.757,1.309, , , , 
 ,20251209104520 2025-12-09 10:53:09.562832800 AM,31.81233406,54.64336352,1394.163,USER,Fixed,Corrected,None,116, ,BYCODE(0), ,0.016,0.011,0.014,0.02,         BYLAYER,  BYCODE, ,0,Vertical,12/9/2025 10:53, , , , ,1.512,0.757,1.309, , , , 
 ,20251209104520 2025-12-09 10:53:11.557912600 AM,31.81221144,54.64321013,1393.673,USER,Fixed,Corrected,None,117, ,BYCODE(0), ,0.016,0.011,0.014,0.02,         BYLAYER,  BYCODE, ,0,Vertical,12/9/2025 10:53, , , , ,1.512,0.757,1.309, , , , 
 ,20251209104520 2025-12-09 10:53:13.548538400 AM,31.81208934,54.64305667,1393.291,USER,Fixed,Corrected,None,118, ,BYCODE(0), ,0.016,0.011,0.014,0.02,         BYLAYER,  BYCODE, ,0,Vertical,12/9/2025 10:53, , , , ,1.512,0.757,1.308, , , , 
 ,20251209104520 2025-12-09 10:53:15.537323200 AM,31.81196711,54.64290343,1392.844,USER,Fixed,Corrected,None,119, ,BYCODE(0), ,0.016,0.011,0.014,0.02,         BYLAYER,  BYCODE, ,0,Vertical,12/9/2025 10:53, , , , ,1.512,0.757,1.308, , , , 
 ,20251209104520 2025-12-09 10:53:17.526197900 AM,31.81184581,54.64275009,1392.333,USER,Fixed,Corrected,None,120, ,BYCODE(0), ,0.016,0.011,0.014,0.02,         BYLAYER,  BYCODE, ,0,Vertical,12/9/2025 10:53, , , , ,1.511,0.757,1.308, , , , 
 ,20251209104520 2025-12-09 10:53:19.519342900 AM,31.81172377,54.64259647,1391.841,USER,Fixed,Corrected,None,121, ,BYCODE(0), ,0.016,0.011,0.014,0.02,         BYLAYER,  BYCODE, ,0,Vertical,12/9/2025 10:53, , , , ,1.511,0.757,1.308, , , , 
 ,20251209104520 2025-12-09 10:53:21.710596100 AM,31.8116036,54.64244848,1391.353,USER,Partial,Corrected,None,122, ,BYCODE(0), ,0.016,0.011,0.014,0.02,         BYLAYER,  BYCODE, ,0,Vertical,12/9/2025 10:53, , , , ,1.511,0.757,1.308, , , , 
 ,20251209104520 2025-12-09 10:53:22.911954600 AM,31.81154602,54.64241973,1391.298,USER,Fixed,Corrected,None,123, ,BYCODE(0), ,0.016,0.011,0.014,0.02,         BYLAYER,  BYCODE, ,0,Vertical,12/9/2025 10:53, , , , ,1.511,0.757,1.308, , , , 
 ,20251209104520 2025-12-09 10:53:25.607990000 AM,31.81136943,54.64248077,1391.394,USER,Fixed,Corrected,None,124, ,BYCODE(0), ,0.016,0.011,0.014,0.02,         BYLAYER,  BYCODE, ,0,Vertical,12/9/2025 10:53, , , , ,1.511,0.757,1.307, , , , 
 ,20251209104520 2025-12-09 10:53:28.631449000 AM,31.81125044,54.64255703,1391.754,USER,Partial,Corrected,None,125, ,BYCODE(0), ,0.016,0.011,0.014,0.02,         BYLAYER,  BYCODE, ,0,Vertical,12/9/2025 10:53, , , , ,1.511,0.757,1.307, , , , 
 ,20251209104520 2025-12-09 10:53:31.890580900 AM,31.81137086,54.64272689,1391.791,USER,Partial,Corrected,None,126, ,BYCODE(0), ,0.016,0.011,0.014,0.02,         BYLAYER,  BYCODE, ,0,Vertical,12/9/2025 10:53, , , , ,1.51,0.757,1.307, , , , 
 ,20251209104520 2025-12-09 10:53:33.852484000 AM,31.81149226,54.64288406,1392.188,USER,Fixed,Corrected,None,127, ,BYCODE(0), ,0.016,0.011,0.014,0.02,         BYLAYER,  BYCODE, ,0,Vertical,12/9/2025 10:53, , , , ,1.51,0.757,1.307, , , , 
 ,20251209104520 2025-12-09 10:53:35.851533400 AM,31.81161497,54.64303994,1392.847,USER,Partial,Corrected,None,128, ,BYCODE(0), ,0.016,0.011,0.014,0.02,         BYLAYER,  BYCODE, ,0,Vertical,12/9/2025 10:53, , , , ,1.51,0.757,1.307, , , , 
 ,20251209104520 2025-12-09 10:53:37.844404200 AM,31.81173736,54.64319323,1393.468,USER,Partial,Corrected,None,129, ,BYCODE(0), ,0.016,0.011,0.014,0.02,         BYLAYER,  BYCODE, ,0,Vertical,12/9/2025 10:53, , , , ,1.51,0.757,1.306, , , , 
 ,20251209104520 2025-12-09 10:53:39.841664300 AM,31.8118603,54.64334911,1393.953,USER,Fixed,Corrected,None,130, ,BYCODE(0), ,0.016,0.011,0.014,0.02,         BYLAYER,  BYCODE, ,0,Vertical,12/9/2025 10:53, , , , ,1.51,0.757,1.306, , , , 
 ,20251209104520 2025-12-09 10:53:41.832597000 AM,31.81198282,54.64350329,1394.633,USER,Fixed,Corrected,None,131, ,BYCODE(0), ,0.016,0.011,0.014,0.02,         BYLAYER,  BYCODE, ,0,Vertical,12/9/2025 10:53, , , , ,1.51,0.757,1.306, , , , 
 ,20251209104520 2025-12-09 10:53:43.827558500 AM,31.81210578,54.64365772,1395.219,USER,Fixed,Corrected,None,132, ,BYCODE(0), ,0.016,0.011,0.014,0.02,         BYLAYER,  BYCODE, ,0,Vertical,12/9/2025 10:53, , , , ,1.509,0.757,1.306, , , , 
 ,20251209104520 2025-12-09 10:53:45.816336200 AM,31.81222743,54.64381076,1395.6,USER,Fixed,Corrected,None,133, ,BYCODE(0), ,0.016,0.011,0.014,0.02,         BYLAYER,  BYCODE, ,0,Vertical,12/9/2025 10:53, , , , ,1.509,0.757,1.306, , , , 
 ,20251209104520 2025-12-09 10:53:47.810913600 AM,31.81234979,54.64396518,1396.119,USER,Fixed,Corrected,None,134, ,BYCODE(0), ,0.016,0.011,0.014,0.02,         BYLAYER,  BYCODE, ,0,Vertical,12/9/2025 10:53, , , , ,1.509,0.757,1.306, , , , 
 ,20251209104520 2025-12-09 10:53:49.803700000 AM,31.81247245,54.64411813,1396.701,USER,Fixed,Corrected,None,135, ,BYCODE(0), ,0.016,0.011,0.014,0.02,         BYLAYER,  BYCODE, ,0,Vertical,12/9/2025 10:53, , , , ,1.509,0.757,1.306, , , , 
 ,20251209104520 2025-12-09 10:53:51.796268200 AM,31.81259456,54.64427163,1397.009,USER,Fixed,Corrected,None,136, ,BYCODE(0), ,0.016,0.011,0.014,0.02,         BYLAYER,  BYCODE, ,0,Vertical,12/9/2025 10:53, , , , ,1.509,0.757,1.305, , , , 
 ,20251209104520 2025-12-09 10:53:53.791047300 AM,31.81271715,54.64442582,1397.346,USER,Fixed,Corrected,None,137, ,BYCODE(0), ,0.016,0.011,0.014,0.02,         BYLAYER,  BYCODE, ,0,Vertical,12/9/2025 10:53, , , , ,1.509,0.757,1.305, , , , 
 ,20251209104520 2025-12-09 10:53:55.745138400 AM,31.81283687,54.644577,1397.725,USER,Fixed,Corrected,None,138, ,BYCODE(0), ,0.016,0.011,0.014,0.02,         BYLAYER,  BYCODE, ,0,Vertical,12/9/2025 10:53, , , , ,1.508,0.757,1.305, , , , 
 ,20251209104520 2025-12-09 10:53:57.767002100 AM,31.81296013,54.64473186,1398.158,USER,Fixed,Corrected,None,139, ,BYCODE(0), ,0.016,0.011,0.014,0.02,         BYLAYER,  BYCODE, ,0,Vertical,12/9/2025 10:53, , , , ,1.508,0.757,1.305, , , , 
 ,20251209104520 2025-12-09 10:53:59.722869200 AM,31.81308026,54.64488248,1398.445,USER,Fixed,Corrected,None,140, ,BYCODE(0), ,0.016,0.011,0.014,0.02,         BYLAYER,  BYCODE, ,0,Vertical,12/9/2025 10:53:60 AM, , , , ,1.508,0.757,1.305, , , , 
 ,20251209104520 2025-12-09 10:54:01.727860000 AM,31.81320329,54.6450377,1398.891,USER,Fixed,Corrected,None,141, ,BYCODE(0), ,0.016,0.011,0.014,0.02,         BYLAYER,  BYCODE, ,0,Vertical,12/9/2025 10:54, , , , ,1.508,0.756,1.305, , , , 
 ,20251209104520 2025-12-09 10:54:03.716497200 AM,31.8133245,54.64518915,1399.247,USER,Fixed,Corrected,None,142, ,BYCODE(0), ,0.016,0.011,0.014,0.02,         BYLAYER,  BYCODE, ,0,Vertical,12/9/2025 10:54, , , , ,1.508,0.756,1.304, , , , 
 ,20251209104520 2025-12-09 10:54:06.004141800 AM,31.81344134,54.64534074,1399.717,USER,Fixed,Corrected,None,143, ,BYCODE(0), ,0.016,0.011,0.014,0.02,         BYLAYER,  BYCODE, ,0,Vertical,12/9/2025 10:54, , , , ,1.508,0.756,1.304, , , , 
 ,20251209104520 2025-12-09 10:54:07.607775900 AM,31.81345167,54.64539803,1399.979,USER,Fixed,Corrected,None,144, ,BYCODE(0), ,0.016,0.011,0.014,0.02,         BYLAYER,  BYCODE, ,0,Vertical,12/9/2025 10:54, , , , ,1.508,0.756,1.304, , , , 
 ,20251209104520 2025-12-09 10:54:10.900222800 AM,31.81328029,54.64549244,1399.732,USER,Fixed,Corrected,None,145, ,BYCODE(0), ,0.016,0.011,0.014,0.02,         BYLAYER,  BYCODE, ,0,Vertical,12/9/2025 10:54, , , , ,1.507,0.756,1.304, , , , 
 ,20251209104520 2025-12-09 10:54:13.287838000 AM,31.81314476,54.64552808,1400.003,USER,Fixed,Corrected,None,146, ,BYCODE(0), ,0.016,0.011,0.014,0.02,         BYLAYER,  BYCODE, ,0,Vertical,12/9/2025 10:54, , , , ,1.507,0.756,1.304, , , , 
 ,20251209104520 2025-12-09 10:54:15.950507600 AM,31.81300948,54.64537676,1399.662,USER,Fixed,Corrected,None,147, ,BYCODE(0), ,0.016,0.011,0.014,0.02,         BYLAYER,  BYCODE, ,0,Vertical,12/9/2025 10:54, , , , ,1.507,0.756,1.303, , , , 
 ,20251209104520 2025-12-09 10:54:17.972376100 AM,31.81288232,54.64522034,1399.198,USER,Fixed,Corrected,None,148, ,BYCODE(0), ,0.016,0.011,0.014,0.02,         BYLAYER,  BYCODE, ,0,Vertical,12/9/2025 10:54, , , , ,1.507,0.756,1.303, , , , 
 ,20251209104520 2025-12-09 10:54:19.963141400 AM,31.81275968,54.64506691,1398.872,USER,Partial,Corrected,None,149, ,BYCODE(0), ,0.016,0.011,0.014,0.02,         BYLAYER,  BYCODE, ,0,Vertical,12/9/2025 10:54, , , , ,1.507,0.756,1.303, , , , 
 ,20251209104520 2025-12-09 10:54:21.958230500 AM,31.81263755,54.64491298,1398.559,USER,Fixed,Corrected,None,150, ,BYCODE(0), ,0.016,0.011,0.014,0.02,         BYLAYER,  BYCODE, ,0,Vertical,12/9/2025 10:54, , , , ,1.506,0.756,1.303, , , , 
 ,20251209104520 2025-12-09 10:54:23.946898700 AM,31.81251573,54.64475944,1398.233,USER,Fixed,Corrected,None,151, ,BYCODE(0), ,0.016,0.011,0.014,0.02,         BYLAYER,  BYCODE, ,0,Vertical,12/9/2025 10:54, , , , ,1.506,0.756,1.303, , , , 
 ,20251209104520 2025-12-09 10:54:25.901009800 AM,31.81239545,54.64460787,1398.023,USER,Fixed,Corrected,None,152, ,BYCODE(0), ,0.016,0.011,0.014,0.02,         BYLAYER,  BYCODE, ,0,Vertical,12/9/2025 10:54, , , , ,1.506,0.756,1.303, , , , 
 ,20251209104520 2025-12-09 10:54:27.924870300 AM,31.81226957,54.64445228,1397.834,USER,Fixed,Corrected,None,153, ,BYCODE(0), ,0.016,0.011,0.014,0.02,         BYLAYER,  BYCODE, ,0,Vertical,12/9/2025 10:54, , , , ,1.506,0.756,1.302, , , , 
 ,20251209104520 2025-12-09 10:54:29.913699400 AM,31.81214693,54.64429952,1397.528,USER,Fixed,Corrected,None,154, ,BYCODE(0), ,0.016,0.011,0.014,0.02,         BYLAYER,  BYCODE, ,0,Vertical,12/9/2025 10:54, , , , ,1.506,0.756,1.302, , , , 
 ,20251209104520 2025-12-09 10:54:31.885849500 AM,31.81202594,54.64414748,1397.175,USER,Fixed,Corrected,None,155, ,BYCODE(0), ,0.016,0.011,0.014,0.02,         BYLAYER,  BYCODE, ,0,Vertical,12/9/2025 10:54, , , , ,1.506,0.756,1.302, , , , 
 ,20251209104520 2025-12-09 10:54:33.880535600 AM,31.8119031,54.64399347,1396.756,USER,Fixed,Corrected,None,156, ,BYCODE(0), ,0.016,0.011,0.014,0.02,         BYLAYER,  BYCODE, ,0,Vertical,12/9/2025 10:54, , , , ,1.505,0.756,1.302, , , , 
 ,20251209104520 2025-12-09 10:54:35.869100100 AM,31.81178023,54.64383931,1396.315,USER,Fixed,Corrected,None,157, ,BYCODE(0), ,0.016,0.011,0.014,0.02,         BYLAYER,  BYCODE, ,0,Vertical,12/9/2025 10:54, , , , ,1.505,0.756,1.302, , , , 
 ,20251209104520 2025-12-09 10:54:37.874623300 AM,31.81165643,54.64368444,1395.955,USER,Fixed,Corrected,None,158, ,BYCODE(0), ,0.016,0.011,0.014,0.02,         BYLAYER,  BYCODE, ,0,Vertical,12/9/2025 10:54, , , , ,1.505,0.756,1.302, , , , 
 ,20251209104520 2025-12-09 10:54:39.867575600 AM,31.81153373,54.64353,1395.702,USER,Fixed,Corrected,None,159, ,BYCODE(0), ,0.016,0.011,0.014,0.02,         BYLAYER,  BYCODE, ,0,Vertical,12/9/2025 10:54, , , , ,1.505,0.756,1.301, , , , 
 ,20251209104520 2025-12-09 10:54:41.825819000 AM,31.81141275,54.64337864,1395.353,USER,Fixed,Corrected,None,160, ,BYCODE(0), ,0.016,0.011,0.014,0.02,         BYLAYER,  BYCODE, ,0,Vertical,12/9/2025 10:54, , , , ,1.505,0.756,1.301, , , , 
 ,20251209104520 2025-12-09 10:54:43.851882700 AM,31.81128731,54.64322194,1395.161,USER,Fixed,Corrected,None,161, ,BYCODE(0), ,0.016,0.011,0.014,0.02,         BYLAYER,  BYCODE, ,0,Vertical,12/9/2025 10:54, , , , ,1.505,0.756,1.301, , , , 
 ,20251209104520 2025-12-09 10:54:45.809760800 AM,31.81116646,54.64307029,1394.984,USER,Fixed,Corrected,None,162, ,BYCODE(0), ,0.016,0.011,0.014,0.02,         BYLAYER,  BYCODE, ,0,Vertical,12/9/2025 10:54, , , , ,1.505,0.756,1.301, , , , 
 ,20251209104520 2025-12-09 10:54:47.832013600 AM,31.81104228,54.64291405,1394.651,USER,Partial,Corrected,None,163, ,BYCODE(0), ,0.016,0.011,0.014,0.02,         BYLAYER,  BYCODE, ,0,Vertical,12/9/2025 10:54, , , , ,1.504,0.756,1.301, , , , 
 ,20251209104520 2025-12-09 10:54:49.823010000 AM,31.81092285,54.64276559,1394.133,USER,Partial,Corrected,None,164, ,BYCODE(0), ,0.016,0.011,0.014,0.02,         BYLAYER,  BYCODE, ,0,Vertical,12/9/2025 10:54, , , , ,1.504,0.756,1.301, , , , 
 ,20251209104520 2025-12-09 10:54:51.614591800 AM,31.81083853,54.64270522,1394.005,USER,Partial,Corrected,None,165, ,BYCODE(0), ,0.016,0.011,0.014,0.02,         BYLAYER,  BYCODE, ,0,Vertical,12/9/2025 10:54, , , , ,1.504,0.756,1.3, , , , 
 ,20251209104520 2025-12-09 10:54:54.310644400 AM,31.81066184,54.642766,1393.726,USER,Fixed,Corrected,None,166, ,BYCODE(0), ,0.016,0.011,0.015,0.02,         BYLAYER,  BYCODE, ,0,Vertical,12/9/2025 10:54, , , , ,1.504,0.756,1.3, , , , 
 ,20251209104520 2025-12-09 10:54:57.336329900 AM,31.81054155,54.64284269,1393.751,USER,Fixed,Corrected,None,167, ,BYCODE(0), ,0.016,0.012,0.014,0.02,         BYLAYER,  BYCODE, ,0,Vertical,12/9/2025 10:54, , , , ,1.504,0.756,1.3, , , , 
 ,20251209104520 2025-12-09 10:55:00.574564200 AM,31.81066212,54.64301544,1393.395,USER,Fixed,Corrected,None,168, ,BYCODE(0), ,0.016,0.011,0.015,0.02,         BYLAYER,  BYCODE, ,0,Vertical,12/9/2025 10:55, , , , ,1.503,0.755,1.3, , , , 
 ,20251209104520 2025-12-09 10:55:02.592473700 AM,31.81078577,54.64317534,1393.776,USER,Partial,Corrected,None,169, ,BYCODE(0), ,0.017,0.011,0.015,0.02,         BYLAYER,  BYCODE, ,0,Vertical,12/9/2025 10:55, , , , ,1.503,0.755,1.3, , , , 
 ,20251209104520 2025-12-09 10:55:04.544333700 AM,31.81090412,54.64332531,1394.378,USER,Fixed,Corrected,None,170, ,BYCODE(0), ,0.017,0.011,0.015,0.02,         BYLAYER,  BYCODE, ,0,Vertical,12/9/2025 10:55, , , , ,1.767,0.781,1.585, , , , 
 ,20251209104520 2025-12-09 10:55:06.568180600 AM,31.81102795,54.64348084,1394.964,USER,Fixed,Corrected,None,171, ,BYCODE(0), ,0.017,0.011,0.015,0.02,         BYLAYER,  BYCODE, ,0,Vertical,12/9/2025 10:55, , , , ,2.038,0.808,1.871, , , , 
 ,20251209104520 2025-12-09 10:55:08.526049900 AM,31.81114767,54.64363174,1395.471,USER,Partial,Corrected,None,172, ,BYCODE(0), ,0.017,0.011,0.015,0.02,         BYLAYER,  BYCODE, ,0,Vertical,12/9/2025 10:55, , , , ,2.038,0.808,1.871, , , , 
 ,20251209104520 2025-12-09 10:55:10.554326500 AM,31.81127206,54.64378781,1396.046,USER,Fixed,Corrected,None,173, ,BYCODE(0), ,0.017,0.011,0.015,0.02,         BYLAYER,  BYCODE, ,0,Vertical,12/9/2025 10:55, , , , ,2.037,0.808,1.87, , , , 
 ,20251209104520 2025-12-09 10:55:12.523155500 AM,31.81139247,54.643939,1396.426,USER,Fixed,Corrected,None,174, ,BYCODE(0), ,0.017,0.011,0.015,0.02,         BYLAYER,  BYCODE, ,0,Vertical,12/9/2025 10:55, , , , ,2.037,0.808,1.87, , , , 
 ,20251209104520 2025-12-09 10:55:14.511970800 AM,31.81151372,54.64409126,1396.73,USER,Fixed,Corrected,None,175, ,BYCODE(0), ,0.017,0.011,0.015,0.02,         BYLAYER,  BYCODE, ,0,Vertical,12/9/2025 10:55, , , , ,2.037,0.808,1.87, , , , 
 ,20251209104520 2025-12-09 10:55:16.502397800 AM,31.81163646,54.64424448,1396.97,USER,Partial,Corrected,None,176, ,BYCODE(0), ,0.017,0.011,0.014,0.02,         BYLAYER,  BYCODE, ,0,Vertical,12/9/2025 10:55, , , , ,2.037,0.808,1.87, , , , 
 ,20251209104520 2025-12-09 10:55:18.493132800 AM,31.81175863,54.64439831,1397.323,USER,Partial,Corrected,None,177, ,BYCODE(0), ,0.017,0.011,0.014,0.02,         BYLAYER,  BYCODE, ,0,Vertical,12/9/2025 10:55, , , , ,2.037,0.808,1.87, , , , 
 ,20251209104520 2025-12-09 10:55:20.481895900 AM,31.81188056,54.64455346,1397.848,USER,Fixed,Corrected,None,178, ,BYCODE(0), ,0.017,0.011,0.014,0.02,         BYLAYER,  BYCODE, ,0,Vertical,12/9/2025 10:55, , , , ,2.037,0.808,1.87, , , , 
 ,20251209104520 2025-12-09 10:55:22.470655000 AM,31.81200201,54.64470673,1398.369,USER,Fixed,Corrected,None,179, ,BYCODE(0), ,0.017,0.011,0.014,0.02,         BYLAYER,  BYCODE, ,0,Vertical,12/9/2025 10:55, , , , ,2.037,0.808,1.87, , , , 
 ,20251209104520 2025-12-09 10:55:24.451141800 AM,31.81212404,54.64485952,1398.898,USER,Fixed,Corrected,None,180, ,BYCODE(0), ,0.017,0.011,0.014,0.02,         BYLAYER,  BYCODE, ,0,Vertical,12/9/2025 10:55, , , , ,2.036,0.808,1.869, , , , 
 ,20251209104520 2025-12-09 10:55:26.447949400 AM,31.8122462,54.64501245,1399.149,USER,Fixed,Corrected,None,181, ,BYCODE(0), ,0.017,0.011,0.014,0.02,         BYLAYER,  BYCODE, ,0,Vertical,12/9/2025 10:55, , , , ,2.036,0.807,1.869, , , , 
 ,20251209104520 2025-12-09 10:55:28.442748300 AM,31.81236838,54.64516598,1399.326,USER,Partial,Corrected,None,182, ,BYCODE(0), ,0.017,0.011,0.014,0.02,         BYLAYER,  BYCODE, ,0,Vertical,12/9/2025 10:55, , , , ,2.036,0.807,1.869, , , , 
 ,20251209104520 2025-12-09 10:55:30.447895300 AM,31.81249119,54.64532058,1399.534,USER,Fixed,Corrected,None,183, ,BYCODE(0), ,0.017,0.011,0.014,0.02,         BYLAYER,  BYCODE, ,0,Vertical,12/9/2025 10:55, , , , ,2.036,0.807,1.869, , , , 
 ,20251209104520 2025-12-09 10:55:32.406122700 AM,31.81261099,54.64547269,1399.88,USER,Fixed,Corrected,None,184, ,BYCODE(0), ,0.017,0.011,0.014,0.02,         BYLAYER,  BYCODE, ,0,Vertical,12/9/2025 10:55, , , , ,2.036,0.807,1.869, , , , 
 ,20251209104520 2025-12-09 10:55:34.525963300 AM,31.8127325,54.64562834,1400.644,USER,Fixed,Corrected,None,185, ,BYCODE(0), ,0.017,0.011,0.014,0.02,         BYLAYER,  BYCODE, ,0,Vertical,12/9/2025 10:55, , , , ,2.036,0.807,1.869, , , , 
 ,20251209104520 2025-12-09 10:55:36.750573900 AM,31.81276471,54.64571579,1401.082,USER,Partial,Corrected,None,186, ,BYCODE(0), ,0.016,0.011,0.014,0.02,         BYLAYER,  BYCODE, ,0,Vertical,12/9/2025 10:55, , , , ,2.036,0.807,1.869, , , , 
 ,20251209104520 2025-12-09 10:55:40.047180900 AM,31.81259379,54.64581027,1400.355,USER,Fixed,Corrected,None,187, ,BYCODE(0), ,0.016,0.011,0.014,0.02,         BYLAYER,  BYCODE, ,0,Vertical,12/9/2025 10:55, , , , ,2.035,0.807,1.868, , , , 
 ,20251209104520 2025-12-09 10:55:42.439312500 AM,31.81245838,54.6458446,1400.343,USER,Fixed,Corrected,None,188, ,BYCODE(0), ,0.016,0.011,0.014,0.02,         BYLAYER,  BYCODE, ,0,Vertical,12/9/2025 10:55, , , , ,2.035,0.807,1.868, , , , 
 ,20251209104520 2025-12-09 10:55:45.110637200 AM,31.81232299,54.64569208,1400.2,USER,Fixed,Corrected,None,189, ,BYCODE(0), ,0.017,0.011,0.014,0.02,         BYLAYER,  BYCODE, ,0,Vertical,12/9/2025 10:55, , , , ,2.035,0.807,1.868, , , , 
 ,20251209104520 2025-12-09 10:55:47.103615800 AM,31.81219882,54.6455394,1399.907,USER,Partial,Corrected,None,190, ,BYCODE(0), ,0.017,0.011,0.014,0.02,         BYLAYER,  BYCODE, ,0,Vertical,12/9/2025 10:55, , , , ,2.035,0.807,1.868, , , , 
 ,20251209104520 2025-12-09 10:55:49.092436600 AM,31.81207626,54.64538598,1399.503,USER,Partial,Corrected,None,191, ,BYCODE(0), ,0.017,0.011,0.014,0.02,         BYLAYER,  BYCODE, ,0,Vertical,12/9/2025 10:55, , , , ,2.035,0.807,1.868, , , , 
 ,20251209104520 2025-12-09 10:55:51.079325200 AM,31.81195423,54.64523314,1399.131,USER,Fixed,Corrected,None,192, ,BYCODE(0), ,0.017,0.011,0.014,0.02,         BYLAYER,  BYCODE, ,0,Vertical,12/9/2025 10:55, , , , ,2.034,0.807,1.868, , , , 
 ,20251209104520 2025-12-09 10:55:53.067899000 AM,31.81183218,54.64508002,1398.829,USER,Fixed,Corrected,None,193, ,BYCODE(0), ,0.017,0.011,0.014,0.02,         BYLAYER,  BYCODE, ,0,Vertical,12/9/2025 10:55, , , , ,2.034,0.807,1.867, , , , 
 ,20251209104520 2025-12-09 10:55:55.058799500 AM,31.81170995,54.64492674,1398.562,USER,Fixed,Corrected,None,194, ,BYCODE(0), ,0.017,0.011,0.014,0.02,         BYLAYER,  BYCODE, ,0,Vertical,12/9/2025 10:55, , , , ,2.034,0.807,1.867, , , , 
 ,20251209104520 2025-12-09 10:55:57.051800000 AM,31.81158709,54.64477285,1398.22,USER,Partial,Corrected,None,195, ,BYCODE(0), ,0.017,0.011,0.014,0.02,         BYLAYER,  BYCODE, ,0,Vertical,12/9/2025 10:55, , , , ,2.034,0.807,1.867, , , , 
 ,20251209104520 2025-12-09 10:55:59.040749300 AM,31.81146484,54.64461935,1397.899,USER,Fixed,Corrected,None,196, ,BYCODE(0), ,0.017,0.011,0.014,0.02,         BYLAYER,  BYCODE, ,0,Vertical,12/9/2025 10:55, , , , ,2.034,0.807,1.867, , , , 
 ,20251209104520 2025-12-09 10:56:01.029490000 AM,31.81134247,54.64446582,1397.518,USER,Partial,Corrected,None,197, ,BYCODE(0), ,0.017,0.011,0.015,0.02,         BYLAYER,  BYCODE, ,0,Vertical,12/9/2025 10:56, , , , ,2.034,0.807,1.867, , , , 
 ,20251209104520 2025-12-09 10:56:03.026652100 AM,31.81121999,54.64431163,1397.261,USER,Partial,Corrected,None,198, ,BYCODE(0), ,0.017,0.011,0.015,0.02,         BYLAYER,  BYCODE, ,0,Vertical,12/9/2025 10:56, , , , ,2.034,0.807,1.867, , , , 
 ,20251209104520 2025-12-09 10:56:05.015258800 AM,31.81109746,54.6441581,1396.983,USER,Partial,Corrected,None,199, ,BYCODE(0), ,0.017,0.011,0.015,0.02,         BYLAYER,  BYCODE, ,0,Vertical,12/9/2025 10:56, , , , ,2.033,0.807,1.866, , , , 
 ,20251209104520 2025-12-09 10:56:06.983436600 AM,31.81097611,54.64400617,1396.678,USER,Fixed,Corrected,None,200, ,BYCODE(0), ,0.017,0.011,0.015,0.02,         BYLAYER,  BYCODE, ,0,Vertical,12/9/2025 10:56, , , , ,2.033,0.807,1.866, , , , 
 ,20251209104520 2025-12-09 10:56:08.976391100 AM,31.81085328,54.64385322,1396.351,USER,Partial,Corrected,None,201, ,BYCODE(0), ,0.017,0.011,0.015,0.02,         BYLAYER,  BYCODE, ,0,Vertical,12/9/2025 10:56, , , , ,2.033,0.807,1.866, , , , 
 ,20251209104520 2025-12-09 10:56:10.967260600 AM,31.81073074,54.64370023,1396.031,USER,Fixed,Corrected,None,202, ,BYCODE(0), ,0.017,0.011,0.015,0.02,         BYLAYER,  BYCODE, ,0,Vertical,12/9/2025 10:56, , , , ,2.033,0.807,1.866, , , , 
 ,20251209104520 2025-12-09 10:56:12.987310200 AM,31.81060605,54.64354455,1395.738,USER,Fixed,Corrected,None,203, ,BYCODE(0), ,0.017,0.011,0.015,0.02,         BYLAYER,  BYCODE, ,0,Vertical,12/9/2025 10:56, , , , ,2.033,0.807,1.866, , , , 
 ,20251209104520 2025-12-09 10:56:14.949279100 AM,31.81048566,54.64339336,1395.425,USER,Fixed,Corrected,None,204, ,BYCODE(0), ,0.017,0.011,0.015,0.02,         BYLAYER,  BYCODE, ,0,Vertical,12/9/2025 10:56, , , , ,2.033,0.807,1.866, , , , 
 ,20251209104520 2025-12-09 10:56:16.952659800 AM,31.81036181,54.64323916,1395.154,USER,Partial,Corrected,None,205, ,BYCODE(0), ,0.017,0.011,0.015,0.02,         BYLAYER,  BYCODE, ,0,Vertical,12/9/2025 10:56, , , , ,2.032,0.807,1.866, , , , 
 ,20251209104520 2025-12-09 10:56:18.941619200 AM,31.81023954,54.6430864,1395.064,USER,Fixed,Corrected,None,206, ,BYCODE(0), ,0.017,0.011,0.015,0.02,         BYLAYER,  BYCODE, ,0,Vertical,12/9/2025 10:56, , , , ,2.032,0.806,1.865, , , , 
 ,20251209104520 2025-12-09 10:56:21.166472200 AM,31.81013404,54.64299507,1395.003,USER,Fixed,Corrected,None,207, ,BYCODE(0), ,0.017,0.011,0.015,0.02,         BYLAYER,  BYCODE, ,0,Vertical,12/9/2025 10:56, , , , ,2.032,0.806,1.865, , , , 
 ,20251209104520 2025-12-09 10:56:23.895941500 AM,31.80995643,54.64305588,1394.533,USER,Fixed,Corrected,None,208, ,BYCODE(0), ,0.017,0.011,0.015,0.02,         BYLAYER,  BYCODE, ,0,Vertical,12/9/2025 10:56, , , , ,2.032,0.806,1.865, , , , 
 ,20251209104520 2025-12-09 10:56:26.925506800 AM,31.80983707,54.64313311,1394.802,USER,Partial,Corrected,None,209, ,BYCODE(0), ,0.017,0.011,0.015,0.02,         BYLAYER,  BYCODE, ,0,Vertical,12/9/2025 10:56, , , , ,2.032,0.806,1.865, , , , 
 ,20251209104520 2025-12-09 10:56:30.149295300 AM,31.8099562,54.64330352,1394.429,USER,Fixed,Corrected,None,210, ,BYCODE(0), ,0.016,0.011,0.014,0.019,         BYLAYER,  BYCODE, ,0,Vertical,12/9/2025 10:56, , , , ,2.031,0.806,1.864, , , , 
 ,20251209104520 2025-12-09 10:56:32.140165100 AM,31.81008063,54.64346268,1394.878,USER,Fixed,Corrected,None,211, ,BYCODE(0), ,0.016,0.011,0.014,0.019,         BYLAYER,  BYCODE, ,0,Vertical,12/9/2025 10:56, , , , ,2.031,0.806,1.864, , , , 
 ,20251209104520 2025-12-09 10:56:34.139272700 AM,31.81020268,54.64361638,1395.563,USER,Partial,Corrected,None,212, ,BYCODE(0), ,0.016,0.011,0.014,0.019,         BYLAYER,  BYCODE, ,0,Vertical,12/9/2025 10:56, , , , ,2.031,0.806,1.864, , , , 
 ,20251209104520 2025-12-09 10:56:36.109405500 AM,31.8103241,54.64376761,1396.014,USER,Fixed,Corrected,None,213, ,BYCODE(0), ,0.016,0.011,0.014,0.019,         BYLAYER,  BYCODE, ,0,Vertical,12/9/2025 10:56, , , , ,2.031,0.806,1.864, , , , 
 ,20251209104520 2025-12-09 10:56:38.129159500 AM,31.81044884,54.64392296,1396.693,USER,Fixed,Corrected,None,214, ,BYCODE(0), ,0.016,0.011,0.014,0.019,         BYLAYER,  BYCODE, ,0,Vertical,12/9/2025 10:56, , , , ,2.031,0.806,1.864, , , , 
 ,20251209104520 2025-12-09 10:56:40.097122200 AM,31.81056923,54.64407462,1397.076,USER,Fixed,Corrected,None,215, ,BYCODE(0), ,0.016,0.011,0.014,0.019,         BYLAYER,  BYCODE, ,0,Vertical,12/9/2025 10:56, , , , ,2.03,0.806,1.864, , , , 
 ,20251209104520 2025-12-09 10:56:42.090039000 AM,31.81069163,54.64422879,1397.411,USER,Fixed,Corrected,None,216, ,BYCODE(0), ,0.016,0.011,0.014,0.019,         BYLAYER,  BYCODE, ,0,Vertical,12/9/2025 10:56, , , , ,2.03,0.806,1.863, , , , 
 ,20251209104520 2025-12-09 10:56:44.078953000 AM,31.81081367,54.64438245,1397.784,USER,Partial,Corrected,None,217, ,BYCODE(0), ,0.016,0.011,0.014,0.019,         BYLAYER,  BYCODE, ,0,Vertical,12/9/2025 10:56, , , , ,2.03,0.806,1.863, , , , 
 ,20251209104520 2025-12-09 10:56:46.071608100 AM,31.81093602,54.64453673,1398.171,USER,Fixed,Corrected,None,218, ,BYCODE(0), ,0.016,0.011,0.014,0.019,         BYLAYER,  BYCODE, ,0,Vertical,12/9/2025 10:56, , , , ,2.03,0.806,1.863, , , , 
 ,20251209104520 2025-12-09 10:56:48.064612600 AM,31.81105767,54.64469099,1398.547,USER,Partial,Corrected,None,219, ,BYCODE(0), ,0.016,0.011,0.014,0.019,         BYLAYER,  BYCODE, ,0,Vertical,12/9/2025 10:56, , , , ,2.03,0.806,1.863, , , , 
 ,20251209104520 2025-12-09 10:56:50.059299200 AM,31.8111801,54.64484551,1398.923,USER,Partial,Corrected,None,220, ,BYCODE(0), ,0.016,0.011,0.014,0.019,         BYLAYER,  BYCODE, ,0,Vertical,12/9/2025 10:56, , , , ,2.03,0.806,1.863, , , , 
 ,20251209104520 2025-12-09 10:56:52.051940000 AM,31.81130188,54.64499887,1399.377,USER,Partial,Corrected,None,221, ,BYCODE(0), ,0.016,0.011,0.014,0.019,         BYLAYER,  BYCODE, ,0,Vertical,12/9/2025 10:56, , , , ,2.029,0.806,1.863, , , , 
 ,20251209104520 2025-12-09 10:56:54.048969300 AM,31.81142484,54.64515298,1399.694,USER,Fixed,Corrected,None,222, ,BYCODE(0), ,0.016,0.011,0.014,0.019,         BYLAYER,  BYCODE, ,0,Vertical,12/9/2025 10:56, , , , ,2.029,0.806,1.862, , , , 
 ,20251209104520 2025-12-09 10:56:56.015456400 AM,31.81154591,54.6453041,1399.988,USER,Fixed,Corrected,None,223, ,BYCODE(0), ,0.016,0.011,0.014,0.019,         BYLAYER,  BYCODE, ,0,Vertical,12/9/2025 10:56, , , , ,2.029,0.806,1.862, , , , 
 ,20251209104520 2025-12-09 10:56:58.016518600 AM,31.81166885,54.64545893,1400.157,USER,Fixed,Corrected,None,224, ,BYCODE(0), ,0.016,0.011,0.014,0.019,         BYLAYER,  BYCODE, ,0,Vertical,12/9/2025 10:56, , , , ,2.029,0.806,1.862, , , , 
 ,20251209104520 2025-12-09 10:57:00.005232300 AM,31.81179103,54.64561263,1400.428,USER,Partial,Corrected,None,225, ,BYCODE(0), ,0.016,0.011,0.014,0.019,         BYLAYER,  BYCODE, ,0,Vertical,12/9/2025 10:57, , , , ,2.029,0.806,1.862, , , , 
 ,20251209104520 2025-12-09 10:57:01.995878700 AM,31.8119134,54.64576638,1400.776,USER,Fixed,Corrected,None,226, ,BYCODE(0), ,0.016,0.011,0.014,0.019,         BYLAYER,  BYCODE, ,0,Vertical,12/9/2025 10:57, , , , ,2.029,0.806,1.862, , , , 
 ,20251209104520 2025-12-09 10:57:03.996862900 AM,31.81203449,54.64591912,1401.149,USER,Fixed,Corrected,None,227, ,BYCODE(0), ,0.016,0.011,0.014,0.019,         BYLAYER,  BYCODE, ,0,Vertical,12/9/2025 10:57, , , , ,2.028,0.806,1.861, , , , 
 ,20251209104520 2025-12-09 10:57:06.755306500 AM,31.81209368,54.64603925,1401.459,USER,Fixed,Corrected,None,228, ,BYCODE(0), ,0.016,0.011,0.014,0.019,         BYLAYER,  BYCODE, ,0,Vertical,12/9/2025 10:57, , , , ,2.028,0.806,1.861, , , , 
 ,20251209104520 2025-12-09 10:57:10.047683700 AM,31.81192331,54.6461347,1401.124,USER,Partial,Corrected,None,229, ,BYCODE(0), ,0.016,0.011,0.014,0.019,         BYLAYER,  BYCODE, ,0,Vertical,12/9/2025 10:57, , , , ,2.028,0.806,1.861, , , , 
 ,20251209104520 2025-12-09 10:57:12.443454000 AM,31.81178675,54.64616954,1401.42,USER,Fixed,Corrected,None,230, ,BYCODE(0), ,0.016,0.011,0.014,0.019,         BYLAYER,  BYCODE, ,0,Vertical,12/9/2025 10:57, , , , ,2.028,0.806,1.861, , , , 
 ,20251209104520 2025-12-09 10:57:15.099761000 AM,31.81165289,54.64601848,1401.269,USER,Fixed,Corrected,None,231, ,BYCODE(0), ,0.016,0.011,0.014,0.019,         BYLAYER,  BYCODE, ,0,Vertical,12/9/2025 10:57, , , , ,2.027,0.805,1.86, , , , 
 ,20251209104520 2025-12-09 10:57:17.096818200 AM,31.81152811,54.64586426,1400.873,USER,Fixed,Corrected,None,232, ,BYCODE(0), ,0.016,0.011,0.014,0.019,         BYLAYER,  BYCODE, ,0,Vertical,12/9/2025 10:57, , , , ,2.027,0.805,1.86, , , , 
 ,20251209104520 2025-12-09 10:57:19.089551700 AM,31.81140616,54.6457113,1400.654,USER,Fixed,Corrected,None,233, ,BYCODE(0), ,0.016,0.011,0.014,0.019,         BYLAYER,  BYCODE, ,0,Vertical,12/9/2025 10:57, , , , ,2.027,0.805,1.86, , , , 
 ,20251209104520 2025-12-09 10:57:21.097129800 AM,31.81128284,54.64555628,1400.465,USER,Fixed,Corrected,None,234, ,BYCODE(0), ,0.016,0.011,0.014,0.019,         BYLAYER,  BYCODE, ,0,Vertical,12/9/2025 10:57, , , , ,2.027,0.805,1.86, , , , 
 ,20251209104520 2025-12-09 10:57:23.065559900 AM,31.81116232,54.64540487,1400.339,USER,Fixed,Corrected,None,235, ,BYCODE(0), ,0.016,0.011,0.014,0.019,         BYLAYER,  BYCODE, ,0,Vertical,12/9/2025 10:57, , , , ,2.027,0.805,1.86, , , , 
 ,20251209104520 2025-12-09 10:57:25.052125700 AM,31.81104021,54.64525175,1400.02,USER,Fixed,Corrected,None,236, ,BYCODE(0), ,0.016,0.011,0.014,0.019,         BYLAYER,  BYCODE, ,0,Vertical,12/9/2025 10:57, , , , ,2.026,0.805,1.859, , , , 
 ,20251209104520 2025-12-09 10:57:27.047267200 AM,31.81091748,54.64509802,1399.772,USER,Fixed,Corrected,None,237, ,BYCODE(0), ,0.016,0.011,0.014,0.019,         BYLAYER,  BYCODE, ,0,Vertical,12/9/2025 10:57, , , , ,2.026,0.805,1.859, , , , 
 ,20251209104520 2025-12-09 10:57:29.036135900 AM,31.81079544,54.64494402,1399.693,USER,Fixed,Corrected,None,238, ,BYCODE(0), ,0.016,0.011,0.014,0.019,         BYLAYER,  BYCODE, ,0,Vertical,12/9/2025 10:57, , , , ,2.026,0.805,1.859, , , , 
 ,20251209104520 2025-12-09 10:57:31.031216600 AM,31.81067262,54.64479028,1399.535,USER,Fixed,Corrected,None,239, ,BYCODE(0), ,0.016,0.011,0.014,0.019,         BYLAYER,  BYCODE, ,0,Vertical,12/9/2025 10:57, , , , ,2.026,0.805,1.859, , , , 
 ,20251209104520 2025-12-09 10:57:33.022039400 AM,31.81055012,54.6446367,1399.329,USER,Fixed,Corrected,None,240, ,BYCODE(0), ,0.016,0.011,0.014,0.019,         BYLAYER,  BYCODE, ,0,Vertical,12/9/2025 10:57, , , , ,2.026,0.805,1.859, , , , 
 ,20251209104520 2025-12-09 10:57:35.017149200 AM,31.81042734,54.64448257,1398.91,USER,Fixed,Corrected,None,241, ,BYCODE(0), ,0.016,0.011,0.014,0.019,         BYLAYER,  BYCODE, ,0,Vertical,12/9/2025 10:57, , , , ,2.025,0.805,1.858, , , , 
 ,20251209104520 2025-12-09 10:57:37.005988400 AM,31.81030538,54.64432997,1398.566,USER,Fixed,Corrected,None,242, ,BYCODE(0), ,0.016,0.011,0.014,0.019,         BYLAYER,  BYCODE, ,0,Vertical,12/9/2025 10:57, , , , ,2.025,0.805,1.858, , , , 
 ,20251209104520 2025-12-09 10:57:39.003012200 AM,31.8101822,54.64417633,1398.217,USER,Fixed,Corrected,None,243, ,BYCODE(0), ,0.016,0.011,0.014,0.019,         BYLAYER,  BYCODE, ,0,Vertical,12/9/2025 10:57, , , , ,2.025,0.805,1.858, , , , 
 ,20251209104520 2025-12-09 10:57:40.997865200 AM,31.81005992,54.64402223,1397.79,USER,Fixed,Corrected,None,244, ,BYCODE(0), ,0.016,0.011,0.014,0.019,         BYLAYER,  BYCODE, ,0,Vertical,12/9/2025 10:57, , , , ,2.025,0.805,1.858, , , , 
 ,20251209104520 2025-12-09 10:57:42.961804900 AM,31.80993994,54.64387054,1397.393,USER,Fixed,Corrected,None,245, ,BYCODE(0), ,0.016,0.011,0.014,0.019,         BYLAYER,  BYCODE, ,0,Vertical,12/9/2025 10:57, , , , ,2.025,0.805,1.858, , , , 
 ,20251209104520 2025-12-09 10:57:44.950757000 AM,31.8098178,54.64371717,1397.072,USER,Fixed,Corrected,None,246, ,BYCODE(0), ,0.016,0.011,0.014,0.019,         BYLAYER,  BYCODE, ,0,Vertical,12/9/2025 10:57, , , , ,2.024,0.805,1.857, , , , 
 ,20251209104520 2025-12-09 10:57:46.939804300 AM,31.80969543,54.64356332,1396.742,USER,Fixed,Corrected,None,247, ,BYCODE(0), ,0.016,0.011,0.014,0.019,         BYLAYER,  BYCODE, ,0,Vertical,12/9/2025 10:57, , , , ,2.024,0.805,1.857, , , , 
 ,20251209104520 2025-12-09 10:57:48.934832300 AM,31.80957271,54.64340945,1396.399,USER,Fixed,Corrected,None,248, ,BYCODE(0), ,0.016,0.011,0.014,0.019,         BYLAYER,  BYCODE, ,0,Vertical,12/9/2025 10:57, , , , ,2.024,0.805,1.857, , , , 
 ,20251209104520 2025-12-09 10:57:51.539046300 AM,31.80944228,54.64328731,1396.227,USER,Fixed,Corrected,None,249, ,BYCODE(0), ,0.016,0.011,0.014,0.019,         BYLAYER,  BYCODE, ,0,Vertical,12/9/2025 10:57, , , , ,2.024,0.805,1.857, , , , 
 ,20251209104520 2025-12-09 10:57:54.295717500 AM,31.80926352,54.64334614,1395.976,USER,Fixed,Corrected,None,250, ,BYCODE(0), ,0.016,0.011,0.014,0.019,         BYLAYER,  BYCODE, ,0,Vertical,12/9/2025 10:57, , , , ,2.023,0.805,1.857, , , , 
 ,20251209104520 2025-12-09 10:57:57.352811300 AM,31.80914216,54.64342535,1396.815,USER,Fixed,Corrected,None,251, ,BYCODE(0), ,0.016,0.011,0.014,0.02,         BYLAYER,  BYCODE, ,0,Vertical,12/9/2025 10:57, , , , ,2.023,0.805,1.856, , , , 
 ,20251209104520 2025-12-09 10:58:00.574626900 AM,31.80926065,54.64359339,1396.634,USER,Fixed,Corrected,None,252, ,BYCODE(0), ,0.016,0.011,0.014,0.019,         BYLAYER,  BYCODE, ,0,Vertical,12/9/2025 10:58, , , , ,2.023,0.805,1.856, , , , 
 ,20251209104520 2025-12-09 10:58:02.598628800 AM,31.80938614,54.6437559,1396.831,USER,Fixed,Corrected,None,253, ,BYCODE(0), ,0.016,0.011,0.014,0.019,         BYLAYER,  BYCODE, ,0,Vertical,12/9/2025 10:58, , , , ,2.023,0.805,1.856, , , , 
 ,20251209104520 2025-12-09 10:58:04.560719500 AM,31.80950628,54.6439088,1397.522,USER,Fixed,Corrected,None,254, ,BYCODE(0), ,0.016,0.011,0.014,0.019,         BYLAYER,  BYCODE, ,0,Vertical,12/9/2025 10:58, , , , ,2.022,0.805,1.855, , , , 
 ,20251209104520 2025-12-09 10:58:06.549479700 AM,31.80962887,54.64406196,1398.062,USER,Fixed,Corrected,None,255, ,BYCODE(0), ,0.016,0.011,0.014,0.019,         BYLAYER,  BYCODE, ,0,Vertical,12/9/2025 10:58, , , , ,2.022,0.805,1.855, , , , 
 ,20251209104520 2025-12-09 10:58:08.540408600 AM,31.80975199,54.64421599,1398.736,USER,Fixed,Corrected,None,256, ,BYCODE(0), ,0.016,0.011,0.014,0.019,         BYLAYER,  BYCODE, ,0,Vertical,12/9/2025 10:58, , , , ,2.022,0.805,1.855, , , , 
 ,20251209104520 2025-12-09 10:58:10.529166200 AM,31.80987342,54.64436944,1399.283,USER,Fixed,Corrected,None,257, ,BYCODE(0), ,0.016,0.011,0.014,0.019,         BYLAYER,  BYCODE, ,0,Vertical,12/9/2025 10:58, , , , ,2.022,0.804,1.855, , , , 
 ,20251209104520 2025-12-09 10:58:12.521916900 AM,31.80999536,54.64452258,1399.417,USER,Fixed,Corrected,None,258, ,BYCODE(0), ,0.016,0.011,0.014,0.019,         BYLAYER,  BYCODE, ,0,Vertical,12/9/2025 10:58, , , , ,2.022,0.804,1.855, , , , 
 ,20251209104520 2025-12-09 10:58:14.510888300 AM,31.81011827,54.6446765,1399.639,USER,Fixed,Corrected,None,259, ,BYCODE(0), ,0.016,0.011,0.014,0.019,         BYLAYER,  BYCODE, ,0,Vertical,12/9/2025 10:58, , , , ,2.021,0.804,1.854, , , , 
 ,20251209104520 2025-12-09 10:58:16.501797000 AM,31.81024011,54.64483016,1400.063,USER,Fixed,Corrected,None,260, ,BYCODE(0), ,0.016,0.011,0.014,0.019,         BYLAYER,  BYCODE, ,0,Vertical,12/9/2025 10:58, , , , ,2.021,0.804,1.854, , , , 
 ,20251209104520 2025-12-09 10:58:18.490435400 AM,31.8103621,54.64498294,1400.421,USER,Fixed,Corrected,None,261, ,BYCODE(0), ,0.016,0.011,0.014,0.019,         BYLAYER,  BYCODE, ,0,Vertical,12/9/2025 10:58, , , , ,2.021,0.804,1.854, , , , 
 ,20251209104520 2025-12-09 10:58:20.479363000 AM,31.81048448,54.64513455,1400.429,USER,Fixed,Corrected,None,262, ,BYCODE(0), ,0.016,0.011,0.014,0.019,         BYLAYER,  BYCODE, ,0,Vertical,12/9/2025 10:58, , , , ,2.021,0.804,1.854, , , , 
 ,20251209104520 2025-12-09 10:58:22.470205300 AM,31.81060737,54.64529007,1400.667,USER,Fixed,Corrected,None,263, ,BYCODE(0), ,0.016,0.011,0.014,0.019,         BYLAYER,  BYCODE, ,0,Vertical,12/9/2025 10:58, , , , ,2.02,0.804,1.854, , , , 
 ,20251209104520 2025-12-09 10:58:24.458994900 AM,31.81072979,54.64544395,1401.054,USER,Fixed,Corrected,None,264, ,BYCODE(0), ,0.016,0.011,0.014,0.019,         BYLAYER,  BYCODE, ,0,Vertical,12/9/2025 10:58, , , , ,2.02,0.804,1.853, , , , 
 ,20251209104520 2025-12-09 10:58:26.447973300 AM,31.81085231,54.64559787,1401.48,USER,Fixed,Corrected,None,265, ,BYCODE(0), ,0.016,0.011,0.014,0.019,         BYLAYER,  BYCODE, ,0,Vertical,12/9/2025 10:58, , , , ,2.02,0.804,1.853, , , , 
 ,20251209104520 2025-12-09 10:58:28.440673600 AM,31.81097448,54.64575094,1401.931,USER,Fixed,Corrected,None,266, ,BYCODE(0), ,0.016,0.011,0.014,0.019,         BYLAYER,  BYCODE, ,0,Vertical,12/9/2025 10:58, , , , ,2.02,0.804,1.853, , , , 
 ,20251209104520 2025-12-09 10:58:30.433426100 AM,31.81109603,54.64590382,1402.017,USER,Fixed,Corrected,None,267, ,BYCODE(0), ,0.016,0.011,0.014,0.019,         BYLAYER,  BYCODE, ,0,Vertical,12/9/2025 10:58, , , , ,2.02,0.804,1.853, , , , 
 ,20251209104520 2025-12-09 10:58:32.425994600 AM,31.81121879,54.64605907,1402.211,USER,Fixed,Corrected,None,268, ,BYCODE(0), ,0.016,0.011,0.014,0.019,         BYLAYER,  BYCODE, ,0,Vertical,12/9/2025 10:58, , , , ,2.019,0.804,1.852, , , , 
 ,20251209104520 2025-12-09 10:58:34.418873100 AM,31.81134077,54.64621228,1402.582,USER,Fixed,Corrected,None,269, ,BYCODE(0), ,0.016,0.011,0.014,0.019,         BYLAYER,  BYCODE, ,0,Vertical,12/9/2025 10:58, , , , ,2.019,0.804,1.852, , , , 
 ,20251209104520 2025-12-09 10:58:37.575836200 AM,31.8114223,54.64635626,1402.884,USER,Partial,Corrected,None,270, ,BYCODE(0), ,0.016,0.011,0.014,0.019,         BYLAYER,  BYCODE, ,0,Vertical,12/9/2025 10:58, , , , ,2.019,0.804,1.852, , , , 
 ,20251209104520 2025-12-09 10:58:40.934955600 AM,31.81124452,54.64643301,1402.719,USER,Fixed,Corrected,None,271, ,BYCODE(0), ,0.016,0.011,0.014,0.019,         BYLAYER,  BYCODE, ,0,Vertical,12/9/2025 10:58, , , , ,2.018,0.804,1.851, , , , 
 ,20251209104520 2025-12-09 10:58:43.391202700 AM,31.81109103,54.64645977,1402.913,USER,Partial,Corrected,None,272, ,BYCODE(0), ,0.016,0.011,0.014,0.019,         BYLAYER,  BYCODE, ,0,Vertical,12/9/2025 10:58, , , , ,2.018,0.804,1.851, , , , 
 ,20251209104520 2025-12-09 10:58:45.982980300 AM,31.81095618,54.64630559,1402.827,USER,Fixed,Corrected,None,273, ,BYCODE(0), ,0.016,0.011,0.014,0.019,         BYLAYER,  BYCODE, ,0,Vertical,12/9/2025 10:58, , , , ,2.018,0.804,1.851, , , , 
 ,20251209104520 2025-12-09 10:58:47.957143100 AM,31.81083298,54.64615368,1402.584,USER,Fixed,Corrected,None,274, ,BYCODE(0), ,0.016,0.011,0.014,0.019,         BYLAYER,  BYCODE, ,0,Vertical,12/9/2025 10:58, , , , ,2.018,0.804,1.851, , , , 
 ,20251209104520 2025-12-09 10:58:49.952060500 AM,31.81071099,54.64600045,1402.307,USER,Fixed,Corrected,None,275, ,BYCODE(0), ,0.016,0.011,0.014,0.019,         BYLAYER,  BYCODE, ,0,Vertical,12/9/2025 10:58, , , , ,2.017,0.804,1.85, , , , 
 ,20251209104520 2025-12-09 10:58:51.910470700 AM,31.810591,54.6458498,1402.082,USER,Fixed,Corrected,None,276, ,BYCODE(0), ,0.016,0.011,0.014,0.019,         BYLAYER,  BYCODE, ,0,Vertical,12/9/2025 10:58, , , , ,2.017,0.804,1.85, , , , 
 ,20251209104520 2025-12-09 10:58:53.936257600 AM,31.81046722,54.64569331,1401.695,USER,Fixed,Corrected,None,277, ,BYCODE(0), ,0.016,0.011,0.014,0.019,         BYLAYER,  BYCODE, ,0,Vertical,12/9/2025 10:58, , , , ,2.017,0.804,1.85, , , , 
 ,20251209104520 2025-12-09 10:58:55.894438000 AM,31.81034706,54.64554221,1401.267,USER,Fixed,Corrected,None,278, ,BYCODE(0), ,0.016,0.011,0.014,0.019,         BYLAYER,  BYCODE, ,0,Vertical,12/9/2025 10:58, , , , ,2.017,0.804,1.85, , , , 
 ,20251209104520 2025-12-09 10:58:57.891200500 AM,31.8102243,54.64538805,1400.994,USER,Fixed,Corrected,None,279, ,BYCODE(0), ,0.016,0.011,0.014,0.019,         BYLAYER,  BYCODE, ,0,Vertical,12/9/2025 10:58, , , , ,2.017,0.804,1.85, , , , 
 ,20251209104520 2025-12-09 10:58:59.879783400 AM,31.81010191,54.6452347,1400.75,USER,Fixed,Corrected,None,280, ,BYCODE(0), ,0.016,0.011,0.014,0.019,         BYLAYER,  BYCODE, ,0,Vertical,12/9/2025 10:58:60 AM, , , , ,2.016,0.804,1.849, , , , 
 ,20251209104520 2025-12-09 10:59:01.870803100 AM,31.80997951,54.64508114,1400.45,USER,Fixed,Corrected,None,281, ,BYCODE(0), ,0.016,0.011,0.014,0.019,         BYLAYER,  BYCODE, ,0,Vertical,12/9/2025 10:59, , , , ,2.016,0.804,1.849, , , , 
 ,20251209104520 2025-12-09 10:59:03.869952700 AM,31.80985665,54.64492753,1399.997,USER,Fixed,Corrected,None,282, ,BYCODE(0), ,0.016,0.011,0.014,0.019,         BYLAYER,  BYCODE, ,0,Vertical,12/9/2025 10:59, , , , ,2.016,0.804,1.849, , , , 
 ,20251209104520 2025-12-09 10:59:05.860882300 AM,31.80973392,54.64477425,1399.773,USER,Fixed,Corrected,None,283, ,BYCODE(0), ,0.016,0.011,0.014,0.019,         BYLAYER,  BYCODE, ,0,Vertical,12/9/2025 10:59, , , , ,2.016,0.804,1.849, , , , 
 ,20251209104520 2025-12-09 10:59:07.835150700 AM,31.80961258,54.64462168,1399.543,USER,Fixed,Corrected,None,284, ,BYCODE(0), ,0.016,0.011,0.014,0.019,         BYLAYER,  BYCODE, ,0,Vertical,12/9/2025 10:59, , , , ,2.015,0.804,1.848, , , , 
 ,20251209104520 2025-12-09 10:59:09.826030000 AM,31.80949069,54.64446795,1399.242,USER,Fixed,Corrected,None,285, ,BYCODE(0), ,0.016,0.011,0.014,0.019,         BYLAYER,  BYCODE, ,0,Vertical,12/9/2025 10:59, , , , ,2.015,0.803,1.848, , , , 
 ,20251209104520 2025-12-09 10:59:11.821071600 AM,31.80936848,54.64431414,1398.904,USER,Fixed,Corrected,None,286, ,BYCODE(0), ,0.016,0.011,0.014,0.019,         BYLAYER,  BYCODE, ,0,Vertical,12/9/2025 10:59, , , , ,2.015,0.803,1.848, , , , 
 ,20251209104520 2025-12-09 10:59:13.813951300 AM,31.80924593,54.64416026,1398.593,USER,Fixed,Corrected,None,287, ,BYCODE(0), ,0.016,0.011,0.014,0.02,         BYLAYER,  BYCODE, ,0,Vertical,12/9/2025 10:59, , , , ,2.015,0.803,1.848, , , , 
 ,20251209104520 2025-12-09 10:59:15.808978800 AM,31.80912348,54.64400663,1398.277,USER,Fixed,Corrected,None,288, ,BYCODE(0), ,0.016,0.011,0.014,0.02,         BYLAYER,  BYCODE, ,0,Vertical,12/9/2025 10:59, , , , ,2.014,0.803,1.847, , , , 
 ,20251209104520 2025-12-09 10:59:17.803970300 AM,31.8090007,54.64385283,1397.962,USER,Fixed,Corrected,None,289, ,BYCODE(0), ,0.016,0.011,0.014,0.02,         BYLAYER,  BYCODE, ,0,Vertical,12/9/2025 10:59, , , , ,2.014,0.803,1.847, , , , 
 ,20251209104520 2025-12-09 10:59:19.794970000 AM,31.80887808,54.64369905,1397.705,USER,Partial,Corrected,None,290, ,BYCODE(0), ,0.016,0.011,0.014,0.02,         BYLAYER,  BYCODE, ,0,Vertical,12/9/2025 10:59, , , , ,2.014,0.803,1.847, , , , 
 ,20251209104520 2025-12-09 10:59:22.424348100 AM,31.80874615,54.64357867,1397.582,USER,Fixed,Corrected,None,291, ,BYCODE(0), ,0.016,0.011,0.014,0.02,         BYLAYER,  BYCODE, ,0,Vertical,12/9/2025 10:59, , , , ,2.014,0.803,1.847, , , , 
 ,20251209104520 2025-12-09 10:59:25.145626300 AM,31.80856969,54.64363788,1397.252,USER,Fixed,Corrected,None,292, ,BYCODE(0), ,0.016,0.011,0.014,0.02,         BYLAYER,  BYCODE, ,0,Vertical,12/9/2025 10:59, , , , ,2.013,0.803,1.846, , , , 
 ,20251209104520 2025-12-09 10:59:28.175286300 AM,31.80845029,54.64371653,1397.748,USER,Fixed,Corrected,None,293, ,BYCODE(0), ,0.016,0.011,0.014,0.02,         BYLAYER,  BYCODE, ,0,Vertical,12/9/2025 10:59, , , , ,2.013,0.803,1.846, , , , 
 ,20251209104520 2025-12-09 10:59:31.400978100 AM,31.80856954,54.64388573,1397.927,USER,Fixed,Corrected,None,294, ,BYCODE(0), ,0.016,0.011,0.014,0.02,         BYLAYER,  BYCODE, ,0,Vertical,12/9/2025 10:59, , , , ,2.013,0.803,1.845, , , , 
 ,20251209104520 2025-12-09 10:59:33.395957700 AM,31.80869261,54.64404405,1398.393,USER,Fixed,Corrected,None,295, ,BYCODE(0), ,0.016,0.011,0.014,0.02,         BYLAYER,  BYCODE, ,0,Vertical,12/9/2025 10:59, , , , ,2.012,0.803,1.845, , , , 
 ,20251209104520 2025-12-09 10:59:35.395028600 AM,31.80881523,54.64419913,1399.195,USER,Partial,Corrected,None,296, ,BYCODE(0), ,0.016,0.011,0.014,0.02,         BYLAYER,  BYCODE, ,0,Vertical,12/9/2025 10:59, , , , ,2.012,0.803,1.845, , , , 
 ,20251209104520 2025-12-09 10:59:37.388150000 AM,31.80893697,54.64435251,1399.742,USER,Fixed,Corrected,None,297, ,BYCODE(0), ,0.016,0.011,0.014,0.02,         BYLAYER,  BYCODE, ,0,Vertical,12/9/2025 10:59, , , , ,2.012,0.803,1.845, , , , 
 ,20251209104520 2025-12-09 10:59:39.379105100 AM,31.8090596,54.64450567,1400.083,USER,Fixed,Corrected,None,298, ,BYCODE(0), ,0.016,0.011,0.014,0.02,         BYLAYER,  BYCODE, ,0,Vertical,12/9/2025 10:59, , , , ,2.012,0.803,1.844, , , , 
 ,20251209104520 2025-12-09 10:59:41.370048300 AM,31.80918264,54.64465901,1400.369,USER,Fixed,Corrected,None,299, ,BYCODE(0), ,0.016,0.011,0.014,0.02,         BYLAYER,  BYCODE, ,0,Vertical,12/9/2025 10:59, , , , ,2.011,0.803,1.844, , , , 
 ,20251209104520 2025-12-09 10:59:43.360559200 AM,31.8093057,54.6448134,1400.705,USER,Fixed,Corrected,None,300, ,BYCODE(0), ,0.016,0.011,0.014,0.02,         BYLAYER,  BYCODE, ,0,Vertical,12/9/2025 10:59, , , , ,2.011,0.803,1.844, , , , 
 ,20251209104520 2025-12-09 10:59:45.357512700 AM,31.80942745,54.64496755,1401.03,USER,Partial,Corrected,None,301, ,BYCODE(0), ,0.016,0.011,0.014,0.02,         BYLAYER,  BYCODE, ,0,Vertical,12/9/2025 10:59, , , , ,2.011,0.803,1.844, , , , 
 ,20251209104520 2025-12-09 10:59:47.352257500 AM,31.80955,54.64512032,1401.163,USER,Fixed,Corrected,None,302, ,BYCODE(0), ,0.016,0.011,0.014,0.019,         BYLAYER,  BYCODE, ,0,Vertical,12/9/2025 10:59, , , , ,2.011,0.803,1.843, , , , 
 ,20251209104520 2025-12-09 10:59:49.314354700 AM,31.80967086,54.64527181,1401.43,USER,Fixed,Corrected,None,303, ,BYCODE(0), ,0.016,0.011,0.014,0.019,         BYLAYER,  BYCODE, ,0,Vertical,12/9/2025 10:59, , , , ,2.01,0.803,1.843, , , , 
 ,20251209104520 2025-12-09 10:59:51.338463500 AM,31.8097951,54.64542801,1401.767,USER,Fixed,Corrected,None,304, ,BYCODE(0), ,0.016,0.011,0.014,0.019,         BYLAYER,  BYCODE, ,0,Vertical,12/9/2025 10:59, , , , ,2.01,0.803,1.843, , , , 
 ,20251209104520 2025-12-09 10:59:53.298641700 AM,31.80991594,54.64557889,1402.106,USER,Fixed,Corrected,None,305, ,BYCODE(0), ,0.016,0.011,0.014,0.019,         BYLAYER,  BYCODE, ,0,Vertical,12/9/2025 10:59, , , , ,2.01,0.803,1.843, , , , 
 ,20251209104520 2025-12-09 10:59:55.318441400 AM,31.81003993,54.6457356,1402.433,USER,Fixed,Corrected,None,306, ,BYCODE(0), ,0.016,0.011,0.014,0.019,         BYLAYER,  BYCODE, ,0,Vertical,12/9/2025 10:59, , , , ,2.01,0.803,1.842, , , , 
 ,20251209104520 2025-12-09 10:59:57.280761700 AM,31.81016049,54.64588756,1402.934,USER,Fixed,Corrected,None,307, ,BYCODE(0), ,0.016,0.011,0.014,0.019,         BYLAYER,  BYCODE, ,0,Vertical,12/9/2025 10:59, , , , ,2.009,0.803,1.842, , , , 
 ,20251209104520 2025-12-09 10:59:59.288090700 AM,31.81028404,54.64604193,1403.382,USER,Fixed,Corrected,None,308, ,BYCODE(0), ,0.016,0.011,0.014,0.019,         BYLAYER,  BYCODE, ,0,Vertical,12/9/2025 10:59, , , , ,2.009,0.803,1.842, , , , 
 ,20251209104520 2025-12-09 11:00:01.280991100 AM,31.81040658,54.64619573,1403.706,USER,Fixed,Corrected,None,309, ,BYCODE(0), ,0.016,0.011,0.014,0.019,         BYLAYER,  BYCODE, ,0,Vertical,12/9/2025 11:00, , , , ,2.009,0.803,1.842, , , , 
 ,20251209104520 2025-12-09 11:00:03.269821600 AM,31.81052872,54.64634817,1403.949,USER,Fixed,Corrected,None,310, ,BYCODE(0), ,0.016,0.011,0.014,0.019,         BYLAYER,  BYCODE, ,0,Vertical,12/9/2025 11:00, , , , ,2.009,0.803,1.841, , , , 
 ,20251209104520 2025-12-09 11:00:05.297794100 AM,31.81065021,54.64650127,1404.227,USER,Fixed,Corrected,None,311, ,BYCODE(0), ,0.016,0.011,0.014,0.019,         BYLAYER,  BYCODE, ,0,Vertical,12/9/2025 11:00, , , , ,2.008,0.803,1.841, , , , 
 ,20251209104520 2025-12-09 11:00:07.899999400 AM,31.81070048,54.6466095,1404.444,USER,Fixed,Corrected,None,312, ,BYCODE(0), ,0.016,0.011,0.014,0.019,         BYLAYER,  BYCODE, ,0,Vertical,12/9/2025 11:00, , , , ,2.008,0.803,1.841, , , , 
 ,20251209104520 2025-12-09 11:00:11.263377200 AM,31.81052159,54.64668301,1403.894,USER,Fixed,Corrected,None,313, ,BYCODE(0), ,0.016,0.011,0.014,0.02,         BYLAYER,  BYCODE, ,0,Vertical,12/9/2025 11:00, , , , ,2.008,0.803,1.84, , , , 
 ,20251209104520 2025-12-09 11:00:13.721651300 AM,31.81036716,54.64670789,1404.141,USER,Fixed,Corrected,None,314, ,BYCODE(0), ,0.016,0.011,0.014,0.019,         BYLAYER,  BYCODE, ,0,Vertical,12/9/2025 11:00, , , , ,2.007,0.802,1.84, , , , 
 ,20251209104520 2025-12-09 11:00:16.286424400 AM,31.8102328,54.64655494,1404.031,USER,Fixed,Corrected,None,315, ,BYCODE(0), ,0.016,0.011,0.014,0.019,         BYLAYER,  BYCODE, ,0,Vertical,12/9/2025 11:00, , , , ,2.007,0.802,1.84, , , , 
 ,20251209104520 2025-12-09 11:00:18.277143700 AM,31.81010911,54.64640195,1403.636,USER,Fixed,Corrected,None,316, ,BYCODE(0), ,0.016,0.011,0.014,0.019,         BYLAYER,  BYCODE, ,0,Vertical,12/9/2025 11:00, , , , ,2.007,0.802,1.839, , , , 
 ,20251209104520 2025-12-09 11:00:20.272104300 AM,31.80998707,54.64624889,1403.304,USER,Fixed,Corrected,None,317, ,BYCODE(0), ,0.016,0.011,0.014,0.019,         BYLAYER,  BYCODE, ,0,Vertical,12/9/2025 11:00, , , , ,2.007,0.802,1.839, , , , 
 ,20251209104520 2025-12-09 11:00:22.267098700 AM,31.80986512,54.64609575,1402.992,USER,Fixed,Corrected,None,318, ,BYCODE(0), ,0.016,0.011,0.014,0.019,         BYLAYER,  BYCODE, ,0,Vertical,12/9/2025 11:00, , , , ,2.006,0.802,1.839, , , , 
 ,20251209104520 2025-12-09 11:00:24.253654200 AM,31.80974306,54.64594242,1402.659,USER,Fixed,Corrected,None,319, ,BYCODE(0), ,0.016,0.011,0.014,0.019,         BYLAYER,  BYCODE, ,0,Vertical,12/9/2025 11:00, , , , ,2.006,0.802,1.839, , , , 
 ,20251209104520 2025-12-09 11:00:26.242549900 AM,31.80962068,54.64578912,1402.387,USER,Fixed,Corrected,None,320, ,BYCODE(0), ,0.016,0.011,0.014,0.019,         BYLAYER,  BYCODE, ,0,Vertical,12/9/2025 11:00, , , , ,2.006,0.802,1.838, , , , 
 ,20251209104520 2025-12-09 11:00:28.231502500 AM,31.80949823,54.64563552,1402.16,USER,Fixed,Corrected,None,321, ,BYCODE(0), ,0.016,0.011,0.014,0.019,         BYLAYER,  BYCODE, ,0,Vertical,12/9/2025 11:00, , , , ,2.006,0.802,1.838, , , , 
 ,20251209104520 2025-12-09 11:00:30.222491000 AM,31.80937626,54.64548136,1401.835,USER,Fixed,Corrected,None,322, ,BYCODE(0), ,0.016,0.011,0.014,0.02,         BYLAYER,  BYCODE, ,0,Vertical,12/9/2025 11:00, , , , ,2.005,0.802,1.838, , , , 
 ,20251209104520 2025-12-09 11:00:32.211346600 AM,31.80925406,54.64532776,1401.465,USER,Fixed,Corrected,None,323, ,BYCODE(0), ,0.016,0.011,0.014,0.02,         BYLAYER,  BYCODE, ,0,Vertical,12/9/2025 11:00, , , , ,2.005,0.802,1.838, , , , 
 ,20251209104520 2025-12-09 11:00:34.206375100 AM,31.80913117,54.64517449,1401.247,USER,Fixed,Corrected,None,324, ,BYCODE(0), ,0.016,0.011,0.014,0.02,         BYLAYER,  BYCODE, ,0,Vertical,12/9/2025 11:00, , , , ,2.005,0.802,1.837, , , , 
 ,20251209104520 2025-12-09 11:00:36.195194700 AM,31.80900914,54.64502132,1401.152,USER,Fixed,Corrected,None,325, ,BYCODE(0), ,0.016,0.011,0.014,0.02,         BYLAYER,  BYCODE, ,0,Vertical,12/9/2025 11:00, , , , ,2.005,0.802,1.837, , , , 
 ,20251209104520 2025-12-09 11:00:38.186176300 AM,31.80888658,54.64486665,1401.117,USER,Fixed,Corrected,None,326, ,BYCODE(0), ,0.016,0.011,0.014,0.02,         BYLAYER,  BYCODE, ,0,Vertical,12/9/2025 11:00, , , , ,1.859,0.783,1.687, , , , 
 ,20251209104520 2025-12-09 11:00:40.176948800 AM,31.80876442,54.64471278,1400.971,USER,Fixed,Corrected,None,327, ,BYCODE(0), ,0.016,0.011,0.014,0.02,         BYLAYER,  BYCODE, ,0,Vertical,12/9/2025 11:00, , , , ,1.859,0.783,1.687, , , , 
 ,20251209104520 2025-12-09 11:00:42.167720600 AM,31.80864213,54.64455942,1400.47,USER,Fixed,Corrected,None,328, ,BYCODE(0), ,0.016,0.012,0.014,0.019,         BYLAYER,  BYCODE, ,0,Vertical,12/9/2025 11:00, , , , ,1.717,0.764,1.537, , , , 
 ,20251209104520 2025-12-09 11:00:44.158677100 AM,31.80851993,54.64440637,1399.955,USER,Fixed,Corrected,None,329, ,BYCODE(0), ,0.016,0.012,0.014,0.019,         BYLAYER,  BYCODE, ,0,Vertical,12/9/2025 11:00, , , , ,1.717,0.764,1.538, , , , 
 ,20251209104520 2025-12-09 11:00:46.151622800 AM,31.80839759,54.64425246,1399.473,USER,Fixed,Corrected,None,330, ,BYCODE(0), ,0.016,0.012,0.014,0.019,         BYLAYER,  BYCODE, ,0,Vertical,12/9/2025 11:00, , , , ,1.717,0.764,1.538, , , , 
 ,20251209104520 2025-12-09 11:00:48.142536400 AM,31.80827552,54.64409921,1399.121,USER,Fixed,Corrected,None,331, ,BYCODE(0), ,0.016,0.012,0.014,0.019,         BYLAYER,  BYCODE, ,0,Vertical,12/9/2025 11:00, , , , ,1.717,0.764,1.538, , , , 
 ,20251209104520 2025-12-09 11:00:50.131514300 AM,31.80815487,54.64394779,1398.921,USER,Fixed,Corrected,None,332, ,BYCODE(0), ,0.016,0.012,0.014,0.019,         BYLAYER,  BYCODE, ,0,Vertical,12/9/2025 11:00, , , , ,1.717,0.764,1.538, , , , 
 ,20251209104520 2025-12-09 11:00:52.188755500 AM,31.80805758,54.64387026,1398.674,USER,Fixed,Corrected,None,333, ,BYCODE(0), ,0.016,0.012,0.014,0.019,         BYLAYER,  BYCODE, ,0,Vertical,12/9/2025 11:00, , , , ,1.717,0.764,1.538, , , , 
 ,20251209104520 2025-12-09 11:00:54.914163100 AM,31.80787996,54.64392959,1398.21,USER,Fixed,Corrected,None,334, ,BYCODE(0), ,0.016,0.012,0.014,0.02,         BYLAYER,  BYCODE, ,0,Vertical,12/9/2025 11:00, , , , ,1.718,0.764,1.539, , , , 
 ,20251209104520 2025-12-09 11:00:57.944180300 AM,31.80775951,54.64400786,1398.953,USER,Fixed,Corrected,None,335, ,BYCODE(0), ,0.016,0.012,0.014,0.02,         BYLAYER,  BYCODE, ,0,Vertical,12/9/2025 11:00, , , , ,1.718,0.764,1.539, , , , 
 ,20251209104520 2025-12-09 11:01:01.169918100 AM,31.80787827,54.64417388,1398.978,USER,Fixed,Corrected,None,336, ,BYCODE(0), ,0.016,0.012,0.014,0.02,         BYLAYER,  BYCODE, ,0,Vertical,12/9/2025 11:01, , , , ,1.718,0.764,1.539, , , , 
 ,20251209104520 2025-12-09 11:01:03.160763700 AM,31.80800169,54.64433315,1399.147,USER,Fixed,Corrected,None,337, ,BYCODE(0), ,0.016,0.012,0.014,0.02,         BYLAYER,  BYCODE, ,0,Vertical,12/9/2025 11:01, , , , ,1.718,0.764,1.539, , , , 
 ,20251209104520 2025-12-09 11:01:05.151630400 AM,31.80812397,54.64448776,1399.832,USER,Fixed,Corrected,None,338, ,BYCODE(0), ,0.016,0.012,0.014,0.02,         BYLAYER,  BYCODE, ,0,Vertical,12/9/2025 11:01, , , , ,1.718,0.763,1.539, , , , 
 ,20251209104520 2025-12-09 11:01:07.144644700 AM,31.80824654,54.644642,1400.498,USER,Fixed,Corrected,None,339, ,BYCODE(0), ,0.016,0.012,0.014,0.019,         BYLAYER,  BYCODE, ,0,Vertical,12/9/2025 11:01, , , , ,1.718,0.763,1.54, , , , 
 ,20251209104520 2025-12-09 11:01:09.139661100 AM,31.80836923,54.64479571,1401.084,USER,Fixed,Corrected,None,340, ,BYCODE(0), ,0.016,0.012,0.014,0.019,         BYLAYER,  BYCODE, ,0,Vertical,12/9/2025 11:01, , , , ,1.719,0.763,1.54, , , , 
 ,20251209104520 2025-12-09 11:01:11.128649500 AM,31.80849144,54.64494884,1401.391,USER,Fixed,Corrected,None,341, ,BYCODE(0), ,0.016,0.012,0.014,0.019,         BYLAYER,  BYCODE, ,0,Vertical,12/9/2025 11:01, , , , ,1.719,0.763,1.54, , , , 
 ,20251209104520 2025-12-09 11:01:13.119283700 AM,31.80861431,54.64510267,1401.869,USER,Fixed,Corrected,None,342, ,BYCODE(0), ,0.016,0.012,0.014,0.019,         BYLAYER,  BYCODE, ,0,Vertical,12/9/2025 11:01, , , , ,1.719,0.763,1.54, , , , 
 ,20251209104520 2025-12-09 11:01:15.108254000 AM,31.80873639,54.64525613,1402.347,USER,Fixed,Corrected,None,343, ,BYCODE(0), ,0.016,0.012,0.014,0.019,         BYLAYER,  BYCODE, ,0,Vertical,12/9/2025 11:01, , , , ,1.719,0.763,1.54, , , , 
 ,20251209104520 2025-12-09 11:01:17.100828900 AM,31.80885854,54.64540906,1402.693,USER,Fixed,Corrected,None,344, ,BYCODE(0), ,0.016,0.012,0.014,0.019,         BYLAYER,  BYCODE, ,0,Vertical,12/9/2025 11:01, , , , ,1.719,0.763,1.54, , , , 
 ,20251209104520 2025-12-09 11:01:19.091581100 AM,31.80898036,54.64556309,1402.954,USER,Fixed,Corrected,None,345, ,BYCODE(0), ,0.016,0.012,0.014,0.019,         BYLAYER,  BYCODE, ,0,Vertical,12/9/2025 11:01, , , , ,1.719,0.763,1.541, , , , 
 ,20251209104520 2025-12-09 11:01:21.080214300 AM,31.80910312,54.64571717,1403.315,USER,Fixed,Corrected,None,346, ,BYCODE(0), ,0.016,0.012,0.014,0.019,         BYLAYER,  BYCODE, ,0,Vertical,12/9/2025 11:01, , , , ,1.719,0.763,1.541, , , , 
