Distance,Offset,Elevation
0.0,-0.0,1094.048
0.0,-0.0,1094.048
0.0,0.0,1094.048
0.0,0.0,1094.048
0.0,0.0,1094.048
10.0,-0.0,1094.24
10.0,-0.0,1094.24
10.0,0.0,1094.24
10.0,0.0,1094.24
10.0,0.0,1094.24
20.0,-0.0,1094.432
20.0,-0.0,1094.432
20.0,0.0,1094.432
20.0,0.0,1094.432
20.0,0.0,1094.432
30.0,-5.3,1094.439
30.0,-3.6,1094.499
30.0,0.0,1094.625
30.0,3.6,1094.751
30.0,5.1,1094.721
40.0,-5.3,1094.632
40.0,-3.6,1094.691
40.0,0.0,1094.817
40.0,3.6,1094.943
40.0,5.1,1094.913
50.0,-5.3,1094.819
50.0,-3.6,1094.879
50.0,0.0,1095.005
50.0,3.6,1095.131
50.0,5.1,1095.101
60.0,-5.3,1094.997
60.0,-3.6,1095.056
60.0,0.0,1095.182
60.0,3.6,1095.308
60.0,5.1,1095.278
70.0,-5.3,1095.164
70.0,-3.6,1095.223
70.0,0.0,1095.349
70.0,3.6,1095.475
70.0,5.1,1095.445
80.0,-5.3,1095.321
80.0,-3.6,1095.38
80.0,0.0,1095.506
80.0,3.6,1095.632
80.0,5.1,1095.602
90.0,-5.3,1095.468
90.0,-3.6,1095.527
90.0,0.0,1095.653
90.0,3.6,1095.779
90.0,5.1,1095.749
100.0,-5.3,1095.604
100.0,-3.6,1095.663
100.0,0.0,1095.789
100.0,3.6,1095.915
100.0,5.1,1095.885
110.0,-5.3,1095.73
110.0,-3.6,1095.789
110.0,0.0,1095.915
110.0,3.6,1096.041
110.0,5.1,1096.011
120.0,-5.3,1095.846
120.0,-3.6,1095.905
120.0,0.0,1096.031
120.0,3.6,1096.157
120.0,5.1,1096.127
130.0,-5.3,1095.956
130.0,-3.6,1096.015
130.0,0.0,1096.141
130.0,3.6,1096.267
130.0,5.1,1096.237
140.0,-5.3,1096.066
140.0,-3.6,1096.125
140.0,0.0,1096.251
140.0,3.6,1096.377
140.0,5.1,1096.347
150.0,-5.3,1096.176
150.0,-3.6,1096.235
150.0,0.0,1096.361
150.0,3.6,1096.487
150.0,5.1,1096.457
159.612,-5.3,1096.281
159.612,-3.6,1096.341
159.612,0.0,1096.467
159.612,3.6,1096.593
159.612,5.1,1096.563
160.0,-5.3,1096.286
160.0,-3.6,1096.345
160.0,0.0,1096.471
160.0,3.6,1096.597
160.0,5.1,1096.567
170.0,-5.3,1096.396
170.0,-3.6,1096.455
170.0,0.0,1096.581
170.0,3.6,1096.707
170.0,5.1,1096.677
180.0,-5.3,1096.504
180.0,-3.6,1096.563
180.0,0.0,1096.689
180.0,3.6,1096.815
180.0,5.1,1096.785
190.0,-5.3,1096.601
190.0,-3.6,1096.661
190.0,0.0,1096.786
190.0,3.6,1096.912
190.0,5.1,1096.882
200.0,-5.3,1096.688
200.0,-3.6,1096.747
200.0,0.0,1096.873
200.0,3.6,1096.999
200.0,5.1,1096.969
210.0,-5.3,1096.764
210.0,-3.6,1096.824
210.0,0.0,1096.95
210.0,3.6,1097.076
210.0,5.1,1097.046
220.0,-5.3,1096.83
220.0,-3.6,1096.889
220.0,0.0,1097.015
220.0,3.6,1097.141
220.0,5.1,1097.111
230.0,-5.3,1096.884
230.0,-3.6,1096.943
230.0,0.0,1097.069
230.0,3.6,1097.195
230.0,5.1,1097.165
240.0,-5.3,1096.928
240.0,-3.6,1096.987
240.0,0.0,1097.113
240.0,3.6,1097.239
240.0,5.1,1097.209
250.0,-5.3,1096.961
250.0,-3.6,1097.021
250.0,0.0,1097.146
250.0,3.6,1097.272
250.0,5.1,1097.242
260.0,-5.3,1096.983
260.0,-3.6,1097.043
260.0,0.0,1097.169
260.0,3.6,1097.295
260.0,5.1,1097.265
270.0,-5.3,1096.995
270.0,-3.6,1097.054
270.0,0.0,1097.18
270.0,3.6,1097.306
270.0,5.1,1097.276
280.0,-5.3,1096.998
280.0,-3.6,1097.057
280.0,0.0,1097.183
280.0,3.6,1097.309
280.0,5.1,1097.279
290.0,-5.3,1097.0
290.0,-3.6,1097.06
290.0,0.0,1097.186
290.0,3.6,1097.312
290.0,5.1,1097.282
293.759,-5.3,1097.001
293.759,-3.6,1097.061
293.759,0.0,1097.187
293.759,3.6,1097.313
293.759,5.1,1097.283
296.269,-5.3,1097.002
296.269,-3.6,1097.061
296.269,0.0,1097.187
296.269,3.6,1097.313
296.269,5.1,1097.283
298.307,-5.3,1097.005
298.307,-3.6,1097.064
298.307,0.0,1097.188
298.307,3.6,1097.311
298.307,5.1,1097.281
300.0,-5.3,1097.014
300.0,-3.6,1097.07
300.0,0.0,1097.188
300.0,3.6,1097.307
300.0,5.1,1097.277
300.909,-5.3,1097.018
300.909,-3.6,1097.072
300.909,0.0,1097.188
300.909,3.6,1097.304
300.909,5.1,1097.274
303.246,-5.3,1097.029
303.246,-3.6,1097.08
303.246,0.0,1097.189
303.246,3.6,1097.297
303.246,5.1,1097.267
306.129,-5.3,1097.042
306.129,-3.6,1097.09
306.129,0.0,1097.189
306.129,3.6,1097.289
306.129,5.1,1097.259
310.0,-5.3,1097.061
310.0,-3.6,1097.102
310.0,0.0,1097.19
310.0,3.6,1097.279
310.0,5.1,1097.249
319.224,-5.3,1097.104
319.224,-3.6,1097.133
319.224,0.0,1097.193
319.224,3.6,1097.253
319.224,5.1,1097.223
320.0,-5.3,1097.108
320.0,-3.6,1097.135
320.0,0.0,1097.193
320.0,3.6,1097.25
320.0,5.1,1097.22
340.0,-5.3,1097.218
340.0,-3.6,1097.201
340.0,0.0,1097.198
340.0,3.6,1097.194
340.0,5.1,1097.164
360.0,-5.3,1097.285
360.0,-3.6,1097.268
360.0,0.0,1097.203
360.0,3.6,1097.139
360.0,5.1,1097.109
380.0,-5.3,1097.303
380.0,-3.6,1097.286
380.0,0.0,1097.214
380.0,3.6,1097.142
380.0,5.1,1097.112
400.0,-5.3,1097.321
400.0,-3.6,1097.304
400.0,0.0,1097.232
400.0,3.6,1097.16
400.0,5.1,1097.13
420.0,-5.3,1097.344
420.0,-3.6,1097.327
420.0,0.0,1097.255
420.0,3.6,1097.182
420.0,5.1,1097.152
440.0,-5.3,1097.372
440.0,-3.6,1097.355
440.0,0.0,1097.283
440.0,3.6,1097.211
440.0,5.1,1097.181
460.0,-5.3,1097.407
460.0,-3.6,1097.39
460.0,0.0,1097.318
460.0,3.6,1097.246
460.0,5.1,1097.216
480.0,-5.3,1097.448
480.0,-3.6,1097.431
480.0,0.0,1097.359
480.0,3.6,1097.287
480.0,5.1,1097.257
500.0,-5.3,1097.494
500.0,-3.6,1097.477
500.0,0.0,1097.405
500.0,3.6,1097.333
500.0,5.1,1097.303
520.0,-5.3,1097.543
520.0,-3.6,1097.526
520.0,0.0,1097.454
520.0,3.6,1097.382
520.0,5.1,1097.352
540.0,-5.3,1097.592
540.0,-3.6,1097.575
540.0,0.0,1097.503
540.0,3.6,1097.431
540.0,5.1,1097.401
560.0,-5.3,1097.641
560.0,-3.6,1097.624
560.0,0.0,1097.552
560.0,3.6,1097.48
560.0,5.1,1097.45
580.0,-5.3,1097.69
580.0,-3.6,1097.673
580.0,0.0,1097.601
580.0,3.6,1097.529
580.0,5.1,1097.499
600.0,-5.3,1097.738
600.0,-3.6,1097.721
600.0,0.0,1097.649
600.0,3.6,1097.577
600.0,5.1,1097.547
620.0,-5.3,1097.787
620.0,-3.6,1097.77
620.0,0.0,1097.698
620.0,3.6,1097.626
620.0,5.1,1097.596
640.0,-5.3,1097.836
640.0,-3.6,1097.819
640.0,0.0,1097.747
640.0,3.6,1097.675
640.0,5.1,1097.645
660.0,-5.3,1097.885
660.0,-3.6,1097.868
660.0,0.0,1097.796
660.0,3.6,1097.724
660.0,5.1,1097.694
680.0,-5.3,1097.934
680.0,-3.6,1097.917
680.0,0.0,1097.845
680.0,3.6,1097.773
680.0,5.1,1097.743
687.277,-5.3,1097.952
687.277,-3.6,1097.935
687.277,0.0,1097.863
687.277,3.6,1097.791
687.277,5.1,1097.76
693.67,-5.3,1097.967
693.67,-3.6,1097.95
693.67,0.0,1097.878
693.67,3.6,1097.806
693.67,5.1,1097.776
696.088,-5.3,1097.973
696.088,-3.6,1097.956
696.088,0.0,1097.884
696.088,3.6,1097.812
696.088,5.1,1097.782
698.453,-5.3,1097.979
698.453,-3.6,1097.962
698.453,0.0,1097.89
698.453,3.6,1097.818
698.453,5.1,1097.788
700.0,-5.3,1097.983
700.0,-3.6,1097.966
700.0,0.0,1097.894
700.0,3.6,1097.822
700.0,5.1,1097.792
703.158,-5.3,1097.99
703.158,-3.6,1097.973
703.158,0.0,1097.901
703.158,3.6,1097.829
703.158,5.1,1097.799
720.0,-5.3,1098.031
720.0,-3.6,1098.015
720.0,0.0,1097.943
720.0,3.6,1097.87
720.0,5.1,1097.84
740.0,-5.3,1098.076
740.0,-3.6,1098.059
740.0,0.0,1097.987
740.0,3.6,1097.915
740.0,5.1,1097.885
760.0,-5.3,1098.111
760.0,-3.6,1098.094
760.0,0.0,1098.022
760.0,3.6,1097.95
760.0,5.1,1097.92
780.0,-5.3,1098.137
780.0,-3.6,1098.12
780.0,0.0,1098.048
780.0,3.6,1097.976
780.0,5.1,1097.946
800.0,-5.3,1098.153
800.0,-3.6,1098.136
800.0,0.0,1098.064
800.0,3.6,1097.992
800.0,5.1,1097.962
820.0,-5.3,1098.16
820.0,-3.6,1098.143
820.0,0.0,1098.071
820.0,3.6,1097.999
820.0,5.1,1097.969
840.0,-5.3,1098.154
840.0,-3.6,1098.137
840.0,0.0,1098.065
840.0,3.6,1097.993
840.0,5.1,1097.963
860.0,-5.3,1098.132
860.0,-3.6,1098.115
860.0,0.0,1098.043
860.0,3.6,1097.971
860.0,5.1,1097.941
880.0,-5.3,1098.093
880.0,-3.6,1098.076
880.0,0.0,1098.004
880.0,3.6,1097.932
880.0,5.1,1097.902
900.0,-5.3,1098.038
900.0,-3.6,1098.021
900.0,0.0,1097.949
900.0,3.6,1097.877
900.0,5.1,1097.847
920.0,-5.3,1097.978
920.0,-3.6,1097.961
920.0,0.0,1097.889
920.0,3.6,1097.817
920.0,5.1,1097.787
940.0,-5.3,1097.918
940.0,-3.6,1097.901
940.0,0.0,1097.829
940.0,3.6,1097.757
940.0,5.1,1097.727
960.0,-5.3,1097.858
960.0,-3.6,1097.841
960.0,0.0,1097.769
960.0,3.6,1097.697
960.0,5.1,1097.667
980.0,-5.3,1097.797
980.0,-3.6,1097.781
980.0,0.0,1097.708
980.0,3.6,1097.636
980.0,5.1,1097.606
1000.0,-5.3,1097.737
1000.0,-3.6,1097.72
1000.0,0.0,1097.648
1000.0,3.6,1097.576
1000.0,5.1,1097.546
1020.0,-5.3,1097.677
1020.0,-3.6,1097.66
1020.0,0.0,1097.588
1020.0,3.6,1097.516
1020.0,5.1,1097.486
1040.0,-5.3,1097.617
1040.0,-3.6,1097.6
1040.0,0.0,1097.528
1040.0,3.6,1097.456
1040.0,5.1,1097.426
1060.0,-5.3,1097.557
1060.0,-3.6,1097.54
1060.0,0.0,1097.468
1060.0,3.6,1097.396
1060.0,5.1,1097.366
1080.0,-5.3,1097.497
1080.0,-3.6,1097.48
1080.0,0.0,1097.408
1080.0,3.6,1097.336
1080.0,5.1,1097.306
1091.635,-5.3,1097.462
1091.635,-3.6,1097.445
1091.635,0.0,1097.373
1091.635,3.6,1097.301
1091.635,5.1,1097.271
1093.504,-5.3,1097.456
1093.504,-3.6,1097.439
1093.504,0.0,1097.367
1093.504,3.6,1097.295
1093.504,5.1,1097.265
1096.373,-5.3,1097.448
1096.373,-3.6,1097.431
1096.373,0.0,1097.359
1096.373,3.6,1097.287
1096.373,5.1,1097.257
1099.059,-5.3,1097.44
1099.059,-3.6,1097.423
1099.059,0.0,1097.351
1099.059,3.6,1097.279
1099.059,5.1,1097.249
1100.0,-5.3,1097.437
1100.0,-3.6,1097.42
1100.0,0.0,1097.348
1100.0,3.6,1097.276
1100.0,5.1,1097.246
1103.923,-5.3,1097.425
1103.923,-3.6,1097.408
1103.923,0.0,1097.336
1103.923,3.6,1097.264
1103.923,5.1,1097.234
1120.0,-5.3,1097.377
1120.0,-3.6,1097.36
1120.0,0.0,1097.288
1120.0,3.6,1097.216
1120.0,5.1,1097.186
1140.0,-5.3,1097.316
1140.0,-3.6,1097.299
1140.0,0.0,1097.227
1140.0,3.6,1097.155
1140.0,5.1,1097.125
1160.0,-5.3,1097.256
1160.0,-3.6,1097.239
1160.0,0.0,1097.167
1160.0,3.6,1097.095
1160.0,5.1,1097.065
1180.0,-5.3,1097.196
1180.0,-3.6,1097.179
1180.0,0.0,1097.107
1180.0,3.6,1097.035
1180.0,5.1,1097.005
1200.0,-5.3,1097.136
1200.0,-3.6,1097.119
1200.0,0.0,1097.047
1200.0,3.6,1096.975
1200.0,5.1,1096.945
1220.0,-5.3,1097.076
1220.0,-3.6,1097.059
1220.0,0.0,1096.987
1220.0,3.6,1096.915
1220.0,5.1,1096.885
1240.0,-5.3,1097.016
1240.0,-3.6,1096.999
1240.0,0.0,1096.927
1240.0,3.6,1096.855
1240.0,5.1,1096.825
1244.415,-5.3,1097.003
1244.415,-3.6,1096.986
1244.415,0.0,1096.914
1244.415,3.6,1096.842
1244.415,5.1,1096.812
1246.715,-5.3,1096.996
1246.715,-3.6,1096.979
1246.715,0.0,1096.907
1246.715,3.6,1096.835
1246.715,5.1,1096.805
1249.141,-5.3,1096.988
1249.141,-3.6,1096.971
1249.141,0.0,1096.899
1249.141,3.6,1096.827
1249.141,5.1,1096.797
1251.418,-5.3,1096.981
1251.418,-3.6,1096.964
1251.418,0.0,1096.892
1251.418,3.6,1096.82
1251.418,5.1,1096.79
1253.787,-5.3,1096.974
1253.787,-3.6,1096.957
1253.787,0.0,1096.885
1253.787,3.6,1096.813
1253.787,5.1,1096.783
1260.0,-5.3,1096.956
1260.0,-3.6,1096.939
1260.0,0.0,1096.867
1260.0,3.6,1096.795
1260.0,5.1,1096.765
1280.0,-5.3,1096.896
1280.0,-3.6,1096.879
1280.0,0.0,1096.807
1280.0,3.6,1096.734
1280.0,5.1,1096.704
1300.0,-5.3,1096.835
1300.0,-3.6,1096.818
1300.0,0.0,1096.746
1300.0,3.6,1096.674
1300.0,5.1,1096.644
1320.0,-5.3,1096.775
1320.0,-3.6,1096.758
1320.0,0.0,1096.686
1320.0,3.6,1096.614
1320.0,5.1,1096.584
1340.0,-5.3,1096.715
1340.0,-3.6,1096.698
1340.0,0.0,1096.626
1340.0,3.6,1096.554
1340.0,5.1,1096.524
1360.0,-5.3,1096.655
1360.0,-3.6,1096.638
1360.0,0.0,1096.566
1360.0,3.6,1096.494
1360.0,5.1,1096.464
1380.0,-5.3,1096.595
1380.0,-3.6,1096.578
1380.0,0.0,1096.506
1380.0,3.6,1096.434
1380.0,5.1,1096.404
1400.0,-5.3,1096.535
1400.0,-3.6,1096.518
1400.0,0.0,1096.446
1400.0,3.6,1096.374
1400.0,5.1,1096.344
1420.0,-5.3,1096.475
1420.0,-3.6,1096.458
1420.0,0.0,1096.386
1420.0,3.6,1096.314
1420.0,5.1,1096.284
1440.0,-5.3,1096.414
1440.0,-3.6,1096.397
1440.0,0.0,1096.325
1440.0,3.6,1096.253
1440.0,5.1,1096.223
1460.0,-5.3,1096.354
1460.0,-3.6,1096.337
1460.0,0.0,1096.265
1460.0,3.6,1096.193
1460.0,5.1,1096.163
1461.111,-5.3,1096.351
1461.111,-3.6,1096.334
1461.111,0.0,1096.262
1461.111,3.6,1096.19
1461.111,5.1,1096.16
1463.415,-5.3,1096.344
1463.415,-3.6,1096.327
1463.415,0.0,1096.255
1463.415,3.6,1096.183
1463.415,5.1,1096.153
1465.817,-5.3,1096.337
1465.817,-3.6,1096.32
1465.817,0.0,1096.248
1465.817,3.6,1096.176
1465.817,5.1,1096.146
1468.192,-5.3,1096.33
1468.192,-3.6,1096.313
1468.192,0.0,1096.241
1468.192,3.6,1096.169
1468.192,5.1,1096.139
1470.588,-5.3,1096.323
1470.588,-3.6,1096.306
1470.588,0.0,1096.234
1470.588,3.6,1096.161
1470.588,5.1,1096.131
1474.248,-5.3,1096.312
1474.248,-3.6,1096.295
1474.248,0.0,1096.223
1474.248,3.6,1096.151
1474.248,5.1,1096.12
1480.0,-5.3,1096.294
1480.0,-3.6,1096.277
1480.0,0.0,1096.205
1480.0,3.6,1096.133
1480.0,5.1,1096.103
1500.0,-5.3,1096.234
1500.0,-3.6,1096.217
1500.0,0.0,1096.145
1500.0,3.6,1096.073
1500.0,5.1,1096.043
1520.0,-5.3,1096.174
1520.0,-3.6,1096.157
1520.0,0.0,1096.085
1520.0,3.6,1096.013
1520.0,5.1,1095.983
1540.0,-5.3,1096.114
1540.0,-3.6,1096.097
1540.0,0.0,1096.025
1540.0,3.6,1095.953
1540.0,5.1,1095.923
1541.877,-5.3,1096.108
1541.877,-3.6,1096.091
1541.877,0.0,1096.019
1541.877,3.6,1095.947
1541.877,5.1,1095.917
1544.32,-5.3,1096.101
1544.32,-3.6,1096.084
1544.32,0.0,1096.012
1544.32,3.6,1095.94
1544.32,5.1,1095.91
1546.698,-5.3,1096.094
1546.698,-3.6,1096.077
1546.698,0.0,1096.005
1546.698,3.6,1095.933
1546.698,5.1,1095.903
1549.811,-5.3,1096.084
1549.811,-3.6,1096.067
1549.811,0.0,1095.995
1549.811,3.6,1095.923
1549.811,5.1,1095.893
1553.127,-5.3,1096.074
1553.127,-3.6,1096.057
1553.127,0.0,1095.985
1553.127,3.6,1095.913
1553.127,5.1,1095.883
1560.0,-5.3,1096.054
1560.0,-3.6,1096.037
1560.0,0.0,1095.965
1560.0,3.6,1095.893
1560.0,5.1,1095.863
1580.0,-5.3,1095.994
1580.0,-3.6,1095.977
1580.0,0.0,1095.905
1580.0,3.6,1095.833
1580.0,5.1,1095.802
1600.0,-5.3,1095.933
1600.0,-3.6,1095.916
1600.0,0.0,1095.844
1600.0,3.6,1095.772
1600.0,5.1,1095.742
1620.0,-5.3,1095.873
1620.0,-3.6,1095.856
1620.0,0.0,1095.784
1620.0,3.6,1095.712
1620.0,5.1,1095.682
1640.0,-5.3,1095.813
1640.0,-3.6,1095.796
1640.0,0.0,1095.724
1640.0,3.6,1095.652
1640.0,5.1,1095.622
1660.0,-5.3,1095.753
1660.0,-3.6,1095.736
1660.0,0.0,1095.664
1660.0,3.6,1095.592
1660.0,5.1,1095.562
1680.0,-5.3,1095.693
1680.0,-3.6,1095.676
1680.0,0.0,1095.604
1680.0,3.6,1095.532
1680.0,5.1,1095.502
1694.371,-5.3,1095.645
1694.371,-3.6,1095.628
1694.371,0.0,1095.556
1694.371,3.6,1095.484
1694.371,5.1,1095.454
1696.701,-5.3,1095.636
1696.701,-3.6,1095.619
1696.701,0.0,1095.547
1696.701,3.6,1095.475
1696.701,5.1,1095.445
1698.924,-5.3,1095.627
1698.924,-3.6,1095.61
1698.924,0.0,1095.538
1698.924,3.6,1095.466
1698.924,5.1,1095.436
1700.0,-5.3,1095.623
1700.0,-3.6,1095.606
1700.0,0.0,1095.534
1700.0,3.6,1095.462
1700.0,5.1,1095.432
1701.111,-5.3,1095.619
1701.111,-3.6,1095.602
1701.111,0.0,1095.53
1701.111,3.6,1095.458
1701.111,5.1,1095.427
1703.747,-5.3,1095.608
1703.747,-3.6,1095.591
1703.747,0.0,1095.519
1703.747,3.6,1095.447
1703.747,5.1,1095.417
1720.0,-5.3,1095.533
1720.0,-3.6,1095.516
1720.0,0.0,1095.444
1720.0,3.6,1095.372
1720.0,5.1,1095.342
1740.0,-5.3,1095.423
1740.0,-3.6,1095.406
1740.0,0.0,1095.334
1740.0,3.6,1095.262
1740.0,5.1,1095.232
1760.0,-5.3,1095.292
1760.0,-3.6,1095.275
1760.0,0.0,1095.203
1760.0,3.6,1095.131
1760.0,5.1,1095.101
1780.0,-5.3,1095.142
1780.0,-3.6,1095.125
1780.0,0.0,1095.053
1780.0,3.6,1094.981
1780.0,5.1,1094.951
1800.0,-5.3,1094.971
1800.0,-3.6,1094.954
1800.0,0.0,1094.882
1800.0,3.6,1094.81
1800.0,5.1,1094.78
1820.0,-5.3,1094.78
1820.0,-3.6,1094.763
1820.0,0.0,1094.691
1820.0,3.6,1094.619
1820.0,5.1,1094.589
1840.0,-5.3,1094.569
1840.0,-3.6,1094.552
1840.0,0.0,1094.48
1840.0,3.6,1094.408
1840.0,5.1,1094.378
1860.0,-5.3,1094.337
1860.0,-3.6,1094.32
1860.0,0.0,1094.248
1860.0,3.6,1094.176
1860.0,5.1,1094.146
1880.0,-5.3,1094.086
1880.0,-3.6,1094.069
1880.0,0.0,1093.997
1880.0,3.6,1093.925
1880.0,5.1,1093.895
1900.0,-5.3,1093.814
1900.0,-3.6,1093.797
1900.0,0.0,1093.725
1900.0,3.6,1093.653
1900.0,5.1,1093.623
1920.0,-5.3,1093.522
1920.0,-3.6,1093.505
1920.0,0.0,1093.433
1920.0,3.6,1093.361
1920.0,5.1,1093.331
1940.0,-5.3,1093.213
1940.0,-3.6,1093.196
1940.0,0.0,1093.124
1940.0,3.6,1093.052
1940.0,5.1,1093.021
1960.0,-5.3,1092.9
1960.0,-3.6,1092.883
1960.0,0.0,1092.811
1960.0,3.6,1092.739
1960.0,5.1,1092.709
1980.0,-5.3,1092.588
1980.0,-3.6,1092.571
1980.0,0.0,1092.499
1980.0,3.6,1092.427
1980.0,5.1,1092.397
2000.0,-5.3,1092.275
2000.0,-3.6,1092.258
2000.0,0.0,1092.186
2000.0,3.6,1092.114
2000.0,5.1,1092.084
2020.0,-5.3,1091.963
2020.0,-3.6,1091.946
2020.0,0.0,1091.874
2020.0,3.6,1091.802
2020.0,5.1,1091.772
2040.0,-5.3,1091.65
2040.0,-3.6,1091.633
2040.0,0.0,1091.561
2040.0,3.6,1091.489
2040.0,5.1,1091.459
2060.0,-5.3,1091.338
2060.0,-3.6,1091.321
2060.0,0.0,1091.249
2060.0,3.6,1091.177
2060.0,5.1,1091.147
2080.0,-5.3,1091.025
2080.0,-3.6,1091.008
2080.0,0.0,1090.936
2080.0,3.6,1090.864
2080.0,5.1,1090.834
2100.0,-5.3,1090.713
2100.0,-3.6,1090.696
2100.0,0.0,1090.624
2100.0,3.6,1090.552
2100.0,5.1,1090.522
2120.0,-5.3,1090.401
2120.0,-3.6,1090.384
2120.0,0.0,1090.312
2120.0,3.6,1090.24
2120.0,5.1,1090.209
2140.0,-5.3,1090.088
2140.0,-3.6,1090.071
2140.0,0.0,1089.999
2140.0,3.6,1089.927
2140.0,5.1,1089.897
2160.0,-5.3,1089.776
2160.0,-3.6,1089.759
2160.0,0.0,1089.687
2160.0,3.6,1089.615
2160.0,5.1,1089.585
2180.0,-5.3,1089.463
2180.0,-3.6,1089.446
2180.0,0.0,1089.374
2180.0,3.6,1089.302
2180.0,5.1,1089.272
2184.707,-5.3,1089.39
2184.707,-3.6,1089.373
2184.707,0.0,1089.301
2184.707,3.6,1089.229
2184.707,5.1,1089.199
2188.701,-5.3,1089.327
2188.701,-3.6,1089.31
2188.701,0.0,1089.238
2188.701,3.6,1089.166
2188.701,5.1,1089.136
2192.587,-5.3,1089.267
2192.587,-3.6,1089.25
2192.587,0.0,1089.178
2192.587,3.6,1089.106
2192.587,5.1,1089.076
2196.288,-5.3,1089.211
2196.288,-3.6,1089.194
2196.288,0.0,1089.122
2196.288,3.6,1089.05
2196.288,5.1,1089.02
2200.0,-5.3,1089.155
2200.0,-3.6,1089.138
2200.0,0.0,1089.066
2200.0,3.6,1088.994
2200.0,5.1,1088.964
2220.0,-5.3,1088.867
2220.0,-3.6,1088.85
2220.0,0.0,1088.778
2220.0,3.6,1088.706
2220.0,5.1,1088.676
2240.0,-5.3,1088.6
2240.0,-3.6,1088.583
2240.0,0.0,1088.511
2240.0,3.6,1088.439
2240.0,5.1,1088.409
2260.0,-5.3,1088.354
2260.0,-3.6,1088.337
2260.0,0.0,1088.265
2260.0,3.6,1088.193
2260.0,5.1,1088.163
2280.0,-5.3,1088.129
2280.0,-3.6,1088.112
2280.0,0.0,1088.04
2280.0,3.6,1087.968
2280.0,5.1,1087.938
2300.0,-5.3,1087.926
2300.0,-3.6,1087.909
2300.0,0.0,1087.837
2300.0,3.6,1087.765
2300.0,5.1,1087.735
2320.0,-5.3,1087.743
2320.0,-3.6,1087.726
2320.0,0.0,1087.654
2320.0,3.6,1087.582
2320.0,5.1,1087.552
2340.0,-5.3,1087.582
2340.0,-3.6,1087.565
2340.0,0.0,1087.493
2340.0,3.6,1087.421
2340.0,5.1,1087.391
2343.977,-5.3,1087.552
2343.977,-3.6,1087.535
2343.977,0.0,1087.463
2343.977,3.6,1087.391
2343.977,5.1,1087.361
2348.279,-5.3,1087.529
2348.279,-3.6,1087.512
2348.279,0.0,1087.432
2348.279,3.6,1087.352
2348.279,5.1,1087.319
2351.931,-5.3,1087.513
2351.931,-3.6,1087.496
2351.931,0.0,1087.407
2351.931,3.6,1087.318
2351.931,5.1,1087.281
2356.135,-5.3,1087.494
2356.135,-3.6,1087.477
2356.135,0.0,1087.378
2356.135,3.6,1087.279
2356.135,5.1,1087.238
2359.739,-5.3,1087.479
2359.739,-3.6,1087.462
2359.739,0.0,1087.354
2359.739,3.6,1087.246
2359.739,5.1,1087.201
2360.0,-5.3,1087.478
2360.0,-3.6,1087.461
2360.0,0.0,1087.353
2360.0,3.6,1087.244
2360.0,5.1,1087.199
2370.0,-5.3,1087.433
2370.0,-3.6,1087.416
2370.0,0.0,1087.29
2370.0,3.6,1087.164
2370.0,5.1,1087.112
2380.0,-5.3,1087.375
2380.0,-3.6,1087.359
2380.0,0.0,1087.233
2380.0,3.6,1087.107
2380.0,5.1,1087.054
2390.0,-5.3,1087.323
2390.0,-3.6,1087.306
2390.0,0.0,1087.18
2390.0,3.6,1087.054
2390.0,5.1,1087.001
2400.0,-5.3,1087.275
2400.0,-3.6,1087.258
2400.0,0.0,1087.132
2400.0,3.6,1087.006
2400.0,5.1,1086.954
2410.0,-5.3,1087.233
2410.0,-3.6,1087.216
2410.0,0.0,1087.09
2410.0,3.6,1086.964
2410.0,5.1,1086.911
2420.0,-5.3,1087.195
2420.0,-3.6,1087.178
2420.0,0.0,1087.052
2420.0,3.6,1086.926
2420.0,5.1,1086.874
2430.0,-5.3,1087.162
2430.0,-3.6,1087.145
2430.0,0.0,1087.019
2430.0,3.6,1086.893
2430.0,5.1,1086.841
2440.0,-5.3,1087.135
2440.0,-3.6,1087.118
2440.0,0.0,1086.992
2440.0,3.6,1086.866
2440.0,5.1,1086.813
2450.0,-5.3,1087.112
2450.0,-3.6,1087.095
2450.0,0.0,1086.969
2450.0,3.6,1086.843
2450.0,5.1,1086.791
2460.0,-5.3,1087.094
2460.0,-3.6,1087.077
2460.0,0.0,1086.951
2460.0,3.6,1086.825
2460.0,5.1,1086.773
2470.0,-5.3,1087.081
2470.0,-3.6,1087.064
2470.0,0.0,1086.938
2470.0,3.6,1086.813
2470.0,5.1,1086.76
2479.855,-5.3,1087.074
2479.855,-3.6,1087.057
2479.855,0.0,1086.931
2479.855,3.6,1086.805
2479.855,5.1,1086.752
2480.0,-5.3,1087.074
2480.0,-3.6,1087.057
2480.0,0.0,1086.931
2480.0,3.6,1086.805
2480.0,5.1,1086.752
2490.0,-5.3,1087.071
2490.0,-3.6,1087.054
2490.0,0.0,1086.928
2490.0,3.6,1086.802
2490.0,5.1,1086.75
2500.0,-5.3,1087.073
2500.0,-3.6,1087.056
2500.0,0.0,1086.93
2500.0,3.6,1086.804
2500.0,5.1,1086.752
2510.0,-5.3,1087.08
2510.0,-3.6,1087.063
2510.0,0.0,1086.937
2510.0,3.6,1086.811
2510.0,5.1,1086.759
2520.0,-5.3,1087.092
2520.0,-3.6,1087.075
2520.0,0.0,1086.949
2520.0,3.6,1086.823
2520.0,5.1,1086.771
2530.0,-5.3,1087.108
2530.0,-3.6,1087.091
2530.0,0.0,1086.965
2530.0,3.6,1086.839
2530.0,5.1,1086.787
2540.0,-5.3,1087.124
2540.0,-3.6,1087.107
2540.0,0.0,1086.981
2540.0,3.6,1086.855
2540.0,5.1,1086.802
2550.0,-5.3,1087.139
2550.0,-3.6,1087.122
2550.0,0.0,1086.996
2550.0,3.6,1086.87
2550.0,5.1,1086.818
2560.0,-5.3,1087.155
2560.0,-3.6,1087.138
2560.0,0.0,1087.012
2560.0,3.6,1086.886
2560.0,5.1,1086.834
2570.0,-5.3,1087.171
2570.0,-3.6,1087.154
2570.0,0.0,1087.028
2570.0,3.6,1086.902
2570.0,5.1,1086.849
2580.0,-5.3,1087.186
2580.0,-3.6,1087.169
2580.0,0.0,1087.043
2580.0,3.6,1086.917
2580.0,5.1,1086.865
2590.0,-5.3,1087.202
2590.0,-3.6,1087.185
2590.0,0.0,1087.059
2590.0,3.6,1086.933
2590.0,5.1,1086.881
2599.971,-5.3,1087.2
2599.971,-3.6,1087.183
2599.971,0.0,1087.075
2599.971,3.6,1086.967
2599.971,5.1,1086.922
2600.0,-5.3,1087.2
2600.0,-3.6,1087.183
2600.0,0.0,1087.075
2600.0,3.6,1086.967
2600.0,5.1,1086.922
2620.0,-5.3,1087.195
2620.0,-3.6,1087.178
2620.0,0.0,1087.106
2620.0,3.6,1087.034
2620.0,5.1,1087.004
2640.0,-5.3,1087.227
2640.0,-3.6,1087.21
2640.0,0.0,1087.138
2640.0,3.6,1087.066
2640.0,5.1,1087.036
2660.0,-5.3,1087.258
2660.0,-3.6,1087.241
2660.0,0.0,1087.169
2660.0,3.6,1087.097
2660.0,5.1,1087.067
2680.0,-5.3,1087.289
2680.0,-3.6,1087.272
2680.0,0.0,1087.2
2680.0,3.6,1087.128
2680.0,5.1,1087.098
2700.0,-5.3,1087.321
2700.0,-3.6,1087.304
2700.0,0.0,1087.232
2700.0,3.6,1087.16
2700.0,5.1,1087.13
2720.0,-5.3,1087.352
2720.0,-3.6,1087.335
2720.0,0.0,1087.263
2720.0,3.6,1087.191
2720.0,5.1,1087.161
2740.0,-5.3,1087.383
2740.0,-3.6,1087.366
2740.0,0.0,1087.294
2740.0,3.6,1087.222
2740.0,5.1,1087.192
2760.0,-5.3,1087.415
2760.0,-3.6,1087.398
2760.0,0.0,1087.326
2760.0,3.6,1087.254
2760.0,5.1,1087.224
2780.0,-5.3,1087.446
2780.0,-3.6,1087.429
2780.0,0.0,1087.357
2780.0,3.6,1087.285
2780.0,5.1,1087.255
2800.0,-5.3,1087.477
2800.0,-3.6,1087.46
2800.0,0.0,1087.388
2800.0,3.6,1087.316
2800.0,5.1,1087.286
2820.0,-5.3,1087.509
2820.0,-3.6,1087.492
2820.0,0.0,1087.42
2820.0,3.6,1087.348
2820.0,5.1,1087.318
2840.0,-5.3,1087.54
2840.0,-3.6,1087.523
2840.0,0.0,1087.451
2840.0,3.6,1087.379
2840.0,5.1,1087.349
2860.0,-5.3,1087.572
2860.0,-3.6,1087.555
2860.0,0.0,1087.483
2860.0,3.6,1087.411
2860.0,5.1,1087.38
2880.0,-5.3,1087.603
2880.0,-3.6,1087.586
2880.0,0.0,1087.514
2880.0,3.6,1087.442
2880.0,5.1,1087.412
2900.0,-5.3,1087.634
2900.0,-3.6,1087.617
2900.0,0.0,1087.545
2900.0,3.6,1087.473
2900.0,5.1,1087.443
2920.0,-5.3,1087.666
2920.0,-3.6,1087.649
2920.0,0.0,1087.577
2920.0,3.6,1087.505
2920.0,5.1,1087.474
2940.0,-5.3,1087.697
2940.0,-3.6,1087.68
2940.0,0.0,1087.608
2940.0,3.6,1087.536
2940.0,5.1,1087.506
2960.0,-5.3,1087.742
2960.0,-3.6,1087.725
2960.0,0.0,1087.653
2960.0,3.6,1087.581
2960.0,5.1,1087.551
2980.0,-5.3,1087.812
2980.0,-3.6,1087.795
2980.0,0.0,1087.723
2980.0,3.6,1087.651
2980.0,5.1,1087.621
3000.0,-5.3,1087.906
3000.0,-3.6,1087.889
3000.0,0.0,1087.817
3000.0,3.6,1087.745
3000.0,5.1,1087.715
3020.0,-5.3,1088.025
3020.0,-3.6,1088.008
3020.0,0.0,1087.936
3020.0,3.6,1087.864
3020.0,5.1,1087.834
3040.0,-5.3,1088.168
3040.0,-3.6,1088.151
3040.0,0.0,1088.079
3040.0,3.6,1088.007
3040.0,5.1,1087.977
3059.277,-5.3,1088.329
3059.277,-3.6,1088.312
3059.277,0.0,1088.24
3059.277,3.6,1088.168
3059.277,5.1,1088.138
3060.0,-5.3,1088.335
3060.0,-3.6,1088.318
3060.0,0.0,1088.246
3060.0,3.6,1088.174
3060.0,5.1,1088.144
3061.862,-5.3,1088.352
3061.862,-3.6,1088.335
3061.862,0.0,1088.263
3061.862,3.6,1088.191
3061.862,5.1,1088.161
3064.483,-5.3,1088.376
3064.483,-3.6,1088.359
3064.483,0.0,1088.287
3064.483,3.6,1088.215
3064.483,5.1,1088.185
3067.186,-5.3,1088.401
3067.186,-3.6,1088.385
3067.186,0.0,1088.313
3067.186,3.6,1088.24
3067.186,5.1,1088.21
3069.969,-5.3,1088.428
3069.969,-3.6,1088.411
3069.969,0.0,1088.339
3069.969,3.6,1088.267
3069.969,5.1,1088.237
3080.0,-5.3,1088.527
3080.0,-3.6,1088.51
3080.0,0.0,1088.438
3080.0,3.6,1088.366
3080.0,5.1,1088.336
3100.0,-5.3,1088.744
3100.0,-3.6,1088.727
3100.0,0.0,1088.655
3100.0,3.6,1088.583
3100.0,5.1,1088.552
3120.0,-5.3,1088.984
3120.0,-3.6,1088.967
3120.0,0.0,1088.895
3120.0,3.6,1088.823
3120.0,5.1,1088.793
3140.0,-5.3,1089.246
3140.0,-3.6,1089.229
3140.0,0.0,1089.157
3140.0,3.6,1089.085
3140.0,5.1,1089.055
3160.0,-5.3,1089.529
3160.0,-3.6,1089.512
3160.0,0.0,1089.44
3160.0,3.6,1089.368
3160.0,5.1,1089.338
3180.0,-5.3,1089.832
3180.0,-3.6,1089.815
3180.0,0.0,1089.743
3180.0,3.6,1089.671
3180.0,5.1,1089.641
3200.0,-5.3,1090.156
3200.0,-3.6,1090.139
3200.0,0.0,1090.067
3200.0,3.6,1089.995
3200.0,5.1,1089.965
3220.0,-5.3,1090.501
3220.0,-3.6,1090.484
3220.0,0.0,1090.412
3220.0,3.6,1090.34
3220.0,5.1,1090.31
3240.0,-5.3,1090.867
3240.0,-3.6,1090.85
3240.0,0.0,1090.778
3240.0,3.6,1090.706
3240.0,5.1,1090.676
3260.0,-5.3,1091.253
3260.0,-3.6,1091.236
3260.0,0.0,1091.164
3260.0,3.6,1091.092
3260.0,5.1,1091.062
3280.0,-5.3,1091.66
3280.0,-3.6,1091.643
3280.0,0.0,1091.571
3280.0,3.6,1091.499
3280.0,5.1,1091.469
3300.0,-5.3,1092.088
3300.0,-3.6,1092.071
3300.0,0.0,1091.999
3300.0,3.6,1091.927
3300.0,5.1,1091.897
3320.0,-5.3,1092.529
3320.0,-3.6,1092.512
3320.0,0.0,1092.44
3320.0,3.6,1092.368
3320.0,5.1,1092.338
3340.0,-5.3,1092.971
3340.0,-3.6,1092.954
3340.0,0.0,1092.882
3340.0,3.6,1092.81
3340.0,5.1,1092.78
3360.0,-5.3,1093.413
3360.0,-3.6,1093.396
3360.0,0.0,1093.324
3360.0,3.6,1093.252
3360.0,5.1,1093.222
3380.0,-5.3,1093.854
3380.0,-3.6,1093.837
3380.0,0.0,1093.765
3380.0,3.6,1093.693
3380.0,5.1,1093.663
3400.0,-5.3,1094.296
3400.0,-3.6,1094.279
3400.0,0.0,1094.207
3400.0,3.6,1094.135
3400.0,5.1,1094.105
3420.0,-5.3,1094.738
3420.0,-3.6,1094.721
3420.0,0.0,1094.649
3420.0,3.6,1094.577
3420.0,5.1,1094.547
3440.0,-5.3,1095.179
3440.0,-3.6,1095.162
3440.0,0.0,1095.09
3440.0,3.6,1095.018
3440.0,5.1,1094.988
3460.0,-5.3,1095.621
3460.0,-3.6,1095.604
3460.0,0.0,1095.532
3460.0,3.6,1095.46
3460.0,5.1,1095.43
3480.0,-5.3,1096.063
3480.0,-3.6,1096.046
3480.0,0.0,1095.974
3480.0,3.6,1095.902
3480.0,5.1,1095.872
3500.0,-5.3,1096.501
3500.0,-3.6,1096.484
3500.0,0.0,1096.412
3500.0,3.6,1096.34
3500.0,5.1,1096.31
3520.0,-5.3,1096.923
3520.0,-3.6,1096.906
3520.0,0.0,1096.834
3520.0,3.6,1096.762
3520.0,5.1,1096.732
3540.0,-5.3,1097.328
3540.0,-3.6,1097.311
3540.0,0.0,1097.239
3540.0,3.6,1097.167
3540.0,5.1,1097.137
3560.0,-5.3,1097.715
3560.0,-3.6,1097.698
3560.0,0.0,1097.626
3560.0,3.6,1097.554
3560.0,5.1,1097.524
3562.05,-5.3,1097.754
3562.05,-3.6,1097.737
3562.05,0.0,1097.665
3562.05,3.6,1097.593
3562.05,5.1,1097.563
3564.336,-5.3,1097.797
3564.336,-3.6,1097.78
3564.336,0.0,1097.708
3564.336,3.6,1097.636
3564.336,5.1,1097.606
3567.038,-5.3,1097.847
3567.038,-3.6,1097.83
3567.038,0.0,1097.758
3567.038,3.6,1097.686
3567.038,5.1,1097.656
3569.738,-5.3,1097.897
3569.738,-3.6,1097.88
3569.738,0.0,1097.808
3569.738,3.6,1097.736
3569.738,5.1,1097.706
3572.334,-5.3,1097.945
3572.334,-3.6,1097.928
3572.334,0.0,1097.856
3572.334,3.6,1097.784
3572.334,5.1,1097.754
3580.0,-5.3,1098.084
3580.0,-3.6,1098.068
3580.0,0.0,1097.995
3580.0,3.6,1097.923
3580.0,5.1,1097.893
3600.0,-5.3,1098.435
3600.0,-3.6,1098.418
3600.0,0.0,1098.346
3600.0,3.6,1098.274
3600.0,5.1,1098.244
3620.0,-5.3,1098.762
3620.0,-3.6,1098.745
3620.0,0.0,1098.673
3620.0,3.6,1098.601
3620.0,5.1,1098.571
3640.0,-5.3,1099.065
3640.0,-3.6,1099.048
3640.0,0.0,1098.976
3640.0,3.6,1098.904
3640.0,5.1,1098.874
3646.328,-5.3,1099.155
3646.328,-3.6,1099.138
3646.328,0.0,1099.066
3646.328,3.6,1098.994
3646.328,5.1,1098.964
3649.312,-5.6,1099.2
3649.312,-3.6,1099.18
3649.312,0.0,1099.108
3649.312,3.6,1099.036
3649.312,5.1,1099.006
3652.261,-5.3,1099.238
3652.261,-3.6,1099.221
3652.261,0.0,1099.149
3652.261,3.6,1099.077
3652.261,5.1,1099.047
3655.217,-5.3,1099.278
3655.217,-3.6,1099.261
3655.217,0.0,1099.189
3655.217,3.6,1099.117
3655.217,5.1,1099.087
3657.977,-5.3,1099.316
3657.977,-3.6,1099.299
3657.977,0.0,1099.227
3657.977,3.6,1099.155
3657.977,5.1,1099.125
3658.923,-5.3,1099.328
3658.923,-3.6,1099.311
3658.923,0.0,1099.239
3658.923,3.6,1099.167
3658.923,5.1,1099.137
3660.0,-5.3,1099.343
3660.0,-3.6,1099.326
3660.0,0.0,1099.254
3660.0,3.6,1099.182
3660.0,5.1,1099.152
3680.0,-5.3,1099.598
3680.0,-3.6,1099.581
3680.0,0.0,1099.509
3680.0,3.6,1099.437
3680.0,5.1,1099.407
3688.82,-5.3,1099.709
3688.82,-3.6,1099.692
3688.82,0.0,1099.62
3688.82,3.6,1099.548
3688.82,5.1,1099.518
3700.0,-5.3,1099.849
3700.0,-3.6,1099.832
3700.0,0.0,1099.76
3700.0,3.6,1099.688
3700.0,5.1,1099.658
3720.0,-5.3,1100.099
3720.0,-3.6,1100.082
3720.0,0.0,1100.01
3720.0,3.6,1099.938
3720.0,5.1,1099.908
3740.0,-5.3,1100.35
3740.0,-3.6,1100.333
3740.0,0.0,1100.261
3740.0,3.6,1100.189
3740.0,5.1,1100.159
3760.0,-5.3,1100.6
3760.0,-3.6,1100.583
3760.0,0.0,1100.511
3760.0,3.6,1100.439
3760.0,5.1,1100.409
3780.0,-5.3,1100.851
3780.0,-3.6,1100.834
3780.0,0.0,1100.762
3780.0,3.6,1100.69
3780.0,5.1,1100.66
3800.0,-5.3,1101.101
3800.0,-3.6,1101.084
3800.0,0.0,1101.012
3800.0,3.6,1100.94
3800.0,5.1,1100.91
3820.0,-5.3,1101.352
3820.0,-3.6,1101.335
3820.0,0.0,1101.263
3820.0,3.6,1101.191
3820.0,5.1,1101.161
3840.0,-5.3,1101.602
3840.0,-3.6,1101.585
3840.0,0.0,1101.513
3840.0,3.6,1101.441
3840.0,5.1,1101.411
3860.0,-5.3,1101.853
3860.0,-3.6,1101.836
3860.0,0.0,1101.764
3860.0,3.6,1101.692
3860.0,5.1,1101.661
3873.467,-5.3,1102.021
3873.467,-3.6,1102.004
3873.467,0.0,1101.932
3873.467,3.6,1101.86
3873.467,5.1,1101.83
3875.208,-5.3,1102.043
3875.208,-3.6,1102.026
3875.208,0.0,1101.954
3875.208,3.6,1101.882
3875.208,5.1,1101.852
3877.012,-5.3,1102.066
3877.012,-3.6,1102.049
3877.012,0.0,1101.977
3877.012,3.6,1101.905
3877.012,5.1,1101.875
3878.769,-5.3,1102.088
3878.769,-3.6,1102.071
3878.769,0.0,1101.999
3878.769,3.6,1101.927
3878.769,5.1,1101.897
3880.0,-5.3,1102.103
3880.0,-3.6,1102.086
3880.0,0.0,1102.014
3880.0,3.6,1101.942
3880.0,5.1,1101.912
3880.754,-5.3,1102.112
3880.754,-3.6,1102.095
3880.754,0.0,1102.023
3880.754,3.6,1101.951
3880.754,5.1,1101.921
3900.0,-5.3,1102.354
3900.0,-3.6,1102.337
3900.0,0.0,1102.265
3900.0,3.6,1102.193
3900.0,5.1,1102.162
3920.0,-5.3,1102.604
3920.0,-3.6,1102.587
3920.0,0.0,1102.515
3920.0,3.6,1102.443
3920.0,5.1,1102.413
3940.0,-5.3,1102.854
3940.0,-3.6,1102.838
3940.0,0.0,1102.766
3940.0,3.6,1102.693
3940.0,5.1,1102.663
3951.444,-5.3,1102.998
3951.444,-3.6,1102.981
3951.444,0.0,1102.909
3951.444,3.6,1102.837
3951.444,5.1,1102.807
3953.875,-5.3,1103.029
3953.875,-3.6,1103.012
3953.875,0.0,1102.94
3953.875,3.6,1102.868
3953.875,5.1,1102.838
3956.226,-5.3,1103.058
3956.226,-3.6,1103.041
3956.226,0.0,1102.969
3956.226,3.6,1102.897
3956.226,5.1,1102.867
3958.471,-5.3,1103.086
3958.471,-3.6,1103.069
3958.471,0.0,1102.997
3958.471,3.6,1102.925
3958.471,5.1,1102.895
3960.0,-5.3,1103.106
3960.0,-3.6,1103.089
3960.0,0.0,1103.017
3960.0,3.6,1102.945
3960.0,5.1,1102.915
3961.079,-5.3,1103.119
3961.079,-3.6,1103.102
3961.079,0.0,1103.03
3961.079,3.6,1102.958
3961.079,5.1,1102.928
3980.0,-5.3,1103.359
3980.0,-3.6,1103.342
3980.0,0.0,1103.27
3980.0,3.6,1103.198
3980.0,5.1,1103.168
4000.0,-5.3,1103.615
4000.0,-3.6,1103.598
4000.0,0.0,1103.526
4000.0,3.6,1103.454
4000.0,5.1,1103.424
4020.0,-5.3,1103.873
4020.0,-3.6,1103.856
4020.0,0.0,1103.784
4020.0,3.6,1103.712
4020.0,5.1,1103.682
4040.0,-5.3,1104.134
4040.0,-3.6,1104.117
4040.0,0.0,1104.045
4040.0,3.6,1103.973
4040.0,5.1,1103.943
4060.0,-5.3,1104.397
4060.0,-3.6,1104.38
4060.0,0.0,1104.308
4060.0,3.6,1104.236
4060.0,5.1,1104.206
4080.0,-5.3,1104.663
4080.0,-3.6,1104.646
4080.0,0.0,1104.574
4080.0,3.6,1104.502
4080.0,5.1,1104.472
4100.0,-5.3,1104.931
4100.0,-3.6,1104.914
4100.0,0.0,1104.842
4100.0,3.6,1104.77
4100.0,5.1,1104.74
4100.798,-5.3,1104.941
4100.798,-3.6,1104.924
4100.798,0.0,1104.852
4100.798,3.6,1104.78
4100.798,5.1,1104.75
4102.57,-5.3,1104.965
4102.57,-3.6,1104.948
4102.57,0.0,1104.876
4102.57,3.6,1104.804
4102.57,5.1,1104.774
4103.84,-5.3,1104.982
4103.84,-3.6,1104.965
4103.84,0.0,1104.893
4103.84,3.6,1104.821
4103.84,5.1,1104.791
4107.201,-5.3,1105.027
4107.201,-3.6,1105.01
4107.201,0.0,1104.938
4107.201,3.6,1104.866
4107.201,5.1,1104.836
4108.859,-5.3,1105.05
4108.859,-3.6,1105.033
4108.859,0.0,1104.961
4108.859,3.6,1104.889
4108.859,5.1,1104.859
4110.358,-5.3,1105.07
4110.358,-3.6,1105.053
4110.358,0.0,1104.981
4110.358,3.6,1104.909
4110.358,5.1,1104.879
4113.712,-5.3,1105.115
4113.712,-3.6,1105.098
4113.712,0.0,1105.026
4113.712,3.6,1104.954
4113.712,5.1,1104.924
4120.0,-5.3,1105.197
4120.0,-3.6,1105.18
4120.0,0.0,1105.108
4120.0,3.6,1105.036
4120.0,5.1,1105.006
4140.0,-5.3,1105.442
4140.0,-3.6,1105.425
4140.0,0.0,1105.353
4140.0,3.6,1105.281
4140.0,5.1,1105.251
4160.0,-5.3,1105.66
4160.0,-3.6,1105.643
4160.0,0.0,1105.571
4160.0,3.6,1105.499
4160.0,5.1,1105.469
4180.0,-5.3,1105.853
4180.0,-3.6,1105.836
4180.0,0.0,1105.764
4180.0,3.6,1105.692
4180.0,5.1,1105.662
4200.0,-5.3,1106.02
4200.0,-3.6,1106.003
4200.0,0.0,1105.931
4200.0,3.6,1105.859
4200.0,5.1,1105.829
4220.0,-5.3,1106.162
4220.0,-3.6,1106.145
4220.0,0.0,1106.073
4220.0,3.6,1106.001
4220.0,5.1,1105.971
4240.0,-5.3,1106.277
4240.0,-3.6,1106.26
4240.0,0.0,1106.188
4240.0,3.6,1106.116
4240.0,5.1,1106.086
4260.0,-5.3,1106.366
4260.0,-3.6,1106.349
4260.0,0.0,1106.277
4260.0,3.6,1106.205
4260.0,5.1,1106.175
4280.0,-5.3,1106.43
4280.0,-3.6,1106.413
4280.0,0.0,1106.341
4280.0,3.6,1106.269
4280.0,5.1,1106.239
4294.051,-5.3,1106.459
4294.051,-3.6,1106.442
4294.051,0.0,1106.37
4294.051,3.6,1106.298
4294.051,5.1,1106.268
4296.264,-5.3,1106.463
4296.264,-3.6,1106.446
4296.264,0.0,1106.374
4296.264,3.6,1106.302
4296.264,5.1,1106.272
4298.393,-5.3,1106.466
4298.393,-3.6,1106.449
4298.393,0.0,1106.377
4298.393,3.6,1106.305
4298.393,5.1,1106.275
4300.0,-5.3,1106.468
4300.0,-3.6,1106.451
4300.0,0.0,1106.379
4300.0,3.6,1106.307
4300.0,5.1,1106.277
4302.677,-5.3,1106.471
4302.677,-3.6,1106.454
4302.677,0.0,1106.382
4302.677,3.6,1106.31
4302.677,5.1,1106.28
4320.0,-5.3,1106.482
4320.0,-3.6,1106.465
4320.0,0.0,1106.393
4320.0,3.6,1106.321
4320.0,5.1,1106.291
4340.0,-5.3,1106.492
4340.0,-3.6,1106.475
4340.0,0.0,1106.403
4340.0,3.6,1106.331
4340.0,5.1,1106.301
4360.0,-5.3,1106.508
4360.0,-3.6,1106.491
4360.0,0.0,1106.419
4360.0,3.6,1106.347
4360.0,5.1,1106.317
4380.0,-5.3,1106.547
4380.0,-3.6,1106.53
4380.0,0.0,1106.458
4380.0,3.6,1106.386
4380.0,5.1,1106.356
4400.0,-5.3,1106.611
4400.0,-3.6,1106.594
4400.0,0.0,1106.522
4400.0,3.6,1106.45
4400.0,5.1,1106.42
4420.0,-5.3,1106.7
4420.0,-3.6,1106.683
4420.0,0.0,1106.611
4420.0,3.6,1106.539
4420.0,5.1,1106.509
4440.0,-5.3,1106.813
4440.0,-3.6,1106.796
4440.0,0.0,1106.724
4440.0,3.6,1106.652
4440.0,5.1,1106.622
4460.0,-5.3,1106.952
4460.0,-3.6,1106.935
4460.0,0.0,1106.863
4460.0,3.6,1106.791
4460.0,5.1,1106.761
4480.0,-5.3,1107.115
4480.0,-3.6,1107.098
4480.0,0.0,1107.026
4480.0,3.6,1106.954
4480.0,5.1,1106.924
4500.0,-5.3,1107.303
4500.0,-3.6,1107.286
4500.0,0.0,1107.214
4500.0,3.6,1107.142
4500.0,5.1,1107.112
4520.0,-5.3,1107.497
4520.0,-3.6,1107.48
4520.0,0.0,1107.408
4520.0,3.6,1107.336
4520.0,5.1,1107.306
4540.0,-5.3,1107.676
4540.0,-3.6,1107.659
4540.0,0.0,1107.587
4540.0,3.6,1107.515
4540.0,5.1,1107.485
4560.0,-5.3,1107.841
4560.0,-3.6,1107.824
4560.0,0.0,1107.752
4560.0,3.6,1107.68
4560.0,5.1,1107.65
4580.0,-5.3,1107.992
4580.0,-3.6,1107.975
4580.0,0.0,1107.903
4580.0,3.6,1107.831
4580.0,5.1,1107.801
4600.0,-5.3,1108.128
4600.0,-3.6,1108.111
4600.0,0.0,1108.039
4600.0,3.6,1107.967
4600.0,5.1,1107.937
4620.0,-5.3,1108.25
4620.0,-3.6,1108.233
4620.0,0.0,1108.161
4620.0,3.6,1108.089
4620.0,5.1,1108.059
4640.0,-5.3,1108.357
4640.0,-3.6,1108.34
4640.0,0.0,1108.268
4640.0,3.6,1108.196
4640.0,5.1,1108.166
4653.072,-5.3,1108.42
4653.072,-3.6,1108.403
4653.072,0.0,1108.331
4653.072,3.6,1108.259
4653.072,5.1,1108.229
4655.454,-5.3,1108.43
4655.454,-3.6,1108.413
4655.454,0.0,1108.341
4655.454,3.6,1108.269
4655.454,5.1,1108.239
4657.708,-5.3,1108.441
4657.708,-3.6,1108.424
4657.708,0.0,1108.352
4657.708,3.6,1108.28
4657.708,5.1,1108.25
4660.0,-5.3,1108.451
4660.0,-3.6,1108.434
4660.0,0.0,1108.362
4660.0,3.6,1108.29
4660.0,5.1,1108.26
4662.732,-5.3,1108.463
4662.732,-3.6,1108.446
4662.732,0.0,1108.374
4662.732,3.6,1108.302
4662.732,5.1,1108.272
4680.0,-5.3,1108.54
4680.0,-3.6,1108.523
4680.0,0.0,1108.451
4680.0,3.6,1108.379
4680.0,5.1,1108.349
4700.0,-5.3,1108.629
4700.0,-3.6,1108.612
4700.0,0.0,1108.54
4700.0,3.6,1108.468
4700.0,5.1,1108.438
4720.0,-5.3,1108.718
4720.0,-3.6,1108.701
4720.0,0.0,1108.629
4720.0,3.6,1108.557
4720.0,5.1,1108.527
4740.0,-5.3,1108.807
4740.0,-3.6,1108.79
4740.0,0.0,1108.718
4740.0,3.6,1108.646
4740.0,5.1,1108.616
4760.0,-5.3,1108.895
4760.0,-3.6,1108.878
4760.0,0.0,1108.806
4760.0,3.6,1108.734
4760.0,5.1,1108.704
4780.0,-5.3,1108.976
4780.0,-3.6,1108.959
4780.0,0.0,1108.887
4780.0,3.6,1108.815
4780.0,5.1,1108.785
4800.0,-5.3,1109.048
4800.0,-3.6,1109.031
4800.0,0.0,1108.959
4800.0,3.6,1108.887
4800.0,5.1,1108.857
4820.0,-5.3,1109.112
4820.0,-3.6,1109.095
4820.0,0.0,1109.023
4820.0,3.6,1108.951
4820.0,5.1,1108.921
4840.0,-5.3,1109.168
4840.0,-3.6,1109.151
4840.0,0.0,1109.079
4840.0,3.6,1109.007
4840.0,5.1,1108.977
4860.0,-5.3,1109.217
4860.0,-3.6,1109.2
4860.0,0.0,1109.128
4860.0,3.6,1109.056
4860.0,5.1,1109.026
4880.0,-5.3,1109.264
4880.0,-3.6,1109.247
4880.0,0.0,1109.175
4880.0,3.6,1109.103
4880.0,5.1,1109.073
4900.0,-5.3,1109.312
4900.0,-3.6,1109.295
4900.0,0.0,1109.223
4900.0,3.6,1109.151
4900.0,5.1,1109.121
4920.0,-5.3,1109.359
4920.0,-3.6,1109.342
4920.0,0.0,1109.27
4920.0,3.6,1109.198
4920.0,5.1,1109.168
4940.0,-5.3,1109.407
4940.0,-3.6,1109.39
4940.0,0.0,1109.318
4940.0,3.6,1109.246
4940.0,5.1,1109.216
4940.958,-5.3,1109.409
4940.958,-3.6,1109.392
4940.958,0.0,1109.32
4940.958,3.6,1109.248
4940.958,5.1,1109.218
4943.414,-5.3,1109.415
4943.414,-3.6,1109.398
4943.414,0.0,1109.326
4943.414,3.6,1109.254
4943.414,5.1,1109.224
4945.795,-5.3,1109.421
4945.795,-3.6,1109.404
4945.795,0.0,1109.332
4945.795,3.6,1109.26
4945.795,5.1,1109.229
4948.471,-5.3,1109.427
4948.471,-3.6,1109.41
4948.471,0.0,1109.338
4948.471,3.6,1109.266
4948.471,5.1,1109.236
4951.002,-5.3,1109.433
4951.002,-3.6,1109.416
4951.002,0.0,1109.344
4951.002,3.6,1109.272
4951.002,5.1,1109.242
4960.0,-5.3,1109.454
4960.0,-3.6,1109.437
4960.0,0.0,1109.365
4960.0,3.6,1109.293
4960.0,5.1,1109.263
4980.0,-5.3,1109.502
4980.0,-3.6,1109.485
4980.0,0.0,1109.413
4980.0,3.6,1109.341
4980.0,5.1,1109.311
5000.0,-5.3,1109.549
5000.0,-3.6,1109.532
5000.0,0.0,1109.46
5000.0,3.6,1109.388
5000.0,5.1,1109.358
5016.635,-5.3,1109.589
5016.635,-3.6,1109.572
5016.635,0.0,1109.5
5016.635,3.6,1109.428
5016.635,5.1,1109.398
5020.0,-5.3,1109.597
5020.0,-3.6,1109.58
5020.0,0.0,1109.508
5020.0,3.6,1109.436
5020.0,5.1,1109.406
5040.0,-5.3,1109.646
5040.0,-3.6,1109.629
5040.0,0.0,1109.557
5040.0,3.6,1109.485
5040.0,5.1,1109.455
5060.0,-5.3,1109.698
5060.0,-3.6,1109.681
5060.0,0.0,1109.609
5060.0,3.6,1109.537
5060.0,5.1,1109.507
5080.0,-5.3,1109.753
5080.0,-3.6,1109.736
5080.0,0.0,1109.664
5080.0,3.6,1109.592
5080.0,5.1,1109.562
5100.0,-5.3,1109.81
5100.0,-3.6,1109.793
5100.0,0.0,1109.721
5100.0,3.6,1109.649
5100.0,5.1,1109.619
5120.0,-5.3,1109.87
5120.0,-3.6,1109.853
5120.0,0.0,1109.781
5120.0,3.6,1109.709
5120.0,5.1,1109.679
5140.0,-5.3,1109.933
5140.0,-3.6,1109.916
5140.0,0.0,1109.844
5140.0,3.6,1109.772
5140.0,5.1,1109.742
5160.0,-5.3,1109.998
5160.0,-3.6,1109.981
5160.0,0.0,1109.909
5160.0,3.6,1109.837
5160.0,5.1,1109.807
5180.0,-5.3,1110.066
5180.0,-3.6,1110.049
5180.0,0.0,1109.977
5180.0,3.6,1109.905
5180.0,5.1,1109.875
5200.0,-5.3,1110.136
5200.0,-3.6,1110.12
5200.0,0.0,1110.047
5200.0,3.6,1109.975
5200.0,5.1,1109.945
5220.0,-5.3,1110.21
5220.0,-3.6,1110.193
5220.0,0.0,1110.121
5220.0,3.6,1110.049
5220.0,5.1,1110.019
5240.0,-5.3,1110.286
5240.0,-3.6,1110.269
5240.0,0.0,1110.197
5240.0,3.6,1110.125
5240.0,5.1,1110.095
5260.0,-5.3,1110.364
5260.0,-3.6,1110.347
5260.0,0.0,1110.275
5260.0,3.6,1110.203
5260.0,5.1,1110.173
5280.0,-5.3,1110.446
5280.0,-3.6,1110.429
5280.0,0.0,1110.357
5280.0,3.6,1110.285
5280.0,5.1,1110.255
5300.0,-5.3,1110.53
5300.0,-3.6,1110.513
5300.0,0.0,1110.441
5300.0,3.6,1110.369
5300.0,5.1,1110.339
5320.0,-5.3,1110.616
5320.0,-3.6,1110.599
5320.0,0.0,1110.527
5320.0,3.6,1110.455
5320.0,5.1,1110.425
5340.0,-5.3,1110.704
5340.0,-3.6,1110.687
5340.0,0.0,1110.615
5340.0,3.6,1110.543
5340.0,5.1,1110.513
5360.0,-5.3,1110.792
5360.0,-3.6,1110.775
5360.0,0.0,1110.703
5360.0,3.6,1110.631
5360.0,5.1,1110.601
5380.0,-5.3,1110.879
5380.0,-3.6,1110.862
5380.0,0.0,1110.79
5380.0,3.6,1110.718
5380.0,5.1,1110.688
5400.0,-5.3,1110.978
5400.0,-3.6,1110.961
5400.0,0.0,1110.889
5400.0,3.6,1110.817
5400.0,5.1,1110.787
5420.0,-5.3,1111.097
5420.0,-3.6,1111.08
5420.0,0.0,1111.008
5420.0,3.6,1110.936
5420.0,5.1,1110.906
5440.0,-5.3,1111.235
5440.0,-3.6,1111.218
5440.0,0.0,1111.146
5440.0,3.6,1111.074
5440.0,5.1,1111.044
5442.79,-5.3,1111.256
5442.79,-3.6,1111.239
5442.79,0.0,1111.167
5442.79,3.6,1111.095
5442.79,5.1,1111.065
5445.5,-5.3,1111.276
5445.5,-3.6,1111.26
5445.5,0.0,1111.188
5445.5,3.6,1111.115
5445.5,5.1,1111.085
5447.975,-5.3,1111.296
5447.975,-3.6,1111.279
5447.975,0.0,1111.207
5447.975,3.6,1111.135
5447.975,5.1,1111.105
5450.779,-5.3,1111.318
5450.779,-3.6,1111.301
5450.779,0.0,1111.229
5450.779,3.6,1111.157
5450.779,5.1,1111.127
5453.701,-5.3,1111.341
5453.701,-3.6,1111.324
5453.701,0.0,1111.252
5453.701,3.6,1111.18
5453.701,5.1,1111.15
5460.0,-5.3,1111.393
5460.0,-3.6,1111.376
5460.0,0.0,1111.304
5460.0,3.6,1111.232
5460.0,5.1,1111.202
5480.0,-5.3,1111.571
5480.0,-3.6,1111.554
5480.0,0.0,1111.482
5480.0,3.6,1111.41
5480.0,5.1,1111.38
5500.0,-5.3,1111.769
5500.0,-3.6,1111.752
5500.0,0.0,1111.68
5500.0,3.6,1111.608
5500.0,5.1,1111.578
5520.0,-5.3,1111.939
5520.0,-3.6,1111.922
5520.0,0.0,1111.897
5520.0,3.6,1111.873
5520.0,5.1,1111.843
5540.0,-5.3,1112.078
5540.0,-3.6,1112.095
5540.0,0.0,1112.132
5540.0,3.6,1112.168
5540.0,5.1,1112.138
5547.733,-5.3,1112.135
5547.733,-3.6,1112.163
5547.733,0.0,1112.223
5547.733,3.6,1112.283
5547.733,5.1,1112.253
5550.0,-4.8,1112.159
5550.0,-3.65,1112.182
5550.0,0.0,1112.25
5550.0,3.65,1112.318
5550.0,4.8,1112.295
5560.0,-4.8,1112.238
5560.0,-3.65,1112.269
5560.0,0.0,1112.368
5560.0,3.65,1112.466
5560.0,4.8,1112.443
5570.0,-4.8,1112.318
5570.0,-3.65,1112.358
5570.0,0.0,1112.486
5570.0,3.65,1112.614
5570.0,4.8,1112.591
5580.0,-4.8,1112.436
5580.0,-3.65,1112.476
5580.0,0.0,1112.604
5580.0,3.65,1112.732
5580.0,4.8,1112.709
5590.0,-4.8,1112.554
5590.0,-3.65,1112.594
5590.0,0.0,1112.722
5590.0,3.65,1112.85
5590.0,4.8,1112.827
5598.056,-4.8,1112.649
5598.056,-3.65,1112.689
5598.056,0.0,1112.817
5598.056,3.65,1112.945
5598.056,4.8,1112.922
5600.0,-4.8,1112.672
5600.0,-3.65,1112.712
5600.0,0.0,1112.84
5600.0,3.65,1112.968
5600.0,4.8,1112.945
5610.0,-4.8,1112.79
5610.0,-3.65,1112.83
5610.0,0.0,1112.958
5610.0,3.65,1113.086
5610.0,4.8,1113.063
5620.0,-4.8,1112.908
5620.0,-3.65,1112.948
5620.0,0.0,1113.076
5620.0,3.65,1113.204
5620.0,4.8,1113.181
5630.0,-4.8,1113.04
5630.0,-3.65,1113.077
5630.0,0.0,1113.194
5630.0,3.65,1113.312
5630.0,4.8,1113.289
5640.0,-4.8,1113.198
5640.0,-3.65,1113.226
5640.0,0.0,1113.312
5640.0,3.65,1113.399
5640.0,4.8,1113.376
5648.379,-4.8,1113.315
5648.379,-3.65,1113.338
5648.379,0.0,1113.411
5648.379,3.65,1113.472
5648.379,4.8,1113.449
5660.0,-4.8,1113.453
5660.0,-3.65,1113.476
5660.0,0.0,1113.549
5660.0,3.65,1113.573
5660.0,4.8,1113.551
5674.27,-4.8,1113.621
5674.27,-3.65,1113.644
5674.27,0.0,1113.717
5674.27,3.65,1113.698
5674.27,4.8,1113.675
5680.0,-4.8,1113.689
5680.0,-3.65,1113.712
5680.0,0.0,1113.785
5680.0,3.65,1113.748
5680.0,4.8,1113.725
5700.0,-4.8,1113.925
5700.0,-3.65,1113.948
5700.0,0.0,1114.021
5700.0,3.65,1113.948
5700.0,4.8,1113.925
5720.0,-4.8,1114.161
5720.0,-3.65,1114.184
5720.0,0.0,1114.257
5720.0,3.65,1114.184
5720.0,4.8,1114.161
5740.0,-4.8,1114.397
5740.0,-3.65,1114.42
5740.0,0.0,1114.493
5740.0,3.65,1114.42
5740.0,4.8,1114.397
5760.0,-4.8,1114.648
5760.0,-3.65,1114.671
5760.0,0.0,1114.729
5760.0,3.65,1114.656
5760.0,4.8,1114.633
5780.0,-4.8,1114.946
5780.0,-3.65,1114.969
5780.0,0.0,1114.966
5780.0,3.65,1114.893
5780.0,4.8,1114.87
5798.666,-4.8,1115.224
5798.666,-3.65,1115.247
5798.666,0.0,1115.186
5798.666,3.65,1115.113
5798.666,4.8,1115.09
5800.0,-4.8,1115.244
5800.0,-3.65,1115.267
5800.0,0.0,1115.202
5800.0,3.65,1115.129
5800.0,4.8,1115.106
5810.0,-4.8,1115.393
5810.0,-3.65,1115.416
5810.0,0.0,1115.32
5810.0,3.65,1115.224
5810.0,4.8,1115.194
5820.0,-4.8,1115.542
5820.0,-3.65,1115.565
5820.0,0.0,1115.438
5820.0,3.65,1115.311
5820.0,4.8,1115.271
5830.0,-4.8,1115.661
5830.0,-3.65,1115.684
5830.0,0.0,1115.556
5830.0,3.65,1115.428
5830.0,4.8,1115.388
5840.0,-4.8,1115.759
5840.0,-3.65,1115.782
5840.0,0.0,1115.674
5840.0,3.65,1115.566
5840.0,4.8,1115.532
5848.989,-4.8,1115.838
5848.989,-3.65,1115.86
5848.989,0.0,1115.78
5848.989,3.65,1115.7
5848.989,4.8,1115.675
5850.0,-4.8,1115.846
5850.0,-3.65,1115.869
5850.0,0.0,1115.792
5850.0,3.65,1115.715
5850.0,4.8,1115.691
5860.0,-4.8,1115.934
5860.0,-3.65,1115.957
5860.0,0.0,1115.91
5860.0,3.65,1115.837
5860.0,4.8,1115.814
5870.0,-4.8,1116.021
5870.0,-3.65,1116.044
5870.0,0.0,1116.028
5870.0,3.65,1115.955
5870.0,4.8,1115.932
5880.0,-4.8,1116.108
5880.0,-3.65,1116.131
5880.0,0.0,1116.146
5880.0,3.65,1116.073
5880.0,4.8,1116.05
5890.0,-4.8,1116.195
5890.0,-3.65,1116.218
5890.0,0.0,1116.264
5890.0,3.65,1116.191
5890.0,4.8,1116.168
5899.312,-0.0,1116.374
5899.312,-0.0,1116.374
5899.312,0.0,1116.374
5899.312,0.0,1116.374
5899.312,0.0,1116.374
5900.0,-0.0,1116.383
5900.0,-0.0,1116.383
5900.0,0.0,1116.383
5900.0,0.0,1116.383
5900.0,0.0,1116.383
5920.0,-0.0,1116.619
5920.0,-0.0,1116.619
5920.0,0.0,1116.619
5920.0,0.0,1116.619
5920.0,0.0,1116.619
5940.0,-0.0,1116.849
5940.0,-0.0,1116.849
5940.0,0.0,1116.849
5940.0,0.0,1116.849
5940.0,0.0,1116.849
5960.0,-0.0,1117.062
5960.0,-0.0,1117.062
5960.0,0.0,1117.062
5960.0,0.0,1117.062
5960.0,0.0,1117.062
5980.0,-0.0,1117.259
5980.0,-0.0,1117.259
5980.0,0.0,1117.259
5980.0,0.0,1117.259
5980.0,0.0,1117.259
5989.913,-0.0,1117.35
5989.913,-0.0,1117.35
5989.913,0.0,1117.35
5989.913,0.0,1117.35
5989.913,0.0,1117.35
5995.068,-0.0,1117.396
5995.068,-0.0,1117.396
5995.068,0.0,1117.396
5995.068,0.0,1117.396
5995.068,0.0,1117.396
6000.0,-0.0,1117.438
6000.0,-0.0,1117.438
6000.0,0.0,1117.438
6000.0,0.0,1117.438
6000.0,0.0,1117.438
6020.0,-0.0,1117.601
6020.0,-0.0,1117.601
6020.0,0.0,1117.601
6020.0,0.0,1117.601
6020.0,0.0,1117.601
6040.0,-0.0,1117.747
6040.0,-0.0,1117.747
6040.0,0.0,1117.747
6040.0,0.0,1117.747
6040.0,0.0,1117.747
6060.0,-0.0,1117.877
6060.0,-0.0,1117.877
6060.0,0.0,1117.877
6060.0,0.0,1117.877
6060.0,0.0,1117.877
6080.0,-0.0,1117.989
6080.0,-0.0,1117.989
6080.0,0.0,1117.989
6080.0,0.0,1117.989
6080.0,0.0,1117.989
6100.0,-0.0,1118.084
6100.0,-0.0,1118.084
6100.0,0.0,1118.084
6100.0,0.0,1118.084
6100.0,0.0,1118.084
6120.0,-0.0,1118.163
6120.0,-0.0,1118.163
6120.0,0.0,1118.163
6120.0,0.0,1118.163
6120.0,0.0,1118.163
6123.416,-0.0,1118.175
6123.416,-0.0,1118.175
6123.416,0.0,1118.175
6123.416,0.0,1118.175
6123.416,0.0,1118.175
6125.559,-0.0,1118.182
6125.559,-0.0,1118.182
6125.559,0.0,1118.182
6125.559,0.0,1118.182
6125.559,0.0,1118.182
6127.728,-0.0,1118.189
6127.728,-0.0,1118.189
6127.728,0.0,1118.189
6127.728,0.0,1118.189
6127.728,0.0,1118.189
6129.891,-0.0,1118.196
6129.891,-0.0,1118.196
6129.891,0.0,1118.196
6129.891,0.0,1118.196
6129.891,0.0,1118.196
6132.284,-0.0,1118.203
6132.284,-0.0,1118.203
6132.284,0.0,1118.203
6132.284,0.0,1118.203
6132.284,0.0,1118.203
6140.0,-0.0,1118.225
6140.0,-0.0,1118.225
6140.0,0.0,1118.225
6140.0,0.0,1118.225
6140.0,0.0,1118.225
6160.0,-0.0,1118.27
6160.0,-0.0,1118.27
6160.0,0.0,1118.27
6160.0,0.0,1118.27
6160.0,0.0,1118.27
6180.0,-0.0,1118.298
6180.0,-0.0,1118.298
6180.0,0.0,1118.298
6180.0,0.0,1118.298
6180.0,0.0,1118.298
6200.0,-0.0,1118.309
6200.0,-0.0,1118.309
6200.0,0.0,1118.309
6200.0,0.0,1118.309
6200.0,0.0,1118.309
6214.925,-0.0,1118.307
6214.925,-0.0,1118.307
6214.925,0.0,1118.307
6214.925,0.0,1118.307
6214.925,0.0,1118.307
6220.0,-0.0,1118.304
6220.0,-0.0,1118.304
6220.0,0.0,1118.304
6220.0,0.0,1118.304
6220.0,0.0,1118.304
6240.0,-0.0,1118.288
6240.0,-0.0,1118.288
6240.0,0.0,1118.288
6240.0,0.0,1118.288
6240.0,0.0,1118.288
6260.0,-0.0,1118.271
6260.0,-0.0,1118.271
6260.0,0.0,1118.271
6260.0,0.0,1118.271
6260.0,0.0,1118.271
6280.0,-0.0,1118.255
6280.0,-0.0,1118.255
6280.0,0.0,1118.255
6280.0,0.0,1118.255
6280.0,0.0,1118.255
6300.0,-0.0,1118.238
6300.0,-0.0,1118.238
6300.0,0.0,1118.238
6300.0,0.0,1118.238
6300.0,0.0,1118.238
6304.936,-0.0,1118.234
6304.936,-0.0,1118.234
6304.936,0.0,1118.234
6304.936,0.0,1118.234
6304.936,0.0,1118.234
6319.602,-0.0,1118.222
6319.602,-0.0,1118.222
6319.602,0.0,1118.222
6319.602,0.0,1118.222
6319.602,0.0,1118.222
6320.0,-0.0,1118.222
6320.0,-0.0,1118.222
6320.0,0.0,1118.222
6320.0,0.0,1118.222
6320.0,0.0,1118.222
6340.0,-0.0,1118.205
6340.0,-0.0,1118.205
6340.0,0.0,1118.205
6340.0,0.0,1118.205
6340.0,0.0,1118.205
6360.0,-0.0,1118.189
6360.0,-0.0,1118.189
6360.0,0.0,1118.189
6360.0,0.0,1118.189
6360.0,0.0,1118.189
6380.0,-0.0,1118.172
6380.0,-0.0,1118.172
6380.0,0.0,1118.172
6380.0,0.0,1118.172
6380.0,0.0,1118.172
6400.0,-0.0,1118.156
6400.0,-0.0,1118.156
6400.0,0.0,1118.156
6400.0,0.0,1118.156
6400.0,0.0,1118.156
6420.0,-0.0,1118.14
6420.0,-0.0,1118.14
6420.0,0.0,1118.14
6420.0,0.0,1118.14
6420.0,0.0,1118.14
6440.0,-0.0,1118.123
6440.0,-0.0,1118.123
6440.0,0.0,1118.123
6440.0,0.0,1118.123
6440.0,0.0,1118.123
6460.0,-0.0,1118.107
6460.0,-0.0,1118.107
6460.0,0.0,1118.107
6460.0,0.0,1118.107
6460.0,0.0,1118.107
6480.0,-0.0,1118.09
6480.0,-0.0,1118.09
6480.0,0.0,1118.09
6480.0,0.0,1118.09
6480.0,0.0,1118.09
6500.0,-0.0,1118.074
6500.0,-0.0,1118.074
6500.0,0.0,1118.074
6500.0,0.0,1118.074
6500.0,0.0,1118.074
6520.0,-0.0,1118.057
6520.0,-0.0,1118.057
6520.0,0.0,1118.057
6520.0,0.0,1118.057
6520.0,0.0,1118.057
6540.0,-0.0,1118.041
6540.0,-0.0,1118.041
6540.0,0.0,1118.041
6540.0,0.0,1118.041
6540.0,0.0,1118.041
6560.0,-0.0,1118.025
6560.0,-0.0,1118.025
6560.0,0.0,1118.025
6560.0,0.0,1118.025
6560.0,0.0,1118.025
6580.0,-0.0,1118.008
6580.0,-0.0,1118.008
6580.0,0.0,1118.008
6580.0,0.0,1118.008
6580.0,0.0,1118.008
6600.0,-0.0,1117.992
6600.0,-0.0,1117.992
6600.0,0.0,1117.992
6600.0,0.0,1117.992
6600.0,0.0,1117.992
6620.0,-0.0,1117.975
6620.0,-0.0,1117.975
6620.0,0.0,1117.975
6620.0,0.0,1117.975
6620.0,0.0,1117.975
6640.0,-0.0,1117.959
6640.0,-0.0,1117.959
6640.0,0.0,1117.959
6640.0,0.0,1117.959
6640.0,0.0,1117.959
6659.983,-0.0,1117.942
6659.983,-0.0,1117.942
6659.983,0.0,1117.942
6659.983,0.0,1117.942
6659.983,0.0,1117.942
6660.0,-0.0,1117.942
6660.0,-0.0,1117.942
6660.0,0.0,1117.942
6660.0,0.0,1117.942
6660.0,0.0,1117.942
6680.0,-0.0,1117.926
6680.0,-0.0,1117.926
6680.0,0.0,1117.926
6680.0,0.0,1117.926
6680.0,0.0,1117.926
6700.0,-0.0,1117.909
6700.0,-0.0,1117.909
6700.0,0.0,1117.909
6700.0,0.0,1117.909
6700.0,0.0,1117.909
6720.0,-0.0,1117.885
6720.0,-0.0,1117.885
6720.0,0.0,1117.885
6720.0,0.0,1117.885
6720.0,0.0,1117.885
6740.0,-0.0,1117.833
6740.0,-0.0,1117.833
6740.0,0.0,1117.833
6740.0,0.0,1117.833
6740.0,0.0,1117.833
6760.0,-0.0,1117.753
6760.0,-0.0,1117.753
6760.0,0.0,1117.753
6760.0,0.0,1117.753
6760.0,0.0,1117.753
6780.0,-0.0,1117.646
6780.0,-0.0,1117.646
6780.0,0.0,1117.646
6780.0,0.0,1117.646
6780.0,0.0,1117.646
6800.0,-0.0,1117.521
6800.0,-0.0,1117.521
6800.0,0.0,1117.521
6800.0,0.0,1117.521
6800.0,0.0,1117.521
6820.0,-0.0,1117.385
6820.0,-0.0,1117.385
6820.0,0.0,1117.385
6820.0,0.0,1117.385
6820.0,0.0,1117.385
6840.0,-0.0,1117.24
6840.0,-0.0,1117.24
6840.0,0.0,1117.24
6840.0,0.0,1117.24
6840.0,0.0,1117.24
6860.0,-0.0,1117.084
6860.0,-0.0,1117.084
6860.0,0.0,1117.084
6860.0,0.0,1117.084
6860.0,0.0,1117.084
6880.0,-0.0,1116.919
6880.0,-0.0,1116.919
6880.0,0.0,1116.919
6880.0,0.0,1116.919
6880.0,0.0,1116.919
6900.0,-0.0,1116.743
6900.0,-0.0,1116.743
6900.0,0.0,1116.743
6900.0,0.0,1116.743
6900.0,0.0,1116.743
6920.0,-0.0,1116.561
6920.0,-0.0,1116.561
6920.0,0.0,1116.561
6920.0,0.0,1116.561
6920.0,0.0,1116.561
6940.0,-0.0,1116.379
6940.0,-0.0,1116.379
6940.0,0.0,1116.379
6940.0,0.0,1116.379
6940.0,0.0,1116.379
6960.0,-0.0,1116.196
6960.0,-0.0,1116.196
6960.0,0.0,1116.196
6960.0,0.0,1116.196
6960.0,0.0,1116.196
6980.0,-0.0,1116.014
6980.0,-0.0,1116.014
6980.0,0.0,1116.014
6980.0,0.0,1116.014
6980.0,0.0,1116.014
7000.0,-0.0,1115.831
7000.0,-0.0,1115.831
7000.0,0.0,1115.831
7000.0,0.0,1115.831
7000.0,0.0,1115.831
7020.0,-0.0,1115.649
7020.0,-0.0,1115.649
7020.0,0.0,1115.649
7020.0,0.0,1115.649
7020.0,0.0,1115.649
7040.0,-0.0,1115.466
7040.0,-0.0,1115.466
7040.0,0.0,1115.466
7040.0,0.0,1115.466
7040.0,0.0,1115.466
7060.0,-0.0,1115.284
7060.0,-0.0,1115.284
7060.0,0.0,1115.284
7060.0,0.0,1115.284
7060.0,0.0,1115.284
7080.0,-0.0,1115.101
7080.0,-0.0,1115.101
7080.0,0.0,1115.101
7080.0,0.0,1115.101
7080.0,0.0,1115.101
7100.0,-0.0,1114.919
7100.0,-0.0,1114.919
7100.0,0.0,1114.919
7100.0,0.0,1114.919
7100.0,0.0,1114.919
7120.0,-0.0,1114.736
7120.0,-0.0,1114.736
7120.0,0.0,1114.736
7120.0,0.0,1114.736
7120.0,0.0,1114.736
7140.0,-0.0,1114.554
7140.0,-0.0,1114.554
7140.0,0.0,1114.554
7140.0,0.0,1114.554
7140.0,0.0,1114.554
7160.0,-0.0,1114.371
7160.0,-0.0,1114.371
7160.0,0.0,1114.371
7160.0,0.0,1114.371
7160.0,0.0,1114.371
7180.0,-0.0,1114.189
7180.0,-0.0,1114.189
7180.0,0.0,1114.189
7180.0,0.0,1114.189
7180.0,0.0,1114.189
7200.0,-0.0,1114.006
7200.0,-0.0,1114.006
7200.0,0.0,1114.006
7200.0,0.0,1114.006
7200.0,0.0,1114.006
7220.0,-0.0,1113.824
7220.0,-0.0,1113.824
7220.0,0.0,1113.824
7220.0,0.0,1113.824
7220.0,0.0,1113.824
7240.0,-0.0,1113.641
7240.0,-0.0,1113.641
7240.0,0.0,1113.641
7240.0,0.0,1113.641
7240.0,0.0,1113.641
7260.0,-0.0,1113.459
7260.0,-0.0,1113.459
7260.0,0.0,1113.459
7260.0,0.0,1113.459
7260.0,0.0,1113.459
7280.0,-0.0,1113.281
7280.0,-0.0,1113.281
7280.0,0.0,1113.281
7280.0,0.0,1113.281
7280.0,0.0,1113.281
7300.0,-0.0,1113.119
7300.0,-0.0,1113.119
7300.0,0.0,1113.119
7300.0,0.0,1113.119
7300.0,0.0,1113.119
7320.0,-0.0,1112.972
7320.0,-0.0,1112.972
7320.0,0.0,1112.972
7320.0,0.0,1112.972
7320.0,0.0,1112.972
7340.0,-0.0,1112.843
7340.0,-0.0,1112.843
7340.0,0.0,1112.843
7340.0,0.0,1112.843
7340.0,0.0,1112.843
7360.0,-0.0,1112.729
7360.0,-0.0,1112.729
7360.0,0.0,1112.729
7360.0,0.0,1112.729
7360.0,0.0,1112.729
7380.0,-0.0,1112.632
7380.0,-0.0,1112.632
7380.0,0.0,1112.632
7380.0,0.0,1112.632
7380.0,0.0,1112.632
7400.0,-0.0,1112.55
7400.0,-0.0,1112.55
7400.0,0.0,1112.55
7400.0,0.0,1112.55
7400.0,0.0,1112.55
7420.0,-0.0,1112.485
7420.0,-0.0,1112.485
7420.0,0.0,1112.485
7420.0,0.0,1112.485
7420.0,0.0,1112.485
7440.0,-0.0,1112.431
7440.0,-0.0,1112.431
7440.0,0.0,1112.431
7440.0,0.0,1112.431
7440.0,0.0,1112.431
7460.0,-0.0,1112.386
7460.0,-0.0,1112.386
7460.0,0.0,1112.386
7460.0,0.0,1112.386
7460.0,0.0,1112.386
7480.0,-0.0,1112.35
7480.0,-0.0,1112.35
7480.0,0.0,1112.35
7480.0,0.0,1112.35
7480.0,0.0,1112.35
7500.0,-0.0,1112.323
7500.0,-0.0,1112.323
7500.0,0.0,1112.323
7500.0,0.0,1112.323
7500.0,0.0,1112.323
7520.0,-0.0,1112.305
7520.0,-0.0,1112.305
7520.0,0.0,1112.305
7520.0,0.0,1112.305
7520.0,0.0,1112.305
7540.0,-0.0,1112.297
7540.0,-0.0,1112.297
7540.0,0.0,1112.297
7540.0,0.0,1112.297
7540.0,0.0,1112.297
7560.0,-0.0,1112.297
7560.0,-0.0,1112.297
7560.0,0.0,1112.297
7560.0,0.0,1112.297
7560.0,0.0,1112.297
7580.0,-0.0,1112.307
7580.0,-0.0,1112.307
7580.0,0.0,1112.307
7580.0,0.0,1112.307
7580.0,0.0,1112.307
7600.0,-0.0,1112.325
7600.0,-0.0,1112.325
7600.0,0.0,1112.325
7600.0,0.0,1112.325
7600.0,0.0,1112.325
7620.0,-0.0,1112.353
7620.0,-0.0,1112.353
7620.0,0.0,1112.353
7620.0,0.0,1112.353
7620.0,0.0,1112.353
7640.0,-0.0,1112.383
7640.0,-0.0,1112.383
7640.0,0.0,1112.383
7640.0,0.0,1112.383
7640.0,0.0,1112.383
7660.0,-0.0,1112.413
7660.0,-0.0,1112.413
7660.0,0.0,1112.413
7660.0,0.0,1112.413
7660.0,0.0,1112.413
7680.0,-0.0,1112.443
7680.0,-0.0,1112.443
7680.0,0.0,1112.443
7680.0,0.0,1112.443
7680.0,0.0,1112.443
7700.0,-0.0,1112.473
7700.0,-0.0,1112.473
7700.0,0.0,1112.473
7700.0,0.0,1112.473
7700.0,0.0,1112.473
7720.0,-0.0,1112.503
7720.0,-0.0,1112.503
7720.0,0.0,1112.503
7720.0,0.0,1112.503
7720.0,0.0,1112.503
7740.0,-0.0,1112.533
7740.0,-0.0,1112.533
7740.0,0.0,1112.533
7740.0,0.0,1112.533
7740.0,0.0,1112.533
7760.0,-0.0,1112.563
7760.0,-0.0,1112.563
7760.0,0.0,1112.563
7760.0,0.0,1112.563
7760.0,0.0,1112.563
7780.0,-0.0,1112.593
7780.0,-0.0,1112.593
7780.0,0.0,1112.593
7780.0,0.0,1112.593
7780.0,0.0,1112.593
7800.0,-0.0,1112.623
7800.0,-0.0,1112.623
7800.0,0.0,1112.623
7800.0,0.0,1112.623
7800.0,0.0,1112.623
7820.0,-0.0,1112.653
7820.0,-0.0,1112.653
7820.0,0.0,1112.653
7820.0,0.0,1112.653
7820.0,0.0,1112.653
7840.0,-0.0,1112.683
7840.0,-0.0,1112.683
7840.0,0.0,1112.683
7840.0,0.0,1112.683
7840.0,0.0,1112.683
7860.0,-0.0,1112.713
7860.0,-0.0,1112.713
7860.0,0.0,1112.713
7860.0,0.0,1112.713
7860.0,0.0,1112.713
7880.0,-0.0,1112.743
7880.0,-0.0,1112.743
7880.0,0.0,1112.743
7880.0,0.0,1112.743
7880.0,0.0,1112.743
7900.0,-0.0,1112.773
7900.0,-0.0,1112.773
7900.0,0.0,1112.773
7900.0,0.0,1112.773
7900.0,0.0,1112.773
7920.0,-0.0,1112.803
7920.0,-0.0,1112.803
7920.0,0.0,1112.803
7920.0,0.0,1112.803
7920.0,0.0,1112.803
7940.0,-0.0,1112.833
7940.0,-0.0,1112.833
7940.0,0.0,1112.833
7940.0,0.0,1112.833
7940.0,0.0,1112.833
7960.0,-0.0,1112.863
7960.0,-0.0,1112.863
7960.0,0.0,1112.863
7960.0,0.0,1112.863
7960.0,0.0,1112.863
7980.0,-0.0,1112.893
7980.0,-0.0,1112.893
7980.0,0.0,1112.893
7980.0,0.0,1112.893
7980.0,0.0,1112.893
8000.0,-0.0,1112.923
8000.0,-0.0,1112.923
8000.0,0.0,1112.923
8000.0,0.0,1112.923
8000.0,0.0,1112.923
8020.0,-0.0,1112.953
8020.0,-0.0,1112.953
8020.0,0.0,1112.953
8020.0,0.0,1112.953
8020.0,0.0,1112.953
8040.0,-0.0,1112.983
8040.0,-0.0,1112.983
8040.0,0.0,1112.983
8040.0,0.0,1112.983
8040.0,0.0,1112.983
8060.0,-0.0,1113.013
8060.0,-0.0,1113.013
8060.0,0.0,1113.013
8060.0,0.0,1113.013
8060.0,0.0,1113.013
8080.0,-0.0,1113.043
8080.0,-0.0,1113.043
8080.0,0.0,1113.043
8080.0,0.0,1113.043
8080.0,0.0,1113.043
8100.0,-0.0,1113.073
8100.0,-0.0,1113.073
8100.0,0.0,1113.073
8100.0,0.0,1113.073
8100.0,0.0,1113.073
8120.0,-0.0,1113.103
8120.0,-0.0,1113.103
8120.0,0.0,1113.103
8120.0,0.0,1113.103
8120.0,0.0,1113.103
8140.0,-0.0,1113.128
8140.0,-0.0,1113.128
8140.0,0.0,1113.128
8140.0,0.0,1113.128
8140.0,0.0,1113.128
8160.0,-0.0,1113.136
8160.0,-0.0,1113.136
8160.0,0.0,1113.136
8160.0,0.0,1113.136
8160.0,0.0,1113.136
8180.0,-0.0,1113.129
8180.0,-0.0,1113.129
8180.0,0.0,1113.129
8180.0,0.0,1113.129
8180.0,0.0,1113.129
8200.0,-0.0,1113.104
8200.0,-0.0,1113.104
8200.0,0.0,1113.104
8200.0,0.0,1113.104
8200.0,0.0,1113.104
8220.0,-0.0,1113.064
8220.0,-0.0,1113.064
8220.0,0.0,1113.064
8220.0,0.0,1113.064
8220.0,0.0,1113.064
8240.0,-0.0,1113.006
8240.0,-0.0,1113.006
8240.0,0.0,1113.006
8240.0,0.0,1113.006
8240.0,0.0,1113.006
8260.0,-0.0,1112.933
8260.0,-0.0,1112.933
8260.0,0.0,1112.933
8260.0,0.0,1112.933
8260.0,0.0,1112.933
8280.0,-0.0,1112.842
8280.0,-0.0,1112.842
8280.0,0.0,1112.842
8280.0,0.0,1112.842
8280.0,0.0,1112.842
8300.0,-0.0,1112.719
8300.0,-0.0,1112.719
8300.0,0.0,1112.719
8300.0,0.0,1112.719
8300.0,0.0,1112.719
8320.0,-0.0,1112.559
8320.0,-0.0,1112.559
8320.0,0.0,1112.559
8320.0,0.0,1112.559
8320.0,0.0,1112.559
8340.0,-0.0,1112.362
8340.0,-0.0,1112.362
8340.0,0.0,1112.362
8340.0,0.0,1112.362
8340.0,0.0,1112.362
8360.0,-0.0,1112.127
8360.0,-0.0,1112.127
8360.0,0.0,1112.127
8360.0,0.0,1112.127
8360.0,0.0,1112.127
8380.0,-0.0,1111.858
8380.0,-0.0,1111.858
8380.0,0.0,1111.858
8380.0,0.0,1111.858
8380.0,0.0,1111.858
8400.0,-0.0,1111.579
8400.0,-0.0,1111.579
8400.0,0.0,1111.579
8400.0,0.0,1111.579
8400.0,0.0,1111.579
8420.0,-0.0,1111.299
8420.0,-0.0,1111.299
8420.0,0.0,1111.299
8420.0,0.0,1111.299
8420.0,0.0,1111.299
8440.0,-0.0,1111.02
8440.0,-0.0,1111.02
8440.0,0.0,1111.02
8440.0,0.0,1111.02
8440.0,0.0,1111.02
8458.82,-0.0,1110.758
8458.82,-0.0,1110.758
8458.82,0.0,1110.758
8458.82,0.0,1110.758
8458.82,0.0,1110.758
8460.0,-0.0,1110.741
8460.0,-0.0,1110.741
8460.0,0.0,1110.741
8460.0,0.0,1110.741
8460.0,0.0,1110.741
8471.061,-0.0,1110.587
8471.061,-0.0,1110.587
8471.061,0.0,1110.587
8471.061,0.0,1110.587
8471.061,0.0,1110.587
8480.0,-0.0,1110.462
8480.0,-0.0,1110.462
8480.0,0.0,1110.462
8480.0,0.0,1110.462
8480.0,0.0,1110.462
8500.0,-0.0,1110.183
8500.0,-0.0,1110.183
8500.0,0.0,1110.183
8500.0,0.0,1110.183
8500.0,0.0,1110.183
8520.0,-0.0,1109.904
8520.0,-0.0,1109.904
8520.0,0.0,1109.904
8520.0,0.0,1109.904
8520.0,0.0,1109.904
8540.0,-0.0,1109.625
8540.0,-0.0,1109.625
8540.0,0.0,1109.625
8540.0,0.0,1109.625
8540.0,0.0,1109.625
8546.094,-0.0,1109.539
8546.094,-0.0,1109.539
8546.094,0.0,1109.539
8546.094,0.0,1109.539
8546.094,0.0,1109.539
8550.783,-0.0,1109.474
8550.783,-0.0,1109.474
8550.783,0.0,1109.474
8550.783,0.0,1109.474
8550.783,0.0,1109.474
8553.363,-0.0,1109.438
8553.363,-0.0,1109.438
8553.363,0.0,1109.438
8553.363,0.0,1109.438
8553.363,0.0,1109.438
8555.916,-0.0,1109.402
8555.916,-0.0,1109.402
8555.916,0.0,1109.402
8555.916,0.0,1109.402
8555.916,0.0,1109.402
8558.125,-0.0,1109.372
8558.125,-0.0,1109.372
8558.125,0.0,1109.372
8558.125,0.0,1109.372
8558.125,0.0,1109.372
8560.0,-0.0,1109.345
8560.0,-0.0,1109.345
8560.0,0.0,1109.345
8560.0,0.0,1109.345
8560.0,0.0,1109.345
8560.983,-0.0,1109.332
8560.983,-0.0,1109.332
8560.983,0.0,1109.332
8560.983,0.0,1109.332
8560.983,0.0,1109.332
8580.0,-0.0,1109.066
8580.0,-0.0,1109.066
8580.0,0.0,1109.066
8580.0,0.0,1109.066
8580.0,0.0,1109.066
8600.0,-0.0,1108.787
8600.0,-0.0,1108.787
8600.0,0.0,1108.787
8600.0,0.0,1108.787
8600.0,0.0,1108.787
8620.0,-0.0,1108.508
8620.0,-0.0,1108.508
8620.0,0.0,1108.508
8620.0,0.0,1108.508
8620.0,0.0,1108.508
8640.0,-0.0,1108.229
8640.0,-0.0,1108.229
8640.0,0.0,1108.229
8640.0,0.0,1108.229
8640.0,0.0,1108.229
8660.0,-0.0,1107.95
8660.0,-0.0,1107.95
8660.0,0.0,1107.95
8660.0,0.0,1107.95
8660.0,0.0,1107.95
8680.0,-0.0,1107.671
8680.0,-0.0,1107.671
8680.0,0.0,1107.671
8680.0,0.0,1107.671
8680.0,0.0,1107.671
8680.14,-0.0,1107.669
8680.14,-0.0,1107.669
8680.14,0.0,1107.669
8680.14,0.0,1107.669
8680.14,0.0,1107.669
8684.884,-0.0,1107.602
8684.884,-0.0,1107.602
8684.884,0.0,1107.602
8684.884,0.0,1107.602
8684.884,0.0,1107.602
8700.0,-0.0,1107.391
8700.0,-0.0,1107.391
8700.0,0.0,1107.391
8700.0,0.0,1107.391
8700.0,0.0,1107.391
8720.0,-0.0,1107.112
8720.0,-0.0,1107.112
8720.0,0.0,1107.112
8720.0,0.0,1107.112
8720.0,0.0,1107.112
8740.0,-0.0,1106.833
8740.0,-0.0,1106.833
8740.0,0.0,1106.833
8740.0,0.0,1106.833
8740.0,0.0,1106.833
8760.0,-0.0,1106.554
8760.0,-0.0,1106.554
8760.0,0.0,1106.554
8760.0,0.0,1106.554
8760.0,0.0,1106.554
8773.428,-4.8,1106.306
8773.428,-3.65,1106.328
8773.428,0.0,1106.366
8773.428,3.65,1106.293
8773.428,4.8,1106.271
8780.0,-4.87,1106.233
8780.0,-3.64,1106.257
8780.0,0.0,1106.275
8780.0,3.64,1106.202
8780.0,4.84,1106.178
8790.0,-4.96,1106.122
8790.0,-3.63,1106.148
8790.0,0.0,1106.135
8790.0,3.63,1106.063
8790.0,4.9,1106.037
8800.0,-5.06,1106.01
8800.0,-3.62,1106.039
8800.0,0.0,1105.996
8800.0,3.62,1105.923
8800.0,4.96,1105.896
8810.0,-5.16,1105.899
8810.0,-3.61,1105.93
8810.0,0.0,1105.856
8810.0,3.61,1105.782
8810.0,5.02,1105.753
8820.0,-5.26,1105.788
8820.0,-3.6,1105.821
8820.0,0.0,1105.716
8820.0,3.6,1105.612
8820.0,5.08,1105.569
8823.751,-5.3,1105.797
8823.751,-3.6,1105.78
8823.751,0.0,1105.664
8823.751,3.6,1105.548
8823.751,5.1,1105.5
8830.0,-5.3,1105.72
8830.0,-3.6,1105.703
8830.0,0.0,1105.577
8830.0,3.6,1105.451
8830.0,5.1,1105.398
8840.0,-5.3,1105.58
8840.0,-3.6,1105.563
8840.0,0.0,1105.437
8840.0,3.6,1105.311
8840.0,5.1,1105.259
8850.0,-5.3,1105.441
8850.0,-3.6,1105.424
8850.0,0.0,1105.298
8850.0,3.6,1105.172
8850.0,5.1,1105.119
8860.0,-5.3,1105.295
8860.0,-3.6,1105.278
8860.0,0.0,1105.158
8860.0,3.6,1105.038
8860.0,5.1,1104.989
8870.0,-5.3,1105.147
8870.0,-3.6,1105.13
8870.0,0.0,1105.019
8870.0,3.6,1104.907
8870.0,5.1,1104.861
8874.074,-5.3,1105.087
8874.074,-3.6,1105.07
8874.074,0.0,1104.962
8874.074,3.6,1104.854
8874.074,5.1,1104.809
8880.0,-5.3,1104.999
8880.0,-3.6,1104.982
8880.0,0.0,1104.879
8880.0,3.6,1104.776
8880.0,5.1,1104.733
8900.0,-5.3,1104.703
8900.0,-3.6,1104.686
8900.0,0.0,1104.6
8900.0,3.6,1104.513
8900.0,5.1,1104.477
8920.0,-5.3,1104.413
8920.0,-3.6,1104.396
8920.0,0.0,1104.324
8920.0,3.6,1104.252
8920.0,5.1,1104.222
8940.0,-5.3,1104.145
8940.0,-3.6,1104.128
8940.0,0.0,1104.056
8940.0,3.6,1103.984
8940.0,5.1,1103.954
8960.0,-5.3,1103.884
8960.0,-3.6,1103.867
8960.0,0.0,1103.795
8960.0,3.6,1103.723
8960.0,5.1,1103.693
8980.0,-5.3,1103.62
8980.0,-3.6,1103.603
8980.0,0.0,1103.542
8980.0,3.6,1103.481
8980.0,5.1,1103.451
9000.0,-5.3,1103.295
9000.0,-3.6,1103.295
9000.0,0.0,1103.296
9000.0,3.6,1103.296
9000.0,5.1,1103.266
9011.944,-5.3,1103.097
9011.944,-3.6,1103.114
9011.944,0.0,1103.151
9011.944,3.6,1103.187
9011.944,5.1,1103.157
9014.084,-5.3,1103.061
9014.084,-3.6,1103.082
9014.084,0.0,1103.125
9014.084,3.6,1103.168
9014.084,5.1,1103.138
9016.301,-5.3,1103.025
9016.301,-3.6,1103.048
9016.301,0.0,1103.098
9016.301,3.6,1103.148
9016.301,5.1,1103.118
9018.334,-5.3,1102.991
9018.334,-3.6,1103.017
9018.334,0.0,1103.073
9018.334,3.6,1103.13
9018.334,5.1,1103.099
9019.609,-5.3,1102.97
9019.609,-3.6,1102.998
9019.609,0.0,1103.058
9019.609,3.6,1103.118
9019.609,5.1,1103.088
9020.0,-5.3,1102.963
9020.0,-3.6,1102.992
9020.0,0.0,1103.053
9020.0,3.6,1103.114
9020.0,5.1,1103.084
9020.485,-5.3,1102.955
9020.485,-3.6,1102.985
9020.485,0.0,1103.047
9020.485,3.6,1103.11
9020.485,5.1,1103.08
9030.0,-5.3,1102.797
9030.0,-3.6,1102.84
9030.0,0.0,1102.932
9030.0,3.6,1103.023
9030.0,5.1,1102.993
9040.0,-5.3,1102.628
9040.0,-3.6,1102.686
9040.0,0.0,1102.808
9040.0,3.6,1102.93
9040.0,5.1,1102.9
9050.0,-5.3,1102.496
9050.0,-3.6,1102.555
9050.0,0.0,1102.681
9050.0,3.6,1102.807
9050.0,5.1,1102.777
9060.0,-5.3,1102.367
9060.0,-3.6,1102.427
9060.0,0.0,1102.553
9060.0,3.6,1102.679
9060.0,5.1,1102.649
9070.0,-5.3,1102.236
9070.0,-3.6,1102.295
9070.0,0.0,1102.421
9070.0,3.6,1102.547
9070.0,5.1,1102.517
9070.621,-5.3,1102.228
9070.621,-3.6,1102.287
9070.621,0.0,1102.413
9070.621,3.6,1102.539
9070.621,5.1,1102.509
9080.0,-5.3,1102.102
9080.0,-3.6,1102.161
9080.0,0.0,1102.287
9080.0,3.6,1102.413
9080.0,5.1,1102.383
9090.0,-5.3,1101.966
9090.0,-3.6,1102.025
9090.0,0.0,1102.151
9090.0,3.6,1102.277
9090.0,5.1,1102.247
9100.0,-5.3,1101.827
9100.0,-3.6,1101.886
9100.0,0.0,1102.012
9100.0,3.6,1102.138
9100.0,5.1,1102.108
9110.0,-5.3,1101.73
9110.0,-3.6,1101.775
9110.0,0.0,1101.871
9110.0,3.6,1101.966
9110.0,5.1,1101.936
9120.0,-5.3,1101.631
9120.0,-3.6,1101.662
9120.0,0.0,1101.727
9120.0,3.6,1101.792
9120.0,5.1,1101.762
9121.632,-5.3,1101.615
9121.632,-3.6,1101.643
9121.632,0.0,1101.703
9121.632,3.6,1101.763
9121.632,5.1,1101.733
9140.0,-5.3,1101.425
9140.0,-3.6,1101.427
9140.0,0.0,1101.431
9140.0,3.6,1101.435
9140.0,5.1,1101.405
9160.0,-5.3,1101.2
9160.0,-3.6,1101.183
9160.0,0.0,1101.126
9160.0,3.6,1101.069
9160.0,5.1,1101.039
9180.0,-5.3,1100.899
9180.0,-3.6,1100.882
9180.0,0.0,1100.81
9180.0,3.6,1100.738
9180.0,5.1,1100.708
9200.0,-5.3,1100.581
9200.0,-3.6,1100.564
9200.0,0.0,1100.492
9200.0,3.6,1100.42
9200.0,5.1,1100.39
9220.0,-5.3,1100.267
9220.0,-3.6,1100.25
9220.0,0.0,1100.178
9220.0,3.6,1100.106
9220.0,5.1,1100.076
9240.0,-5.3,1099.961
9240.0,-3.6,1099.944
9240.0,0.0,1099.872
9240.0,3.6,1099.8
9240.0,5.1,1099.77
9260.0,-5.3,1099.663
9260.0,-3.6,1099.646
9260.0,0.0,1099.574
9260.0,3.6,1099.502
9260.0,5.1,1099.472
9280.0,-5.3,1099.372
9280.0,-3.6,1099.355
9280.0,0.0,1099.283
9280.0,3.6,1099.211
9280.0,5.1,1099.181
9300.0,-5.3,1099.09
9300.0,-3.6,1099.073
9300.0,0.0,1099.001
9300.0,3.6,1098.929
9300.0,5.1,1098.899
9320.0,-5.3,1098.812
9320.0,-3.6,1098.795
9320.0,0.0,1098.723
9320.0,3.6,1098.651
9320.0,5.1,1098.621
9326.676,-5.3,1098.719
9326.676,-3.6,1098.702
9326.676,0.0,1098.63
9326.676,3.6,1098.558
9326.676,5.1,1098.528
9328.232,-5.3,1098.697
9328.232,-3.6,1098.68
9328.232,0.0,1098.608
9328.232,3.6,1098.536
9328.232,5.1,1098.506
9335.544,-5.3,1098.595
9335.544,-3.6,1098.578
9335.544,0.0,1098.506
9335.544,3.6,1098.434
9335.544,5.1,1098.404
9340.0,-5.3,1098.533
9340.0,-3.6,1098.516
9340.0,0.0,1098.444
9340.0,3.6,1098.372
9340.0,5.1,1098.342
9341.791,-5.3,1098.508
9341.791,-3.6,1098.491
9341.791,0.0,1098.419
9341.791,3.6,1098.347
9341.791,5.1,1098.317
9344.127,-5.3,1098.476
9344.127,-3.6,1098.459
9344.127,0.0,1098.387
9344.127,3.6,1098.315
9344.127,5.1,1098.285
9360.0,-5.3,1098.262
9360.0,-3.6,1098.245
9360.0,0.0,1098.173
9360.0,3.6,1098.101
9360.0,5.1,1098.071
9380.0,-5.3,1098.012
9380.0,-3.6,1097.995
9380.0,0.0,1097.923
9380.0,3.6,1097.851
9380.0,5.1,1097.821
9400.0,-5.3,1097.785
9400.0,-3.6,1097.768
9400.0,0.0,1097.696
9400.0,3.6,1097.624
9400.0,5.1,1097.594
9420.0,-5.3,1097.61
9420.0,-3.6,1097.593
9420.0,0.0,1097.521
9420.0,3.6,1097.449
9420.0,5.1,1097.419
9440.0,-5.3,1097.456
9440.0,-3.6,1097.439
9440.0,0.0,1097.367
9440.0,3.6,1097.295
9440.0,5.1,1097.265
9460.0,-5.3,1097.208
9460.0,-3.6,1097.191
9460.0,0.0,1097.119
9460.0,3.6,1097.047
9460.0,5.1,1097.017
9480.0,-5.3,1096.899
9480.0,-3.6,1096.882
9480.0,0.0,1096.81
9480.0,3.6,1096.738
9480.0,5.1,1096.708
9500.0,-5.3,1096.553
9500.0,-3.6,1096.536
9500.0,0.0,1096.464
9500.0,3.6,1096.392
9500.0,5.1,1096.362
9503.078,-5.3,1096.496
9503.078,-3.6,1096.479
9503.078,0.0,1096.407
9503.078,3.6,1096.335
9503.078,5.1,1096.305
9505.478,-5.3,1096.451
9505.478,-3.6,1096.434
9505.478,0.0,1096.362
9505.478,3.6,1096.29
9505.478,5.1,1096.26
9508.94,-5.3,1096.386
9508.94,-3.6,1096.369
9508.94,0.0,1096.297
9508.94,3.6,1096.225
9508.94,5.1,1096.195
9515.385,-5.3,1096.265
9515.385,-3.6,1096.248
9515.385,0.0,1096.176
9515.385,3.6,1096.104
9515.385,5.1,1096.074
9520.0,-5.3,1096.18
9520.0,-3.6,1096.163
9520.0,0.0,1096.091
9520.0,3.6,1096.019
9520.0,5.1,1095.989
9521.815,-5.3,1096.147
9521.815,-3.6,1096.13
9521.815,0.0,1096.058
9521.815,3.6,1095.986
9521.815,5.1,1095.956
9540.0,-5.3,1095.827
9540.0,-3.6,1095.81
9540.0,0.0,1095.738
9540.0,3.6,1095.666
9540.0,5.1,1095.636
9560.0,-5.3,1095.499
9560.0,-3.6,1095.482
9560.0,0.0,1095.41
9560.0,3.6,1095.338
9560.0,5.1,1095.308
9580.0,-5.3,1095.196
9580.0,-3.6,1095.179
9580.0,0.0,1095.107
9580.0,3.6,1095.035
9580.0,5.1,1095.005
9600.0,-5.3,1094.917
9600.0,-3.6,1094.9
9600.0,0.0,1094.828
9600.0,3.6,1094.756
9600.0,5.1,1094.726
9620.0,-5.3,1094.659
9620.0,-3.6,1094.642
9620.0,0.0,1094.57
9620.0,3.6,1094.498
9620.0,5.1,1094.468
9640.0,-5.3,1094.422
9640.0,-3.6,1094.405
9640.0,0.0,1094.333
9640.0,3.6,1094.261
9640.0,5.1,1094.231
9660.0,-5.3,1094.205
9660.0,-3.6,1094.188
9660.0,0.0,1094.116
9660.0,3.6,1094.044
9660.0,5.1,1094.014
9680.0,-5.3,1094.01
9680.0,-3.6,1093.993
9680.0,0.0,1093.921
9680.0,3.6,1093.849
9680.0,5.1,1093.819
9700.0,-5.3,1093.833
9700.0,-3.6,1093.816
9700.0,0.0,1093.744
9700.0,3.6,1093.672
9700.0,5.1,1093.642
9720.0,-5.3,1093.668
9720.0,-3.6,1093.651
9720.0,0.0,1093.579
9720.0,3.6,1093.507
9720.0,5.1,1093.477
9740.0,-5.3,1093.511
9740.0,-3.6,1093.494
9740.0,0.0,1093.422
9740.0,3.6,1093.35
9740.0,5.1,1093.32
9760.0,-5.3,1093.364
9760.0,-3.6,1093.347
9760.0,0.0,1093.275
9760.0,3.6,1093.203
9760.0,5.1,1093.173
9780.0,-5.3,1093.226
9780.0,-3.6,1093.209
9780.0,0.0,1093.137
9780.0,3.6,1093.065
9780.0,5.1,1093.035
9800.0,-5.3,1093.097
9800.0,-3.6,1093.08
9800.0,0.0,1093.008
9800.0,3.6,1092.936
9800.0,5.1,1092.906
9820.0,-5.3,1092.978
9820.0,-3.6,1092.961
9820.0,0.0,1092.889
9820.0,3.6,1092.817
9820.0,5.1,1092.787
9840.0,-5.3,1092.867
9840.0,-3.6,1092.85
9840.0,0.0,1092.778
9840.0,3.6,1092.706
9840.0,5.1,1092.676
9860.0,-5.3,1092.762
9860.0,-3.6,1092.745
9860.0,0.0,1092.673
9860.0,3.6,1092.601
9860.0,5.1,1092.571
9880.0,-5.3,1092.656
9880.0,-3.6,1092.639
9880.0,0.0,1092.567
9880.0,3.6,1092.495
9880.0,5.1,1092.465
9900.0,-5.3,1092.55
9900.0,-3.6,1092.533
9900.0,0.0,1092.461
9900.0,3.6,1092.389
9900.0,5.1,1092.359
9920.0,-5.3,1092.445
9920.0,-3.6,1092.428
9920.0,0.0,1092.356
9920.0,3.6,1092.284
9920.0,5.1,1092.254
9940.0,-5.3,1092.362
9940.0,-3.6,1092.345
9940.0,0.0,1092.25
9940.0,3.6,1092.155
9940.0,5.1,1092.115
9945.294,-5.3,1092.347
9945.294,-3.6,1092.33
9945.294,0.0,1092.222
9945.294,3.6,1092.114
9945.294,5.1,1092.069
9950.0,-5.3,1092.334
9950.0,-3.6,1092.317
9950.0,0.0,1092.197
9950.0,3.6,1092.078
9950.0,5.1,1092.028
9960.0,-5.3,1092.287
9960.0,-3.6,1092.27
9960.0,0.0,1092.144
9960.0,3.6,1092.018
9960.0,5.1,1091.966
9970.0,-5.3,1092.234
9970.0,-3.6,1092.217
9970.0,0.0,1092.091
9970.0,3.6,1091.965
9970.0,5.1,1091.913
9980.0,-5.3,1092.182
9980.0,-3.6,1092.165
9980.0,0.0,1092.039
9980.0,3.6,1091.913
9980.0,5.1,1091.86
9988.008,-5.3,1092.139
9988.008,-3.6,1092.122
9988.008,0.0,1091.996
9988.008,3.6,1091.87
9988.008,5.1,1091.818
9990.0,-5.3,1092.129
9990.0,-3.6,1092.112
9990.0,0.0,1091.986
9990.0,3.6,1091.86
9990.0,5.1,1091.807
9991.016,-5.3,1092.123
9991.016,-3.6,1092.106
9991.016,0.0,1091.98
9991.016,3.6,1091.854
9991.016,5.1,1091.802
9993.92,-5.3,1092.108
9993.92,-3.6,1092.091
9993.92,0.0,1091.965
9993.92,3.6,1091.839
9993.92,5.1,1091.787
9996.851,-5.3,1092.093
9996.851,-3.6,1092.076
9996.851,0.0,1091.95
9996.851,3.6,1091.824
9996.851,5.1,1091.771
9999.832,-5.3,1092.077
9999.832,-3.6,1092.06
9999.832,0.0,1091.934
9999.832,3.6,1091.808
9999.832,5.1,1091.756
10000.0,-5.3,1092.076
10000.0,-3.6,1092.059
10000.0,0.0,1091.933
10000.0,3.6,1091.807
10000.0,5.1,1091.755
10010.0,-5.3,1092.028
10010.0,-3.6,1092.011
10010.0,0.0,1091.885
10010.0,3.6,1091.759
10010.0,5.1,1091.707
10020.0,-5.3,1091.985
10020.0,-3.6,1091.968
10020.0,0.0,1091.842
10020.0,3.6,1091.716
10020.0,5.1,1091.663
10030.0,-5.3,1091.946
10030.0,-3.6,1091.929
10030.0,0.0,1091.803
10030.0,3.6,1091.677
10030.0,5.1,1091.625
10040.0,-5.3,1091.912
10040.0,-3.6,1091.895
10040.0,0.0,1091.769
10040.0,3.6,1091.643
10040.0,5.1,1091.591
10050.0,-5.3,1091.883
10050.0,-3.6,1091.866
10050.0,0.0,1091.74
10050.0,3.6,1091.614
10050.0,5.1,1091.562
10060.0,-5.3,1091.859
10060.0,-3.6,1091.842
10060.0,0.0,1091.716
10060.0,3.6,1091.59
10060.0,5.1,1091.537
10070.0,-5.3,1091.839
10070.0,-3.6,1091.822
10070.0,0.0,1091.696
10070.0,3.6,1091.57
10070.0,5.1,1091.518
10080.0,-5.3,1091.824
10080.0,-3.6,1091.807
10080.0,0.0,1091.681
10080.0,3.6,1091.555
10080.0,5.1,1091.503
10090.0,-5.3,1091.814
10090.0,-3.6,1091.797
10090.0,0.0,1091.671
10090.0,3.6,1091.545
10090.0,5.1,1091.493
10100.0,-5.3,1091.809
10100.0,-3.6,1091.792
10100.0,0.0,1091.666
10100.0,3.6,1091.54
10100.0,5.1,1091.487
10110.0,-5.3,1091.808
10110.0,-3.6,1091.791
10110.0,0.0,1091.665
10110.0,3.6,1091.539
10110.0,5.1,1091.487
10120.0,-5.3,1091.812
10120.0,-3.6,1091.795
10120.0,0.0,1091.669
10120.0,3.6,1091.543
10120.0,5.1,1091.491
10130.0,-5.3,1091.821
10130.0,-3.6,1091.804
10130.0,0.0,1091.678
10130.0,3.6,1091.552
10130.0,5.1,1091.5
10140.0,-5.3,1091.835
10140.0,-3.6,1091.818
10140.0,0.0,1091.692
10140.0,3.6,1091.566
10140.0,5.1,1091.514
10150.0,-5.3,1091.853
10150.0,-3.6,1091.836
10150.0,0.0,1091.71
10150.0,3.6,1091.584
10150.0,5.1,1091.532
10160.0,-5.3,1091.877
10160.0,-3.6,1091.86
10160.0,0.0,1091.734
10160.0,3.6,1091.608
10160.0,5.1,1091.555
10170.0,-5.3,1091.905
10170.0,-3.6,1091.888
10170.0,0.0,1091.762
10170.0,3.6,1091.636
10170.0,5.1,1091.583
10180.0,-5.3,1091.937
10180.0,-3.6,1091.92
10180.0,0.0,1091.794
10180.0,3.6,1091.668
10180.0,5.1,1091.616
10190.0,-5.3,1091.975
10190.0,-3.6,1091.958
10190.0,0.0,1091.832
10190.0,3.6,1091.706
10190.0,5.1,1091.653
10200.0,-5.3,1092.018
10200.0,-3.6,1092.001
10200.0,0.0,1091.875
10200.0,3.6,1091.749
10200.0,5.1,1091.696
10210.0,-5.3,1092.067
10210.0,-3.6,1092.05
10210.0,0.0,1091.924
10210.0,3.6,1091.798
10210.0,5.1,1091.746
10220.0,-5.3,1092.124
10220.0,-3.6,1092.107
10220.0,0.0,1091.981
10220.0,3.6,1091.855
10220.0,5.1,1091.803
10230.0,-5.3,1092.189
10230.0,-3.6,1092.172
10230.0,0.0,1092.046
10230.0,3.6,1091.92
10230.0,5.1,1091.867
10240.0,-5.3,1092.261
10240.0,-3.6,1092.244
10240.0,0.0,1092.118
10240.0,3.6,1091.992
10240.0,5.1,1091.94
10240.886,-5.3,1092.268
10240.886,-3.6,1092.251
10240.886,0.0,1092.125
10240.886,3.6,1091.999
10240.886,5.1,1091.946
10243.29,-5.3,1092.286
10243.29,-3.6,1092.269
10243.29,0.0,1092.143
10243.29,3.6,1092.017
10243.29,5.1,1091.965
10245.669,-5.3,1092.305
10245.669,-3.6,1092.288
10245.669,0.0,1092.162
10245.669,3.6,1092.036
10245.669,5.1,1091.984
10247.997,-5.3,1092.324
10247.997,-3.6,1092.307
10247.997,0.0,1092.181
10247.997,3.6,1092.055
10247.997,5.1,1092.002
10250.0,-5.3,1092.34
10250.0,-3.6,1092.323
10250.0,0.0,1092.198
10250.0,3.6,1092.072
10250.0,5.1,1092.019
10250.451,-5.3,1092.344
10250.451,-3.6,1092.327
10250.451,0.0,1092.201
10250.451,3.6,1092.075
10250.451,5.1,1092.023
10260.0,-5.3,1092.427
10260.0,-3.6,1092.41
10260.0,0.0,1092.284
10260.0,3.6,1092.158
10260.0,5.1,1092.106
10266.947,-5.3,1092.492
10266.947,-3.6,1092.475
10266.947,0.0,1092.349
10266.947,3.6,1092.223
10266.947,5.1,1092.171
10270.0,-5.3,1092.522
10270.0,-3.6,1092.505
10270.0,0.0,1092.379
10270.0,3.6,1092.253
10270.0,5.1,1092.2
10280.0,-5.3,1092.623
10280.0,-3.6,1092.606
10280.0,0.0,1092.48
10280.0,3.6,1092.354
10280.0,5.1,1092.302
10290.0,-5.3,1092.733
10290.0,-3.6,1092.716
10290.0,0.0,1092.59
10290.0,3.6,1092.464
10290.0,5.1,1092.411
10300.0,-5.3,1092.849
10300.0,-3.6,1092.832
10300.0,0.0,1092.706
10300.0,3.6,1092.58
10300.0,5.1,1092.528
10310.0,-5.3,1092.973
10310.0,-3.6,1092.956
10310.0,0.0,1092.83
10310.0,3.6,1092.704
10310.0,5.1,1092.652
10320.0,-5.3,1093.105
10320.0,-3.6,1093.088
10320.0,0.0,1092.962
10320.0,3.6,1092.836
10320.0,5.1,1092.784
10330.0,-5.3,1093.244
10330.0,-3.6,1093.227
10330.0,0.0,1093.101
10330.0,3.6,1092.975
10330.0,5.1,1092.922
10340.0,-5.3,1093.39
10340.0,-3.6,1093.373
10340.0,0.0,1093.247
10340.0,3.6,1093.121
10340.0,5.1,1093.069
10350.0,-5.3,1093.544
10350.0,-3.6,1093.527
10350.0,0.0,1093.401
10350.0,3.6,1093.275
10350.0,5.1,1093.223
10360.0,-5.3,1093.705
10360.0,-3.6,1093.688
10360.0,0.0,1093.562
10360.0,3.6,1093.436
10360.0,5.1,1093.383
10370.0,-5.3,1093.866
10370.0,-3.6,1093.849
10370.0,0.0,1093.723
10370.0,3.6,1093.597
10370.0,5.1,1093.545
10380.0,-5.3,1094.028
10380.0,-3.6,1094.011
10380.0,0.0,1093.885
10380.0,3.6,1093.759
10380.0,5.1,1093.707
10390.0,-5.3,1094.189
10390.0,-3.6,1094.172
10390.0,0.0,1094.047
10390.0,3.6,1093.921
10390.0,5.1,1093.868
10400.0,-5.3,1094.351
10400.0,-3.6,1094.334
10400.0,0.0,1094.208
10400.0,3.6,1094.082
10400.0,5.1,1094.03
10410.0,-5.3,1094.513
10410.0,-3.6,1094.496
10410.0,0.0,1094.37
10410.0,3.6,1094.244
10410.0,5.1,1094.191
10420.0,-5.3,1094.674
10420.0,-3.6,1094.657
10420.0,0.0,1094.531
10420.0,3.6,1094.405
10420.0,5.1,1094.353
10430.0,-5.3,1094.836
10430.0,-3.6,1094.819
10430.0,0.0,1094.693
10430.0,3.6,1094.567
10430.0,5.1,1094.514
10440.0,-5.3,1094.997
10440.0,-3.6,1094.98
10440.0,0.0,1094.854
10440.0,3.6,1094.728
10440.0,5.1,1094.676
10450.0,-5.3,1095.159
10450.0,-3.6,1095.142
10450.0,0.0,1095.016
10450.0,3.6,1094.89
10450.0,5.1,1094.838
10460.0,-5.3,1095.32
10460.0,-3.6,1095.303
10460.0,0.0,1095.177
10460.0,3.6,1095.052
10460.0,5.1,1094.999
10470.0,-5.3,1095.482
10470.0,-3.6,1095.465
10470.0,0.0,1095.339
10470.0,3.6,1095.213
10470.0,5.1,1095.161
10480.0,-5.3,1095.644
10480.0,-3.6,1095.627
10480.0,0.0,1095.501
10480.0,3.6,1095.375
10480.0,5.1,1095.322
10490.0,-5.3,1095.805
10490.0,-3.6,1095.788
10490.0,0.0,1095.662
10490.0,3.6,1095.536
10490.0,5.1,1095.484
10500.0,-5.3,1095.967
10500.0,-3.6,1095.95
10500.0,0.0,1095.824
10500.0,3.6,1095.698
10500.0,5.1,1095.645
10510.0,-5.3,1096.128
10510.0,-3.6,1096.111
10510.0,0.0,1095.985
10510.0,3.6,1095.859
10510.0,5.1,1095.807
10520.0,-5.3,1096.29
10520.0,-3.6,1096.273
10520.0,0.0,1096.147
10520.0,3.6,1096.021
10520.0,5.1,1095.969
10530.0,-5.3,1096.451
10530.0,-3.6,1096.434
10530.0,0.0,1096.308
10530.0,3.6,1096.182
10530.0,5.1,1096.13
10540.0,-5.3,1096.613
10540.0,-3.6,1096.596
10540.0,0.0,1096.47
10540.0,3.6,1096.344
10540.0,5.1,1096.292
10550.0,-5.3,1096.775
10550.0,-3.6,1096.758
10550.0,0.0,1096.632
10550.0,3.6,1096.506
10550.0,5.1,1096.453
10560.0,-5.3,1096.936
10560.0,-3.6,1096.919
10560.0,0.0,1096.793
10560.0,3.6,1096.667
10560.0,5.1,1096.615
10570.0,-5.3,1097.098
10570.0,-3.6,1097.081
10570.0,0.0,1096.955
10570.0,3.6,1096.829
10570.0,5.1,1096.776
10580.0,-5.3,1097.259
10580.0,-3.6,1097.242
10580.0,0.0,1097.116
10580.0,3.6,1096.99
10580.0,5.1,1096.938
10588.6,-5.3,1097.38
10588.6,-3.6,1097.363
10588.6,0.0,1097.255
10588.6,3.6,1097.147
10588.6,5.1,1097.102
10600.0,-5.3,1097.536
10600.0,-3.6,1097.519
10600.0,0.0,1097.439
10600.0,3.6,1097.359
10600.0,5.1,1097.326
10620.0,-5.3,1097.852
10620.0,-3.6,1097.835
10620.0,0.0,1097.763
10620.0,3.6,1097.691
10620.0,5.1,1097.661
10626.672,-5.3,1097.959
10626.672,-3.6,1097.942
10626.672,0.0,1097.87
10626.672,3.6,1097.798
10626.672,5.1,1097.768
10631.337,-5.3,1098.035
10631.337,-3.6,1098.018
10631.337,0.0,1097.946
10631.337,3.6,1097.874
10631.337,5.1,1097.844
10635.177,-5.3,1098.097
10635.177,-3.6,1098.08
10635.177,0.0,1098.008
10635.177,3.6,1097.936
10635.177,5.1,1097.906
10637.666,-5.3,1098.137
10637.666,-3.6,1098.12
10637.666,0.0,1098.048
10637.666,3.6,1097.976
10637.666,5.1,1097.946
10640.0,-5.3,1098.175
10640.0,-3.6,1098.158
10640.0,0.0,1098.086
10640.0,3.6,1098.014
10640.0,5.1,1097.984
10643.724,-5.3,1098.235
10643.724,-3.6,1098.218
10643.724,0.0,1098.146
10643.724,3.6,1098.074
10643.724,5.1,1098.044
10660.0,-5.3,1098.498
10660.0,-3.6,1098.481
10660.0,0.0,1098.409
10660.0,3.6,1098.337
10660.0,5.1,1098.307
10680.0,-5.3,1098.821
10680.0,-3.6,1098.804
10680.0,0.0,1098.732
10680.0,3.6,1098.66
10680.0,5.1,1098.63
10700.0,-5.3,1099.146
10700.0,-3.6,1099.129
10700.0,0.0,1099.057
10700.0,3.6,1098.985
10700.0,5.1,1098.955
10720.0,-5.3,1099.472
10720.0,-3.6,1099.455
10720.0,0.0,1099.383
10720.0,3.6,1099.311
10720.0,5.1,1099.281
10740.0,-5.3,1099.801
10740.0,-3.6,1099.784
10740.0,0.0,1099.712
10740.0,3.6,1099.64
10740.0,5.1,1099.61
10760.0,-5.3,1100.131
10760.0,-3.6,1100.114
10760.0,0.0,1100.042
10760.0,3.6,1099.97
10760.0,5.1,1099.94
10780.0,-5.3,1100.464
10780.0,-3.6,1100.447
10780.0,0.0,1100.375
10780.0,3.6,1100.302
10780.0,5.1,1100.272
10800.0,-5.3,1100.798
10800.0,-3.6,1100.781
10800.0,0.0,1100.709
10800.0,3.6,1100.637
10800.0,5.1,1100.607
10820.0,-5.3,1101.134
10820.0,-3.6,1101.117
10820.0,0.0,1101.045
10820.0,3.6,1100.973
10820.0,5.1,1100.943
10840.0,-5.3,1101.472
10840.0,-3.6,1101.455
10840.0,0.0,1101.383
10840.0,3.6,1101.311
10840.0,5.1,1101.281
10860.0,-5.3,1101.81
10860.0,-3.6,1101.793
10860.0,0.0,1101.721
10860.0,3.6,1101.649
10860.0,5.1,1101.619
10870.926,-5.3,1101.994
10870.926,-3.6,1101.977
10870.926,0.0,1101.905
10870.926,3.6,1101.833
10870.926,5.1,1101.803
10872.703,-5.3,1102.024
10872.703,-3.6,1102.007
10872.703,0.0,1101.935
10872.703,3.6,1101.863
10872.703,5.1,1101.833
10874.503,-5.3,1102.055
10874.503,-3.6,1102.038
10874.503,0.0,1101.966
10874.503,3.6,1101.894
10874.503,5.1,1101.864
10876.091,-5.3,1102.081
10876.091,-3.6,1102.064
10876.091,0.0,1101.992
10876.091,3.6,1101.92
10876.091,5.1,1101.89
10878.081,-5.3,1102.115
10878.081,-3.6,1102.098
10878.081,0.0,1102.026
10878.081,3.6,1101.954
10878.081,5.1,1101.924
10880.0,-5.3,1102.147
10880.0,-3.6,1102.13
10880.0,0.0,1102.058
10880.0,3.6,1101.986
10880.0,5.1,1101.956
10900.0,-5.3,1102.485
10900.0,-3.6,1102.468
10900.0,0.0,1102.396
10900.0,3.6,1102.324
10900.0,5.1,1102.294
10920.0,-5.3,1102.82
10920.0,-3.6,1102.803
10920.0,0.0,1102.731
10920.0,3.6,1102.659
10920.0,5.1,1102.629
10940.0,-5.3,1103.147
10940.0,-3.6,1103.13
10940.0,0.0,1103.058
10940.0,3.6,1102.986
10940.0,5.1,1102.956
10960.0,-5.3,1103.468
10960.0,-3.6,1103.451
10960.0,0.0,1103.379
10960.0,3.6,1103.307
10960.0,5.1,1103.277
10980.0,-5.3,1103.782
10980.0,-3.6,1103.766
10980.0,0.0,1103.693
10980.0,3.6,1103.621
10980.0,5.1,1103.591
11000.0,-5.3,1104.09
11000.0,-3.6,1104.073
11000.0,0.0,1104.001
11000.0,3.6,1103.929
11000.0,5.1,1103.899
11020.0,-5.3,1104.394
11020.0,-3.6,1104.377
11020.0,0.0,1104.305
11020.0,3.6,1104.233
11020.0,5.1,1104.203
11040.0,-5.3,1104.702
11040.0,-3.6,1104.685
11040.0,0.0,1104.613
11040.0,3.6,1104.541
11040.0,5.1,1104.51
11060.0,-5.3,1105.017
11060.0,-3.6,1105.0
11060.0,0.0,1104.928
11060.0,3.6,1104.856
11060.0,5.1,1104.826
11080.0,-5.3,1105.342
11080.0,-3.6,1105.325
11080.0,0.0,1105.253
11080.0,3.6,1105.181
11080.0,5.1,1105.151
11100.0,-5.3,1105.676
11100.0,-3.6,1105.659
11100.0,0.0,1105.587
11100.0,3.6,1105.515
11100.0,5.1,1105.485
11120.0,-5.3,1106.018
11120.0,-3.6,1106.001
11120.0,0.0,1105.929
11120.0,3.6,1105.857
11120.0,5.1,1105.827
11140.0,-5.3,1106.366
11140.0,-3.6,1106.349
11140.0,0.0,1106.277
11140.0,3.6,1106.205
11140.0,5.1,1106.175
11151.376,-5.3,1106.564
11151.376,-3.6,1106.547
11151.376,0.0,1106.475
11151.376,3.6,1106.403
11151.376,5.1,1106.373
11154.436,-5.3,1106.617
11154.436,-3.6,1106.6
11154.436,0.0,1106.528
11154.436,3.6,1106.456
11154.436,5.1,1106.426
11156.981,-5.3,1106.661
11156.981,-3.6,1106.644
11156.981,0.0,1106.572
11156.981,3.6,1106.5
11156.981,5.1,1106.47
11160.0,-5.3,1106.712
11160.0,-3.6,1106.695
11160.0,0.0,1106.623
11160.0,3.6,1106.551
11160.0,5.1,1106.521
11162.587,-5.3,1106.756
11162.587,-3.6,1106.74
11162.587,0.0,1106.667
11162.587,3.6,1106.595
11162.587,5.1,1106.565
11180.0,-5.3,1107.049
11180.0,-3.6,1107.032
11180.0,0.0,1106.96
11180.0,3.6,1106.888
11180.0,5.1,1106.858
11200.0,-5.3,1107.376
11200.0,-3.6,1107.359
11200.0,0.0,1107.287
11200.0,3.6,1107.215
11200.0,5.1,1107.185
11201.573,-5.3,1107.4
11201.573,-3.6,1107.383
11201.573,0.0,1107.311
11201.573,3.6,1107.239
11201.573,5.1,1107.209
11204.26,-5.3,1107.441
11204.26,-3.6,1107.424
11204.26,0.0,1107.352
11204.26,3.6,1107.28
11204.26,5.1,1107.25
11206.708,-5.3,1107.478
11206.708,-3.6,1107.461
11206.708,0.0,1107.389
11206.708,3.6,1107.317
11206.708,5.1,1107.287
11209.136,-5.3,1107.513
11209.136,-3.6,1107.496
11209.136,0.0,1107.424
11209.136,3.6,1107.352
11209.136,5.1,1107.322
11211.843,-5.3,1107.551
11211.843,-3.6,1107.534
11211.843,0.0,1107.462
11211.843,3.6,1107.39
11211.843,5.1,1107.36
11220.0,-5.3,1107.66
11220.0,-3.6,1107.643
11220.0,0.0,1107.571
11220.0,3.6,1107.499
11220.0,5.1,1107.469
11240.0,-5.3,1107.931
11240.0,-3.6,1107.914
11240.0,0.0,1107.842
11240.0,3.6,1107.77
11240.0,5.1,1107.74
11260.0,-5.3,1108.218
11260.0,-3.6,1108.201
11260.0,0.0,1108.129
11260.0,3.6,1108.057
11260.0,5.1,1108.027
11280.0,-5.3,1108.52
11280.0,-3.6,1108.503
11280.0,0.0,1108.431
11280.0,3.6,1108.359
11280.0,5.1,1108.329
11300.0,-5.3,1108.837
11300.0,-3.6,1108.82
11300.0,0.0,1108.748
11300.0,3.6,1108.676
11300.0,5.1,1108.646
11303.113,-5.3,1108.887
11303.113,-3.6,1108.87
11303.113,0.0,1108.798
11303.113,3.6,1108.726
11303.113,5.1,1108.696
11305.88,-5.3,1108.932
11305.88,-3.6,1108.915
11305.88,0.0,1108.843
11305.88,3.6,1108.771
11305.88,5.1,1108.741
11307.968,-5.3,1108.966
11307.968,-3.6,1108.949
11307.968,0.0,1108.877
11307.968,3.6,1108.805
11307.968,5.1,1108.775
11310.23,-5.3,1109.002
11310.23,-3.6,1108.985
11310.23,0.0,1108.913
11310.23,3.6,1108.841
11310.23,5.1,1108.811
11312.823,-5.3,1109.044
11312.823,-3.6,1109.027
11312.823,0.0,1108.955
11312.823,3.6,1108.883
11312.823,5.1,1108.853
11320.0,-5.3,1109.16
11320.0,-3.6,1109.143
11320.0,0.0,1109.071
11320.0,3.6,1108.999
11320.0,5.1,1108.969
11340.0,-5.3,1109.477
11340.0,-3.6,1109.46
11340.0,0.0,1109.388
11340.0,3.6,1109.316
11340.0,5.1,1109.286
11360.0,-5.3,1109.742
11360.0,-3.6,1109.725
11360.0,0.0,1109.653
11360.0,3.6,1109.581
11360.0,5.1,1109.551
11379.891,-5.3,1109.946
11379.891,-3.6,1109.929
11379.891,0.0,1109.857
11379.891,3.6,1109.785
11379.891,5.1,1109.755
11380.0,-5.3,1109.947
11380.0,-3.6,1109.93
11380.0,0.0,1109.858
11380.0,3.6,1109.786
11380.0,5.1,1109.756
11382.638,-5.3,1109.969
11382.638,-3.6,1109.952
11382.638,0.0,1109.88
11382.638,3.6,1109.808
11382.638,5.1,1109.778
11385.213,-5.3,1109.99
11385.213,-3.6,1109.973
11385.213,0.0,1109.901
11385.213,3.6,1109.829
11385.213,5.1,1109.799
11388.01,-5.3,1110.011
11388.01,-3.6,1109.995
11388.01,0.0,1109.922
11388.01,3.6,1109.85
11388.01,5.1,1109.82
11390.535,-5.3,1110.03
11390.535,-3.6,1110.013
11390.535,0.0,1109.941
11390.535,3.6,1109.869
11390.535,5.1,1109.839
11400.0,-5.3,1110.096
11400.0,-3.6,1110.079
11400.0,0.0,1110.007
11400.0,3.6,1109.935
11400.0,5.1,1109.905
11420.0,-5.3,1110.231
11420.0,-3.6,1110.214
11420.0,0.0,1110.142
11420.0,3.6,1110.07
11420.0,5.1,1110.04
11440.0,-5.3,1110.361
11440.0,-3.6,1110.344
11440.0,0.0,1110.272
11440.0,3.6,1110.2
11440.0,5.1,1110.17
11460.0,-5.3,1110.484
11460.0,-3.6,1110.467
11460.0,0.0,1110.395
11460.0,3.6,1110.323
11460.0,5.1,1110.293
11480.0,-5.3,1110.601
11480.0,-3.6,1110.584
11480.0,0.0,1110.512
11480.0,3.6,1110.44
11480.0,5.1,1110.41
11500.0,-5.3,1110.712
11500.0,-3.6,1110.695
11500.0,0.0,1110.623
11500.0,3.6,1110.551
11500.0,5.1,1110.521
11520.0,-5.3,1110.818
11520.0,-3.6,1110.801
11520.0,0.0,1110.729
11520.0,3.6,1110.657
11520.0,5.1,1110.627
11534.79,-5.3,1110.891
11534.79,-3.6,1110.875
11534.79,0.0,1110.802
11534.79,3.6,1110.73
11534.79,5.1,1110.7
11537.779,-5.3,1110.906
11537.779,-3.6,1110.889
11537.779,0.0,1110.817
11537.779,3.6,1110.745
11537.779,5.1,1110.715
11540.0,-5.3,1110.917
11540.0,-3.6,1110.9
11540.0,0.0,1110.828
11540.0,3.6,1110.756
11540.0,5.1,1110.726
11542.574,-5.3,1110.929
11542.574,-3.6,1110.912
11542.574,0.0,1110.84
11542.574,3.6,1110.768
11542.574,5.1,1110.738
11545.405,-5.3,1110.942
11545.405,-3.6,1110.925
11545.405,0.0,1110.853
11545.405,3.6,1110.781
11545.405,5.1,1110.751
11548.01,-5.3,1110.955
11548.01,-3.6,1110.938
11548.01,0.0,1110.866
11548.01,3.6,1110.794
11548.01,5.1,1110.764
11550.358,-5.3,1110.966
11550.358,-3.6,1110.949
11550.358,0.0,1110.877
11550.358,3.6,1110.805
11550.358,5.1,1110.775
11560.0,-5.3,1111.01
11560.0,-3.6,1110.993
11560.0,0.0,1110.921
11560.0,3.6,1110.849
11560.0,5.1,1110.819
11580.0,-5.3,1111.097
11580.0,-3.6,1111.08
11580.0,0.0,1111.008
11580.0,3.6,1110.936
11580.0,5.1,1110.906
11600.0,-5.3,1111.18
11600.0,-3.6,1111.163
11600.0,0.0,1111.091
11600.0,3.6,1111.019
11600.0,5.1,1110.989
11620.0,-5.3,1111.264
11620.0,-3.6,1111.247
11620.0,0.0,1111.175
11620.0,3.6,1111.103
11620.0,5.1,1111.073
11640.0,-5.3,1111.348
11640.0,-3.6,1111.331
11640.0,0.0,1111.259
11640.0,3.6,1111.187
11640.0,5.1,1111.157
11660.0,-5.3,1111.432
11660.0,-3.6,1111.415
11660.0,0.0,1111.343
11660.0,3.6,1111.271
11660.0,5.1,1111.241
11680.0,-5.3,1111.515
11680.0,-3.6,1111.498
11680.0,0.0,1111.426
11680.0,3.6,1111.354
11680.0,5.1,1111.324
11693.728,-5.3,1111.573
11693.728,-3.6,1111.556
11693.728,0.0,1111.484
11693.728,3.6,1111.412
11693.728,5.1,1111.382
11695.884,-5.3,1111.582
11695.884,-3.6,1111.565
11695.884,0.0,1111.493
11695.884,3.6,1111.421
11695.884,5.1,1111.391
11697.808,-5.3,1111.59
11697.808,-3.6,1111.573
11697.808,0.0,1111.501
11697.808,3.6,1111.429
11697.808,5.1,1111.399
11700.0,-5.3,1111.599
11700.0,-3.6,1111.582
11700.0,0.0,1111.51
11700.0,3.6,1111.438
11700.0,5.1,1111.408
11701.889,-5.3,1111.607
11701.889,-3.6,1111.59
11701.889,0.0,1111.518
11701.889,3.6,1111.446
11701.889,5.1,1111.416
11720.0,-5.3,1111.683
11720.0,-3.6,1111.666
11720.0,0.0,1111.594
11720.0,3.6,1111.522
11720.0,5.1,1111.492
11740.0,-5.3,1111.766
11740.0,-3.6,1111.75
11740.0,0.0,1111.677
11740.0,3.6,1111.605
11740.0,5.1,1111.575
11743.278,-5.3,1111.78
11743.278,-3.6,1111.763
11743.278,0.0,1111.691
11743.278,3.6,1111.619
11743.278,5.1,1111.589
11744.58,-5.3,1111.786
11744.58,-3.6,1111.769
11744.58,0.0,1111.697
11744.58,3.6,1111.625
11744.58,5.1,1111.595
11745.482,-5.3,1111.789
11745.482,-3.6,1111.772
11745.482,0.0,1111.7
11745.482,3.6,1111.628
11745.482,5.1,1111.598
11747.595,-5.3,1111.798
11747.595,-3.6,1111.781
11747.595,0.0,1111.709
11747.595,3.6,1111.637
11747.595,5.1,1111.607
11749.684,-5.3,1111.807
11749.684,-3.6,1111.79
11749.684,0.0,1111.718
11749.684,3.6,1111.646
11749.684,5.1,1111.616
11751.911,-5.3,1111.816
11751.911,-3.6,1111.799
11751.911,0.0,1111.727
11751.911,3.6,1111.655
11751.911,5.1,1111.625
11760.0,-5.3,1111.85
11760.0,-3.6,1111.833
11760.0,0.0,1111.761
11760.0,3.6,1111.689
11760.0,5.1,1111.659
11780.0,-5.3,1111.934
11780.0,-3.6,1111.917
11780.0,0.0,1111.845
11780.0,3.6,1111.773
11780.0,5.1,1111.743
11800.0,-5.3,1112.018
11800.0,-3.6,1112.001
11800.0,0.0,1111.929
11800.0,3.6,1111.857
11800.0,5.1,1111.827
11820.0,-5.3,1112.101
11820.0,-3.6,1112.084
11820.0,0.0,1112.012
11820.0,3.6,1111.94
11820.0,5.1,1111.91
11840.0,-5.3,1112.185
11840.0,-3.6,1112.168
11840.0,0.0,1112.096
11840.0,3.6,1112.024
11840.0,5.1,1111.994
11860.0,-5.3,1112.269
11860.0,-3.6,1112.252
11860.0,0.0,1112.18
11860.0,3.6,1112.108
11860.0,5.1,1112.078
11880.0,-5.3,1112.353
11880.0,-3.6,1112.336
11880.0,0.0,1112.264
11880.0,3.6,1112.192
11880.0,5.1,1112.161
11900.0,-5.3,1112.436
11900.0,-3.6,1112.419
11900.0,0.0,1112.347
11900.0,3.6,1112.275
11900.0,5.1,1112.245
11920.0,-5.3,1112.519
11920.0,-3.6,1112.502
11920.0,0.0,1112.43
11920.0,3.6,1112.358
11920.0,5.1,1112.328
11940.0,-5.3,1112.582
11940.0,-3.6,1112.565
11940.0,0.0,1112.493
11940.0,3.6,1112.421
11940.0,5.1,1112.391
11960.0,-5.3,1112.62
11960.0,-3.6,1112.604
11960.0,0.0,1112.531
11960.0,3.6,1112.459
11960.0,5.1,1112.429
11980.0,-5.3,1112.635
11980.0,-3.6,1112.618
11980.0,0.0,1112.546
11980.0,3.6,1112.474
11980.0,5.1,1112.444
12000.0,-5.3,1112.626
12000.0,-3.6,1112.609
12000.0,0.0,1112.537
12000.0,3.6,1112.465
12000.0,5.1,1112.435
12020.0,-5.3,1112.603
12020.0,-3.6,1112.586
12020.0,0.0,1112.514
12020.0,3.6,1112.442
12020.0,5.1,1112.412
12021.132,-5.3,1112.601
12021.132,-3.6,1112.584
12021.132,0.0,1112.512
12021.132,3.6,1112.44
12021.132,5.1,1112.41
12024.264,-5.3,1112.596
12024.264,-3.6,1112.579
12024.264,0.0,1112.507
12024.264,3.6,1112.435
12024.264,5.1,1112.405
12027.482,-5.3,1112.59
12027.482,-3.6,1112.573
12027.482,0.0,1112.501
12027.482,3.6,1112.429
12027.482,5.1,1112.399
12030.412,-5.3,1112.585
12030.412,-3.6,1112.568
12030.412,0.0,1112.496
12030.412,3.6,1112.424
12030.412,5.1,1112.394
12033.833,-5.3,1112.578
12033.833,-3.6,1112.562
12033.833,0.0,1112.49
12033.833,3.6,1112.417
12033.833,5.1,1112.387
12040.0,-5.3,1112.566
12040.0,-3.6,1112.549
12040.0,0.0,1112.477
12040.0,3.6,1112.405
12040.0,5.1,1112.375
12060.0,-5.3,1112.515
12060.0,-3.6,1112.498
12060.0,0.0,1112.426
12060.0,3.6,1112.354
12060.0,5.1,1112.323
12080.0,-5.3,1112.45
12080.0,-3.6,1112.433
12080.0,0.0,1112.361
12080.0,3.6,1112.289
12080.0,5.1,1112.259
12100.0,-5.3,1112.373
12100.0,-3.6,1112.356
12100.0,0.0,1112.284
12100.0,3.6,1112.212
12100.0,5.1,1112.182
12120.0,-5.3,1112.296
12120.0,-3.6,1112.279
12120.0,0.0,1112.207
12120.0,3.6,1112.135
12120.0,5.1,1112.105
12140.0,-5.3,1112.223
12140.0,-3.6,1112.206
12140.0,0.0,1112.134
12140.0,3.6,1112.062
12140.0,5.1,1112.032
12160.0,-5.3,1112.153
12160.0,-3.6,1112.136
12160.0,0.0,1112.064
12160.0,3.6,1111.992
12160.0,5.1,1111.962
12180.0,-5.3,1112.088
12180.0,-3.6,1112.071
12180.0,0.0,1111.999
12180.0,3.6,1111.927
12180.0,5.1,1111.897
12200.0,-5.3,1112.027
12200.0,-3.6,1112.01
12200.0,0.0,1111.938
12200.0,3.6,1111.866
12200.0,5.1,1111.836
12220.0,-5.3,1111.97
12220.0,-3.6,1111.953
12220.0,0.0,1111.881
12220.0,3.6,1111.809
12220.0,5.1,1111.779
12240.0,-5.3,1111.912
12240.0,-3.6,1111.896
12240.0,0.0,1111.823
12240.0,3.6,1111.751
12240.0,5.1,1111.721
12260.0,-5.3,1111.848
12260.0,-3.6,1111.831
12260.0,0.0,1111.759
12260.0,3.6,1111.687
12260.0,5.1,1111.657
12280.0,-5.3,1111.778
12280.0,-3.6,1111.761
12280.0,0.0,1111.689
12280.0,3.6,1111.617
12280.0,5.1,1111.587
12300.0,-5.3,1111.701
12300.0,-3.6,1111.684
12300.0,0.0,1111.612
12300.0,3.6,1111.54
12300.0,5.1,1111.51
12320.0,-5.3,1111.617
12320.0,-3.6,1111.6
12320.0,0.0,1111.528
12320.0,3.6,1111.456
12320.0,5.1,1111.426
12326.836,-5.3,1111.587
12326.836,-3.6,1111.57
12326.836,0.0,1111.498
12326.836,3.6,1111.426
12326.836,5.1,1111.396
12330.0,-5.3,1111.573
12330.0,-3.6,1111.556
12330.0,0.0,1111.484
12330.0,3.6,1111.412
12330.0,5.1,1111.382
12333.458,-5.3,1111.558
12333.458,-3.6,1111.541
12333.458,0.0,1111.469
12333.458,3.6,1111.397
12333.458,5.1,1111.367
12336.857,-5.3,1111.543
12336.857,-3.6,1111.526
12336.857,0.0,1111.454
12336.857,3.6,1111.382
12336.857,5.1,1111.352
12340.0,-5.3,1111.53
12340.0,-3.6,1111.513
12340.0,0.0,1111.441
12340.0,3.6,1111.369
12340.0,5.1,1111.339
12340.154,-5.3,1111.53
12340.154,-3.6,1111.513
12340.154,0.0,1111.441
12340.154,3.6,1111.369
12340.154,5.1,1111.339
12342.878,-5.3,1111.519
12342.878,-3.6,1111.502
12342.878,0.0,1111.43
12342.878,3.6,1111.358
12342.878,5.1,1111.328
12346.85,-5.3,1111.505
12346.85,-3.6,1111.488
12346.85,0.0,1111.416
12346.85,3.6,1111.344
12346.85,5.1,1111.314
12350.0,-5.3,1111.494
12350.0,-3.6,1111.477
12350.0,0.0,1111.405
12350.0,3.6,1111.333
12350.0,5.1,1111.303
12360.0,-5.3,1111.464
12360.0,-3.6,1111.447
12360.0,0.0,1111.375
12360.0,3.6,1111.303
12360.0,5.1,1111.273
12370.0,-5.3,1111.44
12370.0,-3.6,1111.423
12370.0,0.0,1111.351
12370.0,3.6,1111.279
12370.0,5.1,1111.249
12380.0,-5.3,1111.424
12380.0,-3.6,1111.407
12380.0,0.0,1111.335
12380.0,3.6,1111.263
12380.0,5.1,1111.233
12390.0,-5.3,1111.413
12390.0,-3.6,1111.396
12390.0,0.0,1111.324
12390.0,3.6,1111.252
12390.0,5.1,1111.222
12400.0,-5.3,1111.41
12400.0,-3.6,1111.393
12400.0,0.0,1111.321
12400.0,3.6,1111.249
12400.0,5.1,1111.219
12410.0,-5.3,1111.413
12410.0,-3.6,1111.396
12410.0,0.0,1111.324
12410.0,3.6,1111.252
12410.0,5.1,1111.222
12419.347,-5.3,1111.422
12419.347,-3.6,1111.405
12419.347,0.0,1111.333
12419.347,3.6,1111.261
12419.347,5.1,1111.231
12420.0,-5.3,1111.423
12420.0,-3.6,1111.406
12420.0,0.0,1111.334
12420.0,3.6,1111.262
12420.0,5.1,1111.232
12430.0,-5.3,1111.439
12430.0,-3.6,1111.422
12430.0,0.0,1111.35
12430.0,3.6,1111.278
12430.0,5.1,1111.248
12440.0,-5.3,1111.463
12440.0,-3.6,1111.446
12440.0,0.0,1111.374
12440.0,3.6,1111.302
12440.0,5.1,1111.271
12450.0,-5.3,1111.492
12450.0,-3.6,1111.475
12450.0,0.0,1111.403
12450.0,3.6,1111.331
12450.0,5.1,1111.301
12460.0,-5.3,1111.529
12460.0,-3.6,1111.512
12460.0,0.0,1111.44
12460.0,3.6,1111.368
12460.0,5.1,1111.338
12470.0,-5.3,1111.572
12470.0,-3.6,1111.555
12470.0,0.0,1111.483
12470.0,3.6,1111.411
12470.0,5.1,1111.381
12480.0,-5.3,1111.621
12480.0,-3.6,1111.604
12480.0,0.0,1111.532
12480.0,3.6,1111.46
12480.0,5.1,1111.43
12490.0,-5.3,1111.678
12490.0,-3.6,1111.661
12490.0,0.0,1111.589
12490.0,3.6,1111.517
12490.0,5.1,1111.487
12500.0,-5.3,1111.752
12500.0,-3.6,1111.735
12500.0,0.0,1111.651
12500.0,3.6,1111.567
12500.0,5.1,1111.532
12510.0,-5.3,1111.855
12510.0,-3.6,1111.838
12510.0,0.0,1111.719
12510.0,3.6,1111.6
12510.0,5.1,1111.551
12511.858,-5.3,1111.875
12511.858,-3.6,1111.858
12511.858,0.0,1111.732
12511.858,3.6,1111.606
12511.858,5.1,1111.554
12520.0,-5.3,1111.935
12520.0,-3.6,1111.918
12520.0,0.0,1111.792
12520.0,3.6,1111.666
12520.0,5.1,1111.613
12530.0,-5.3,1112.012
12530.0,-3.6,1111.995
12530.0,0.0,1111.869
12530.0,3.6,1111.743
12530.0,5.1,1111.691
12540.0,-5.3,1112.095
12540.0,-3.6,1112.078
12540.0,0.0,1111.952
12540.0,3.6,1111.826
12540.0,5.1,1111.774
12550.0,-5.3,1112.182
12550.0,-3.6,1112.166
12550.0,0.0,1112.04
12550.0,3.6,1111.914
12550.0,5.1,1111.861
12560.0,-5.3,1112.275
12560.0,-3.6,1112.258
12560.0,0.0,1112.132
12560.0,3.6,1112.006
12560.0,5.1,1111.954
12570.0,-5.3,1112.373
12570.0,-3.6,1112.356
12570.0,0.0,1112.23
12570.0,3.6,1112.104
12570.0,5.1,1112.051
12580.0,-5.3,1112.475
12580.0,-3.6,1112.458
12580.0,0.0,1112.332
12580.0,3.6,1112.206
12580.0,5.1,1112.154
12590.0,-5.3,1112.583
12590.0,-3.6,1112.566
12590.0,0.0,1112.44
12590.0,3.6,1112.314
12590.0,5.1,1112.261
12600.0,-5.3,1112.695
12600.0,-3.6,1112.678
12600.0,0.0,1112.552
12600.0,3.6,1112.426
12600.0,5.1,1112.374
12610.0,-5.3,1112.813
12610.0,-3.6,1112.796
12610.0,0.0,1112.67
12610.0,3.6,1112.544
12610.0,5.1,1112.491
12620.0,-5.3,1112.935
12620.0,-3.6,1112.918
12620.0,0.0,1112.792
12620.0,3.6,1112.666
12620.0,5.1,1112.614
12630.0,-5.3,1113.062
12630.0,-3.6,1113.045
12630.0,0.0,1112.919
12630.0,3.6,1112.793
12630.0,5.1,1112.741
12633.675,-5.3,1113.11
12633.675,-3.6,1113.093
12633.675,0.0,1112.967
12633.675,3.6,1112.841
12633.675,5.1,1112.789
12640.0,-5.3,1113.195
12640.0,-3.6,1113.178
12640.0,0.0,1113.052
12640.0,3.6,1112.926
12640.0,5.1,1112.873
12650.0,-5.3,1113.332
12650.0,-3.6,1113.315
12650.0,0.0,1113.189
12650.0,3.6,1113.063
12650.0,5.1,1113.01
12660.0,-5.3,1113.474
12660.0,-3.6,1113.457
12660.0,0.0,1113.331
12660.0,3.6,1113.205
12660.0,5.1,1113.153
12670.0,-5.3,1113.621
12670.0,-3.6,1113.604
12670.0,0.0,1113.479
12670.0,3.6,1113.353
12670.0,5.1,1113.3
12680.0,-5.3,1113.774
12680.0,-3.6,1113.757
12680.0,0.0,1113.631
12680.0,3.6,1113.505
12680.0,5.1,1113.452
12690.0,-5.3,1113.928
12690.0,-3.6,1113.911
12690.0,0.0,1113.785
12690.0,3.6,1113.659
12690.0,5.1,1113.606
12700.0,-5.3,1114.082
12700.0,-3.6,1114.065
12700.0,0.0,1113.939
12700.0,3.6,1113.813
12700.0,5.1,1113.76
12705.726,-5.3,1114.17
12705.726,-3.6,1114.153
12705.726,0.0,1114.027
12705.726,3.6,1113.901
12705.726,5.1,1113.849
12708.267,-5.3,1114.209
12708.267,-3.6,1114.192
12708.267,0.0,1114.066
12708.267,3.6,1113.94
12708.267,5.1,1113.888
12710.0,-5.3,1114.236
12710.0,-3.6,1114.219
12710.0,0.0,1114.093
12710.0,3.6,1113.967
12710.0,5.1,1113.914
12710.747,-5.3,1114.247
12710.747,-3.6,1114.23
12710.747,0.0,1114.104
12710.747,3.6,1113.978
12710.747,5.1,1113.926
12713.112,-5.3,1114.284
12713.112,-3.6,1114.267
12713.112,0.0,1114.141
12713.112,3.6,1114.015
12713.112,5.1,1113.962
12715.768,-5.3,1114.325
12715.768,-3.6,1114.308
12715.768,0.0,1114.182
12715.768,3.6,1114.056
12715.768,5.1,1114.003
12720.0,-5.3,1114.39
12720.0,-3.6,1114.373
12720.0,0.0,1114.247
12720.0,3.6,1114.121
12720.0,5.1,1114.068
12730.0,-5.3,1114.544
12730.0,-3.6,1114.527
12730.0,0.0,1114.401
12730.0,3.6,1114.275
12730.0,5.1,1114.222
12740.0,-5.3,1114.698
12740.0,-3.6,1114.681
12740.0,0.0,1114.555
12740.0,3.6,1114.429
12740.0,5.1,1114.376
12750.0,-5.3,1114.852
12750.0,-3.6,1114.835
12750.0,0.0,1114.709
12750.0,3.6,1114.583
12750.0,5.1,1114.53
12755.491,-5.3,1114.936
12755.491,-3.6,1114.919
12755.491,0.0,1114.793
12755.491,3.6,1114.667
12755.491,5.1,1114.615
12760.0,-5.3,1115.006
12760.0,-3.6,1114.989
12760.0,0.0,1114.863
12760.0,3.6,1114.737
12760.0,5.1,1114.684
12770.0,-5.3,1115.16
12770.0,-3.6,1115.143
12770.0,0.0,1115.017
12770.0,3.6,1114.891
12770.0,5.1,1114.838
12780.0,-5.3,1115.314
12780.0,-3.6,1115.297
12780.0,0.0,1115.171
12780.0,3.6,1115.045
12780.0,5.1,1114.992
12790.0,-5.3,1115.468
12790.0,-3.6,1115.451
12790.0,0.0,1115.325
12790.0,3.6,1115.199
12790.0,5.1,1115.146
12800.0,-5.3,1115.622
12800.0,-3.6,1115.605
12800.0,0.0,1115.479
12800.0,3.6,1115.353
12800.0,5.1,1115.301
12810.0,-5.3,1115.776
12810.0,-3.6,1115.759
12810.0,0.0,1115.633
12810.0,3.6,1115.507
12810.0,5.1,1115.454
12820.0,-5.3,1115.93
12820.0,-3.6,1115.913
12820.0,0.0,1115.787
12820.0,3.6,1115.661
12820.0,5.1,1115.609
12830.0,-5.3,1116.084
12830.0,-3.6,1116.067
12830.0,0.0,1115.941
12830.0,3.6,1115.815
12830.0,5.1,1115.763
12840.0,-5.3,1116.238
12840.0,-3.6,1116.221
12840.0,0.0,1116.095
12840.0,3.6,1115.969
12840.0,5.1,1115.917
12844.785,-5.3,1116.312
12844.785,-3.6,1116.295
12844.785,0.0,1116.169
12844.785,3.6,1116.043
12844.785,5.1,1115.99
12850.0,-5.3,1116.392
12850.0,-3.6,1116.375
12850.0,0.0,1116.249
12850.0,3.6,1116.123
12850.0,5.1,1116.071
12860.0,-5.3,1116.546
12860.0,-3.6,1116.529
12860.0,0.0,1116.403
12860.0,3.6,1116.277
12860.0,5.1,1116.225
12870.0,-5.3,1116.7
12870.0,-3.6,1116.683
12870.0,0.0,1116.557
12870.0,3.6,1116.431
12870.0,5.1,1116.379
12875.146,-5.3,1116.779
12875.146,-3.6,1116.762
12875.146,0.0,1116.636
12875.146,3.6,1116.51
12875.146,5.1,1116.458
12877.553,-5.3,1116.816
12877.553,-3.6,1116.799
12877.553,0.0,1116.673
12877.553,3.6,1116.547
12877.553,5.1,1116.495
12880.0,-5.3,1116.854
12880.0,-3.6,1116.837
12880.0,0.0,1116.711
12880.0,3.6,1116.585
12880.0,5.1,1116.533
12880.621,-5.3,1116.864
12880.621,-3.6,1116.847
12880.621,0.0,1116.721
12880.621,3.6,1116.595
12880.621,5.1,1116.542
12882.649,-5.3,1116.895
12882.649,-3.6,1116.878
12882.649,0.0,1116.752
12882.649,3.6,1116.626
12882.649,5.1,1116.573
12886.096,-5.3,1116.948
12886.096,-3.6,1116.931
12886.096,0.0,1116.805
12886.096,3.6,1116.679
12886.096,5.1,1116.627
12890.0,-5.3,1117.008
12890.0,-3.6,1116.991
12890.0,0.0,1116.865
12890.0,3.6,1116.739
12890.0,5.1,1116.687
12900.0,-5.3,1117.162
12900.0,-3.6,1117.145
12900.0,0.0,1117.019
12900.0,3.6,1116.893
12900.0,5.1,1116.841
12910.0,-5.3,1117.316
12910.0,-3.6,1117.299
12910.0,0.0,1117.173
12910.0,3.6,1117.047
12910.0,5.1,1116.995
12920.0,-5.3,1117.47
12920.0,-3.6,1117.453
12920.0,0.0,1117.327
12920.0,3.6,1117.201
12920.0,5.1,1117.149
12930.0,-5.3,1117.624
12930.0,-3.6,1117.607
12930.0,0.0,1117.481
12930.0,3.6,1117.355
12930.0,5.1,1117.303
12934.079,-5.3,1117.687
12934.079,-3.6,1117.67
12934.079,0.0,1117.544
12934.079,3.6,1117.418
12934.079,5.1,1117.366
12940.0,-5.3,1117.778
12940.0,-3.6,1117.761
12940.0,0.0,1117.635
12940.0,3.6,1117.509
12940.0,5.1,1117.457
12950.0,-5.3,1117.932
12950.0,-3.6,1117.915
12950.0,0.0,1117.789
12950.0,3.6,1117.663
12950.0,5.1,1117.611
12960.0,-5.3,1118.086
12960.0,-3.6,1118.069
12960.0,0.0,1117.943
12960.0,3.6,1117.817
12960.0,5.1,1117.765
12970.0,-5.3,1118.24
12970.0,-3.6,1118.223
12970.0,0.0,1118.097
12970.0,3.6,1117.971
12970.0,5.1,1117.919
12972.653,-5.3,1118.281
12972.653,-3.6,1118.264
12972.653,0.0,1118.138
12972.653,3.6,1118.012
12972.653,5.1,1117.96
12975.806,-5.3,1118.33
12975.806,-3.6,1118.313
12975.806,0.0,1118.187
12975.806,3.6,1118.061
12975.806,5.1,1118.008
12978.236,-5.3,1118.367
12978.236,-3.6,1118.35
12978.236,0.0,1118.224
12978.236,3.6,1118.098
12978.236,5.1,1118.046
12980.0,-5.3,1118.394
12980.0,-3.6,1118.377
12980.0,0.0,1118.251
12980.0,3.6,1118.125
12980.0,5.1,1118.073
12983.819,-5.3,1118.453
12983.819,-3.6,1118.436
12983.819,0.0,1118.31
12983.819,3.6,1118.184
12983.819,5.1,1118.132
12990.0,-5.3,1118.548
12990.0,-3.6,1118.531
12990.0,0.0,1118.405
12990.0,3.6,1118.279
12990.0,5.1,1118.227
13000.0,-5.3,1118.702
13000.0,-3.6,1118.685
13000.0,0.0,1118.559
13000.0,3.6,1118.433
13000.0,5.1,1118.381
13010.0,-5.3,1118.856
13010.0,-3.6,1118.839
13010.0,0.0,1118.714
13010.0,3.6,1118.588
13010.0,5.1,1118.535
13020.0,-5.3,1119.01
13020.0,-3.6,1118.993
13020.0,0.0,1118.867
13020.0,3.6,1118.741
13020.0,5.1,1118.689
13030.0,-5.3,1119.164
13030.0,-3.6,1119.147
13030.0,0.0,1119.021
13030.0,3.6,1118.896
13030.0,5.1,1118.843
13040.0,-5.3,1119.318
13040.0,-3.6,1119.302
13040.0,0.0,1119.176
13040.0,3.6,1119.05
13040.0,5.1,1118.997
13050.0,-5.3,1119.473
13050.0,-3.6,1119.456
13050.0,0.0,1119.33
13050.0,3.6,1119.204
13050.0,5.1,1119.151
13060.0,-5.3,1119.626
13060.0,-3.6,1119.609
13060.0,0.0,1119.484
13060.0,3.6,1119.358
13060.0,5.1,1119.305
13070.0,-5.3,1119.781
13070.0,-3.6,1119.764
13070.0,0.0,1119.638
13070.0,3.6,1119.512
13070.0,5.1,1119.459
13080.0,-5.3,1119.935
13080.0,-3.6,1119.918
13080.0,0.0,1119.792
13080.0,3.6,1119.666
13080.0,5.1,1119.613
13089.539,-5.3,1120.082
13089.539,-3.6,1120.065
13089.539,0.0,1119.939
13089.539,3.6,1119.813
13089.539,5.1,1119.76
13090.0,-5.3,1120.089
13090.0,-3.6,1120.072
13090.0,0.0,1119.946
13090.0,3.6,1119.82
13090.0,5.1,1119.767
13100.0,-5.3,1120.243
13100.0,-3.6,1120.226
13100.0,0.0,1120.1
13100.0,3.6,1119.974
13100.0,5.1,1119.921
13110.0,-5.3,1120.397
13110.0,-3.6,1120.38
13110.0,0.0,1120.254
13110.0,3.6,1120.128
13110.0,5.1,1120.075
13120.0,-5.3,1120.551
13120.0,-3.6,1120.534
13120.0,0.0,1120.408
13120.0,3.6,1120.282
13120.0,5.1,1120.229
13130.0,-5.3,1120.705
13130.0,-3.6,1120.688
13130.0,0.0,1120.562
13130.0,3.6,1120.436
13130.0,5.1,1120.383
13140.0,-5.3,1120.859
13140.0,-3.6,1120.842
13140.0,0.0,1120.716
13140.0,3.6,1120.59
13140.0,5.1,1120.537
13150.0,-5.3,1121.016
13150.0,-3.6,1120.999
13150.0,0.0,1120.873
13150.0,3.6,1120.747
13150.0,5.1,1120.694
13160.0,-5.3,1121.179
13160.0,-3.6,1121.162
13160.0,0.0,1121.036
13160.0,3.6,1120.91
13160.0,5.1,1120.858
13170.0,-5.3,1121.349
13170.0,-3.6,1121.332
13170.0,0.0,1121.206
13170.0,3.6,1121.08
13170.0,5.1,1121.027
13180.0,-5.3,1121.525
13180.0,-3.6,1121.508
13180.0,0.0,1121.382
13180.0,3.6,1121.256
13180.0,5.1,1121.203
13190.0,-5.3,1121.707
13190.0,-3.6,1121.69
13190.0,0.0,1121.564
13190.0,3.6,1121.438
13190.0,5.1,1121.385
13200.0,-5.3,1121.895
13200.0,-3.6,1121.878
13200.0,0.0,1121.752
13200.0,3.6,1121.626
13200.0,5.1,1121.574
13210.0,-5.3,1122.09
13210.0,-3.6,1122.073
13210.0,0.0,1121.947
13210.0,3.6,1121.821
13210.0,5.1,1121.768
13220.0,-5.3,1122.291
13220.0,-3.6,1122.274
13220.0,0.0,1122.148
13220.0,3.6,1122.022
13220.0,5.1,1121.969
13230.0,-5.3,1122.498
13230.0,-3.6,1122.481
13230.0,0.0,1122.355
13230.0,3.6,1122.229
13230.0,5.1,1122.177
13240.0,-5.3,1122.712
13240.0,-3.6,1122.695
13240.0,0.0,1122.569
13240.0,3.6,1122.443
13240.0,5.1,1122.39
13244.999,-5.3,1122.821
13244.999,-3.6,1122.804
13244.999,0.0,1122.678
13244.999,3.6,1122.552
13244.999,5.1,1122.5
13250.0,-5.3,1122.932
13250.0,-3.6,1122.915
13250.0,0.0,1122.789
13250.0,3.6,1122.663
13250.0,5.1,1122.61
13260.0,-5.3,1123.158
13260.0,-3.6,1123.141
13260.0,0.0,1123.015
13260.0,3.6,1122.889
13260.0,5.1,1122.836
13270.0,-5.3,1123.39
13270.0,-3.6,1123.373
13270.0,0.0,1123.247
13270.0,3.6,1123.121
13270.0,5.1,1123.069
13280.0,-5.3,1123.629
13280.0,-3.6,1123.612
13280.0,0.0,1123.486
13280.0,3.6,1123.36
13280.0,5.1,1123.307
13290.0,-5.3,1123.874
13290.0,-3.6,1123.857
13290.0,0.0,1123.731
13290.0,3.6,1123.605
13290.0,5.1,1123.552
13300.0,-5.3,1124.122
13300.0,-3.6,1124.105
13300.0,0.0,1123.979
13300.0,3.6,1123.853
13300.0,5.1,1123.801
13310.0,-5.3,1124.37
13310.0,-3.6,1124.353
13310.0,0.0,1124.227
13310.0,3.6,1124.101
13310.0,5.1,1124.049
13320.0,-5.3,1124.618
13320.0,-3.6,1124.601
13320.0,0.0,1124.475
13320.0,3.6,1124.349
13320.0,5.1,1124.297
13330.0,-5.3,1124.867
13330.0,-3.6,1124.85
13330.0,0.0,1124.724
13330.0,3.6,1124.598
13330.0,5.1,1124.545
13340.0,-5.3,1125.115
13340.0,-3.6,1125.098
13340.0,0.0,1124.972
13340.0,3.6,1124.846
13340.0,5.1,1124.793
13350.0,-5.3,1125.363
13350.0,-3.6,1125.346
13350.0,0.0,1125.22
13350.0,3.6,1125.094
13350.0,5.1,1125.042
13360.0,-5.3,1125.611
13360.0,-3.6,1125.594
13360.0,0.0,1125.468
13360.0,3.6,1125.342
13360.0,5.1,1125.29
13370.0,-5.3,1125.859
13370.0,-3.6,1125.843
13370.0,0.0,1125.717
13370.0,3.6,1125.591
13370.0,5.1,1125.538
13380.0,-5.3,1126.108
13380.0,-3.6,1126.091
13380.0,0.0,1125.965
13380.0,3.6,1125.839
13380.0,5.1,1125.786
13390.0,-5.3,1126.356
13390.0,-3.6,1126.339
13390.0,0.0,1126.213
13390.0,3.6,1126.087
13390.0,5.1,1126.035
13400.0,-5.3,1126.604
13400.0,-3.6,1126.587
13400.0,0.0,1126.461
13400.0,3.6,1126.335
13400.0,5.1,1126.283
13410.0,-5.3,1126.852
13410.0,-3.6,1126.835
13410.0,0.0,1126.709
13410.0,3.6,1126.583
13410.0,5.1,1126.531
13416.323,-5.3,1127.009
13416.323,-3.6,1126.992
13416.323,0.0,1126.866
13416.323,3.6,1126.74
13416.323,5.1,1126.688
13418.841,-5.3,1127.072
13418.841,-3.6,1127.055
13418.841,0.0,1126.929
13418.841,3.6,1126.803
13418.841,5.1,1126.75
13420.0,-5.3,1127.101
13420.0,-3.6,1127.084
13420.0,0.0,1126.958
13420.0,3.6,1126.832
13420.0,5.1,1126.779
13421.437,-5.3,1127.136
13421.437,-3.6,1127.119
13421.437,0.0,1126.993
13421.437,3.6,1126.867
13421.437,5.1,1126.815
13423.773,-5.3,1127.194
13423.773,-3.6,1127.177
13423.773,0.0,1127.051
13423.773,3.6,1126.925
13423.773,5.1,1126.873
13426.558,-5.3,1127.263
13426.558,-3.6,1127.246
13426.558,0.0,1127.12
13426.558,3.6,1126.995
13426.558,5.1,1126.942
13427.684,-5.3,1127.291
13427.684,-3.6,1127.274
13427.684,0.0,1127.148
13427.684,3.6,1127.022
13427.684,5.1,1126.97
13430.0,-5.3,1127.349
13430.0,-3.6,1127.332
13430.0,0.0,1127.206
13430.0,3.6,1127.08
13430.0,5.1,1127.027
13440.0,-5.3,1127.597
13440.0,-3.6,1127.58
13440.0,0.0,1127.454
13440.0,3.6,1127.328
13440.0,5.1,1127.276
13450.0,-5.3,1127.845
13450.0,-3.6,1127.828
13450.0,0.0,1127.702
13450.0,3.6,1127.576
13450.0,5.1,1127.524
13460.0,-5.3,1128.094
13460.0,-3.6,1128.077
13460.0,0.0,1127.951
13460.0,3.6,1127.825
13460.0,5.1,1127.772
13470.0,-5.3,1128.342
13470.0,-3.6,1128.325
13470.0,0.0,1128.199
13470.0,3.6,1128.073
13470.0,5.1,1128.02
13480.0,-5.3,1128.59
13480.0,-3.6,1128.573
13480.0,0.0,1128.447
13480.0,3.6,1128.321
13480.0,5.1,1128.269
13490.0,-5.3,1128.838
13490.0,-3.6,1128.821
13490.0,0.0,1128.695
13490.0,3.6,1128.569
13490.0,5.1,1128.517
13500.0,-5.3,1129.086
13500.0,-3.6,1129.069
13500.0,0.0,1128.943
13500.0,3.6,1128.818
13500.0,5.1,1128.765
13510.0,-5.3,1129.335
13510.0,-3.6,1129.318
13510.0,0.0,1129.192
13510.0,3.6,1129.066
13510.0,5.1,1129.013
13520.0,-5.3,1129.583
13520.0,-3.6,1129.566
13520.0,0.0,1129.44
13520.0,3.6,1129.314
13520.0,5.1,1129.261
13530.0,-5.3,1129.831
13530.0,-3.6,1129.814
13530.0,0.0,1129.688
13530.0,3.6,1129.562
13530.0,5.1,1129.51
13540.0,-5.3,1130.079
13540.0,-3.6,1130.062
13540.0,0.0,1129.936
13540.0,3.6,1129.81
13540.0,5.1,1129.758
13550.0,-5.3,1130.328
13550.0,-3.6,1130.311
13550.0,0.0,1130.185
13550.0,3.6,1130.059
13550.0,5.1,1130.006
13560.0,-5.3,1130.576
13560.0,-3.6,1130.559
13560.0,0.0,1130.433
13560.0,3.6,1130.307
13560.0,5.1,1130.254
13570.0,-5.3,1130.824
13570.0,-3.6,1130.807
13570.0,0.0,1130.681
13570.0,3.6,1130.555
13570.0,5.1,1130.503
13580.0,-5.3,1131.072
13580.0,-3.6,1131.055
13580.0,0.0,1130.929
13580.0,3.6,1130.803
13580.0,5.1,1130.751
13590.0,-5.3,1131.32
13590.0,-3.6,1131.303
13590.0,0.0,1131.177
13590.0,3.6,1131.052
13590.0,5.1,1130.999
13600.0,-5.3,1131.569
13600.0,-3.6,1131.552
13600.0,0.0,1131.426
13600.0,3.6,1131.3
13600.0,5.1,1131.247
13610.0,-5.3,1131.817
13610.0,-3.6,1131.8
13610.0,0.0,1131.674
13610.0,3.6,1131.548
13610.0,5.1,1131.495
13610.369,-5.3,1131.826
13610.369,-3.6,1131.809
13610.369,0.0,1131.683
13610.369,3.6,1131.557
13610.369,5.1,1131.505
13620.0,-5.3,1132.011
13620.0,-3.6,1131.994
13620.0,0.0,1131.922
13620.0,3.6,1131.85
13620.0,5.1,1131.82
13630.0,-5.3,1132.259
13630.0,-3.6,1132.242
13630.0,0.0,1132.17
13630.0,3.6,1132.098
13630.0,5.1,1132.068
13640.0,-5.3,1132.508
13640.0,-3.6,1132.491
13640.0,0.0,1132.419
13640.0,3.6,1132.347
13640.0,5.1,1132.317
13650.0,-5.3,1132.756
13650.0,-3.6,1132.739
13650.0,0.0,1132.667
13650.0,3.6,1132.595
13650.0,5.1,1132.565
13660.0,-5.3,1133.004
13660.0,-3.6,1132.987
13660.0,0.0,1132.915
13660.0,3.6,1132.843
13660.0,5.1,1132.813
13670.0,-5.3,1133.252
13670.0,-3.6,1133.235
13670.0,0.0,1133.163
13670.0,3.6,1133.091
13670.0,5.1,1133.061
13680.0,-5.3,1133.501
13680.0,-3.6,1133.484
13680.0,0.0,1133.412
13680.0,3.6,1133.34
13680.0,5.1,1133.31
13689.001,-5.3,1133.724
13689.001,-3.6,1133.707
13689.001,0.0,1133.635
13689.001,3.6,1133.563
13689.001,5.1,1133.533
13690.0,-5.3,1133.749
13690.0,-3.6,1133.732
13690.0,0.0,1133.66
13690.0,3.6,1133.588
13690.0,5.1,1133.558
13700.0,-5.3,1133.997
13700.0,-3.6,1133.98
13700.0,0.0,1133.908
13700.0,3.6,1133.836
13700.0,5.1,1133.806
13710.0,-5.3,1134.245
13710.0,-3.6,1134.228
13710.0,0.0,1134.156
13710.0,3.6,1134.084
13710.0,5.1,1134.054
13720.0,-5.3,1134.494
13720.0,-3.6,1134.477
13720.0,0.0,1134.405
13720.0,3.6,1134.333
13720.0,5.1,1134.302
13730.0,-5.3,1134.742
13730.0,-3.6,1134.725
13730.0,0.0,1134.653
13730.0,3.6,1134.581
13730.0,5.1,1134.551
13740.0,-5.3,1134.99
13740.0,-3.6,1134.973
13740.0,0.0,1134.901
13740.0,3.6,1134.829
13740.0,5.1,1134.799
13750.0,-5.3,1135.238
13750.0,-3.6,1135.221
13750.0,0.0,1135.149
13750.0,3.6,1135.077
13750.0,5.1,1135.047
13760.0,-5.3,1135.486
13760.0,-3.6,1135.469
13760.0,0.0,1135.397
13760.0,3.6,1135.325
13760.0,5.1,1135.295
13767.634,-5.3,1135.676
13767.634,-3.6,1135.659
13767.634,0.0,1135.587
13767.634,3.6,1135.515
13767.634,5.1,1135.485
13780.0,-5.3,1135.983
13780.0,-3.6,1135.966
13780.0,0.0,1135.894
13780.0,3.6,1135.822
13780.0,5.1,1135.792
13800.0,-5.3,1136.479
13800.0,-3.6,1136.462
13800.0,0.0,1136.39
13800.0,3.6,1136.318
13800.0,5.1,1136.288
13820.0,-5.3,1136.976
13820.0,-3.6,1136.959
13820.0,0.0,1136.887
13820.0,3.6,1136.815
13820.0,5.1,1136.785
13840.0,-5.3,1137.472
13840.0,-3.6,1137.455
13840.0,0.0,1137.383
13840.0,3.6,1137.311
13840.0,5.1,1137.281
13860.0,-5.3,1137.969
13860.0,-3.6,1137.952
13860.0,0.0,1137.88
13860.0,3.6,1137.808
13860.0,5.1,1137.778
13880.0,-5.3,1138.465
13880.0,-3.6,1138.448
13880.0,0.0,1138.376
13880.0,3.6,1138.304
13880.0,5.1,1138.274
13900.0,-5.3,1138.962
13900.0,-3.6,1138.945
13900.0,0.0,1138.873
13900.0,3.6,1138.801
13900.0,5.1,1138.771
13920.0,-5.3,1139.458
13920.0,-3.6,1139.441
13920.0,0.0,1139.369
13920.0,3.6,1139.297
13920.0,5.1,1139.267
13920.947,-5.3,1139.482
13920.947,-3.6,1139.465
13920.947,0.0,1139.393
13920.947,3.6,1139.321
13920.947,5.1,1139.291
13923.529,-5.3,1139.546
13923.529,-3.6,1139.529
13923.529,0.0,1139.457
13923.529,3.6,1139.385
13923.529,5.1,1139.355
13926.396,-5.3,1139.617
13926.396,-3.6,1139.6
13926.396,0.0,1139.528
13926.396,3.6,1139.456
13926.396,5.1,1139.426
13928.772,-5.3,1139.676
13928.772,-3.6,1139.659
13928.772,0.0,1139.587
13928.772,3.6,1139.515
13928.772,5.1,1139.485
13931.845,-5.3,1139.752
13931.845,-3.6,1139.735
13931.845,0.0,1139.663
13931.845,3.6,1139.591
13931.845,5.1,1139.561
13940.0,-5.3,1139.954
13940.0,-3.6,1139.938
13940.0,0.0,1139.865
13940.0,3.6,1139.793
13940.0,5.1,1139.763
13960.0,-5.3,1140.451
13960.0,-3.6,1140.434
13960.0,0.0,1140.362
13960.0,3.6,1140.29
13960.0,5.1,1140.26
13980.0,-5.3,1140.947
13980.0,-3.6,1140.93
13980.0,0.0,1140.858
13980.0,3.6,1140.786
13980.0,5.1,1140.756
14000.0,-5.3,1141.447
14000.0,-3.6,1141.43
14000.0,0.0,1141.358
14000.0,3.6,1141.286
14000.0,5.1,1141.256
14020.0,-5.3,1141.966
14020.0,-3.6,1141.949
14020.0,0.0,1141.877
14020.0,3.6,1141.805
14020.0,5.1,1141.775
14040.0,-5.3,1142.506
14040.0,-3.6,1142.489
14040.0,0.0,1142.417
14040.0,3.6,1142.345
14040.0,5.1,1142.315
14060.0,-5.3,1143.067
14060.0,-3.6,1143.05
14060.0,0.0,1142.978
14060.0,3.6,1142.906
14060.0,5.1,1142.876
14080.0,-5.3,1143.65
14080.0,-3.6,1143.633
14080.0,0.0,1143.561
14080.0,3.6,1143.489
14080.0,5.1,1143.458
14100.0,-5.3,1144.252
14100.0,-3.6,1144.235
14100.0,0.0,1144.163
14100.0,3.6,1144.091
14100.0,5.1,1144.061
14120.0,-5.3,1144.871
14120.0,-3.6,1144.854
14120.0,0.0,1144.782
14120.0,3.6,1144.71
14120.0,5.1,1144.68
14140.0,-5.3,1145.504
14140.0,-3.6,1145.487
14140.0,0.0,1145.415
14140.0,3.6,1145.343
14140.0,5.1,1145.313
14160.0,-5.3,1146.152
14160.0,-3.6,1146.135
14160.0,0.0,1146.063
14160.0,3.6,1145.991
14160.0,5.1,1145.961
14180.0,-5.3,1146.815
14180.0,-3.6,1146.798
14180.0,0.0,1146.726
14180.0,3.6,1146.654
14180.0,5.1,1146.624
14200.0,-5.3,1147.492
14200.0,-3.6,1147.475
14200.0,0.0,1147.403
14200.0,3.6,1147.331
14200.0,5.1,1147.301
14220.0,-5.3,1148.182
14220.0,-3.6,1148.165
14220.0,0.0,1148.093
14220.0,3.6,1148.021
14220.0,5.1,1147.991
14240.0,-5.3,1148.874
14240.0,-3.6,1148.857
14240.0,0.0,1148.785
14240.0,3.6,1148.713
14240.0,5.1,1148.683
14260.0,-5.3,1149.565
14260.0,-3.6,1149.548
14260.0,0.0,1149.476
14260.0,3.6,1149.404
14260.0,5.1,1149.374
14280.0,-5.3,1150.257
14280.0,-3.6,1150.24
14280.0,0.0,1150.168
14280.0,3.6,1150.096
14280.0,5.1,1150.066
14300.0,-5.3,1150.948
14300.0,-3.6,1150.932
14300.0,0.0,1150.859
14300.0,3.6,1150.787
14300.0,5.1,1150.757
14320.0,-5.3,1151.64
14320.0,-3.6,1151.623
14320.0,0.0,1151.551
14320.0,3.6,1151.479
14320.0,5.1,1151.449
14338.454,-5.3,1152.278
14338.454,-3.6,1152.261
14338.454,0.0,1152.189
14338.454,3.6,1152.117
14338.454,5.1,1152.087
14340.0,-5.3,1152.332
14340.0,-3.6,1152.315
14340.0,0.0,1152.243
14340.0,3.6,1152.171
14340.0,5.1,1152.141
14341.638,-5.3,1152.388
14341.638,-3.6,1152.371
14341.638,0.0,1152.299
14341.638,3.6,1152.227
14341.638,5.1,1152.197
14342.961,-5.3,1152.434
14342.961,-3.6,1152.417
14342.961,0.0,1152.345
14342.961,3.6,1152.273
14342.961,5.1,1152.243
14344.773,-5.3,1152.497
14344.773,-3.6,1152.48
14344.773,0.0,1152.408
14344.773,3.6,1152.336
14344.773,5.1,1152.306
14360.0,-5.3,1153.023
14360.0,-3.6,1153.006
14360.0,0.0,1152.934
14360.0,3.6,1152.862
14360.0,5.1,1152.832
14380.0,-5.3,1153.715
14380.0,-3.6,1153.698
14380.0,0.0,1153.626
14380.0,3.6,1153.554
14380.0,5.1,1153.524
14400.0,-5.3,1154.406
14400.0,-3.6,1154.389
14400.0,0.0,1154.317
14400.0,3.6,1154.245
14400.0,5.1,1154.215
14420.0,-5.3,1155.098
14420.0,-3.6,1155.081
14420.0,0.0,1155.009
14420.0,3.6,1154.937
14420.0,5.1,1154.907
14440.0,-5.3,1155.79
14440.0,-3.6,1155.773
14440.0,0.0,1155.701
14440.0,3.6,1155.629
14440.0,5.1,1155.599
14460.0,-5.3,1156.481
14460.0,-3.6,1156.464
14460.0,0.0,1156.392
14460.0,3.6,1156.32
14460.0,5.1,1156.29
14480.0,-5.3,1157.173
14480.0,-3.6,1157.156
14480.0,0.0,1157.084
14480.0,3.6,1157.012
14480.0,5.1,1156.982
14500.0,-5.3,1157.864
14500.0,-3.6,1157.847
14500.0,0.0,1157.775
14500.0,3.6,1157.703
14500.0,5.1,1157.673
14520.0,-5.3,1158.556
14520.0,-3.6,1158.539
14520.0,0.0,1158.467
14520.0,3.6,1158.395
14520.0,5.1,1158.365
14540.0,-5.3,1159.248
14540.0,-3.6,1159.231
14540.0,0.0,1159.159
14540.0,3.6,1159.087
14540.0,5.1,1159.057
14560.0,-5.3,1159.939
14560.0,-3.6,1159.922
14560.0,0.0,1159.85
14560.0,3.6,1159.778
14560.0,5.1,1159.748
14580.0,-5.3,1160.659
14580.0,-3.6,1160.642
14580.0,0.0,1160.57
14580.0,3.6,1160.498
14580.0,5.1,1160.468
14600.0,-5.3,1161.43
14600.0,-3.6,1161.413
14600.0,0.0,1161.341
14600.0,3.6,1161.269
14600.0,5.1,1161.239
14620.0,-5.3,1162.252
14620.0,-3.6,1162.235
14620.0,0.0,1162.163
14620.0,3.6,1162.091
14620.0,5.1,1162.061
14640.0,-5.3,1163.125
14640.0,-3.6,1163.108
14640.0,0.0,1163.036
14640.0,3.6,1162.964
14640.0,5.1,1162.934
14660.0,-5.3,1164.05
14660.0,-3.6,1164.033
14660.0,0.0,1163.961
14660.0,3.6,1163.889
14660.0,5.1,1163.859
14680.0,-5.3,1165.025
14680.0,-3.6,1165.008
14680.0,0.0,1164.936
14680.0,3.6,1164.864
14680.0,5.1,1164.834
14700.0,-5.3,1166.04
14700.0,-3.6,1166.023
14700.0,0.0,1165.951
14700.0,3.6,1165.879
14700.0,5.1,1165.849
14720.0,-5.3,1167.083
14720.0,-3.6,1167.066
14720.0,0.0,1166.994
14720.0,3.6,1166.922
14720.0,5.1,1166.892
14740.0,-5.3,1168.156
14740.0,-3.6,1168.139
14740.0,0.0,1168.067
14740.0,3.6,1167.995
14740.0,5.1,1167.964
14760.0,-5.3,1169.256
14760.0,-3.6,1169.24
14760.0,0.0,1169.167
14760.0,3.6,1169.095
14760.0,5.1,1169.065
14766.67,-5.3,1169.63
14766.67,-3.6,1169.613
14766.67,0.0,1169.541
14766.67,3.6,1169.469
14766.67,5.1,1169.439
14770.049,-5.3,1169.821
14770.049,-3.6,1169.804
14770.049,0.0,1169.732
14770.049,3.6,1169.66
14770.049,5.1,1169.63
14773.019,-5.3,1169.989
14773.019,-3.6,1169.972
14773.019,0.0,1169.9
14773.019,3.6,1169.828
14773.019,5.1,1169.798
14775.66,-5.3,1170.139
14775.66,-3.6,1170.122
14775.66,0.0,1170.05
14775.66,3.6,1169.978
14775.66,5.1,1169.948
14779.368,-5.3,1170.35
14779.368,-3.6,1170.333
14779.368,0.0,1170.261
14779.368,3.6,1170.189
14779.368,5.1,1170.159
14780.0,-5.3,1170.386
14780.0,-3.6,1170.369
14780.0,0.0,1170.297
14780.0,3.6,1170.225
14780.0,5.1,1170.195
14800.0,-5.3,1171.545
14800.0,-3.6,1171.528
14800.0,0.0,1171.456
14800.0,3.6,1171.384
14800.0,5.1,1171.354
14820.0,-5.3,1172.732
14820.0,-3.6,1172.715
14820.0,0.0,1172.643
14820.0,3.6,1172.571
14820.0,5.1,1172.541
14840.0,-5.3,1173.948
14840.0,-3.6,1173.931
14840.0,0.0,1173.859
14840.0,3.6,1173.787
14840.0,5.1,1173.757
14860.0,-5.3,1175.177
14860.0,-3.6,1175.161
14860.0,0.0,1175.089
14860.0,3.6,1175.016
14860.0,5.1,1174.986
14880.0,-5.3,1176.407
14880.0,-3.6,1176.39
14880.0,0.0,1176.318
14880.0,3.6,1176.246
14880.0,5.1,1176.216
14900.0,-5.3,1177.636
14900.0,-3.6,1177.619
14900.0,0.0,1177.547
14900.0,3.6,1177.475
14900.0,5.7,1177.433
14920.0,-5.3,1178.865
14920.0,-3.6,1178.848
14920.0,0.0,1178.776
14920.0,3.6,1178.704
14920.0,5.7,1178.662
14940.0,-5.3,1180.082
14940.0,-3.6,1180.065
14940.0,0.0,1179.993
14940.0,3.6,1179.921
14940.0,5.7,1179.879
14960.0,-5.3,1181.251
14960.0,-3.6,1181.234
14960.0,0.0,1181.162
14960.0,3.6,1181.09
14960.0,5.7,1181.048
14980.0,-5.3,1182.371
14980.0,-3.6,1182.354
14980.0,0.0,1182.282
14980.0,3.6,1182.21
14980.0,5.7,1182.168
15000.0,-5.3,1183.442
15000.0,-3.6,1183.425
15000.0,0.0,1183.353
15000.0,3.6,1183.281
15000.0,5.7,1183.239
15008.4,-5.3,1183.877
15008.4,-3.6,1183.86
15008.4,0.0,1183.788
15008.4,3.6,1183.716
15008.4,5.1,1183.686
15010.951,-5.3,1184.007
15010.951,-3.6,1183.99
15010.951,0.0,1183.918
15010.951,3.6,1183.846
15010.951,5.7,1183.804
15013.426,-5.3,1184.133
15013.426,-3.6,1184.116
15013.426,0.0,1184.044
15013.426,3.6,1183.972
15013.426,5.7,1183.93
15015.522,-5.3,1184.239
15015.522,-3.6,1184.222
15015.522,0.0,1184.15
15015.522,3.6,1184.078
15015.522,5.7,1184.036
15018.482,-5.3,1184.388
15018.482,-3.6,1184.371
15018.482,0.0,1184.299
15018.482,3.6,1184.227
15018.482,5.7,1184.185
15020.0,-5.3,1184.464
15020.0,-3.6,1184.447
15020.0,0.0,1184.375
15020.0,3.6,1184.302
15020.0,5.7,1184.26
15040.0,-5.3,1185.435
15040.0,-3.6,1185.418
15040.0,0.0,1185.346
15040.0,3.6,1185.274
15040.0,5.7,1185.232
15060.0,-5.3,1186.358
15060.0,-3.6,1186.341
15060.0,0.0,1186.269
15060.0,3.6,1186.197
15060.0,5.7,1186.155
15080.0,-5.3,1187.219
15080.0,-3.6,1187.202
15080.0,0.0,1187.13
15080.0,3.6,1187.058
15080.0,5.7,1187.016
15100.0,-5.3,1187.985
15100.0,-3.6,1187.968
15100.0,0.0,1187.896
15100.0,3.6,1187.824
15100.0,5.7,1187.782
15120.0,-5.3,1188.655
15120.0,-3.6,1188.638
15120.0,0.0,1188.566
15120.0,3.6,1188.494
15120.0,5.7,1188.452
15140.0,-5.3,1189.228
15140.0,-3.6,1189.211
15140.0,0.0,1189.139
15140.0,3.6,1189.067
15140.0,5.7,1189.025
15150.496,-5.3,1189.489
15150.496,-3.6,1189.472
15150.496,0.0,1189.4
15150.496,3.6,1189.328
15150.496,5.7,1189.286
15154.048,-5.3,1189.572
15154.048,-3.6,1189.555
15154.048,0.0,1189.483
15154.048,3.6,1189.411
15154.048,5.7,1189.369
15158.612,-5.3,1189.673
15158.612,-3.6,1189.656
15158.612,0.0,1189.584
15158.612,3.6,1189.512
15158.612,5.7,1189.47
15160.0,-5.3,1189.703
15160.0,-3.6,1189.686
15160.0,0.0,1189.614
15160.0,3.6,1189.542
15160.0,5.7,1189.5
15162.809,-5.3,1189.762
15162.809,-3.6,1189.745
15162.809,0.0,1189.673
15162.809,3.6,1189.601
15162.809,5.7,1189.559
15166.32,-5.3,1189.833
15166.32,-3.6,1189.816
15166.32,0.0,1189.744
15166.32,3.6,1189.672
15166.32,5.7,1189.63
15169.038,-5.3,1189.888
15169.038,-3.6,1189.871
15169.038,0.0,1189.799
15169.038,3.6,1189.727
15169.038,5.7,1189.685
15170.761,-5.3,1189.922
15170.761,-3.6,1189.905
15170.761,0.0,1189.833
15170.761,3.6,1189.761
15170.761,5.7,1189.719
15172.914,-5.3,1189.965
15172.914,-3.6,1189.948
15172.914,0.0,1189.876
15172.914,3.6,1189.804
15172.914,5.7,1189.762
15175.095,-5.3,1190.008
15175.095,-3.6,1189.991
15175.095,0.0,1189.919
15175.095,3.6,1189.847
15175.095,5.7,1189.805
15178.778,-5.3,1190.082
15178.778,-3.6,1190.065
15178.778,0.0,1189.993
15178.778,3.6,1189.921
15178.778,5.7,1189.879
15180.0,-5.3,1190.106
15180.0,-3.6,1190.089
15180.0,0.0,1190.017
15180.0,3.6,1189.945
15180.0,5.7,1189.903
15183.404,-5.3,1190.174
15183.404,-3.6,1190.157
15183.404,0.0,1190.085
15183.404,3.6,1190.013
15183.404,5.1,1189.983
15189.557,-5.3,1190.297
15189.557,-3.6,1190.28
15189.557,0.0,1190.208
15189.557,3.6,1190.136
15189.557,5.1,1190.106
15200.0,-5.3,1190.505
15200.0,-3.6,1190.488
15200.0,0.0,1190.416
15200.0,3.6,1190.344
15200.0,5.1,1190.314
15220.0,-5.3,1190.903
15220.0,-3.6,1190.886
15220.0,0.0,1190.814
15220.0,3.6,1190.742
15220.0,5.7,1190.7
15240.0,-5.3,1191.302
15240.0,-3.6,1191.285
15240.0,0.0,1191.213
15240.0,3.6,1191.141
15240.0,5.1,1191.111
15260.0,-5.3,1191.701
15260.0,-3.6,1191.684
15260.0,0.0,1191.612
15260.0,3.6,1191.54
15260.0,5.1,1191.51
15280.0,-5.3,1192.099
15280.0,-3.6,1192.082
15280.0,0.0,1192.01
15280.0,3.6,1191.938
15280.0,5.1,1191.908
15300.0,-5.3,1192.498
15300.0,-3.6,1192.481
15300.0,0.0,1192.409
15300.0,3.6,1192.337
15300.0,5.1,1192.307
15318.112,-5.3,1192.869
15318.112,-3.6,1192.852
15318.112,0.0,1192.78
15318.112,3.6,1192.708
15318.112,5.1,1192.678
15320.0,-5.3,1192.909
15320.0,-3.6,1192.892
15320.0,0.0,1192.82
15320.0,3.6,1192.748
15320.0,5.1,1192.718
15322.71,-5.3,1192.966
15322.71,-3.6,1192.949
15322.71,0.0,1192.877
15322.71,3.6,1192.805
15322.71,5.1,1192.775
15324.781,-5.3,1193.01
15324.781,-3.6,1192.993
15324.781,0.0,1192.921
15324.781,3.6,1192.849
15324.781,5.1,1192.819
15327.286,-5.3,1193.063
15327.286,-3.6,1193.046
15327.286,0.0,1192.974
15327.286,3.6,1192.902
15327.286,5.1,1192.872
15340.0,-5.3,1193.339
15340.0,-3.6,1193.322
15340.0,0.0,1193.25
15340.0,3.6,1193.177
15340.0,5.1,1193.147
15360.0,-5.3,1193.787
15360.0,-3.6,1193.77
15360.0,0.0,1193.698
15360.0,3.6,1193.626
15360.0,5.1,1193.596
15380.0,-5.3,1194.254
15380.0,-3.6,1194.237
15380.0,0.0,1194.165
15380.0,3.6,1194.093
15380.0,5.1,1194.063
15400.0,-5.3,1194.74
15400.0,-3.6,1194.723
15400.0,0.0,1194.651
15400.0,3.6,1194.579
15400.0,5.1,1194.549
15420.0,-5.3,1195.244
15420.0,-3.6,1195.227
15420.0,0.0,1195.155
15420.0,3.6,1195.083
15420.0,5.1,1195.053
15440.0,-5.3,1195.768
15440.0,-3.6,1195.751
15440.0,0.0,1195.679
15440.0,3.6,1195.607
15440.0,5.1,1195.577
15457.107,-5.3,1196.23
15457.107,-3.6,1196.213
15457.107,0.0,1196.141
15457.107,3.6,1196.069
15457.107,5.1,1196.039
15460.0,-5.3,1196.31
15460.0,-3.6,1196.293
15460.0,0.0,1196.221
15460.0,3.6,1196.149
15460.0,5.1,1196.119
15462.437,-5.3,1196.377
15462.437,-3.6,1196.36
15462.437,0.0,1196.288
15462.437,3.6,1196.216
15462.437,5.1,1196.186
15465.059,-5.3,1196.45
15465.059,-3.6,1196.433
15465.059,0.0,1196.361
15465.059,3.6,1196.289
15465.059,5.1,1196.259
15467.759,-5.3,1196.525
15467.759,-3.6,1196.508
15467.759,0.0,1196.436
15467.759,3.6,1196.364
15467.759,5.1,1196.334
15480.0,-5.3,1196.871
15480.0,-3.6,1196.854
15480.0,0.0,1196.782
15480.0,3.6,1196.71
15480.0,5.1,1196.68
15500.0,-5.3,1197.45
15500.0,-3.6,1197.433
15500.0,0.0,1197.361
15500.0,3.6,1197.289
15500.0,5.1,1197.259
15520.0,-5.3,1198.046
15520.0,-3.6,1198.029
15520.0,0.0,1197.957
15520.0,3.6,1197.885
15520.0,5.1,1197.855
15540.0,-5.3,1198.659
15540.0,-3.6,1198.642
15540.0,0.0,1198.57
15540.0,3.6,1198.498
15540.0,5.1,1198.468
15560.0,-5.3,1199.289
15560.0,-3.6,1199.272
15560.0,0.0,1199.2
15560.0,3.6,1199.128
15560.0,5.1,1199.098
15580.0,-5.3,1199.936
15580.0,-3.6,1199.919
15580.0,0.0,1199.847
15580.0,3.6,1199.775
15580.0,5.1,1199.745
15600.0,-5.3,1200.6
15600.0,-3.6,1200.583
15600.0,0.0,1200.511
15600.0,3.6,1200.439
15600.0,5.1,1200.409
15620.0,-5.3,1201.281
15620.0,-3.6,1201.264
15620.0,0.0,1201.192
15620.0,3.6,1201.12
15620.0,5.1,1201.09
15621.934,-5.3,1201.348
15621.934,-3.6,1201.331
15621.934,0.0,1201.259
15621.934,3.6,1201.187
15621.934,5.1,1201.157
15624.608,-5.3,1201.44
15624.608,-3.6,1201.423
15624.608,0.0,1201.351
15624.608,3.6,1201.279
15624.608,5.1,1201.249
15627.222,-5.3,1201.531
15627.222,-3.6,1201.514
15627.222,0.0,1201.442
15627.222,3.6,1201.37
15627.222,5.1,1201.34
15629.795,-5.3,1201.621
15629.795,-3.6,1201.604
15629.795,0.0,1201.532
15629.795,3.6,1201.46
15629.795,5.1,1201.43
15632.509,-5.3,1201.716
15632.509,-3.6,1201.699
15632.509,0.0,1201.627
15632.509,3.6,1201.555
15632.509,5.1,1201.525
15640.0,-5.3,1201.979
15640.0,-3.6,1201.962
15640.0,0.0,1201.89
15640.0,3.6,1201.818
15640.0,5.1,1201.788
15660.0,-5.3,1202.694
15660.0,-3.6,1202.677
15660.0,0.0,1202.605
15660.0,3.6,1202.533
15660.0,5.1,1202.503
15680.0,-5.3,1203.425
15680.0,-3.6,1203.408
15680.0,0.0,1203.336
15680.0,3.6,1203.264
15680.0,5.1,1203.234
15700.0,-5.3,1204.17
15700.0,-3.6,1204.153
15700.0,0.0,1204.081
15700.0,3.6,1204.009
15700.0,5.1,1203.979
15720.0,-5.3,1204.916
15720.0,-3.6,1204.899
15720.0,0.0,1204.827
15720.0,3.6,1204.755
15720.0,5.1,1204.725
15740.0,-5.3,1205.662
15740.0,-3.6,1205.645
15740.0,0.0,1205.573
15740.0,3.6,1205.501
15740.0,5.1,1205.471
15760.0,-5.3,1206.405
15760.0,-3.6,1206.388
15760.0,0.0,1206.316
15760.0,3.6,1206.244
15760.0,5.1,1206.214
15780.0,-5.3,1207.142
15780.0,-3.6,1207.125
15780.0,0.0,1207.053
15780.0,3.6,1206.981
15780.0,5.1,1206.951
15800.0,-5.3,1207.874
15800.0,-3.6,1207.857
15800.0,0.0,1207.785
15800.0,3.6,1207.713
15800.0,5.1,1207.683
15820.0,-5.3,1208.6
15820.0,-3.6,1208.583
15820.0,0.0,1208.511
15820.0,3.6,1208.439
15820.0,5.1,1208.409
15840.0,-5.3,1209.325
15840.0,-3.6,1209.308
15840.0,0.0,1209.236
15840.0,3.6,1209.164
15840.0,5.1,1209.134
15851.468,-5.3,1209.741
15851.468,-3.6,1209.724
15851.468,0.0,1209.652
15851.468,3.6,1209.58
15851.468,5.1,1209.55
15854.52,-5.3,1209.851
15854.52,-3.6,1209.834
15854.52,0.0,1209.762
15854.52,3.6,1209.69
15854.52,5.1,1209.66
15857.263,-5.3,1209.951
15857.263,-3.6,1209.934
15857.263,0.0,1209.862
15857.263,3.6,1209.79
15857.263,5.1,1209.76
15858.467,-5.3,1209.994
15858.467,-3.6,1209.977
15858.467,0.0,1209.905
15858.467,3.6,1209.833
15858.467,5.1,1209.803
15860.0,-5.3,1210.05
15860.0,-3.6,1210.033
15860.0,0.0,1209.961
15860.0,3.6,1209.889
15860.0,5.1,1209.859
15863.058,-5.3,1210.161
15863.058,-3.6,1210.144
15863.058,0.0,1210.072
15863.058,3.6,1210.0
15863.058,5.1,1209.969
15880.0,-5.3,1210.775
15880.0,-3.6,1210.758
15880.0,0.0,1210.686
15880.0,3.6,1210.614
15880.0,5.1,1210.584
15900.0,-5.3,1211.506
15900.0,-3.6,1211.489
15900.0,0.0,1211.417
15900.0,3.6,1211.345
15900.0,5.1,1211.315
15920.0,-5.3,1212.22
15920.0,-3.6,1212.203
15920.0,0.0,1212.16
15920.0,3.6,1212.117
15920.0,5.1,1212.087
15940.0,-5.3,1212.887
15940.0,-3.6,1212.896
15940.0,0.0,1212.914
15940.0,3.6,1212.932
15940.0,5.1,1212.901
15953.806,-5.3,1213.352
15953.806,-3.6,1213.38
15953.806,0.0,1213.44
15953.806,3.6,1213.5
15953.806,5.1,1213.47
15960.0,-5.3,1213.562
15960.0,-3.6,1213.599
15960.0,0.0,1213.678
15960.0,3.6,1213.757
15960.0,5.1,1213.727
15970.0,-5.3,1213.902
15970.0,-3.6,1213.953
15970.0,0.0,1214.063
15970.0,3.6,1214.172
15970.0,5.1,1214.142
15980.0,-5.3,1214.258
15980.0,-3.6,1214.318
15980.0,0.0,1214.444
15980.0,3.6,1214.57
15980.0,5.1,1214.54
15990.0,-5.3,1214.633
15990.0,-3.6,1214.693
15990.0,0.0,1214.818
15990.0,3.6,1214.944
15990.0,5.1,1214.914
16000.0,-5.3,1215.001
16000.0,-3.6,1215.06
16000.0,0.0,1215.186
16000.0,3.6,1215.312
16000.0,5.1,1215.282
16010.0,-5.3,1215.362
16010.0,-3.6,1215.421
16010.0,0.0,1215.547
16010.0,3.6,1215.673
16010.0,5.1,1215.643
16020.0,-5.3,1215.717
16020.0,-3.6,1215.776
16020.0,0.0,1215.902
16020.0,3.6,1216.028
16020.0,5.1,1215.998
16030.0,-5.3,1216.064
16030.0,-3.6,1216.124
16030.0,0.0,1216.25
16030.0,3.6,1216.376
16030.0,5.1,1216.346
16040.0,-5.3,1216.406
16040.0,-3.6,1216.465
16040.0,0.0,1216.591
16040.0,3.6,1216.717
16040.0,5.1,1216.687
16050.0,-5.3,1216.74
16050.0,-3.6,1216.8
16050.0,0.0,1216.926
16050.0,3.6,1217.052
16050.0,5.1,1217.021
16060.0,-5.3,1217.068
16060.0,-3.6,1217.127
16060.0,0.0,1217.253
16060.0,3.6,1217.379
16060.0,5.1,1217.349
16070.0,-5.3,1217.389
16070.0,-3.6,1217.448
16070.0,0.0,1217.574
16070.0,3.6,1217.7
16070.0,5.1,1217.67
16070.449,-5.3,1217.403
16070.449,-3.6,1217.463
16070.449,0.0,1217.589
16070.449,3.6,1217.715
16070.449,5.1,1217.685
16073.576,-5.3,1217.502
16073.576,-3.6,1217.562
16073.576,0.0,1217.688
16073.576,3.6,1217.814
16073.576,5.1,1217.784
16076.415,-5.3,1217.592
16076.415,-3.6,1217.651
16076.415,0.0,1217.777
16076.415,3.6,1217.903
16076.415,5.1,1217.873
16080.0,-5.3,1217.704
16080.0,-3.6,1217.763
16080.0,0.0,1217.889
16080.0,3.6,1218.015
16080.0,5.1,1217.985
16082.38,-5.3,1217.777
16082.38,-3.6,1217.837
16082.38,0.0,1217.963
16082.38,3.6,1218.089
16082.38,5.1,1218.059
16090.0,-5.3,1218.011
16090.0,-3.6,1218.071
16090.0,0.0,1218.197
16090.0,3.6,1218.323
16090.0,5.1,1218.293
16100.0,-5.3,1218.313
16100.0,-3.6,1218.372
16100.0,0.0,1218.498
16100.0,3.6,1218.624
16100.0,5.1,1218.594
16110.0,-5.3,1218.607
16110.0,-3.6,1218.667
16110.0,0.0,1218.792
16110.0,3.6,1218.918
16110.0,5.1,1218.888
16120.0,-5.3,1218.895
16120.0,-3.6,1218.954
16120.0,0.0,1219.08
16120.0,3.6,1219.206
16120.0,5.1,1219.176
16130.0,-5.3,1219.179
16130.0,-3.6,1219.239
16130.0,0.0,1219.365
16130.0,3.6,1219.491
16130.0,5.1,1219.461
16140.0,-5.3,1219.464
16140.0,-3.6,1219.523
16140.0,0.0,1219.649
16140.0,3.6,1219.775
16140.0,5.1,1219.745
16150.0,-5.3,1219.749
16150.0,-3.6,1219.808
16150.0,0.0,1219.934
16150.0,3.6,1220.06
16150.0,5.1,1220.03
16160.0,-5.3,1220.035
16160.0,-3.6,1220.094
16160.0,0.0,1220.22
16160.0,3.6,1220.346
16160.0,5.1,1220.316
16170.0,-5.3,1220.322
16170.0,-3.6,1220.382
16170.0,0.0,1220.508
16170.0,3.6,1220.634
16170.0,5.1,1220.604
16175.904,-5.3,1220.493
16175.904,-3.6,1220.552
16175.904,0.0,1220.678
16175.904,3.6,1220.804
16175.904,5.1,1220.774
16180.0,-5.3,1220.611
16180.0,-3.6,1220.67
16180.0,0.0,1220.796
16180.0,3.6,1220.922
16180.0,5.1,1220.892
16190.0,-5.3,1220.901
16190.0,-3.6,1220.96
16190.0,0.0,1221.086
16190.0,3.6,1221.212
16190.0,5.1,1221.182
16200.0,-5.3,1221.192
16200.0,-3.6,1221.251
16200.0,0.0,1221.377
16200.0,3.6,1221.503
16200.0,5.1,1221.473
16210.0,-5.3,1221.484
16210.0,-3.6,1221.543
16210.0,0.0,1221.669
16210.0,3.6,1221.795
16210.0,5.1,1221.765
16220.0,-5.3,1221.777
16220.0,-3.6,1221.836
16220.0,0.0,1221.962
16220.0,3.6,1222.088
16220.0,5.1,1222.058
16230.0,-5.3,1222.071
16230.0,-3.6,1222.131
16230.0,0.0,1222.257
16230.0,3.6,1222.383
16230.0,5.1,1222.353
16240.0,-5.3,1222.367
16240.0,-3.6,1222.426
16240.0,0.0,1222.552
16240.0,3.6,1222.678
16240.0,5.1,1222.648
16250.0,-5.3,1222.662
16250.0,-3.6,1222.722
16250.0,0.0,1222.848
16250.0,3.6,1222.974
16250.0,5.1,1222.944
16260.0,-5.3,1222.958
16260.0,-3.6,1223.018
16260.0,0.0,1223.144
16260.0,3.6,1223.27
16260.0,5.1,1223.24
16267.291,-5.3,1223.174
16267.291,-3.6,1223.234
16267.291,0.0,1223.36
16267.291,3.6,1223.486
16267.291,5.1,1223.456
16270.0,-5.3,1223.254
16270.0,-3.6,1223.314
16270.0,0.0,1223.44
16270.0,3.6,1223.566
16270.0,5.1,1223.536
16271.887,-5.3,1223.31
16271.887,-3.6,1223.37
16271.887,0.0,1223.496
16271.887,3.6,1223.622
16271.887,5.1,1223.592
16273.642,-5.3,1223.362
16273.642,-3.6,1223.422
16273.642,0.0,1223.548
16273.642,3.6,1223.674
16273.642,5.1,1223.644
16276.277,-5.3,1223.44
16276.277,-3.6,1223.5
16276.277,0.0,1223.626
16276.277,3.6,1223.752
16276.277,5.1,1223.722
16280.0,-5.3,1223.55
16280.0,-3.6,1223.61
16280.0,0.0,1223.736
16280.0,3.6,1223.862
16280.0,5.1,1223.832
16290.0,-5.3,1223.846
16290.0,-3.6,1223.906
16290.0,0.0,1224.032
16290.0,3.6,1224.158
16290.0,5.1,1224.128
16300.0,-5.3,1224.142
16300.0,-3.6,1224.202
16300.0,0.0,1224.328
16300.0,3.6,1224.454
16300.0,5.1,1224.424
16310.0,-5.3,1224.438
16310.0,-3.6,1224.498
16310.0,0.0,1224.624
16310.0,3.6,1224.75
16310.0,5.1,1224.72
16320.0,-5.3,1224.734
16320.0,-3.6,1224.794
16320.0,0.0,1224.92
16320.0,3.6,1225.046
16320.0,5.1,1225.016
16330.0,-5.3,1225.03
16330.0,-3.6,1225.089
16330.0,0.0,1225.215
16330.0,3.6,1225.341
16330.0,5.1,1225.311
16340.0,-5.3,1225.323
16340.0,-3.6,1225.383
16340.0,0.0,1225.509
16340.0,3.6,1225.635
16340.0,5.1,1225.605
16350.0,-5.3,1225.615
16350.0,-3.6,1225.674
16350.0,0.0,1225.8
16350.0,3.6,1225.926
16350.0,5.1,1225.896
16360.0,-5.3,1225.904
16360.0,-3.6,1225.964
16360.0,0.0,1226.089
16360.0,3.6,1226.215
16360.0,5.1,1226.185
16370.0,-5.3,1226.191
16370.0,-3.6,1226.251
16370.0,0.0,1226.377
16370.0,3.6,1226.503
16370.0,5.1,1226.473
16380.0,-5.3,1226.493
16380.0,-3.6,1226.547
16380.0,0.0,1226.662
16380.0,3.6,1226.777
16380.0,5.1,1226.747
16390.0,-5.3,1226.821
16390.0,-3.6,1226.861
16390.0,0.0,1226.945
16390.0,3.6,1227.029
16390.0,5.1,1226.999
16398.002,-5.3,1227.082
16398.002,-3.6,1227.11
16398.002,0.0,1227.17
16398.002,3.6,1227.23
16398.002,5.1,1227.2
16400.0,-5.3,1227.146
16400.0,-3.6,1227.172
16400.0,0.0,1227.226
16400.0,3.6,1227.28
16400.0,5.1,1227.25
16420.0,-5.3,1227.806
16420.0,-3.6,1227.789
16420.0,0.0,1227.782
16420.0,3.6,1227.775
16420.0,5.1,1227.745
16440.0,-5.3,1228.417
16440.0,-3.6,1228.4
16440.0,0.0,1228.332
16440.0,3.6,1228.264
16440.0,5.1,1228.234
16460.0,-5.3,1228.971
16460.0,-3.6,1228.954
16460.0,0.0,1228.882
16460.0,3.6,1228.81
16460.0,5.1,1228.78
16480.0,-5.3,1229.521
16480.0,-3.6,1229.504
16480.0,0.0,1229.432
16480.0,3.6,1229.36
16480.0,5.1,1229.33
16500.0,-5.3,1230.073
16500.0,-3.6,1230.056
16500.0,0.0,1229.984
16500.0,3.6,1229.912
16500.0,5.1,1229.882
16520.0,-5.3,1230.627
16520.0,-3.6,1230.61
16520.0,0.0,1230.538
16520.0,3.6,1230.466
16520.0,5.1,1230.436
16540.0,-5.3,1231.183
16540.0,-3.6,1231.167
16540.0,0.0,1231.094
16540.0,3.6,1231.022
16540.0,5.1,1230.992
16560.0,-5.3,1231.742
16560.0,-3.6,1231.725
16560.0,0.0,1231.653
16560.0,3.6,1231.581
16560.0,5.1,1231.551
16580.0,-5.3,1232.302
16580.0,-3.6,1232.285
16580.0,0.0,1232.213
16580.0,3.6,1232.141
16580.0,5.1,1232.111
16600.0,-5.3,1232.862
16600.0,-3.6,1232.845
16600.0,0.0,1232.773
16600.0,3.6,1232.701
16600.0,5.1,1232.671
16610.898,-5.3,1233.168
16610.898,-3.6,1233.151
16610.898,0.0,1233.079
16610.898,3.6,1233.007
16610.898,5.1,1232.977
16613.752,-5.3,1233.248
16613.752,-3.6,1233.231
16613.752,0.0,1233.159
16613.752,3.6,1233.087
16613.752,5.1,1233.057
16615.066,-5.3,1233.284
16615.066,-3.6,1233.267
16615.066,0.0,1233.195
16615.066,3.6,1233.123
16615.066,5.1,1233.093
16616.395,-5.3,1233.322
16616.395,-3.6,1233.305
16616.395,0.0,1233.233
16616.395,3.6,1233.161
16616.395,5.1,1233.131
16618.578,-5.3,1233.383
16618.578,-3.6,1233.366
16618.578,0.0,1233.294
16618.578,3.6,1233.222
16618.578,5.1,1233.192
16620.0,-5.3,1233.423
16620.0,-3.6,1233.406
16620.0,0.0,1233.334
16620.0,3.6,1233.262
16620.0,5.1,1233.232
16621.893,-5.3,1233.476
16621.893,-3.6,1233.459
16621.893,0.0,1233.387
16621.893,3.6,1233.315
16621.893,5.1,1233.285
16640.0,-5.3,1233.983
16640.0,-3.6,1233.966
16640.0,0.0,1233.894
16640.0,3.6,1233.822
16640.0,5.1,1233.792
16660.0,-5.3,1234.543
16660.0,-3.6,1234.526
16660.0,0.0,1234.454
16660.0,3.6,1234.382
16660.0,5.1,1234.352
16680.0,-5.3,1235.108
16680.0,-3.6,1235.091
16680.0,0.0,1235.019
16680.0,3.6,1234.947
16680.0,5.1,1234.917
16699.844,-5.3,1235.673
16699.844,-3.6,1235.656
16699.844,0.0,1235.584
16699.844,3.6,1235.512
16699.844,5.1,1235.482
16700.0,-5.3,1235.677
16700.0,-3.6,1235.66
16700.0,0.0,1235.588
16700.0,3.6,1235.516
16700.0,5.1,1235.486
16701.771,-5.3,1235.728
16701.771,-3.6,1235.711
16701.771,0.0,1235.639
16701.771,3.6,1235.567
16701.771,5.1,1235.537
16702.782,-5.3,1235.757
16702.782,-3.6,1235.74
16702.782,0.0,1235.668
16702.782,3.6,1235.596
16702.782,5.1,1235.566
16705.38,-5.3,1235.832
16705.38,-3.6,1235.815
16705.38,0.0,1235.743
16705.38,3.6,1235.671
16705.38,5.1,1235.641
16707.937,-5.3,1235.905
16707.937,-3.6,1235.888
16707.937,0.0,1235.816
16707.937,3.6,1235.744
16707.937,5.1,1235.714
16710.917,-5.3,1235.991
16710.917,-3.6,1235.974
16710.917,0.0,1235.902
16710.917,3.6,1235.83
16710.917,5.1,1235.8
16720.0,-5.3,1236.253
16720.0,-3.6,1236.236
16720.0,0.0,1236.164
16720.0,3.6,1236.092
16720.0,5.1,1236.062
16740.0,-5.3,1236.834
16740.0,-3.6,1236.817
16740.0,0.0,1236.745
16740.0,3.6,1236.673
16740.0,5.1,1236.643
16760.0,-5.3,1237.421
16760.0,-3.6,1237.404
16760.0,0.0,1237.332
16760.0,3.6,1237.26
16760.0,5.1,1237.23
16780.0,-5.3,1238.011
16780.0,-3.6,1237.994
16780.0,0.0,1237.922
16780.0,3.6,1237.85
16780.0,5.1,1237.82
16800.0,-5.3,1238.601
16800.0,-3.6,1238.584
16800.0,0.0,1238.512
16800.0,3.6,1238.44
16800.0,5.1,1238.41
16820.0,-5.3,1239.192
16820.0,-3.6,1239.175
16820.0,0.0,1239.103
16820.0,3.6,1239.031
16820.0,5.1,1239.001
16840.0,-5.3,1239.785
16840.0,-3.6,1239.768
16840.0,0.0,1239.696
16840.0,3.6,1239.624
16840.0,5.1,1239.594
16860.0,-5.3,1240.38
16860.0,-3.6,1240.363
16860.0,0.0,1240.291
16860.0,3.6,1240.219
16860.0,5.1,1240.189
16880.0,-5.3,1240.976
16880.0,-3.6,1240.959
16880.0,0.0,1240.887
16880.0,3.6,1240.815
16880.0,5.1,1240.785
16896.788,-5.3,1241.478
16896.788,-3.6,1241.461
16896.788,0.0,1241.389
16896.788,3.6,1241.317
16896.788,5.1,1241.286
16900.0,-5.3,1241.574
16900.0,-3.6,1241.557
16900.0,0.0,1241.485
16900.0,3.6,1241.413
16900.0,5.1,1241.383
16901.674,-5.3,1241.624
16901.674,-3.6,1241.607
16901.674,0.0,1241.535
16901.674,3.6,1241.463
16901.674,5.1,1241.433
16904.011,-5.3,1241.694
16904.011,-3.6,1241.677
16904.011,0.0,1241.605
16904.011,3.6,1241.533
16904.011,5.1,1241.503
16906.56,-5.3,1241.77
16906.56,-3.6,1241.753
16906.56,0.0,1241.681
16906.56,3.6,1241.609
16906.56,5.1,1241.579
16920.0,-5.3,1242.173
16920.0,-3.6,1242.156
16920.0,0.0,1242.084
16920.0,3.6,1242.012
16920.0,5.1,1241.982
16940.0,-5.3,1242.774
16940.0,-3.6,1242.757
16940.0,0.0,1242.685
16940.0,3.6,1242.613
16940.0,5.1,1242.583
16960.0,-5.3,1243.385
16960.0,-3.6,1243.368
16960.0,0.0,1243.296
16960.0,3.6,1243.224
16960.0,5.1,1243.194
16975.165,-5.3,1243.858
16975.165,-3.6,1243.841
16975.165,0.0,1243.769
16975.165,3.6,1243.697
16975.165,5.1,1243.667
16977.337,-5.3,1243.926
16977.337,-3.6,1243.909
16977.337,0.0,1243.837
16977.337,3.6,1243.765
16977.337,5.1,1243.735
16980.0,-5.3,1244.01
16980.0,-3.6,1243.993
16980.0,0.0,1243.921
16980.0,3.6,1243.849
16980.0,5.1,1243.819
16981.667,-5.3,1244.063
16981.667,-3.6,1244.046
16981.667,0.0,1243.974
16981.667,3.6,1243.902
16981.667,5.1,1243.872
16984.533,-5.3,1244.154
16984.533,-3.6,1244.137
16984.533,0.0,1244.065
16984.533,3.6,1243.993
16984.533,5.1,1243.963
16988.17,-5.3,1244.27
16988.17,-3.6,1244.253
16988.17,0.0,1244.181
16988.17,3.6,1244.109
16988.17,5.1,1244.079
17000.0,-5.3,1244.647
17000.0,-3.6,1244.63
17000.0,0.0,1244.558
17000.0,3.6,1244.486
17000.0,5.1,1244.456
17020.0,-5.3,1245.282
17020.0,-3.6,1245.265
17020.0,0.0,1245.193
17020.0,3.6,1245.121
17020.0,5.1,1245.091
17040.0,-5.3,1245.905
17040.0,-3.6,1245.888
17040.0,0.0,1245.816
17040.0,3.6,1245.744
17040.0,5.1,1245.714
17060.0,-5.3,1246.514
17060.0,-3.6,1246.497
17060.0,0.0,1246.425
17060.0,3.6,1246.353
17060.0,5.1,1246.323
17080.0,-5.3,1247.109
17080.0,-3.6,1247.092
17080.0,0.0,1247.02
17080.0,3.6,1246.948
17080.0,5.1,1246.918
17100.0,-5.3,1247.689
17100.0,-3.6,1247.672
17100.0,0.0,1247.6
17100.0,3.6,1247.528
17100.0,5.1,1247.498
17120.0,-5.3,1248.258
17120.0,-3.6,1248.241
17120.0,0.0,1248.169
17120.0,3.6,1248.097
17120.0,5.1,1248.067
17140.0,-5.3,1248.824
17140.0,-3.6,1248.807
17140.0,0.0,1248.735
17140.0,3.6,1248.663
17140.0,5.1,1248.633
17149.007,-5.3,1249.079
17149.007,-3.6,1249.062
17149.007,0.0,1248.99
17149.007,3.6,1248.918
17149.007,5.1,1248.888
17150.184,-5.3,1249.113
17150.184,-3.6,1249.096
17150.184,0.0,1249.024
17150.184,3.6,1248.952
17150.184,5.1,1248.922
17151.819,-5.3,1249.159
17151.819,-3.6,1249.142
17151.819,0.0,1249.07
17151.819,3.6,1248.998
17151.819,5.1,1248.968
17153.661,-5.3,1249.211
17153.661,-3.6,1249.194
17153.661,0.0,1249.122
17153.661,3.6,1249.05
17153.661,5.1,1249.02
17155.952,-5.3,1249.276
17155.952,-3.6,1249.259
17155.952,0.0,1249.187
17155.952,3.6,1249.115
17155.952,5.1,1249.085
17158.314,-5.3,1249.343
17158.314,-3.6,1249.326
17158.314,0.0,1249.254
17158.314,3.6,1249.182
17158.314,5.1,1249.152
17160.0,-5.3,1249.391
17160.0,-3.6,1249.374
17160.0,0.0,1249.302
17160.0,3.6,1249.229
17160.0,5.1,1249.199
17180.0,-5.3,1249.957
17180.0,-3.6,1249.94
17180.0,0.0,1249.868
17180.0,3.6,1249.796
17180.0,5.1,1249.766
17200.0,-5.3,1250.528
17200.0,-3.6,1250.511
17200.0,0.0,1250.439
17200.0,3.6,1250.367
17200.0,5.1,1250.337
17220.0,-5.3,1251.105
17220.0,-3.6,1251.088
17220.0,0.0,1251.016
17220.0,3.6,1250.944
17220.0,5.1,1250.914
17240.0,-5.3,1251.688
17240.0,-3.6,1251.672
17240.0,0.0,1251.599
17240.0,3.6,1251.527
17240.0,5.1,1251.497
17260.0,-5.3,1252.279
17260.0,-3.6,1252.262
17260.0,0.0,1252.19
17260.0,3.6,1252.118
17260.0,5.1,1252.088
17280.0,-5.3,1252.875
17280.0,-3.6,1252.858
17280.0,0.0,1252.786
17280.0,3.6,1252.714
17280.0,5.1,1252.684
17300.0,-5.3,1253.473
17300.0,-3.6,1253.456
17300.0,0.0,1253.384
17300.0,3.6,1253.312
17300.0,5.1,1253.282
17320.0,-5.3,1254.063
17320.0,-3.6,1254.046
17320.0,0.0,1253.974
17320.0,3.6,1253.902
17320.0,5.1,1253.872
17340.0,-5.3,1254.641
17340.0,-3.6,1254.624
17340.0,0.0,1254.552
17340.0,3.6,1254.48
17340.0,5.1,1254.45
17360.0,-5.3,1255.205
17360.0,-3.6,1255.188
17360.0,0.0,1255.116
17360.0,3.6,1255.044
17360.0,5.1,1255.014
17380.0,-5.3,1255.757
17380.0,-3.6,1255.74
17380.0,0.0,1255.668
17380.0,3.6,1255.596
17380.0,5.1,1255.566
17400.0,-5.3,1256.297
17400.0,-3.6,1256.28
17400.0,0.0,1256.208
17400.0,3.6,1256.136
17400.0,5.1,1256.106
17420.0,-5.3,1256.833
17420.0,-3.6,1256.816
17420.0,0.0,1256.744
17420.0,3.6,1256.672
17420.0,5.1,1256.642
17421.577,-5.3,1256.875
17421.577,-3.6,1256.859
17421.577,0.0,1256.786
17421.577,3.6,1256.714
17421.577,5.1,1256.684
17424.037,-5.3,1256.941
17424.037,-3.6,1256.924
17424.037,0.0,1256.852
17424.037,3.6,1256.78
17424.037,5.1,1256.75
17426.265,-5.3,1257.001
17426.265,-3.6,1256.984
17426.265,0.0,1256.912
17426.265,3.6,1256.84
17426.265,5.1,1256.81
17428.529,-5.3,1257.062
17428.529,-3.6,1257.045
17428.529,0.0,1256.973
17428.529,3.6,1256.901
17428.529,5.1,1256.871
17430.953,-5.3,1257.127
17430.953,-3.6,1257.11
17430.953,0.0,1257.038
17430.953,3.6,1256.966
17430.953,5.1,1256.936
17440.0,-5.3,1257.369
17440.0,-3.6,1257.352
17440.0,0.0,1257.28
17440.0,3.6,1257.208
17440.0,5.1,1257.178
17460.0,-5.3,1257.905
17460.0,-3.6,1257.888
17460.0,0.0,1257.816
17460.0,3.6,1257.744
17460.0,5.1,1257.714
17480.0,-5.3,1258.441
17480.0,-3.6,1258.424
17480.0,0.0,1258.352
17480.0,3.6,1258.28
17480.0,5.1,1258.25
17500.0,-5.3,1258.977
17500.0,-3.6,1258.96
17500.0,0.0,1258.888
17500.0,3.6,1258.816
17500.0,5.1,1258.786
17520.0,-5.3,1259.512
17520.0,-3.6,1259.495
17520.0,0.0,1259.423
17520.0,3.6,1259.351
17520.0,5.1,1259.321
17540.0,-5.3,1260.048
17540.0,-3.6,1260.031
17540.0,0.0,1259.959
17540.0,3.6,1259.887
17540.0,5.1,1259.857
17560.0,-5.3,1260.584
17560.0,-3.6,1260.567
17560.0,0.0,1260.495
17560.0,3.6,1260.423
17560.0,5.1,1260.393
17566.542,-5.3,1260.759
17566.542,-3.6,1260.742
17566.542,0.0,1260.67
17566.542,3.6,1260.598
17566.542,5.1,1260.568
17569.461,-5.3,1260.838
17569.461,-3.6,1260.821
17569.461,0.0,1260.749
17569.461,3.6,1260.677
17569.461,5.1,1260.647
17571.819,-5.3,1260.901
17571.819,-3.6,1260.884
17571.819,0.0,1260.812
17571.819,3.6,1260.74
17571.819,5.1,1260.71
17574.18,-5.3,1260.964
17574.18,-3.6,1260.947
17574.18,0.0,1260.875
17574.18,3.6,1260.803
17574.18,5.1,1260.773
17577.096,-5.3,1261.042
17577.096,-3.6,1261.025
17577.096,0.0,1260.953
17577.096,3.6,1260.881
17577.096,5.1,1260.851
17580.0,-5.3,1261.12
17580.0,-3.6,1261.103
17580.0,0.0,1261.031
17580.0,3.6,1260.959
17580.0,5.1,1260.929
17600.0,-5.3,1261.656
17600.0,-3.6,1261.639
17600.0,0.0,1261.567
17600.0,3.6,1261.495
17600.0,5.1,1261.465
17620.0,-5.3,1262.192
17620.0,-3.6,1262.175
17620.0,0.0,1262.103
17620.0,3.6,1262.031
17620.0,5.1,1262.001
17640.0,-5.3,1262.727
17640.0,-3.6,1262.71
17640.0,0.0,1262.638
17640.0,3.6,1262.566
17640.0,5.1,1262.536
17660.0,-5.3,1263.263
17660.0,-3.6,1263.246
17660.0,0.0,1263.174
17660.0,3.6,1263.102
17660.0,5.1,1263.072
17680.0,-5.3,1263.795
17680.0,-3.6,1263.778
17680.0,0.0,1263.706
17680.0,3.6,1263.634
17680.0,5.1,1263.604
17700.0,-5.3,1264.323
17700.0,-3.6,1264.306
17700.0,0.0,1264.234
17700.0,3.6,1264.161
17700.0,5.1,1264.131
17720.0,-5.3,1264.846
17720.0,-3.6,1264.829
17720.0,0.0,1264.757
17720.0,3.6,1264.685
17720.0,5.1,1264.655
17740.0,-5.3,1265.366
17740.0,-3.6,1265.349
17740.0,0.0,1265.277
17740.0,3.6,1265.205
17740.0,5.1,1265.175
17760.0,-5.3,1265.883
17760.0,-3.6,1265.866
17760.0,0.0,1265.794
17760.0,3.6,1265.722
17760.0,5.1,1265.692
17780.0,-5.3,1266.399
17780.0,-3.6,1266.382
17780.0,0.0,1266.31
17780.0,3.6,1266.238
17780.0,5.1,1266.208
17800.0,-5.3,1266.915
17800.0,-3.6,1266.898
17800.0,0.0,1266.826
17800.0,3.6,1266.754
17800.0,5.1,1266.724
17820.0,-5.3,1267.43
17820.0,-3.6,1267.413
17820.0,0.0,1267.341
17820.0,3.6,1267.269
17820.0,5.1,1267.239
17840.0,-5.3,1267.942
17840.0,-3.6,1267.925
17840.0,0.0,1267.853
17840.0,3.6,1267.781
17840.0,5.1,1267.751
17860.0,-5.3,1268.456
17860.0,-3.6,1268.439
17860.0,0.0,1268.363
17860.0,3.6,1268.288
17860.0,5.1,1268.256
17872.659,-5.3,1268.81
17872.659,-3.6,1268.793
17872.659,0.0,1268.685
17872.659,3.6,1268.577
17872.659,5.1,1268.532
17880.0,-5.3,1269.014
17880.0,-3.6,1268.997
17880.0,0.0,1268.871
17880.0,3.6,1268.745
17880.0,5.1,1268.692
17885.982,-5.3,1269.165
17885.982,-3.6,1269.148
17885.982,0.0,1269.022
17885.982,3.6,1268.896
17885.982,5.1,1268.844
17888.446,-5.3,1269.228
17888.446,-3.6,1269.211
17888.446,0.0,1269.085
17888.446,3.6,1268.959
17888.446,5.1,1268.906
17890.0,-5.3,1269.267
17890.0,-3.6,1269.25
17890.0,0.0,1269.124
17890.0,3.6,1268.998
17890.0,5.1,1268.945
17890.639,-5.3,1269.283
17890.639,-3.6,1269.266
17890.639,0.0,1269.14
17890.639,3.6,1269.014
17890.639,5.1,1268.962
17891.967,-5.3,1269.317
17891.967,-3.6,1269.3
17891.967,0.0,1269.174
17891.967,3.6,1269.048
17891.967,5.1,1268.995
17893.579,-5.3,1269.357
17893.579,-3.6,1269.34
17893.579,0.0,1269.214
17893.579,3.6,1269.088
17893.579,5.1,1269.036
17895.296,-5.3,1269.401
17895.296,-3.6,1269.384
17895.296,0.0,1269.258
17895.296,3.6,1269.132
17895.296,5.1,1269.079
17900.0,-5.3,1269.52
17900.0,-3.6,1269.503
17900.0,0.0,1269.377
17900.0,3.6,1269.251
17900.0,5.1,1269.198
17910.0,-5.3,1269.772
17910.0,-3.6,1269.755
17910.0,0.0,1269.629
17910.0,3.6,1269.503
17910.0,5.1,1269.451
17920.0,-5.3,1270.024
17920.0,-3.6,1270.007
17920.0,0.0,1269.881
17920.0,3.6,1269.755
17920.0,5.1,1269.703
17930.0,-5.3,1270.276
17930.0,-3.6,1270.259
17930.0,0.0,1270.133
17930.0,3.6,1270.007
17930.0,5.1,1269.954
17940.0,-5.3,1270.527
17940.0,-3.6,1270.51
17940.0,0.0,1270.384
17940.0,3.6,1270.258
17940.0,5.1,1270.206
17950.0,-5.3,1270.778
17950.0,-3.6,1270.761
17950.0,0.0,1270.635
17950.0,3.6,1270.509
17950.0,5.1,1270.456
17960.0,-5.3,1271.029
17960.0,-3.6,1271.012
17960.0,0.0,1270.886
17960.0,3.6,1270.76
17960.0,5.1,1270.707
17970.0,-5.3,1271.279
17970.0,-3.6,1271.262
17970.0,0.0,1271.136
17970.0,3.6,1271.01
17970.0,5.1,1270.957
17977.765,-5.3,1271.473
17977.765,-3.6,1271.456
17977.765,0.0,1271.33
17977.765,3.6,1271.204
17977.765,5.1,1271.151
17980.0,-5.3,1271.529
17980.0,-3.6,1271.512
17980.0,0.0,1271.386
17980.0,3.6,1271.26
17980.0,5.1,1271.207
17990.0,-5.3,1271.779
17990.0,-3.6,1271.762
17990.0,0.0,1271.636
17990.0,3.6,1271.51
17990.0,5.1,1271.457
18000.0,-5.3,1272.028
18000.0,-3.6,1272.011
18000.0,0.0,1271.885
18000.0,3.6,1271.759
18000.0,5.1,1271.707
18010.0,-5.3,1272.278
18010.0,-3.6,1272.261
18010.0,0.0,1272.135
18010.0,3.6,1272.009
18010.0,5.1,1271.957
18020.0,-5.3,1272.528
18020.0,-3.6,1272.511
18020.0,0.0,1272.385
18020.0,3.6,1272.259
18020.0,5.1,1272.207
18030.0,-5.3,1272.778
18030.0,-3.6,1272.761
18030.0,0.0,1272.635
18030.0,3.6,1272.509
18030.0,5.1,1272.456
18040.0,-5.3,1273.028
18040.0,-3.6,1273.011
18040.0,0.0,1272.885
18040.0,3.6,1272.759
18040.0,5.1,1272.706
18050.0,-5.3,1273.277
18050.0,-3.6,1273.26
18050.0,0.0,1273.135
18050.0,3.6,1273.009
18050.0,5.1,1272.956
18060.0,-5.3,1273.527
18060.0,-3.6,1273.51
18060.0,0.0,1273.384
18060.0,3.6,1273.258
18060.0,5.1,1273.206
18068.58,-5.3,1273.742
18068.58,-3.6,1273.725
18068.58,0.0,1273.599
18068.58,3.6,1273.473
18068.58,5.1,1273.42
18070.0,-5.3,1273.777
18070.0,-3.6,1273.76
18070.0,0.0,1273.634
18070.0,3.6,1273.508
18070.0,5.1,1273.456
18071.483,-5.3,1273.814
18071.483,-3.6,1273.797
18071.483,0.0,1273.671
18071.483,3.6,1273.545
18071.483,5.1,1273.493
18074.099,-5.3,1273.88
18074.099,-3.6,1273.863
18074.099,0.0,1273.737
18074.099,3.6,1273.611
18074.099,5.1,1273.558
18076.668,-5.3,1273.944
18076.668,-3.6,1273.927
18076.668,0.0,1273.801
18076.668,3.6,1273.675
18076.668,5.1,1273.622
18079.618,-5.3,1274.017
18079.618,-3.6,1274.0
18079.618,0.0,1273.875
18079.618,3.6,1273.749
18079.618,5.1,1273.696
18080.0,-5.3,1274.027
18080.0,-3.6,1274.01
18080.0,0.0,1273.884
18080.0,3.6,1273.758
18080.0,5.1,1273.706
18082.87,-5.3,1274.099
18082.87,-3.6,1274.082
18082.87,0.0,1273.956
18082.87,3.6,1273.83
18082.87,5.1,1273.777
18090.0,-5.3,1274.277
18090.0,-3.6,1274.26
18090.0,0.0,1274.134
18090.0,3.6,1274.008
18090.0,5.1,1273.955
18100.0,-5.3,1274.527
18100.0,-3.6,1274.51
18100.0,0.0,1274.384
18100.0,3.6,1274.258
18100.0,5.1,1274.205
18110.0,-5.3,1274.776
18110.0,-3.6,1274.759
18110.0,0.0,1274.633
18110.0,3.6,1274.507
18110.0,5.1,1274.455
18120.0,-5.3,1275.026
18120.0,-3.6,1275.009
18120.0,0.0,1274.883
18120.0,3.6,1274.757
18120.0,5.1,1274.705
18130.0,-5.3,1275.277
18130.0,-3.6,1275.26
18130.0,0.0,1275.135
18130.0,3.6,1275.009
18130.0,5.1,1274.956
18140.0,-5.3,1275.53
18140.0,-3.6,1275.513
18140.0,0.0,1275.387
18140.0,3.6,1275.261
18140.0,5.1,1275.208
18150.0,-5.3,1275.784
18150.0,-3.6,1275.767
18150.0,0.0,1275.641
18150.0,3.6,1275.515
18150.0,5.1,1275.462
18160.0,-5.3,1276.039
18160.0,-3.6,1276.022
18160.0,0.0,1275.896
18160.0,3.6,1275.77
18160.0,5.1,1275.718
18165.631,-5.3,1276.184
18165.631,-3.6,1276.167
18165.631,0.0,1276.041
18165.631,3.6,1275.915
18165.631,5.1,1275.862
18170.0,-5.3,1276.296
18170.0,-3.6,1276.279
18170.0,0.0,1276.153
18170.0,3.6,1276.027
18170.0,5.1,1275.975
18180.0,-5.3,1276.555
18180.0,-3.6,1276.538
18180.0,0.0,1276.412
18180.0,3.6,1276.286
18180.0,5.1,1276.233
18190.0,-5.3,1276.814
18190.0,-3.6,1276.797
18190.0,0.0,1276.671
18190.0,3.6,1276.545
18190.0,5.1,1276.493
18200.0,-5.3,1277.076
18200.0,-3.6,1277.059
18200.0,0.0,1276.933
18200.0,3.6,1276.807
18200.0,5.1,1276.754
18210.0,-5.3,1277.338
18210.0,-3.6,1277.321
18210.0,0.0,1277.195
18210.0,3.6,1277.069
18210.0,5.1,1277.017
18220.0,-5.3,1277.603
18220.0,-3.6,1277.586
18220.0,0.0,1277.46
18220.0,3.6,1277.334
18220.0,5.1,1277.281
18230.0,-5.3,1277.867
18230.0,-3.6,1277.85
18230.0,0.0,1277.724
18230.0,3.6,1277.598
18230.0,5.1,1277.545
18240.0,-5.3,1278.129
18240.0,-3.6,1278.112
18240.0,0.0,1277.986
18240.0,3.6,1277.86
18240.0,5.1,1277.807
18248.391,-5.3,1278.329
18248.391,-3.6,1278.312
18248.391,0.0,1278.204
18248.391,3.6,1278.096
18248.391,5.1,1278.051
18260.0,-5.3,1278.595
18260.0,-3.6,1278.578
18260.0,0.0,1278.502
18260.0,3.6,1278.427
18260.0,5.1,1278.395
18280.0,-5.3,1279.097
18280.0,-3.6,1279.08
18280.0,0.0,1279.008
18280.0,3.6,1278.936
18280.0,5.1,1278.906
18300.0,-5.3,1279.592
18300.0,-3.6,1279.575
18300.0,0.0,1279.503
18300.0,3.6,1279.431
18300.0,5.1,1279.401
18320.0,-5.3,1280.078
18320.0,-3.6,1280.061
18320.0,0.0,1279.989
18320.0,3.6,1279.917
18320.0,5.1,1279.886
18340.0,-5.3,1280.555
18340.0,-3.6,1280.538
18340.0,0.0,1280.466
18340.0,3.6,1280.394
18340.0,5.1,1280.364
18347.129,-5.3,1280.725
18347.129,-3.6,1280.708
18347.129,0.0,1280.636
18347.129,3.6,1280.564
18347.129,5.1,1280.534
18349.729,-5.3,1280.787
18349.729,-3.6,1280.77
18349.729,0.0,1280.698
18349.729,3.6,1280.626
18349.729,5.1,1280.596
18351.669,-5.3,1280.833
18351.669,-3.6,1280.816
18351.669,0.0,1280.744
18351.669,3.6,1280.672
18351.669,5.1,1280.642
18353.905,-5.3,1280.886
18353.905,-3.6,1280.869
18353.905,0.0,1280.797
18353.905,3.6,1280.725
18353.905,5.1,1280.695
18356.209,-5.3,1280.941
18356.209,-3.6,1280.924
18356.209,0.0,1280.852
18356.209,3.6,1280.78
18356.209,5.1,1280.75
18360.0,-5.3,1281.031
18360.0,-3.6,1281.014
18360.0,0.0,1280.942
18360.0,3.6,1280.87
18360.0,5.1,1280.84
18380.0,-5.3,1281.508
18380.0,-3.6,1281.491
18380.0,0.0,1281.419
18380.0,3.6,1281.347
18380.0,5.1,1281.317
18400.0,-5.3,1281.988
18400.0,-3.6,1281.971
18400.0,0.0,1281.899
18400.0,3.6,1281.827
18400.0,5.1,1281.797
18420.0,-5.3,1282.47
18420.0,-3.6,1282.453
18420.0,0.0,1282.381
18420.0,3.6,1282.309
18420.0,5.1,1282.279
18440.0,-5.3,1282.956
18440.0,-3.6,1282.939
18440.0,0.0,1282.867
18440.0,3.6,1282.795
18440.0,5.1,1282.765
18460.0,-5.3,1283.445
18460.0,-3.6,1283.428
18460.0,0.0,1283.356
18460.0,3.6,1283.284
18460.0,5.1,1283.254
18480.0,-5.3,1283.937
18480.0,-3.6,1283.92
18480.0,0.0,1283.848
18480.0,3.6,1283.776
18480.0,5.1,1283.746
18495.866,-5.3,1284.328
18495.866,-3.6,1284.311
18495.866,0.0,1284.239
18495.866,3.6,1284.167
18495.866,5.1,1284.137
18497.461,-5.3,1284.367
18497.461,-3.6,1284.35
18497.461,0.0,1284.278
18497.461,3.6,1284.206
18497.461,5.1,1284.176
18500.0,-5.3,1284.43
18500.0,-3.6,1284.413
18500.0,0.0,1284.341
18500.0,3.6,1284.269
18500.0,5.1,1284.239
18500.073,-5.3,1284.432
18500.073,-3.6,1284.415
18500.073,0.0,1284.343
18500.073,3.6,1284.271
18500.073,5.1,1284.241
18501.675,-5.3,1284.471
18501.675,-3.6,1284.454
18501.675,0.0,1284.382
18501.675,3.6,1284.31
18501.675,5.1,1284.28
18504.28,-5.3,1284.535
18504.28,-3.6,1284.518
18504.28,0.0,1284.446
18504.28,3.6,1284.374
18504.28,5.1,1284.344
18520.0,-5.3,1284.923
18520.0,-3.6,1284.906
18520.0,0.0,1284.834
18520.0,3.6,1284.762
18520.0,5.1,1284.732
18540.0,-5.3,1285.416
18540.0,-3.6,1285.399
18540.0,0.0,1285.327
18540.0,3.6,1285.255
18540.0,5.1,1285.225
18560.0,-5.3,1285.909
18560.0,-3.6,1285.892
18560.0,0.0,1285.82
18560.0,3.6,1285.748
18560.0,5.1,1285.718
18580.0,-5.3,1286.403
18580.0,-3.6,1286.386
18580.0,0.0,1286.314
18580.0,3.6,1286.242
18580.0,5.1,1286.212
18600.0,-5.3,1286.897
18600.0,-3.6,1286.88
18600.0,0.0,1286.808
18600.0,3.6,1286.736
18600.0,5.1,1286.706
18620.0,-5.3,1287.392
18620.0,-3.6,1287.375
18620.0,0.0,1287.303
18620.0,3.6,1287.231
18620.0,5.1,1287.201
18640.0,-5.3,1287.887
18640.0,-3.6,1287.87
18640.0,0.0,1287.798
18640.0,3.6,1287.726
18640.0,5.1,1287.696
18660.0,-5.3,1288.382
18660.0,-3.6,1288.365
18660.0,0.0,1288.293
18660.0,3.6,1288.221
18660.0,5.1,1288.191
18680.0,-5.3,1288.878
18680.0,-3.6,1288.861
18680.0,0.0,1288.789
18680.0,3.6,1288.717
18680.0,5.1,1288.687
18700.0,-5.3,1289.375
18700.0,-3.6,1289.358
18700.0,0.0,1289.286
18700.0,3.6,1289.214
18700.0,5.1,1289.183
18720.0,-5.3,1289.871
18720.0,-3.6,1289.854
18720.0,0.0,1289.782
18720.0,3.6,1289.71
18720.0,5.1,1289.68
18740.0,-5.3,1290.367
18740.0,-3.6,1290.35
18740.0,0.0,1290.278
18740.0,3.6,1290.206
18740.0,5.1,1290.176
18748.046,-5.3,1290.566
18748.046,-3.6,1290.549
18748.046,0.0,1290.477
18748.046,3.6,1290.405
18748.046,5.1,1290.375
18760.0,-5.3,1290.863
18760.0,-3.6,1290.846
18760.0,0.0,1290.774
18760.0,3.6,1290.702
18760.0,5.1,1290.672
18768.395,-5.3,1291.071
18768.395,-3.6,1291.054
18768.395,0.0,1290.982
18768.395,3.6,1290.91
18768.395,5.1,1290.88
18770.685,-5.3,1291.128
18770.685,-3.6,1291.111
18770.685,0.0,1291.039
18770.685,3.6,1290.967
18770.685,5.1,1290.937
18772.794,-5.3,1291.18
18772.794,-3.6,1291.163
18772.794,0.0,1291.091
18772.794,3.6,1291.019
18772.794,5.1,1290.989
18774.829,-5.3,1291.231
18774.829,-3.6,1291.214
18774.829,0.0,1291.142
18774.829,3.6,1291.07
18774.829,5.1,1291.04
18777.12,-5.3,1291.287
18777.12,-3.6,1291.271
18777.12,0.0,1291.198
18777.12,3.6,1291.126
18777.12,5.1,1291.096
18780.0,-5.3,1291.359
18780.0,-3.6,1291.342
18780.0,0.0,1291.27
18780.0,3.6,1291.198
18780.0,5.1,1291.168
18800.0,-5.3,1291.855
18800.0,-3.6,1291.838
18800.0,0.0,1291.766
18800.0,3.6,1291.694
18800.0,5.1,1291.664
18820.0,-5.3,1292.354
18820.0,-3.6,1292.337
18820.0,0.0,1292.265
18820.0,3.6,1292.193
18820.0,5.1,1292.163
18840.0,-5.3,1292.855
18840.0,-3.6,1292.838
18840.0,0.0,1292.766
18840.0,3.6,1292.694
18840.0,5.1,1292.664
18860.0,-5.3,1293.36
18860.0,-3.6,1293.343
18860.0,0.0,1293.271
18860.0,3.6,1293.199
18860.0,5.1,1293.169
18880.0,-5.3,1293.867
18880.0,-3.6,1293.85
18880.0,0.0,1293.778
18880.0,3.6,1293.706
18880.0,5.1,1293.676
18900.0,-5.3,1294.376
18900.0,-3.6,1294.359
18900.0,0.0,1294.287
18900.0,3.6,1294.215
18900.0,5.1,1294.185
18907.836,-5.3,1294.576
18907.836,-3.6,1294.559
18907.836,0.0,1294.487
18907.836,3.6,1294.415
18907.836,5.1,1294.385
18910.949,-5.3,1294.656
18910.949,-3.6,1294.639
18910.949,0.0,1294.567
18910.949,3.6,1294.495
18910.949,5.1,1294.465
18914.001,-5.3,1294.734
18914.001,-3.6,1294.717
18914.001,0.0,1294.645
18914.001,3.6,1294.573
18914.001,5.1,1294.542
18916.959,-5.3,1294.809
18916.959,-3.6,1294.792
18916.959,0.0,1294.72
18916.959,3.6,1294.648
18916.959,5.1,1294.618
18920.0,-5.3,1294.886
18920.0,-3.6,1294.869
18920.0,0.0,1294.797
18920.0,3.6,1294.725
18920.0,5.1,1294.695
18920.166,-5.3,1294.89
18920.166,-3.6,1294.873
18920.166,0.0,1294.801
18920.166,3.6,1294.729
18920.166,5.1,1294.699
18940.0,-5.3,1295.393
18940.0,-3.6,1295.376
18940.0,0.0,1295.304
18940.0,3.6,1295.232
18940.0,5.1,1295.202
18960.0,-5.3,1295.896
18960.0,-3.6,1295.879
18960.0,0.0,1295.807
18960.0,3.6,1295.735
18960.0,5.1,1295.705
18980.0,-5.3,1296.394
18980.0,-3.6,1296.377
18980.0,0.0,1296.305
18980.0,3.6,1296.233
18980.0,5.1,1296.203
19000.0,-5.3,1296.897
19000.0,-3.6,1296.88
19000.0,0.0,1296.808
19000.0,3.6,1296.736
19000.0,5.1,1296.706
19020.0,-5.3,1297.42
19020.0,-3.6,1297.403
19020.0,0.0,1297.331
19020.0,3.6,1297.259
19020.0,5.1,1297.229
19031.51,-5.3,1297.731
19031.51,-3.6,1297.714
19031.51,0.0,1297.642
19031.51,3.6,1297.57
19031.51,5.1,1297.54
19035.374,-5.3,1297.836
19035.374,-3.6,1297.819
19035.374,0.0,1297.747
19035.374,3.6,1297.675
19035.374,5.1,1297.645
19038.073,-5.3,1297.91
19038.073,-3.6,1297.893
19038.073,0.0,1297.821
19038.073,3.6,1297.749
19038.073,5.1,1297.719
19040.0,-5.3,1297.964
19040.0,-3.6,1297.947
19040.0,0.0,1297.875
19040.0,3.6,1297.802
19040.0,5.1,1297.772
19041.4,-5.3,1298.002
19041.4,-3.6,1297.985
19041.4,0.0,1297.913
19041.4,3.6,1297.841
19041.4,5.1,1297.811
19044.636,-5.3,1298.092
19044.636,-3.6,1298.075
19044.636,0.0,1298.003
19044.636,3.6,1297.931
19044.636,5.1,1297.901
19060.0,-5.3,1298.526
19060.0,-3.6,1298.509
19060.0,0.0,1298.437
19060.0,3.6,1298.365
19060.0,5.1,1298.335
19080.0,-5.3,1299.109
19080.0,-3.6,1299.092
19080.0,0.0,1299.02
19080.0,3.6,1298.948
19080.0,5.1,1298.918
19100.0,-5.3,1299.712
19100.0,-3.6,1299.695
19100.0,0.0,1299.623
19100.0,3.6,1299.551
19100.0,5.1,1299.521
19120.0,-5.3,1300.334
19120.0,-3.6,1300.317
19120.0,0.0,1300.245
19120.0,3.6,1300.173
19120.0,5.1,1300.143
19140.0,-5.3,1300.976
19140.0,-3.6,1300.959
19140.0,0.0,1300.887
19140.0,3.6,1300.815
19140.0,5.1,1300.785
19160.0,-5.3,1301.639
19160.0,-3.6,1301.622
19160.0,0.0,1301.55
19160.0,3.6,1301.478
19160.0,5.1,1301.448
19180.0,-5.3,1302.321
19180.0,-3.6,1302.304
19180.0,0.0,1302.232
19180.0,3.6,1302.16
19180.0,5.1,1302.13
19200.0,-5.3,1303.022
19200.0,-3.6,1303.005
19200.0,0.0,1302.933
19200.0,3.6,1302.861
19200.0,5.1,1302.831
19220.0,-5.3,1303.744
19220.0,-3.6,1303.727
19220.0,0.0,1303.655
19220.0,3.6,1303.583
19220.0,5.1,1303.553
19240.0,-5.3,1304.485
19240.0,-3.6,1304.469
19240.0,0.0,1304.396
19240.0,3.6,1304.324
19240.0,5.1,1304.294
19260.0,-5.3,1305.238
19260.0,-3.6,1305.221
19260.0,0.0,1305.149
19260.0,3.6,1305.077
19260.0,5.1,1305.047
19280.0,-5.3,1305.99
19280.0,-3.6,1305.973
19280.0,0.0,1305.901
19280.0,3.6,1305.829
19280.0,5.1,1305.799
19281.652,-5.3,1306.052
19281.652,-3.6,1306.035
19281.652,0.0,1305.963
19281.652,3.6,1305.891
19281.652,5.1,1305.861
19283.934,-5.3,1306.138
19283.934,-3.6,1306.121
19283.934,0.0,1306.049
19283.934,3.6,1305.977
19283.934,5.1,1305.947
19286.944,-5.3,1306.251
19286.944,-3.6,1306.234
19286.944,0.0,1306.162
19286.944,3.6,1306.09
19286.944,5.1,1306.06
19289.558,-5.3,1306.35
19289.558,-3.6,1306.333
19289.558,0.0,1306.261
19289.558,3.6,1306.189
19289.558,5.1,1306.159
19292.184,-5.3,1306.449
19292.184,-3.6,1306.432
19292.184,0.0,1306.36
19292.184,3.6,1306.288
19292.184,5.1,1306.258
19295.183,-5.3,1306.562
19295.183,-3.6,1306.545
19295.183,0.0,1306.473
19295.183,3.6,1306.401
19295.183,5.1,1306.371
19300.0,-5.3,1306.744
19300.0,-3.6,1306.727
19300.0,0.0,1306.655
19300.0,3.6,1306.583
19300.0,5.1,1306.553
19320.0,-5.3,1307.503
19320.0,-3.6,1307.486
19320.0,0.0,1307.414
19320.0,3.6,1307.342
19320.0,5.1,1307.312
19340.0,-5.3,1308.265
19340.0,-3.6,1308.248
19340.0,0.0,1308.176
19340.0,3.6,1308.104
19340.0,5.1,1308.074
19360.0,-5.3,1309.03
19360.0,-3.6,1309.013
19360.0,0.0,1308.941
19360.0,3.6,1308.869
19360.0,5.1,1308.839
19380.0,-5.3,1309.796
19380.0,-3.6,1309.779
19380.0,0.0,1309.707
19380.0,3.6,1309.635
19380.0,5.1,1309.605
19384.03,-5.3,1309.95
19384.03,-3.6,1309.933
19384.03,0.0,1309.861
19384.03,3.6,1309.789
19384.03,5.1,1309.759
19386.821,-5.3,1310.057
19386.821,-3.6,1310.04
19386.821,0.0,1309.968
19386.821,3.6,1309.896
19386.821,5.1,1309.866
19389.451,-5.3,1310.158
19389.451,-3.6,1310.141
19389.451,0.0,1310.069
19389.451,3.6,1309.997
19389.451,5.1,1309.967
19392.135,-5.3,1310.26
19392.135,-3.6,1310.243
19392.135,0.0,1310.171
19392.135,3.6,1310.099
19392.135,5.1,1310.069
19394.739,-5.3,1310.36
19394.739,-3.6,1310.343
19394.739,0.0,1310.271
19394.739,3.6,1310.199
19394.739,5.1,1310.169
19397.448,-5.3,1310.464
19397.448,-3.6,1310.447
19397.448,0.0,1310.375
19397.448,3.6,1310.303
19397.448,5.1,1310.273
19400.0,-5.3,1310.562
19400.0,-3.6,1310.545
19400.0,0.0,1310.473
19400.0,3.6,1310.401
19400.0,5.1,1310.37
19420.0,-5.3,1311.327
19420.0,-3.6,1311.31
19420.0,0.0,1311.238
19420.0,3.6,1311.166
19420.0,5.1,1311.136
19440.0,-5.3,1312.093
19440.0,-3.6,1312.076
19440.0,0.0,1312.004
19440.0,3.6,1311.932
19440.0,5.1,1311.902
19460.0,-5.3,1312.858
19460.0,-3.6,1312.841
19460.0,0.0,1312.769
19460.0,3.6,1312.697
19460.0,5.1,1312.667
19480.0,-5.3,1313.62
19480.0,-3.6,1313.603
19480.0,0.0,1313.531
19480.0,3.6,1313.459
19480.0,5.1,1313.429
19500.0,-5.3,1314.38
19500.0,-3.6,1314.363
19500.0,0.0,1314.291
19500.0,3.6,1314.219
19500.0,5.1,1314.188
19520.0,-5.3,1315.136
19520.0,-3.6,1315.119
19520.0,0.0,1315.047
19520.0,3.6,1314.975
19520.0,5.1,1314.945
19540.0,-5.3,1315.89
19540.0,-3.6,1315.873
19540.0,0.0,1315.801
19540.0,3.6,1315.729
19540.0,5.1,1315.699
19560.0,-5.3,1316.642
19560.0,-3.6,1316.625
19560.0,0.0,1316.553
19560.0,3.6,1316.481
19560.0,5.1,1316.451
19580.0,-5.3,1317.395
19580.0,-3.6,1317.378
19580.0,0.0,1317.306
19580.0,3.6,1317.234
19580.0,5.1,1317.204
19590.895,-5.3,1317.805
19590.895,-3.6,1317.788
19590.895,0.0,1317.716
19590.895,3.6,1317.644
19590.895,5.1,1317.614
19593.452,-5.3,1317.901
19593.452,-3.6,1317.884
19593.452,0.0,1317.812
19593.452,3.6,1317.74
19593.452,5.1,1317.71
19596.0,-5.3,1317.997
19596.0,-3.6,1317.98
19596.0,0.0,1317.908
19596.0,3.6,1317.836
19596.0,5.1,1317.806
19597.688,-5.3,1318.06
19597.688,-3.6,1318.043
19597.688,0.0,1317.971
19597.688,3.6,1317.899
19597.688,5.1,1317.869
19600.0,-5.3,1318.147
19600.0,-3.6,1318.13
19600.0,0.0,1318.058
19600.0,3.6,1317.986
19600.0,5.1,1317.956
19601.105,-5.3,1318.189
19601.105,-3.6,1318.172
19601.105,0.0,1318.1
19601.105,3.6,1318.028
19601.105,5.1,1317.998
19620.0,-5.3,1318.902
19620.0,-3.6,1318.885
19620.0,0.0,1318.813
19620.0,3.6,1318.741
19620.0,5.1,1318.711
19640.0,-5.3,1319.665
19640.0,-3.6,1319.648
19640.0,0.0,1319.576
19640.0,3.6,1319.504
19640.0,5.1,1319.474
19660.0,-5.3,1320.441
19660.0,-3.6,1320.424
19660.0,0.0,1320.352
19660.0,3.6,1320.28
19660.0,5.1,1320.25
19680.0,-5.3,1321.234
19680.0,-3.6,1321.217
19680.0,0.0,1321.145
19680.0,3.6,1321.073
19680.0,5.1,1321.043
19700.0,-5.3,1321.995
19700.0,-3.6,1321.978
19700.0,0.0,1321.906
19700.0,3.6,1321.834
19700.0,5.1,1321.804
19720.0,-5.3,1322.723
19720.0,-3.6,1322.706
19720.0,0.0,1322.634
19720.0,3.6,1322.562
19720.0,5.1,1322.532
19731.84,-5.3,1323.146
19731.84,-3.6,1323.129
19731.84,0.0,1323.057
19731.84,3.6,1322.985
19731.84,5.1,1322.955
19734.258,-5.3,1323.231
19734.258,-3.6,1323.214
19734.258,0.0,1323.142
19734.258,3.6,1323.07
19734.258,5.1,1323.04
19736.605,-5.3,1323.314
19736.605,-3.6,1323.297
19736.605,0.0,1323.225
19736.605,3.6,1323.153
19736.605,5.1,1323.123
19740.0,-5.3,1323.433
19740.0,-3.6,1323.416
19740.0,0.0,1323.344
19740.0,3.6,1323.272
19740.0,5.1,1323.242
19741.371,-5.3,1323.481
19741.371,-3.6,1323.464
19741.371,0.0,1323.392
19741.371,3.6,1323.32
19741.371,5.1,1323.29
19760.0,-5.3,1324.143
19760.0,-3.6,1324.126
19760.0,0.0,1324.054
19760.0,3.6,1323.982
19760.0,5.1,1323.952
19780.0,-5.3,1324.873
19780.0,-3.6,1324.856
19780.0,0.0,1324.784
19780.0,3.6,1324.712
19780.0,5.1,1324.682
19800.0,-5.3,1325.623
19800.0,-3.6,1325.606
19800.0,0.0,1325.534
19800.0,3.6,1325.462
19800.0,5.1,1325.432
19820.0,-5.3,1326.394
19820.0,-3.6,1326.377
19820.0,0.0,1326.305
19820.0,3.6,1326.233
19820.0,5.1,1326.203
19840.0,-5.3,1327.186
19840.0,-3.6,1327.169
19840.0,0.0,1327.097
19840.0,3.6,1327.025
19840.0,5.1,1326.995
19860.0,-5.3,1327.999
19860.0,-3.6,1327.982
19860.0,0.0,1327.91
19860.0,3.6,1327.838
19860.0,5.1,1327.807
19871.547,-5.3,1328.477
19871.547,-3.6,1328.46
19871.547,0.0,1328.388
19871.547,3.6,1328.316
19871.547,5.1,1328.286
19873.673,-5.3,1328.566
19873.673,-3.6,1328.549
19873.673,0.0,1328.477
19873.673,3.6,1328.405
19873.673,5.1,1328.375
19875.346,-5.3,1328.636
19875.346,-3.6,1328.619
19875.346,0.0,1328.547
19875.346,3.6,1328.475
19875.346,5.1,1328.445
19877.119,-5.3,1328.71
19877.119,-3.6,1328.693
19877.119,0.0,1328.621
19877.119,3.6,1328.549
19877.119,5.1,1328.519
19879.123,-5.3,1328.795
19879.123,-3.6,1328.778
19879.123,0.0,1328.706
19879.123,3.6,1328.634
19879.123,5.1,1328.604
19880.0,-5.3,1328.832
19880.0,-3.6,1328.815
19880.0,0.0,1328.743
19880.0,3.6,1328.671
19880.0,5.1,1328.641
19882.767,-5.3,1328.948
19882.767,-3.6,1328.931
19882.767,0.0,1328.859
19882.767,3.6,1328.787
19882.767,5.1,1328.757
19886.699,-5.3,1329.115
19886.699,-3.6,1329.098
19886.699,0.0,1329.026
19886.699,3.6,1328.954
19886.699,5.1,1328.924
19900.0,-5.3,1329.685
19900.0,-3.6,1329.668
19900.0,0.0,1329.596
19900.0,3.6,1329.524
19900.0,5.1,1329.494
19920.0,-5.3,1330.559
19920.0,-3.6,1330.542
19920.0,0.0,1330.47
19920.0,3.6,1330.398
19920.0,5.1,1330.368
19940.0,-5.3,1331.432
19940.0,-3.6,1331.415
19940.0,0.0,1331.365
19940.0,3.6,1331.315
19940.0,5.1,1331.285
19960.0,-5.3,1332.256
19960.0,-3.6,1332.261
19960.0,0.0,1332.272
19960.0,3.6,1332.282
19960.0,5.1,1332.252
19980.0,-5.3,1333.078
19980.0,-3.6,1333.11
19980.0,0.0,1333.178
19980.0,3.6,1333.247
19980.0,5.1,1333.217
19988.562,-5.3,1333.424
19988.562,-3.6,1333.469
19988.562,0.0,1333.567
19988.562,3.6,1333.664
19988.562,5.1,1333.634
19991.247,-5.3,1333.535
19991.247,-3.6,1333.584
19991.247,0.0,1333.688
19991.247,3.6,1333.793
19991.247,5.1,1333.763
19993.791,-5.3,1333.639
19993.791,-3.6,1333.692
19993.791,0.0,1333.804
19993.791,3.6,1333.915
19993.791,5.1,1333.885
19997.726,-5.3,1333.802
19997.726,-3.6,1333.86
19997.726,0.0,1333.982
19997.726,3.6,1334.104
19997.726,5.1,1334.074
19999.024,-5.3,1333.855
19999.024,-3.6,1333.915
19999.024,0.0,1334.041
19999.024,3.6,1334.167
19999.024,5.1,1334.137
20000.0,-5.3,1333.9
20000.0,-3.6,1333.959
20000.0,0.0,1334.085
20000.0,3.6,1334.211
20000.0,5.1,1334.181
20010.0,-5.3,1334.349
20010.0,-3.6,1334.409
20010.0,0.0,1334.535
20010.0,3.6,1334.661
20010.0,5.1,1334.63
20020.0,-5.3,1334.792
20020.0,-3.6,1334.852
20020.0,0.0,1334.978
20020.0,3.6,1335.104
20020.0,5.1,1335.073
20030.0,-5.3,1335.229
20030.0,-3.6,1335.288
20030.0,0.0,1335.414
20030.0,3.6,1335.54
20030.0,5.1,1335.51
20040.0,-5.3,1335.66
20040.0,-3.6,1335.719
20040.0,0.0,1335.845
20040.0,3.6,1335.971
20040.0,5.1,1335.941
20046.047,-5.3,1335.917
20046.047,-3.6,1335.976
20046.047,0.0,1336.102
20046.047,3.6,1336.228
20046.047,5.1,1336.198
20050.0,-5.3,1336.084
20050.0,-3.6,1336.143
20050.0,0.0,1336.269
20050.0,3.6,1336.395
20050.0,5.1,1336.365
20060.0,-5.3,1336.505
20060.0,-3.6,1336.564
20060.0,0.0,1336.69
20060.0,3.6,1336.816
20060.0,5.1,1336.786
20070.0,-5.3,1336.924
20070.0,-3.6,1336.984
20070.0,0.0,1337.11
20070.0,3.6,1337.236
20070.0,5.1,1337.206
20080.0,-5.3,1337.342
20080.0,-3.6,1337.402
20080.0,0.0,1337.528
20080.0,3.6,1337.654
20080.0,5.1,1337.624
20090.0,-5.3,1337.758
20090.0,-3.6,1337.818
20090.0,0.0,1337.944
20090.0,3.6,1338.07
20090.0,5.1,1338.04
20094.368,-5.3,1337.94
20094.368,-3.6,1337.999
20094.368,0.0,1338.125
20094.368,3.6,1338.251
20094.368,5.1,1338.221
20100.0,-5.3,1338.173
20100.0,-3.6,1338.233
20100.0,0.0,1338.359
20100.0,3.6,1338.484
20100.0,5.1,1338.454
20110.0,-5.3,1338.586
20110.0,-3.6,1338.646
20110.0,0.0,1338.772
20110.0,3.6,1338.898
20110.0,5.1,1338.868
20120.0,-5.3,1338.998
20120.0,-3.6,1339.057
20120.0,0.0,1339.183
20120.0,3.6,1339.309
20120.0,5.1,1339.279
20130.0,-5.3,1339.408
20130.0,-3.6,1339.467
20130.0,0.0,1339.593
20130.0,3.6,1339.719
20130.0,5.1,1339.689
20140.0,-5.3,1339.816
20140.0,-3.6,1339.876
20140.0,0.0,1340.002
20140.0,3.6,1340.128
20140.0,5.1,1340.098
20150.0,-5.3,1340.223
20150.0,-3.6,1340.283
20150.0,0.0,1340.409
20150.0,3.6,1340.535
20150.0,5.1,1340.505
20160.0,-5.3,1340.63
20160.0,-3.6,1340.689
20160.0,0.0,1340.815
20160.0,3.6,1340.941
20160.0,5.1,1340.911
20170.0,-5.3,1341.036
20170.0,-3.6,1341.095
20170.0,0.0,1341.221
20170.0,3.6,1341.347
20170.0,5.1,1341.317
20180.0,-5.3,1341.443
20180.0,-3.6,1341.503
20180.0,0.0,1341.629
20180.0,3.6,1341.755
20180.0,5.1,1341.725
20190.0,-5.3,1341.855
20190.0,-3.6,1341.914
20190.0,0.0,1342.04
20190.0,3.6,1342.166
20190.0,5.1,1342.136
20200.0,-5.3,1342.271
20200.0,-3.6,1342.33
20200.0,0.0,1342.456
20200.0,3.6,1342.582
20200.0,5.1,1342.552
20210.0,-5.3,1342.691
20210.0,-3.6,1342.751
20210.0,0.0,1342.877
20210.0,3.6,1343.003
20210.0,5.1,1342.973
20220.0,-5.3,1343.117
20220.0,-3.6,1343.176
20220.0,0.0,1343.302
20220.0,3.6,1343.428
20220.0,5.1,1343.398
20230.0,-5.3,1343.546
20230.0,-3.6,1343.606
20230.0,0.0,1343.732
20230.0,3.6,1343.858
20230.0,5.1,1343.828
20240.0,-5.3,1343.98
20240.0,-3.6,1344.04
20240.0,0.0,1344.166
20240.0,3.6,1344.292
20240.0,5.1,1344.262
20250.0,-5.3,1344.419
20250.0,-3.6,1344.479
20250.0,0.0,1344.604
20250.0,3.6,1344.73
20250.0,5.1,1344.7
20260.0,-5.3,1344.861
20260.0,-3.6,1344.921
20260.0,0.0,1345.047
20260.0,3.6,1345.173
20260.0,5.1,1345.143
20270.0,-5.3,1345.304
20270.0,-3.6,1345.363
20270.0,0.0,1345.489
20270.0,3.6,1345.615
20270.0,5.1,1345.585
20280.0,-5.3,1345.746
20280.0,-3.6,1345.806
20280.0,0.0,1345.932
20280.0,3.6,1346.058
20280.0,5.1,1346.028
20290.0,-5.3,1346.189
20290.0,-3.6,1346.248
20290.0,0.0,1346.374
20290.0,3.6,1346.5
20290.0,5.1,1346.47
20297.877,-5.3,1346.537
20297.877,-3.6,1346.597
20297.877,0.0,1346.723
20297.877,3.6,1346.849
20297.877,5.1,1346.819
20300.0,-5.3,1346.631
20300.0,-3.6,1346.691
20300.0,0.0,1346.817
20300.0,3.6,1346.943
20300.0,5.1,1346.912
20310.0,-5.3,1347.073
20310.0,-3.6,1347.132
20310.0,0.0,1347.258
20310.0,3.6,1347.384
20310.0,5.1,1347.354
20320.0,-5.3,1347.503
20320.0,-3.6,1347.563
20320.0,0.0,1347.688
20320.0,3.6,1347.814
20320.0,5.1,1347.784
20330.0,-5.3,1347.917
20330.0,-3.6,1347.976
20330.0,0.0,1348.102
20330.0,3.6,1348.228
20330.0,5.1,1348.198
20340.0,-5.3,1348.315
20340.0,-3.6,1348.374
20340.0,0.0,1348.5
20340.0,3.6,1348.626
20340.0,5.1,1348.596
20350.0,-5.3,1348.696
20350.0,-3.6,1348.755
20350.0,0.0,1348.881
20350.0,3.6,1349.007
20350.0,5.1,1348.977
20360.0,-5.3,1349.061
20360.0,-3.6,1349.121
20360.0,0.0,1349.247
20360.0,3.6,1349.373
20360.0,5.1,1349.343
20363.466,-5.3,1349.184
20363.466,-3.6,1349.244
20363.466,0.0,1349.37
20363.466,3.6,1349.495
20363.466,5.1,1349.465
20366.97,-5.3,1349.306
20366.97,-3.6,1349.366
20366.97,0.0,1349.492
20366.97,3.6,1349.618
20366.97,5.1,1349.588
20370.0,-5.3,1349.41
20370.0,-3.6,1349.47
20370.0,0.0,1349.596
20370.0,3.6,1349.722
20370.0,5.1,1349.692
20371.1,-5.3,1349.448
20371.1,-3.6,1349.507
20371.1,0.0,1349.633
20371.1,3.6,1349.759
20371.1,5.1,1349.729
20374.751,-5.3,1349.571
20374.751,-3.6,1349.63
20374.751,0.0,1349.756
20374.751,3.6,1349.882
20374.751,5.1,1349.852
20378.732,-5.3,1349.702
20378.732,-3.6,1349.761
20378.732,0.0,1349.887
20378.732,3.6,1350.013
20378.732,5.1,1349.983
20380.0,-5.3,1349.743
20380.0,-3.6,1349.803
20380.0,0.0,1349.929
20380.0,3.6,1350.055
20380.0,5.1,1350.025
20390.0,-5.3,1350.06
20390.0,-3.6,1350.119
20390.0,0.0,1350.245
20390.0,3.6,1350.371
20390.0,5.1,1350.341
20400.0,-5.3,1350.36
20400.0,-3.6,1350.42
20400.0,0.0,1350.546
20400.0,3.6,1350.672
20400.0,5.1,1350.642
20410.0,-5.3,1350.645
20410.0,-3.6,1350.704
20410.0,0.0,1350.83
20410.0,3.6,1350.956
20410.0,5.1,1350.926
20420.0,-5.3,1350.929
20420.0,-3.6,1350.989
20420.0,0.0,1351.115
20420.0,3.6,1351.241
20420.0,5.1,1351.211
20430.0,-5.3,1351.227
20430.0,-3.6,1351.286
20430.0,0.0,1351.412
20430.0,3.6,1351.538
20430.0,5.1,1351.508
20440.0,-5.3,1351.537
20440.0,-3.6,1351.597
20440.0,0.0,1351.723
20440.0,3.6,1351.849
20440.0,5.1,1351.819
20450.0,-5.3,1351.862
20450.0,-3.6,1351.921
20450.0,0.0,1352.047
20450.0,3.6,1352.173
20450.0,5.1,1352.143
20460.0,-5.3,1352.199
20460.0,-3.6,1352.259
20460.0,0.0,1352.385
20460.0,3.6,1352.511
20460.0,5.1,1352.481
20470.0,-5.3,1352.551
20470.0,-3.6,1352.61
20470.0,0.0,1352.736
20470.0,3.6,1352.862
20470.0,5.1,1352.832
20480.0,-5.3,1352.915
20480.0,-3.6,1352.974
20480.0,0.0,1353.1
20480.0,3.6,1353.226
20480.0,5.1,1353.196
20490.0,-5.3,1353.293
20490.0,-3.6,1353.353
20490.0,0.0,1353.479
20490.0,3.6,1353.604
20490.0,5.1,1353.574
20500.0,-5.3,1353.685
20500.0,-3.6,1353.744
20500.0,0.0,1353.87
20500.0,3.6,1353.996
20500.0,5.1,1353.966
20501.387,-5.3,1353.74
20501.387,-3.6,1353.799
20501.387,0.0,1353.925
20501.387,3.6,1354.051
20501.387,5.1,1354.021
20510.0,-5.3,1354.086
20510.0,-3.6,1354.145
20510.0,0.0,1354.271
20510.0,3.6,1354.397
20510.0,5.1,1354.367
20520.0,-5.3,1354.487
20520.0,-3.6,1354.546
20520.0,0.0,1354.672
20520.0,3.6,1354.798
20520.0,5.1,1354.768
20520.993,-5.3,1354.526
20520.993,-3.6,1354.586
20520.993,0.0,1354.712
20520.993,3.6,1354.838
20520.993,5.1,1354.808
20523.682,-5.3,1354.633
20523.682,-3.6,1354.693
20523.682,0.0,1354.819
20523.682,3.6,1354.945
20523.682,5.1,1354.915
20526.432,-5.3,1354.742
20526.432,-3.6,1354.802
20526.432,0.0,1354.928
20526.432,3.6,1355.054
20526.432,5.1,1355.024
20530.0,-5.3,1354.883
20530.0,-3.6,1354.943
20530.0,0.0,1355.068
20530.0,3.6,1355.194
20530.0,5.1,1355.164
20531.873,-5.3,1354.957
20531.873,-3.6,1355.016
20531.873,0.0,1355.142
20531.873,3.6,1355.268
20531.873,5.1,1355.238
20540.0,-5.3,1355.273
20540.0,-3.6,1355.332
20540.0,0.0,1355.458
20540.0,3.6,1355.584
20540.0,5.1,1355.554
20550.0,-5.3,1355.656
20550.0,-3.6,1355.715
20550.0,0.0,1355.841
20550.0,3.6,1355.967
20550.0,5.1,1355.937
20560.0,-5.3,1356.032
20560.0,-3.6,1356.091
20560.0,0.0,1356.217
20560.0,3.6,1356.343
20560.0,5.1,1356.313
20570.0,-5.3,1356.401
20570.0,-3.6,1356.46
20570.0,0.0,1356.586
20570.0,3.6,1356.712
20570.0,5.1,1356.682
20580.0,-5.3,1356.764
20580.0,-3.6,1356.823
20580.0,0.0,1356.949
20580.0,3.6,1357.075
20580.0,5.1,1357.045
20590.0,-5.3,1357.12
20590.0,-3.6,1357.179
20590.0,0.0,1357.305
20590.0,3.6,1357.431
20590.0,5.1,1357.401
20600.0,-5.3,1357.469
20600.0,-3.6,1357.528
20600.0,0.0,1357.654
20600.0,3.6,1357.78
20600.0,5.1,1357.75
20610.0,-5.3,1357.811
20610.0,-3.6,1357.87
20610.0,0.0,1357.996
20610.0,3.6,1358.122
20610.0,5.1,1358.092
20620.0,-5.3,1358.147
20620.0,-3.6,1358.206
20620.0,0.0,1358.332
20620.0,3.6,1358.458
20620.0,5.1,1358.428
20630.0,-5.3,1358.481
20630.0,-3.6,1358.54
20630.0,0.0,1358.666
20630.0,3.6,1358.792
20630.0,5.1,1358.762
20640.0,-5.3,1358.815
20640.0,-3.6,1358.874
20640.0,0.0,1359.0
20640.0,3.6,1359.126
20640.0,5.1,1359.096
20644.729,-5.3,1358.973
20644.729,-3.6,1359.032
20644.729,0.0,1359.158
20644.729,3.6,1359.284
20644.729,5.1,1359.254
20650.0,-5.3,1359.149
20650.0,-3.6,1359.208
20650.0,0.0,1359.334
20650.0,3.6,1359.46
20650.0,5.1,1359.43
20660.0,-5.3,1359.483
20660.0,-3.6,1359.542
20660.0,0.0,1359.668
20660.0,3.6,1359.794
20660.0,5.1,1359.764
20670.0,-5.3,1359.817
20670.0,-3.6,1359.876
20670.0,0.0,1360.002
20670.0,3.6,1360.128
20670.0,5.1,1360.098
20680.0,-5.3,1360.151
20680.0,-3.6,1360.21
20680.0,0.0,1360.336
20680.0,3.6,1360.462
20680.0,5.1,1360.432
20690.0,-5.3,1360.485
20690.0,-3.6,1360.544
20690.0,0.0,1360.67
20690.0,3.6,1360.796
20690.0,5.1,1360.766
20700.0,-5.3,1360.819
20700.0,-3.6,1360.878
20700.0,0.0,1361.004
20700.0,3.6,1361.13
20700.0,5.1,1361.1
20710.0,-5.3,1361.152
20710.0,-3.6,1361.212
20710.0,0.0,1361.338
20710.0,3.6,1361.464
20710.0,5.1,1361.434
20718.307,-5.3,1361.43
20718.307,-3.6,1361.489
20718.307,0.0,1361.615
20718.307,3.6,1361.741
20718.307,5.1,1361.711
20720.0,-5.3,1361.486
20720.0,-3.6,1361.546
20720.0,0.0,1361.672
20720.0,3.6,1361.798
20720.0,5.1,1361.768
20721.535,-5.3,1361.538
20721.535,-3.6,1361.597
20721.535,0.0,1361.723
20721.535,3.6,1361.849
20721.535,5.1,1361.819
20724.443,-5.3,1361.635
20724.443,-3.6,1361.694
20724.443,0.0,1361.82
20724.443,3.6,1361.946
20724.443,5.1,1361.916
20727.399,-5.3,1361.734
20727.399,-3.6,1361.793
20727.399,0.0,1361.919
20727.399,3.6,1362.045
20727.399,5.1,1362.015
20730.0,-5.3,1361.82
20730.0,-3.6,1361.88
20730.0,0.0,1362.006
20730.0,3.6,1362.132
20730.0,5.1,1362.102
20730.579,-5.3,1361.84
20730.579,-3.6,1361.899
20730.579,0.0,1362.025
20730.579,3.6,1362.151
20730.579,5.1,1362.121
20740.0,-5.3,1362.154
20740.0,-3.6,1362.214
20740.0,0.0,1362.34
20740.0,3.6,1362.466
20740.0,5.1,1362.436
20750.0,-5.3,1362.488
20750.0,-3.6,1362.548
20750.0,0.0,1362.674
20750.0,3.6,1362.8
20750.0,5.1,1362.77
20760.0,-5.3,1362.822
20760.0,-3.6,1362.882
20760.0,0.0,1363.008
20760.0,3.6,1363.134
20760.0,5.1,1363.104
20770.0,-5.3,1363.156
20770.0,-3.6,1363.216
20770.0,0.0,1363.342
20770.0,3.6,1363.468
20770.0,5.1,1363.438
20780.0,-5.3,1363.49
20780.0,-3.6,1363.55
20780.0,0.0,1363.676
20780.0,3.6,1363.802
20780.0,5.1,1363.772
20788.072,-5.3,1363.76
20788.072,-3.6,1363.819
20788.072,0.0,1363.945
20788.072,3.6,1364.071
20788.072,5.1,1364.041
20800.0,-5.3,1364.215
20800.0,-3.6,1364.256
20800.0,0.0,1364.342
20800.0,3.6,1364.429
20800.0,5.1,1364.399
20820.0,-5.3,1364.946
20820.0,-3.6,1364.958
20820.0,0.0,1364.983
20820.0,3.6,1365.008
20820.0,5.1,1364.978
20840.0,-5.3,1365.641
20840.0,-3.6,1365.624
20840.0,0.0,1365.591
20840.0,3.6,1365.559
20840.0,5.1,1365.529
20860.0,-5.3,1366.255
20860.0,-3.6,1366.238
20860.0,0.0,1366.166
20860.0,3.6,1366.094
20860.0,5.1,1366.064
20880.0,-5.3,1366.796
20880.0,-3.6,1366.779
20880.0,0.0,1366.707
20880.0,3.6,1366.635
20880.0,5.1,1366.605
20886.342,-5.3,1366.961
20886.342,-3.6,1366.944
20886.342,0.0,1366.872
20886.342,3.6,1366.8
20886.342,5.1,1366.77
20888.618,-5.3,1367.019
20888.618,-3.6,1367.002
20888.618,0.0,1366.93
20888.618,3.6,1366.858
20888.618,5.1,1366.828
20890.705,-5.3,1367.072
20890.705,-3.6,1367.055
20890.705,0.0,1366.983
20890.705,3.6,1366.911
20890.705,5.1,1366.881
20892.717,-5.3,1367.123
20892.717,-3.6,1367.106
20892.717,0.0,1367.034
20892.717,3.6,1366.962
20892.717,5.1,1366.932
20895.069,-5.3,1367.182
20895.069,-3.6,1367.165
20895.069,0.0,1367.093
20895.069,3.6,1367.021
20895.069,5.1,1366.991
20900.0,-5.3,1367.304
20900.0,-3.6,1367.287
20900.0,0.0,1367.215
20900.0,3.6,1367.143
20900.0,5.1,1367.113
20920.0,-5.3,1367.778
20920.0,-3.6,1367.761
20920.0,0.0,1367.689
20920.0,3.6,1367.617
20920.0,5.1,1367.587
20940.0,-5.3,1368.219
20940.0,-3.6,1368.202
20940.0,0.0,1368.13
20940.0,3.6,1368.058
20940.0,5.1,1368.028
20960.0,-5.3,1368.619
20960.0,-3.6,1368.602
20960.0,0.0,1368.53
20960.0,3.6,1368.458
20960.0,5.1,1368.428
20980.0,-5.3,1368.969
20980.0,-3.6,1368.952
20980.0,0.0,1368.88
20980.0,3.6,1368.808
20980.0,5.1,1368.778
21000.0,-5.3,1369.271
21000.0,-3.6,1369.254
21000.0,0.0,1369.182
21000.0,3.6,1369.11
21000.0,5.1,1369.08
21020.0,-5.3,1369.525
21020.0,-3.6,1369.508
21020.0,0.0,1369.436
21020.0,3.6,1369.364
21020.0,5.1,1369.333
21040.0,-5.3,1369.729
21040.0,-3.6,1369.712
21040.0,0.0,1369.64
21040.0,3.6,1369.568
21040.0,5.1,1369.538
21045.842,-5.3,1369.78
21045.842,-3.6,1369.763
21045.842,0.0,1369.691
21045.842,3.6,1369.619
21045.842,5.1,1369.589
21049.324,-5.3,1369.808
21049.324,-3.6,1369.791
21049.324,0.0,1369.719
21049.324,3.6,1369.647
21049.324,5.1,1369.617
21052.814,-5.3,1369.835
21052.814,-3.6,1369.818
21052.814,0.0,1369.746
21052.814,3.6,1369.674
21052.814,5.1,1369.644
21060.0,-5.3,1369.885
21060.0,-3.6,1369.868
21060.0,0.0,1369.796
21060.0,3.6,1369.724
21060.0,5.1,1369.694
21080.0,-5.3,1370.018
21080.0,-3.6,1370.001
21080.0,0.0,1369.929
21080.0,3.6,1369.857
21080.0,5.1,1369.827
21100.0,-5.3,1370.141
21100.0,-3.6,1370.124
21100.0,0.0,1370.052
21100.0,3.6,1369.98
21100.0,5.1,1369.95
21120.0,-5.3,1370.249
21120.0,-3.6,1370.232
21120.0,0.0,1370.16
21120.0,3.6,1370.088
21120.0,5.1,1370.058
21140.0,-5.3,1370.343
21140.0,-3.6,1370.326
21140.0,0.0,1370.254
21140.0,3.6,1370.182
21140.0,5.1,1370.152
21160.0,-5.3,1370.423
21160.0,-3.6,1370.406
21160.0,0.0,1370.334
21160.0,3.6,1370.262
21160.0,5.1,1370.232
21180.0,-5.3,1370.49
21180.0,-3.6,1370.473
21180.0,0.0,1370.401
21180.0,3.6,1370.329
21180.0,5.1,1370.299
21188.855,-5.3,1370.519
21188.855,-3.6,1370.502
21188.855,0.0,1370.43
21188.855,3.6,1370.358
21188.855,5.1,1370.328
21192.195,-5.3,1370.53
21192.195,-3.6,1370.513
21192.195,0.0,1370.441
21192.195,3.6,1370.369
21192.195,5.1,1370.339
21195.358,-5.3,1370.541
21195.358,-3.6,1370.524
21195.358,0.0,1370.452
21195.358,3.6,1370.38
21195.358,5.1,1370.35
21200.0,-5.3,1370.557
21200.0,-3.6,1370.54
21200.0,0.0,1370.468
21200.0,3.6,1370.396
21200.0,5.1,1370.366
21201.86,-5.3,1370.564
21201.86,-3.6,1370.547
21201.86,0.0,1370.475
21201.86,3.6,1370.403
21201.86,5.1,1370.373
21220.0,-5.3,1370.633
21220.0,-3.6,1370.616
21220.0,0.0,1370.544
21220.0,3.6,1370.472
21220.0,5.1,1370.442
21240.0,-5.3,1370.716
21240.0,-3.6,1370.699
21240.0,0.0,1370.627
21240.0,3.6,1370.555
21240.0,5.1,1370.525
21260.0,-5.3,1370.808
21260.0,-3.6,1370.791
21260.0,0.0,1370.719
21260.0,3.6,1370.647
21260.0,5.1,1370.617
21280.0,-5.3,1370.908
21280.0,-3.6,1370.891
21280.0,0.0,1370.819
21280.0,3.6,1370.747
21280.0,5.1,1370.717
21300.0,-5.3,1371.029
21300.0,-3.6,1371.012
21300.0,0.0,1370.94
21300.0,3.6,1370.868
21300.0,5.1,1370.838
21320.0,-5.3,1371.182
21320.0,-3.6,1371.165
21320.0,0.0,1371.093
21320.0,3.6,1371.021
21320.0,5.1,1370.991
21329.824,-5.3,1371.269
21329.824,-3.6,1371.252
21329.824,0.0,1371.18
21329.824,3.6,1371.108
21329.824,5.1,1371.078
21333.298,-5.3,1371.301
21333.298,-3.6,1371.284
21333.298,0.0,1371.212
21333.298,3.6,1371.14
21333.298,5.1,1371.11
21336.749,-5.3,1371.333
21336.749,-3.6,1371.316
21336.749,0.0,1371.244
21336.749,3.6,1371.172
21336.749,5.1,1371.142
21340.0,-5.3,1371.363
21340.0,-3.6,1371.346
21340.0,0.0,1371.274
21340.0,3.6,1371.202
21340.0,5.1,1371.172
21343.673,-5.3,1371.397
21343.673,-3.6,1371.38
21343.673,0.0,1371.308
21343.673,3.6,1371.236
21343.673,5.1,1371.206
21360.0,-5.3,1371.549
21360.0,-3.6,1371.532
21360.0,0.0,1371.46
21360.0,3.6,1371.388
21360.0,5.1,1371.358
21380.0,-5.3,1371.734
21380.0,-3.6,1371.717
21380.0,0.0,1371.645
21380.0,3.6,1371.573
21380.0,5.1,1371.543
21400.0,-5.3,1371.92
21400.0,-3.6,1371.903
21400.0,0.0,1371.831
21400.0,3.6,1371.759
21400.0,5.1,1371.729
21420.0,-5.3,1372.107
21420.0,-3.6,1372.09
21420.0,0.0,1372.018
21420.0,3.6,1371.946
21420.0,5.1,1371.916
21440.0,-5.3,1372.293
21440.0,-3.6,1372.276
21440.0,0.0,1372.204
21440.0,3.6,1372.132
21440.0,5.1,1372.102
21460.0,-5.3,1372.48
21460.0,-3.6,1372.464
21460.0,0.0,1372.391
21460.0,3.6,1372.319
21460.0,5.1,1372.289
21480.0,-5.3,1372.667
21480.0,-3.6,1372.651
21480.0,0.0,1372.578
21480.0,3.6,1372.506
21480.0,5.1,1372.476
21484.658,-5.3,1372.711
21484.658,-3.6,1372.694
21484.658,0.0,1372.622
21484.658,3.6,1372.55
21484.658,5.1,1372.52
21487.901,-5.3,1372.741
21487.901,-3.6,1372.724
21487.901,0.0,1372.652
21487.901,3.6,1372.58
21487.901,5.1,1372.55
21491.037,-5.3,1372.771
21491.037,-3.6,1372.754
21491.037,0.0,1372.682
21491.037,3.6,1372.61
21491.037,5.1,1372.58
21494.182,-5.3,1372.8
21494.182,-3.6,1372.783
21494.182,0.0,1372.711
21494.182,3.6,1372.639
21494.182,5.1,1372.609
21497.415,-5.3,1372.83
21497.415,-3.6,1372.813
21497.415,0.0,1372.741
21497.415,3.6,1372.669
21497.415,5.1,1372.639
21500.0,-5.3,1372.854
21500.0,-3.6,1372.837
21500.0,0.0,1372.765
21500.0,3.6,1372.693
21500.0,5.1,1372.663
21520.0,-5.3,1373.029
21520.0,-3.6,1373.012
21520.0,0.0,1372.94
21520.0,3.6,1372.868
21520.0,5.1,1372.838
21540.0,-5.3,1373.189
21540.0,-3.6,1373.172
21540.0,0.0,1373.1
21540.0,3.6,1373.028
21540.0,5.1,1372.998
21542.961,-5.3,1373.212
21542.961,-3.6,1373.195
21542.961,0.0,1373.123
21542.961,3.6,1373.051
21542.961,5.1,1373.021
21546.186,-5.3,1373.236
21546.186,-3.6,1373.219
21546.186,0.0,1373.147
21546.186,3.6,1373.075
21546.186,5.1,1373.045
21549.295,-5.3,1373.259
21549.295,-3.6,1373.242
21549.295,0.0,1373.17
21549.295,3.6,1373.098
21549.295,5.1,1373.068
21552.363,-5.3,1373.282
21552.363,-3.6,1373.265
21552.363,0.0,1373.193
21552.363,3.6,1373.121
21552.363,5.1,1373.091
21555.629,-5.3,1373.305
21555.629,-3.6,1373.288
21555.629,0.0,1373.216
21555.629,3.6,1373.144
21555.629,5.1,1373.114
21560.0,-5.3,1373.336
21560.0,-3.6,1373.319
21560.0,0.0,1373.247
21560.0,3.6,1373.175
21560.0,5.1,1373.145
21580.0,-5.3,1373.469
21580.0,-3.6,1373.452
21580.0,0.0,1373.38
21580.0,3.6,1373.308
21580.0,5.1,1373.278
21600.0,-5.3,1373.587
21600.0,-3.6,1373.57
21600.0,0.0,1373.498
21600.0,3.6,1373.426
21600.0,5.1,1373.396
21620.0,-5.3,1373.687
21620.0,-3.6,1373.67
21620.0,0.0,1373.598
21620.0,3.6,1373.526
21620.0,5.1,1373.496
21640.0,-5.3,1373.751
21640.0,-3.6,1373.734
21640.0,0.0,1373.662
21640.0,3.6,1373.59
21640.0,5.1,1373.56
21660.0,-5.3,1373.777
21660.0,-3.6,1373.76
21660.0,0.0,1373.688
21660.0,3.6,1373.616
21660.0,5.1,1373.586
21680.0,-5.3,1373.765
21680.0,-3.6,1373.748
21680.0,0.0,1373.676
21680.0,3.6,1373.604
21680.0,5.1,1373.574
21700.0,-5.3,1373.738
21700.0,-3.6,1373.721
21700.0,0.0,1373.649
21700.0,3.6,1373.577
21700.0,5.1,1373.547
21720.0,-5.3,1373.711
21720.0,-3.6,1373.694
21720.0,0.0,1373.622
21720.0,3.6,1373.55
21720.0,5.1,1373.52
21740.0,-5.3,1373.684
21740.0,-3.6,1373.667
21740.0,0.0,1373.595
21740.0,3.6,1373.523
21740.0,5.1,1373.493
21760.0,-5.3,1373.635
21760.0,-3.6,1373.618
21760.0,0.0,1373.546
21760.0,3.6,1373.474
21760.0,5.1,1373.444
21780.0,-5.3,1373.548
21780.0,-3.6,1373.531
21780.0,0.0,1373.459
21780.0,3.6,1373.387
21780.0,5.1,1373.357
21800.0,-5.3,1373.423
21800.0,-3.6,1373.406
21800.0,0.0,1373.334
21800.0,3.6,1373.262
21800.0,5.1,1373.232
21820.0,-5.3,1373.261
21820.0,-3.6,1373.244
21820.0,0.0,1373.172
21820.0,3.6,1373.1
21820.0,5.1,1373.07
21840.0,-5.3,1373.07
21840.0,-3.6,1373.053
21840.0,0.0,1372.981
21840.0,3.6,1372.909
21840.0,5.1,1372.879
21860.0,-5.3,1372.865
21860.0,-3.6,1372.849
21860.0,0.0,1372.776
21860.0,3.6,1372.704
21860.0,5.1,1372.674
21880.0,-5.3,1372.647
21880.0,-3.6,1372.63
21880.0,0.0,1372.558
21880.0,3.6,1372.486
21880.0,5.1,1372.456
21890.877,-5.3,1372.522
21890.877,-3.6,1372.505
21890.877,0.0,1372.433
21890.877,3.6,1372.361
21890.877,5.1,1372.331
21893.619,-5.3,1372.49
21893.619,-3.6,1372.473
21893.619,0.0,1372.401
21893.619,3.6,1372.329
21893.619,5.1,1372.299
21896.169,-5.3,1372.46
21896.169,-3.6,1372.443
21896.169,0.0,1372.371
21896.169,3.6,1372.299
21896.169,5.1,1372.269
21898.801,-5.3,1372.428
21898.801,-3.6,1372.411
21898.801,0.0,1372.339
21898.801,3.6,1372.267
21898.801,5.1,1372.237
21900.0,-5.3,1372.414
21900.0,-3.6,1372.397
21900.0,0.0,1372.325
21900.0,3.6,1372.253
21900.0,5.1,1372.223
21901.461,-5.3,1372.396
21901.461,-3.6,1372.38
21901.461,0.0,1372.307
21901.461,3.6,1372.235
21901.461,5.1,1372.205
21920.0,-5.3,1372.168
21920.0,-3.6,1372.151
21920.0,0.0,1372.079
21920.0,3.6,1372.007
21920.0,5.1,1371.977
21940.0,-5.3,1371.907
21940.0,-3.6,1371.89
21940.0,0.0,1371.818
21940.0,3.6,1371.746
21940.0,5.1,1371.716
21960.0,-5.3,1371.633
21960.0,-3.6,1371.616
21960.0,0.0,1371.544
21960.0,3.6,1371.472
21960.0,5.1,1371.442
21980.0,-5.3,1371.35
21980.0,-3.6,1371.333
21980.0,0.0,1371.261
21980.0,3.6,1371.189
21980.0,5.1,1371.159
21983.289,-5.3,1371.304
21983.289,-3.6,1371.287
21983.289,0.0,1371.215
21983.289,3.6,1371.143
21983.289,5.1,1371.113
21987.323,-5.3,1371.247
21987.323,-3.6,1371.23
21987.323,0.0,1371.158
21987.323,3.6,1371.086
21987.323,5.1,1371.056
21991.097,-5.3,1371.193
21991.097,-3.6,1371.176
21991.097,0.0,1371.104
21991.097,3.6,1371.032
21991.097,5.1,1371.002
21994.869,-5.3,1371.139
21994.869,-3.6,1371.122
21994.869,0.0,1371.05
21994.869,3.6,1370.978
21994.869,5.1,1370.948
21998.904,-5.3,1371.082
21998.904,-3.6,1371.065
21998.904,0.0,1370.993
21998.904,3.6,1370.921
21998.904,5.1,1370.891
22000.0,-5.3,1371.066
22000.0,-3.6,1371.049
22000.0,0.0,1370.977
22000.0,3.6,1370.905
22000.0,5.1,1370.875
22020.0,-5.3,1370.773
22020.0,-3.6,1370.756
22020.0,0.0,1370.684
22020.0,3.6,1370.612
22020.0,5.1,1370.582
22040.0,-5.3,1370.473
22040.0,-3.6,1370.456
22040.0,0.0,1370.384
22040.0,3.6,1370.312
22040.0,5.1,1370.282
22060.0,-5.3,1370.164
22060.0,-3.6,1370.147
22060.0,0.0,1370.075
22060.0,3.6,1370.003
22060.0,5.1,1369.973
22080.0,-5.3,1369.846
22080.0,-3.6,1369.829
22080.0,0.0,1369.757
22080.0,3.6,1369.685
22080.0,5.1,1369.655
22100.0,-5.3,1369.52
22100.0,-3.6,1369.503
22100.0,0.0,1369.431
22100.0,3.6,1369.359
22100.0,5.1,1369.329
22120.0,-5.3,1369.186
22120.0,-3.6,1369.169
22120.0,0.0,1369.097
22120.0,3.6,1369.025
22120.0,5.1,1368.995
22140.0,-5.3,1368.843
22140.0,-3.6,1368.826
22140.0,0.0,1368.754
22140.0,3.6,1368.682
22140.0,5.1,1368.652
22160.0,-5.3,1368.492
22160.0,-3.6,1368.475
22160.0,0.0,1368.403
22160.0,3.6,1368.331
22160.0,5.1,1368.301
22180.0,-5.3,1368.132
22180.0,-3.6,1368.115
22180.0,0.0,1368.043
22180.0,3.6,1367.971
22180.0,5.1,1367.941
22200.0,-5.3,1367.765
22200.0,-3.6,1367.748
22200.0,0.0,1367.676
22200.0,3.6,1367.604
22200.0,5.1,1367.573
22220.0,-5.3,1367.388
22220.0,-3.6,1367.371
22220.0,0.0,1367.299
22220.0,3.6,1367.227
22220.0,5.1,1367.197
22240.0,-5.3,1367.003
22240.0,-3.6,1366.986
22240.0,0.0,1366.914
22240.0,3.6,1366.842
22240.0,5.1,1366.812
22260.0,-5.3,1366.61
22260.0,-3.6,1366.593
22260.0,0.0,1366.521
22260.0,3.6,1366.449
22260.0,5.1,1366.419
22280.0,-5.3,1366.209
22280.0,-3.6,1366.192
22280.0,0.0,1366.12
22280.0,3.6,1366.048
22280.0,5.1,1366.018
22300.0,-5.3,1365.8
22300.0,-3.6,1365.783
22300.0,0.0,1365.711
22300.0,3.6,1365.639
22300.0,5.1,1365.609
22320.0,-5.3,1365.391
22320.0,-3.6,1365.374
22320.0,0.0,1365.302
22320.0,3.6,1365.23
22320.0,5.1,1365.2
22340.0,-5.3,1364.982
22340.0,-3.6,1364.965
22340.0,0.0,1364.893
22340.0,3.6,1364.821
22340.0,5.1,1364.791
22351.306,-5.3,1364.751
22351.306,-3.6,1364.734
22351.306,0.0,1364.662
22351.306,3.6,1364.59
22351.306,5.1,1364.56
22355.676,-5.3,1364.661
22355.676,-3.6,1364.644
22355.676,0.0,1364.572
22355.676,3.6,1364.5
22355.676,5.1,1364.47
22359.863,-5.3,1364.576
22359.863,-3.6,1364.559
22359.863,0.0,1364.487
22359.863,3.6,1364.415
22359.863,5.1,1364.385
22360.0,-5.3,1364.573
22360.0,-3.6,1364.556
22360.0,0.0,1364.484
22360.0,3.6,1364.412
22360.0,5.1,1364.382
22364.09,-5.3,1364.489
22364.09,-3.6,1364.472
22364.09,0.0,1364.4
22364.09,3.6,1364.328
22364.09,5.1,1364.298
22368.42,-5.3,1364.401
22368.42,-3.6,1364.384
22368.42,0.0,1364.312
22368.42,3.6,1364.24
22368.42,5.1,1364.21
22380.0,-5.3,1364.168
22380.0,-3.6,1364.151
22380.0,0.0,1364.079
22380.0,3.6,1364.007
22380.0,5.1,1363.977
22400.0,-5.3,1363.776
22400.0,-3.6,1363.759
22400.0,0.0,1363.687
22400.0,3.6,1363.615
22400.0,5.1,1363.585
22420.0,-5.3,1363.397
22420.0,-3.6,1363.38
22420.0,0.0,1363.308
22420.0,3.6,1363.236
22420.0,5.1,1363.206
22440.0,-5.3,1363.03
22440.0,-3.6,1363.013
22440.0,0.0,1362.941
22440.0,3.6,1362.869
22440.0,5.1,1362.839
22448.024,-5.3,1362.886
22448.024,-3.6,1362.87
22448.024,0.0,1362.797
22448.024,3.6,1362.725
22448.024,5.1,1362.695
22451.457,-5.3,1362.825
22451.457,-3.6,1362.808
22451.457,0.0,1362.736
22451.457,3.6,1362.664
22451.457,5.1,1362.634
22454.487,-5.3,1362.771
22454.487,-3.6,1362.754
22454.487,0.0,1362.682
22454.487,3.6,1362.61
22454.487,5.1,1362.58
22457.547,-5.3,1362.716
22457.547,-3.6,1362.699
22457.547,0.0,1362.627
22457.547,3.6,1362.555
22457.547,5.1,1362.525
22460.0,-5.3,1362.672
22460.0,-3.6,1362.655
22460.0,0.0,1362.583
22460.0,3.6,1362.511
22460.0,5.1,1362.481
22460.951,-5.3,1362.655
22460.951,-3.6,1362.638
22460.951,0.0,1362.566
22460.951,3.6,1362.494
22460.951,5.1,1362.464
22480.0,-5.3,1362.314
22480.0,-3.6,1362.297
22480.0,0.0,1362.225
22480.0,3.6,1362.153
22480.0,5.1,1362.123
22500.0,-5.3,1361.945
22500.0,-3.6,1361.928
22500.0,0.0,1361.856
22500.0,3.6,1361.784
22500.0,5.1,1361.754
22520.0,-5.3,1361.552
22520.0,-3.6,1361.536
22520.0,0.0,1361.464
22520.0,3.6,1361.391
22520.0,5.1,1361.361
22540.0,-5.3,1361.138
22540.0,-3.6,1361.121
22540.0,0.0,1361.049
22540.0,3.6,1360.977
22540.0,5.1,1360.947
22560.0,-5.3,1360.701
22560.0,-3.6,1360.684
22560.0,0.0,1360.612
22560.0,3.6,1360.54
22560.0,5.1,1360.51
22580.0,-5.3,1360.253
22580.0,-3.6,1360.236
22580.0,0.0,1360.164
22580.0,3.6,1360.092
22580.0,5.1,1360.062
22585.839,-5.3,1360.123
22585.839,-3.6,1360.106
22585.839,0.0,1360.034
22585.839,3.6,1359.962
22585.839,5.1,1359.932
22590.158,-5.3,1360.028
22590.158,-3.6,1360.011
22590.158,0.0,1359.939
22590.158,3.6,1359.867
22590.158,5.1,1359.837
22594.476,-5.3,1359.934
22594.476,-3.6,1359.917
22594.476,0.0,1359.845
22594.476,3.6,1359.773
22594.476,5.1,1359.743
22600.0,-5.3,1359.816
22600.0,-3.6,1359.799
22600.0,0.0,1359.727
22600.0,3.6,1359.655
22600.0,5.1,1359.625
22620.0,-5.3,1359.397
22620.0,-3.6,1359.38
22620.0,0.0,1359.308
22620.0,3.6,1359.236
22620.0,5.1,1359.206
22640.0,-5.3,1358.997
22640.0,-3.6,1358.98
22640.0,0.0,1358.908
22640.0,3.6,1358.836
22640.0,5.1,1358.806
22660.0,-5.3,1358.615
22660.0,-3.6,1358.598
22660.0,0.0,1358.526
22660.0,3.6,1358.454
22660.0,5.1,1358.424
22680.0,-5.3,1358.252
22680.0,-3.6,1358.235
22680.0,0.0,1358.163
22680.0,3.6,1358.091
22680.0,5.1,1358.061
22686.167,-5.3,1358.144
22686.167,-3.6,1358.127
22686.167,0.0,1358.055
22686.167,3.6,1357.983
22686.167,5.1,1357.953
22689.429,-5.3,1358.088
22689.429,-3.6,1358.071
22689.429,0.0,1357.999
22689.429,3.6,1357.927
22689.429,5.1,1357.896
22692.69,-5.3,1358.031
22692.69,-3.6,1358.015
22692.69,0.0,1357.943
22692.69,3.6,1357.87
22692.69,5.1,1357.84
22700.0,-5.3,1357.908
22700.0,-3.6,1357.891
22700.0,0.0,1357.819
22700.0,3.6,1357.747
22700.0,5.1,1357.717
22720.0,-5.3,1357.582
22720.0,-3.6,1357.565
22720.0,0.0,1357.493
22720.0,3.6,1357.421
22720.0,5.1,1357.391
22740.0,-5.3,1357.274
22740.0,-3.6,1357.257
22740.0,0.0,1357.185
22740.0,3.6,1357.113
22740.0,5.1,1357.083
22760.0,-5.3,1356.96
22760.0,-3.6,1356.943
22760.0,0.0,1356.896
22760.0,3.6,1356.85
22760.0,5.1,1356.82
22780.0,-5.3,1356.604
22780.0,-3.6,1356.611
22780.0,0.0,1356.626
22780.0,3.6,1356.64
22780.0,5.1,1356.61
22794.961,-5.3,1356.34
22794.961,-3.6,1356.369
22794.961,0.0,1356.429
22794.961,3.6,1356.489
22794.961,5.1,1356.459
22800.0,-5.3,1356.252
22800.0,-3.6,1356.287
22800.0,0.0,1356.363
22800.0,3.6,1356.438
22800.0,5.1,1356.408
22810.0,-5.3,1356.075
22810.0,-3.6,1356.125
22810.0,0.0,1356.231
22810.0,3.6,1356.337
22810.0,5.1,1356.307
22816.03,-5.3,1355.969
22816.03,-3.6,1356.027
22816.03,0.0,1356.152
22816.03,3.6,1356.276
22816.03,3.6,1356.276
22820.0,-5.3,1355.914
22820.0,-3.6,1355.973
22820.0,0.0,1356.099
22820.0,3.6,1356.225
22820.0,3.6,1356.225
22830.0,-5.3,1355.782
22830.0,-3.6,1355.842
22830.0,0.0,1355.968
22830.0,3.6,1356.094
22830.0,3.6,1356.094
22840.0,-5.3,1355.651
22840.0,-3.6,1355.71
22840.0,0.0,1355.836
22840.0,3.6,1355.962
22840.0,3.6,1355.962
22850.0,-5.3,1355.519
22850.0,-3.6,1355.579
22850.0,0.0,1355.705
22850.0,3.6,1355.831
22850.0,3.6,1355.831
22860.0,-5.3,1355.388
22860.0,-3.6,1355.447
22860.0,0.0,1355.573
22860.0,3.6,1355.699
22860.0,3.6,1355.699
22870.0,-5.3,1355.256
22870.0,-3.6,1355.316
22870.0,0.0,1355.442
22870.0,3.6,1355.568
22870.0,3.6,1355.568
22880.0,-5.3,1355.125
22880.0,-3.6,1355.184
22880.0,0.0,1355.31
22880.0,3.6,1355.436
22880.0,3.6,1355.436
22890.0,-5.3,1354.992
22890.0,-3.6,1355.051
22890.0,0.0,1355.177
22890.0,3.6,1355.303
22890.0,3.6,1355.303
22900.0,-5.3,1354.856
22900.0,-3.6,1354.916
22900.0,0.0,1355.042
22900.0,3.6,1355.167
22900.0,3.6,1355.167
22910.0,-5.3,1354.718
22910.0,-3.6,1354.777
22910.0,0.0,1354.903
22910.0,3.6,1355.029
22910.0,3.6,1355.029
22911.723,-5.3,1354.693
22911.723,-3.6,1354.753
22911.723,0.0,1354.879
22911.723,3.6,1355.005
22911.723,3.6,1355.005
22915.551,-5.3,1354.64
22915.551,-3.6,1354.699
22915.551,0.0,1354.825
22915.551,3.6,1354.951
22915.551,3.6,1354.951
22917.902,-5.3,1354.606
22917.902,-3.6,1354.666
22917.902,0.0,1354.792
22917.902,3.6,1354.918
22917.902,3.6,1354.918
22920.0,-5.3,1354.576
22920.0,-3.6,1354.636
22920.0,0.0,1354.762
22920.0,3.6,1354.888
22920.0,3.6,1354.888
22924.025,-5.3,1354.519
22924.025,-3.6,1354.578
22924.025,0.0,1354.704
22924.025,3.6,1354.83
22924.025,3.6,1354.83
22930.0,-5.3,1354.433
22930.0,-3.6,1354.492
22930.0,0.0,1354.618
22930.0,3.6,1354.744
22930.0,3.6,1354.744
22938.854,-5.3,1354.303
22938.854,-3.6,1354.362
22938.854,0.0,1354.488
22938.854,3.6,1354.614
22938.854,3.6,1354.614
22940.0,-5.3,1354.286
22940.0,-3.6,1354.345
22940.0,0.0,1354.471
22940.0,3.6,1354.597
22940.0,3.6,1354.597
22950.0,-5.3,1354.136
22950.0,-3.6,1354.196
22950.0,0.0,1354.322
22950.0,3.6,1354.448
22950.0,3.6,1354.448
22960.0,-5.3,1353.984
22960.0,-3.6,1354.044
22960.0,0.0,1354.17
22960.0,3.6,1354.296
22960.0,3.6,1354.296
22970.0,-5.3,1353.829
22970.0,-3.6,1353.889
22970.0,0.0,1354.015
22970.0,3.6,1354.141
22970.0,3.6,1354.141
22980.0,-5.3,1353.672
22980.0,-3.6,1353.731
22980.0,0.0,1353.857
22980.0,3.6,1353.983
22980.0,3.6,1353.983
22990.0,-5.3,1353.509
22990.0,-3.6,1353.568
22990.0,0.0,1353.694
22990.0,3.6,1353.82
22990.0,3.6,1353.82
23000.0,-5.3,1353.338
23000.0,-3.6,1353.398
23000.0,0.0,1353.524
23000.0,3.6,1353.65
23000.0,3.6,1353.65
23010.0,-5.3,1353.16
23010.0,-3.6,1353.219
23010.0,0.0,1353.345
23010.0,3.6,1353.471
23010.0,3.6,1353.471
23020.0,-5.3,1352.974
23020.0,-3.6,1353.034
23020.0,0.0,1353.16
23020.0,3.6,1353.286
23020.0,3.6,1353.286
23030.0,-5.3,1352.781
23030.0,-3.6,1352.84
23030.0,0.0,1352.966
23030.0,3.6,1353.092
23030.0,3.6,1353.092
23040.0,-5.3,1352.58
23040.0,-3.6,1352.639
23040.0,0.0,1352.765
23040.0,3.6,1352.891
23040.0,3.6,1352.891
23050.0,-5.3,1352.375
23050.0,-3.6,1352.434
23050.0,0.0,1352.56
23050.0,3.6,1352.686
23050.0,3.6,1352.686
23060.0,-5.3,1352.172
23060.0,-3.6,1352.231
23060.0,0.0,1352.357
23060.0,3.6,1352.483
23060.0,3.6,1352.483
23070.0,-5.3,1352.012
23070.0,-3.6,1352.059
23070.0,0.0,1352.157
23070.0,3.6,1352.256
23070.0,3.6,1352.256
23080.0,-5.3,1351.854
23080.0,-3.6,1351.889
23080.0,0.0,1351.961
23080.0,3.6,1352.029
23080.0,3.6,1352.029
23082.746,-5.3,1351.801
23082.746,-3.6,1351.835
23082.746,0.0,1351.907
23082.746,3.6,1351.967
23082.746,3.6,1351.967
23100.0,-5.3,1351.469
23100.0,-3.6,1351.503
23100.0,0.0,1351.575
23100.0,3.6,1351.583
23100.0,3.6,1351.583
23120.0,-0.0,1351.201
23120.0,-0.0,1351.201
23120.0,0.0,1351.201
23120.0,0.0,1351.201
23120.0,0.0,1351.201
23126.864,-0.0,1351.076
23126.864,-0.0,1351.076
23126.864,0.0,1351.076
23126.864,0.0,1351.076
23126.864,0.0,1351.076
23129.915,-0.0,1351.02
23129.915,-0.0,1351.02
23129.915,0.0,1351.02
23129.915,0.0,1351.02
23129.915,0.0,1351.02
23133.37,-0.0,1350.958
23133.37,-0.0,1350.958
23133.37,0.0,1350.958
23133.37,0.0,1350.958
23133.37,0.0,1350.958
23137.383,-0.0,1350.885
23137.383,-0.0,1350.885
23137.383,0.0,1350.885
23137.383,0.0,1350.885
23137.383,0.0,1350.885
23140.0,-0.0,1350.838
23140.0,-0.0,1350.838
23140.0,0.0,1350.838
23140.0,0.0,1350.838
23140.0,0.0,1350.838
23141.519,-0.0,1350.811
23141.519,-0.0,1350.811
23141.519,0.0,1350.811
23141.519,0.0,1350.811
23141.519,0.0,1350.811
23160.0,-0.0,1350.483
23160.0,-0.0,1350.483
23160.0,0.0,1350.483
23160.0,0.0,1350.483
23160.0,0.0,1350.483
23180.0,-0.0,1350.134
23180.0,-0.0,1350.134
23180.0,0.0,1350.134
23180.0,0.0,1350.134
23180.0,0.0,1350.134
23200.0,-0.0,1349.793
23200.0,-0.0,1349.793
23200.0,0.0,1349.793
23200.0,0.0,1349.793
23200.0,0.0,1349.793
23215.37,-0.0,1349.536
23215.37,-0.0,1349.536
23215.37,0.0,1349.536
23215.37,0.0,1349.536
23215.37,0.0,1349.536
23220.0,-4.8,1349.37
23220.0,-3.65,1349.393
23220.0,0.0,1349.46
23220.0,3.65,1349.387
23220.0,4.8,1349.364
23233.758,-4.8,1349.236
23233.758,-3.65,1349.259
23233.758,0.0,1349.234
23233.758,3.65,1349.161
23233.758,4.8,1349.138
23240.0,-4.8,1349.175
23240.0,-3.65,1349.198
23240.0,0.0,1349.132
23240.0,3.65,1349.059
23240.0,4.8,1349.036
23250.0,-4.8,1349.019
23250.0,-3.65,1349.042
23250.0,0.0,1348.969
23250.0,3.65,1348.896
23250.0,4.8,1348.873
23260.0,-4.8,1348.866
23260.0,-3.65,1348.889
23260.0,0.0,1348.816
23260.0,3.65,1348.743
23260.0,4.8,1348.72
23260.47,-4.8,1348.862
23260.47,-3.65,1348.885
23260.47,0.0,1348.812
23260.47,3.65,1348.739
23260.47,4.8,1348.716
23267.13,-4.8,1348.879
23267.13,-3.65,1348.902
23267.13,0.0,1348.829
23267.13,3.65,1348.756
23267.13,4.8,1348.733
23272.13,-0.0,1348.924
23272.13,-0.0,1348.924
23272.13,0.0,1348.924
23272.13,3.65,1348.851
23272.13,4.8,1348.828
23287.182,-0.0,1349.5
23287.182,-0.0,1349.5
23287.182,0.0,1349.5
23287.182,0.0,1349.5
23287.182,0.0,1349.5
