Note,Latitude,Longitude,Ell.Height (m)
2,31.85708773,54.60438719,1391.076
3,31.85700497,54.60428233,1390.726
4,31.85688086,54.60412775,1390.204
5,31.85675818,54.60397448,1389.961
6,31.85663469,54.60382163,1389.805
7,31.85658336,54.60376962,1389.694
8,31.85643038,54.60365498,1389.434
9,31.85628109,54.60354618,1389.279
10,31.8561265,54.60343296,1389.008
11,31.85597759,54.60332296,1388.626
12,31.85582482,54.60321055,1388.388
13,31.85567086,54.60309823,1387.975
14,31.85553351,54.60300865,1387.927
15,31.85566421,54.60317727,1387.966
16,31.85578619,54.60333097,1388.017
17,31.85591069,54.60348702,1388.484
18,31.85603051,54.6036377,1388.893
19,31.85615361,54.60379218,1389.184
20,31.85627634,54.60394592,1389.683
21,31.85639873,54.60409852,1389.913
22,31.8565213,54.60425229,1390.321
23,31.85664414,54.60440623,1390.791
24,31.85676707,54.60456062,1391.206
25,31.8568881,54.60471416,1391.73
26,31.85692851,54.60481253,1392.071
27,31.85682911,54.6049937,1391.527
28,31.85674132,54.60508917,1391.682
29,31.85660467,54.60493721,1391.194
30,31.85647829,54.60477996,1390.653
31,31.85635829,54.60462872,1390.328
32,31.85623659,54.60447566,1389.976
33,31.85611198,54.60431923,1389.572
34,31.85599145,54.60416797,1389.243
35,31.85586923,54.60401536,1388.943
36,31.85574579,54.60386172,1388.733
37,31.85562371,54.60370838,1388.646
38,31.85550143,54.60355442,1388.349
39,31.8553794,54.60340096,1387.988
40,31.85525712,54.60324639,1387.54
41,31.85513526,54.60309293,1387.116
42,31.85501305,54.60293932,1386.788
43,31.85488936,54.60278551,1386.62
44,31.85476852,54.60265051,1386.261
45,31.85474512,54.60265331,1386.107
46,31.85462652,54.60281474,1385.682
47,31.85457109,54.60294426,1386.05
48,31.85469201,54.60311147,1386.153
49,31.85481448,54.60326884,1386.109
50,31.85493647,54.60342374,1386.647
51,31.85505748,54.60357545,1387.384
52,31.85517969,54.60372814,1387.939
53,31.85530283,54.6038807,1388.45
54,31.85542608,54.60403466,1388.682
55,31.85554811,54.60418926,1389.057
56,31.85566959,54.60434268,1389.458
57,31.85579149,54.60449589,1389.67
58,31.85591493,54.60465015,1389.966
59,31.85603497,54.60480126,1390.291
60,31.85615778,54.60495592,1390.539
61,31.8562802,54.60511019,1390.933
62,31.8564023,54.60526449,1391.204
63,31.85651538,54.60541934,1391.794
64,31.85652148,54.60546322,1391.952
65,31.85642307,54.60564328,1391.592
66,31.85633501,54.60573935,1391.619
67,31.85619799,54.60558571,1391.268
68,31.85607256,54.6054305,1391.119
69,31.85595021,54.60527768,1391.111
70,31.85582871,54.60512455,1390.896
71,31.85570754,54.60497087,1390.317
72,31.85558408,54.60481704,1389.803
73,31.85546199,54.60466409,1389.458
74,31.85534001,54.60450994,1389.167
75,31.85521835,54.60435722,1388.902
76,31.85509584,54.60420278,1388.538
77,31.85497242,54.60404853,1388.231
78,31.85485053,54.60389509,1387.893
79,31.85472843,54.60374193,1387.452
80,31.85460597,54.60358911,1387.076
81,31.85448356,54.60343545,1386.76
82,31.85436273,54.60329206,1386.593
83,31.8543335,54.60328831,1386.424
84,31.8542094,54.60345371,1385.702
85,31.85415636,54.60358203,1385.926
86,31.85427773,54.60375036,1386.002
87,31.85439934,54.60390695,1386.034
88,31.85452061,54.60405991,1386.434
89,31.85464297,54.60421266,1386.914
90,31.85476532,54.6043662,1387.575
91,31.85488697,54.60451996,1388.285
92,31.85500853,54.60467457,1388.741
93,31.85512955,54.60482711,1389.022
94,31.85525341,54.60498384,1389.516
95,31.85537377,54.60513489,1389.907
96,31.85549871,54.60529145,1390.45
97,31.85561914,54.60544111,1390.636
98,31.85574193,54.60559443,1390.776
99,31.85586231,54.6057463,1391.17
100,31.8559865,54.60590262,1391.563
101,31.85610119,54.60605434,1391.764
102,31.85611311,54.6061135,1391.938
103,31.85601403,54.60629285,1391.796
104,31.85592585,54.60638827,1391.949
105,31.85578775,54.60623465,1391.488
106,31.85566536,54.6060817,1391.196
107,31.85554351,54.60592872,1391.074
108,31.85542137,54.60577505,1390.798
109,31.85529907,54.60562145,1390.518
110,31.85517706,54.60546825,1389.988
111,31.85505373,54.60531385,1389.502
112,31.85493234,54.60516196,1389.074
113,31.85480944,54.60500758,1388.943
114,31.85468681,54.60485402,1388.83
115,31.85456401,54.60469997,1388.704
116,31.85444167,54.60454651,1388.398
117,31.85431938,54.60439228,1388.07
118,31.85419776,54.6042393,1387.58
119,31.85407293,54.60408259,1387.295
120,31.85395568,54.60393812,1387.101
121,31.85391487,54.60392581,1386.95
122,31.85379089,54.60409054,1386.372
123,31.8537366,54.60421829,1386.619
124,31.85385538,54.60438451,1386.664
125,31.85398055,54.60454589,1386.884
126,31.85410252,54.60469953,1387.492
127,31.85422421,54.60485111,1387.892
128,31.85434723,54.60500494,1388.326
129,31.85447044,54.6051591,1388.753
130,31.85459163,54.60531019,1389.164
131,31.85471653,54.60546746,1389.604
132,31.85483958,54.60562229,1389.974
133,31.85496034,54.60577388,1390.301
134,31.8550824,54.60592757,1390.52
135,31.85520543,54.6060819,1390.806
136,31.85532852,54.60623556,1390.932
137,31.8554491,54.60638687,1391.172
138,31.85557287,54.60654396,1391.627
139,31.85568866,54.60669304,1392.074
140,31.85570942,54.60676245,1392.208
141,31.85561079,54.60694239,1391.772
142,31.85552176,54.60703903,1392.032
143,31.8553839,54.60688706,1391.661
144,31.85525998,54.60673312,1391.307
145,31.85513554,54.60657788,1391.385
146,31.85501352,54.60642419,1391.574
147,31.85489171,54.60627071,1391.578
148,31.85477033,54.60611925,1391.374
149,31.85464827,54.60596614,1390.969
150,31.85452578,54.60581231,1390.437
151,31.85440231,54.6056575,1390.178
152,31.85427961,54.60550313,1389.934
153,31.85415808,54.60535002,1389.798
154,31.85403792,54.60519757,1389.587
155,31.85391562,54.60504398,1389.343
156,31.85379233,54.60488992,1389.116
157,31.85366995,54.60473618,1388.857
158,31.8535516,54.60458758,1388.687
159,31.85350143,54.60456471,1388.478
160,31.85337545,54.60473184,1387.473
161,31.85332202,54.60485945,1387.463
162,31.85344348,54.60502698,1387.541
163,31.85356386,54.60518229,1387.572
164,31.85368736,54.60533845,1388.237
165,31.85380746,54.60548882,1388.559
166,31.85393172,54.60564506,1388.869
167,31.85405227,54.60579569,1389.18
168,31.85417488,54.60595016,1389.581
169,31.85429758,54.60610387,1390.003
170,31.85441972,54.60625703,1390.349
171,31.85454227,54.60641047,1390.565
172,31.85466441,54.60656482,1390.81
173,31.85478718,54.60671869,1391.176
174,31.85490952,54.60687149,1391.76
175,31.85503148,54.6070244,1392.178
176,31.85515563,54.60718081,1392.439
177,31.8552752,54.60733417,1392.782
178,31.85530334,54.60741397,1392.921
179,31.85520325,54.60759615,1392.138
180,31.85511511,54.60769124,1392.109
181,31.85497938,54.60754064,1391.903
182,31.85485274,54.60738297,1391.422
183,31.85473256,54.60723269,1391.219
184,31.85460991,54.60707843,1391.008
185,31.8544874,54.60692418,1390.862
186,31.85436486,54.60677073,1390.663
187,31.85424231,54.60661709,1390.46
188,31.8541197,54.6064632,1390.212
189,31.85399696,54.6063092,1390.018
190,31.85387482,54.60615532,1389.703
191,31.85375212,54.60600101,1389.4
192,31.85362888,54.60584672,1389.218
193,31.85350895,54.60569567,1389.033
194,31.85338452,54.60553911,1388.876
195,31.85326405,54.60538824,1388.677
196,31.85314421,54.60523737,1388.45
197,31.85308343,54.60520339,1388.25
198,31.8529591,54.60536921,1386.836
199,31.85290598,54.60549707,1386.521
200,31.853027,54.60566449,1386.325
201,31.85314822,54.60581997,1386.344
202,31.85327227,54.60597753,1386.938
203,31.85339295,54.60612807,1387.515
204,31.8535177,54.60628418,1388.075
205,31.85363817,54.60643559,1388.493
206,31.85376039,54.60658983,1388.852
207,31.85388352,54.60674455,1389.474
208,31.85400624,54.60689725,1389.814
209,31.85412895,54.60705176,1390.132
210,31.85425103,54.60720507,1390.276
211,31.85437597,54.6073599,1390.333
212,31.85449624,54.60751138,1390.597
213,31.85462023,54.60766813,1390.948
214,31.85474091,54.60781986,1391.197
215,31.85486193,54.60797441,1391.613
216,31.8548985,54.6080658,1391.865
217,31.85479875,54.60824743,1391.365
218,31.85471203,54.60834285,1391.501
219,31.85457444,54.60819078,1391.219
220,31.85444897,54.60803577,1390.991
221,31.85432688,54.60788311,1390.848
222,31.85420452,54.60772934,1390.696
223,31.85408268,54.60757618,1390.509
224,31.85396097,54.60742284,1390.144
225,31.85383939,54.60726957,1389.75
226,31.85371666,54.60711595,1389.364
227,31.85359409,54.60696292,1389.185
228,31.85347177,54.60680965,1388.89
229,31.85334755,54.60665395,1388.644
230,31.85322411,54.60649925,1388.68
231,31.85310367,54.60634774,1388.687
232,31.85297955,54.6061912,1388.407
233,31.85285996,54.60604026,1388.021
234,31.8527394,54.60588869,1387.473
235,31.85267195,54.60584476,1387.312
236,31.85254822,54.60600897,1387.31
237,31.85249371,54.60613659,1387.9
238,31.85261272,54.6063043,1387.971
239,31.85273707,54.60646428,1387.877
240,31.85285843,54.60661585,1388.186
241,31.85298058,54.60676894,1388.491
242,31.85310281,54.60692142,1388.843
243,31.85322484,54.60707414,1389.074
244,31.85334714,54.60722812,1389.408
245,31.85346966,54.60738155,1389.87
246,31.85359257,54.60753527,1390.347
247,31.85371538,54.60768936,1390.536
248,31.85383508,54.60784143,1390.715
249,31.85395882,54.60799771,1390.939
250,31.85408251,54.60815251,1391.197
251,31.85420446,54.60830754,1391.614
252,31.85432721,54.60846231,1392.109
253,31.85444706,54.60861364,1392.412
254,31.85449235,54.60871552,1392.381
255,31.85439313,54.60889826,1391.669
256,31.85430521,54.60899256,1391.477
257,31.85416752,54.60884143,1391.207
258,31.854043,54.60868703,1390.851
259,31.85392043,54.60853367,1390.944
260,31.85379836,54.60837916,1390.98
261,31.85367648,54.60822564,1390.626
262,31.85355663,54.60807311,1390.144
263,31.85343233,54.60791743,1389.664
264,31.8533116,54.60776642,1389.275
265,31.85318823,54.6076122,1389.07
266,31.8530654,54.6074579,1389.012
267,31.85294265,54.60730401,1388.881
268,31.85281916,54.60714925,1388.731
269,31.85269636,54.60699493,1388.531
270,31.852574,54.60684083,1388.202
271,31.85245175,54.60668679,1387.882
272,31.8523312,54.60653556,1387.711
273,31.85225482,54.60648181,1387.666
274,31.85212968,54.60664976,1387.019
275,31.85207695,54.60677714,1387.464
276,31.85219793,54.606943,1387.346
277,31.85231902,54.60709913,1387.213
278,31.85244319,54.60725667,1387.675
279,31.8525631,54.6074065,1387.983
280,31.85268675,54.60756116,1388.205
281,31.85280864,54.60771447,1388.653
282,31.85293099,54.60786768,1389.01
283,31.8530533,54.60802211,1389.247
284,31.85317612,54.60817549,1389.568
285,31.85329888,54.60832958,1389.892
286,31.85342075,54.60848316,1390.178
287,31.85354274,54.60863677,1390.437
288,31.85366497,54.60879043,1390.717
289,31.85378796,54.60894439,1391.159
290,31.85391061,54.60909964,1391.639
291,31.85403038,54.60924979,1391.951
292,31.85408677,54.60936691,1391.957
293,31.85398678,54.60954986,1391.574
294,31.8538987,54.60964486,1391.839
295,31.85375969,54.60949018,1391.322
296,31.85363768,54.60933909,1390.901
297,31.8535131,54.6091832,1390.733
298,31.85339281,54.60903181,1390.442
299,31.85326947,54.60887652,1390.395
300,31.85314645,54.60872246,1390.325
301,31.85302326,54.60856753,1390.178
302,31.85290394,54.6084171,1389.799
303,31.85277967,54.60826257,1389.45
304,31.8526577,54.60810921,1388.908
305,31.85253588,54.60795522,1388.401
306,31.85241379,54.60780186,1388.124
307,31.85229219,54.60764883,1387.766
308,31.85216793,54.60749264,1387.333
309,31.85204705,54.60734099,1386.881
310,31.85192615,54.60718838,1386.6
311,31.85184044,54.60712221,1386.504
312,31.85171547,54.60728769,1386.686
313,31.85166086,54.60741428,1387.269
314,31.85178413,54.6075833,1387.089
315,31.85190485,54.6077382,1386.912
316,31.85202867,54.60789573,1387.551
317,31.85214896,54.60804662,1388.125
318,31.85227201,54.60820175,1388.617
319,31.8523936,54.60835532,1389.014
320,31.85251714,54.6085097,1389.2
321,31.85263863,54.6086615,1389.562
322,31.85276157,54.6088148,1389.874
323,31.852884,54.60896785,1390.173
324,31.85300605,54.6091211,1390.295
325,31.85312814,54.60927459,1390.376
326,31.85325064,54.60942944,1390.667
327,31.85337326,54.60958359,1390.958
328,31.85349627,54.60973793,1391.232
329,31.85361762,54.60989107,1391.584
330,31.85368065,54.61001948,1392.12
331,31.85358033,54.61020229,1391.964
332,31.85349293,54.61029563,1392.096
333,31.85335473,54.61014212,1391.573
334,31.85323059,54.60998808,1391.171
335,31.85311002,54.60983616,1390.809
336,31.85298868,54.60968271,1390.397
337,31.8528654,54.60952788,1390.124
338,31.85274331,54.60937443,1389.979
339,31.85262092,54.60922042,1389.63
340,31.85249813,54.60906636,1389.157
341,31.85237684,54.60891617,1388.961
342,31.85225347,54.60876162,1388.753
343,31.85213057,54.60860768,1388.468
344,31.85200659,54.60845164,1388.28
345,31.85188443,54.60829812,1388.015
346,31.85176191,54.60814437,1387.774
347,31.85164049,54.60799188,1387.548
348,31.85151924,54.60783771,1387.21
349,31.85142522,54.60776049,1386.912
350,31.85130042,54.60792734,1386.411
351,31.8512463,54.60805426,1386.919
352,31.85136597,54.60821888,1386.949
353,31.85149098,54.60837986,1386.892
354,31.85161365,54.60853575,1387.424
355,31.8517343,54.60868629,1387.977
356,31.85185894,54.60884198,1388.368
357,31.85197963,54.60899131,1388.566
358,31.85210413,54.60914769,1388.699
359,31.85222663,54.60930219,1388.865
360,31.85234679,54.60945527,1389.382
361,31.85246911,54.60960894,1389.951
362,31.85259193,54.60976274,1390.346
363,31.85271476,54.60991799,1390.695
364,31.8528371,54.61007105,1391.041
365,31.85296025,54.61022569,1391.285
366,31.85308085,54.61037617,1391.554
367,31.85320471,54.61053148,1391.555
368,31.85327582,54.61066803,1391.96
369,31.85317673,54.61085107,1391.926
370,31.85308986,54.61094685,1392.258
371,31.85295249,54.61079529,1391.725
372,31.85282762,54.6106412,1391.513
373,31.85270536,54.61048781,1391.489
374,31.85258118,54.61033141,1391.279
375,31.85246071,54.61018051,1390.906
376,31.85233627,54.61002394,1390.519
377,31.85221546,54.60987303,1390.21
378,31.85209255,54.60971887,1390.075
379,31.85196885,54.60956373,1389.798
380,31.85184593,54.6094096,1389.442
381,31.85172289,54.60925608,1389.173
382,31.8516007,54.6091023,1388.95
383,31.85148052,54.60895085,1388.606
384,31.85135629,54.60879437,1388.301
385,31.85123535,54.60864326,1387.839
386,31.85111376,54.60849037,1387.477
387,31.85101022,54.60840029,1387.344
388,31.85088497,54.60856513,1386.633
389,31.85083042,54.60869301,1387.053
390,31.85095318,54.60886128,1387.061
391,31.85107545,54.60901958,1387.074
392,31.85119598,54.60917244,1387.725
393,31.8513206,54.60932858,1388.224
394,31.85144119,54.60947955,1388.72
395,31.85156646,54.6096362,1389.277
396,31.85168726,54.60978607,1389.475
397,31.85181011,54.60993734,1389.463
398,31.85193318,54.61009074,1389.568
399,31.85205527,54.61024555,1389.979
400,31.85217709,54.6103996,1390.368
401,31.85229865,54.61055372,1390.718
402,31.85242083,54.61070784,1391.026
403,31.85254303,54.61086163,1391.374
404,31.8526661,54.61101633,1391.869
405,31.85278837,54.61117076,1392.373
406,31.85286306,54.61131178,1392.823
407,31.85275762,54.61148913,1391.917
408,31.85266755,54.61157755,1391.656
409,31.85253022,54.61142502,1391.318
410,31.85240554,54.61127108,1391.076
411,31.85228315,54.61111703,1390.87
412,31.85216352,54.61096587,1390.614
413,31.8520413,54.61081206,1390.365
414,31.85191875,54.61065815,1390.276
415,31.85179613,54.61050362,1389.926
416,31.85167388,54.61035,1389.608
417,31.85155217,54.61019619,1389.292
418,31.85143043,54.61004316,1389.065
419,31.85130825,54.60989039,1388.795
420,31.85118535,54.60973601,1388.56
421,31.85106236,54.60958197,1388.153
422,31.85094017,54.60942827,1387.962
423,31.85081773,54.60927364,1387.954
424,31.85069702,54.60912148,1387.806
425,31.85059887,54.6090388,1387.483
426,31.8504747,54.60920337,1386.507
427,31.85042041,54.60933118,1387.055
428,31.85054067,54.60949841,1388.675
429,31.85066188,54.60965409,1390.069
430,31.85078218,54.60980589,1391.8
431,31.85090452,54.60995781,1393.578
432,31.85096298,54.61003057,1394.091
433,31.85108439,54.61018426,1394.158
434,31.8512066,54.61033958,1394.266
435,31.85132931,54.61049262,1394.18
436,31.85145098,54.61064673,1393.85
437,31.85157339,54.61079984,1393.7
438,31.8516966,54.61095348,1393.434
439,31.85182003,54.6111078,1393.129
440,31.85194063,54.61125863,1392.816
441,31.85206206,54.61141242,1392.573
442,31.85218416,54.61156649,1392.463
443,31.85230819,54.61172332,1392.133
444,31.85242503,54.61187486,1392.088
445,31.85244345,54.6119414,1392.179
446,31.85234142,54.61211627,1391.37
447,31.85224937,54.61220737,1391.445
448,31.85211212,54.61205613,1391.435
449,31.85198832,54.61190331,1391.775
450,31.8518657,54.6117488,1392.311
451,31.85174402,54.61159504,1392.879
452,31.85162179,54.61144134,1393.229
453,31.8514994,54.61128835,1393.604
454,31.85137606,54.61113284,1394.197
455,31.85125565,54.6109814,1394.783
456,31.85113153,54.61082541,1395.116
457,31.85101182,54.61067442,1395.407
458,31.85088847,54.61051942,1395.735
459,31.85076624,54.61036572,1396.057
460,31.85064335,54.61021273,1396.402
461,31.85058465,54.6101392,1396.06
462,31.85046549,54.60998786,1393.468
463,31.85034676,54.60983779,1390.459
464,31.85022931,54.60969343,1387.536
465,31.85018414,54.60967856,1386.787
466,31.85006023,54.60984536,1386.55
467,31.85000774,54.60997223,1387.625
468,31.85012825,54.61013957,1390.737
469,31.85024494,54.6102897,1393.698
470,31.8503652,54.6104397,1396.552
471,31.85049098,54.61059642,1395.729
472,31.85060953,54.6107467,1394.84
473,31.85073262,54.61090256,1393.406
474,31.85085282,54.61105402,1391.686
475,31.85097698,54.61121033,1389.714
476,31.85109554,54.61135909,1387.874
477,31.85122324,54.611518,1387.539
478,31.85134769,54.61167326,1387.742
479,31.85146882,54.61182523,1388.353
480,31.85159144,54.6119796,1389.063
481,31.8517138,54.61213315,1389.713
482,31.85183578,54.61228674,1390.218
483,31.85195822,54.61244107,1390.658
484,31.85202321,54.61257351,1391.272
485,31.85191892,54.61274952,1391.226
486,31.85182878,54.6128393,1391.633
487,31.851692,54.61268687,1390.661
488,31.85156734,54.61253344,1389.986
489,31.8514446,54.6123789,1389.816
490,31.85132254,54.61222571,1389.467
491,31.851201,54.61207278,1389.023
492,31.85107913,54.61191984,1388.488
493,31.85095764,54.61176695,1387.884
494,31.85083556,54.61161357,1387.209
495,31.85071845,54.61146777,1387.247
496,31.85059637,54.61131487,1389.099
497,31.85047443,54.61116101,1391.072
498,31.85035311,54.61100721,1393.062
499,31.85023171,54.61085481,1394.925
500,31.85016668,54.61077322,1395.309
501,31.85004341,54.61061866,1393.628
502,31.84992173,54.61046603,1391.619
503,31.84980379,54.61032357,1389.445
504,31.84976983,54.61031803,1388.842
505,31.84964538,54.61048332,1387.654
506,31.84959192,54.61061046,1387.817
507,31.84971208,54.61077639,1387.726
508,31.8498344,54.61093384,1387.617
509,31.84995575,54.61108746,1388.181
510,31.85007821,54.61124061,1388.634
511,31.85020055,54.61139406,1389.147
512,31.85032226,54.61154734,1389.451
513,31.8504447,54.61170207,1389.631
514,31.85056695,54.61185745,1390.131
515,31.8506894,54.61201093,1390.632
516,31.85081221,54.61216348,1390.577
517,31.85093499,54.61231875,1390.697
518,31.85105674,54.61247193,1391.057
519,31.85117969,54.61262468,1391.075
520,31.85130241,54.61277848,1391.368
521,31.85142331,54.61293217,1391.672
522,31.85154494,54.61308668,1391.995
2,31.85157203,54.61327725,1393.195
3,31.85150187,54.61338082,1392.987
4,31.8514011,54.61348186,1393.162
5,31.85126666,54.61332784,1392.602
6,31.85114223,54.61317281,1392.098
7,31.85101929,54.61301854,1391.874
8,31.85089644,54.61286478,1391.757
9,31.85077328,54.61271087,1391.533
10,31.85065106,54.61255757,1391.211
11,31.85053045,54.6124061,1390.773
12,31.85040544,54.61224944,1390.334
13,31.85028465,54.61209855,1390.055
14,31.8501618,54.61194484,1389.802
15,31.85003736,54.61178828,1389.509
16,31.84991619,54.6116359,1389.102
17,31.84979375,54.61148214,1388.695
18,31.84967153,54.61132859,1388.311
19,31.84954883,54.61117366,1387.997
20,31.84942705,54.61102141,1387.789
21,31.8493487,54.61096508,1387.707
22,31.8492243,54.61112986,1386.977
23,31.84916966,54.61125903,1387.06
24,31.84929032,54.61142425,1387.041
25,31.84941405,54.61158235,1387.179
26,31.84953561,54.61173668,1387.72
27,31.84965841,54.61189054,1388.318
28,31.84978102,54.61204461,1388.955
29,31.8499039,54.61219905,1389.508
30,31.85002671,54.61235343,1390.076
31,31.8501486,54.61250723,1390.566
32,31.85027077,54.61266085,1391.07
33,31.85039298,54.61281462,1391.468
34,31.85051299,54.61296558,1391.809
35,31.85063517,54.6131197,1392.175
36,31.85075791,54.61327467,1392.554
37,31.85088101,54.61342791,1392.78
38,31.85100423,54.61358268,1393.04
39,31.85112513,54.61373561,1393.23
40,31.85117296,54.61384597,1393.391
41,31.85106957,54.61402149,1392.786
42,31.85097776,54.61411163,1392.759
43,31.85084121,54.61395799,1392.111
44,31.85071703,54.61380299,1391.732
45,31.85059466,54.61364914,1391.541
46,31.85047386,54.61349604,1391.068
47,31.85035261,54.61334247,1390.541
48,31.8502293,54.61318696,1390.016
49,31.85010942,54.61303654,1389.728
50,31.84998424,54.61288017,1389.495
51,31.84986328,54.61272842,1389.193
52,31.84974076,54.61257485,1388.881
53,31.84961809,54.61242089,1388.614
54,31.84949453,54.61226617,1388.268
55,31.84937226,54.6121122,1387.894
56,31.84925014,54.6119587,1387.669
57,31.84912707,54.61180494,1387.339
58,31.84900845,54.61165566,1386.971
59,31.84893799,54.61160542,1386.61
60,31.84881356,54.61176991,1385.776
61,31.84875706,54.61189984,1386.03
62,31.84887639,54.61206227,1386.397
63,31.84900167,54.61222352,1386.538
64,31.84912313,54.61237744,1387.029
65,31.84924547,54.61253073,1387.438
66,31.84936571,54.61268245,1388.029
67,31.8494877,54.61283556,1388.53
68,31.84961005,54.61299074,1389.275
69,31.84973462,54.61314772,1389.922
70,31.8498553,54.61329811,1390.306
71,31.84997693,54.61345239,1390.629
72,31.85009952,54.61360625,1390.979
73,31.85022448,54.61376265,1391.328
74,31.85034432,54.61391537,1391.847
75,31.85046684,54.61406864,1392.311
76,31.8505895,54.6142217,1392.59
77,31.85070955,54.6143755,1392.916
78,31.85074972,54.61447419,1393.118
79,31.85064076,54.61464718,1392.792
80,31.85054777,54.61473268,1392.691
81,31.85041277,54.61458038,1391.614
82,31.85028875,54.61442666,1391.147
83,31.85016436,54.61427062,1390.994
84,31.85004431,54.61411984,1390.709
85,31.84992125,54.61396623,1390.408
86,31.84979867,54.61381255,1390.045
87,31.84967634,54.6136589,1389.506
88,31.84955433,54.61350516,1388.94
89,31.84943203,54.61335098,1388.485
90,31.84930955,54.6131964,1388.074
91,31.84918729,54.61304239,1387.815
92,31.84906461,54.61288841,1387.484
93,31.84894204,54.61273484,1387.228
94,31.8488206,54.61258268,1386.875
95,31.84869611,54.61242639,1386.437
96,31.84857888,54.61227936,1386.28
97,31.8485191,54.6122439,1386.158
98,31.84838527,54.61239816,1385.334
99,31.84832481,54.61251891,1385.425
100,31.84844768,54.61268522,1385.324
101,31.84857087,54.61284341,1385.432
102,31.84869052,54.61299523,1386.074
103,31.84881465,54.61315125,1386.87
104,31.84893533,54.61330292,1387.563
105,31.84905762,54.61345727,1388.126
106,31.84917984,54.61361089,1388.747
107,31.84930176,54.61376417,1389.243
108,31.84942231,54.61391633,1389.64
109,31.84954633,54.61407204,1390.072
110,31.84966706,54.61422314,1390.495
111,31.84979172,54.6143803,1390.946
112,31.84991215,54.61453291,1391.601
113,31.85003632,54.61468842,1392.021
114,31.85015805,54.61484343,1392.462
115,31.85027559,54.61499644,1393.104
116,31.85030328,54.61507825,1393.577
117,31.85019008,54.61524736,1393.058
118,31.85009655,54.61532761,1392.755
119,31.84995899,54.61517331,1391.872
120,31.84983505,54.61501927,1391.452
121,31.84971452,54.61486611,1391.146
122,31.84959274,54.61471223,1390.637
123,31.84947136,54.61455887,1390.037
124,31.84934867,54.61440476,1389.625
125,31.84922556,54.61425079,1389.362
126,31.84910408,54.61409831,1389.178
127,31.84898239,54.61394483,1389.047
128,31.8488606,54.61379198,1388.886
129,31.84873814,54.61363709,1388.559
130,31.84861569,54.61348329,1388.211
131,31.84849305,54.61332918,1387.982
132,31.8483722,54.61317796,1387.731
133,31.84824909,54.61302367,1387.626
134,31.84812821,54.6128711,1387.506
135,31.84806057,54.61282654,1387.507
136,31.84792063,54.61297313,1387.557
137,31.84785458,54.61308915,1388.287
138,31.84797518,54.61325351,1388.264
139,31.84809822,54.61341373,1388.369
140,31.84821808,54.6135677,1388.848
141,31.84834308,54.61372397,1389.365
142,31.84846278,54.61387254,1389.626
143,31.84858714,54.61402889,1389.792
144,31.8487076,54.61418058,1390.088
145,31.84883208,54.61433664,1390.406
146,31.8489522,54.61448757,1390.597
147,31.84907682,54.61464527,1390.818
148,31.84919884,54.6147993,1390.962
149,31.84931959,54.61494964,1391.054
150,31.8494446,54.61510794,1391.393
151,31.84956493,54.6152596,1391.778
152,31.8496899,54.6154154,1392.019
153,31.84980745,54.61556515,1392.238
154,31.84985398,54.61567049,1392.318
155,31.84974135,54.61584105,1391.962
156,31.84964796,54.61592337,1392.216
157,31.84950941,54.61576917,1391.851
158,31.84938675,54.61561742,1391.565
159,31.84926482,54.61546433,1391.579
160,31.84914353,54.6153108,1391.469
161,31.8490227,54.61515759,1391.213
162,31.84889891,54.61500054,1390.803
163,31.84877723,54.61484835,1390.526
164,31.84865465,54.61469453,1390.252
165,31.84853246,54.61454078,1389.865
166,31.84840763,54.6143847,1389.605
167,31.84828698,54.6142332,1389.426
168,31.84816475,54.61407922,1389.197
169,31.84804213,54.61392512,1388.95
170,31.84791988,54.61377144,1388.689
171,31.847797,54.61361708,1388.341
172,31.84767633,54.6134655,1388.257
173,31.84759003,54.61339702,1388.262
174,31.84745137,54.61354225,1387.469
175,31.84738591,54.61365889,1388.003
176,31.84750724,54.61382467,1387.879
177,31.84762994,54.6139838,1387.916
178,31.84775131,54.61413778,1388.492
179,31.8478733,54.6142904,1388.834
180,31.84799639,54.61444393,1389.296
181,31.84811825,54.61459622,1389.785
182,31.84824039,54.6147495,1390.196
183,31.84836333,54.614904,1390.74
184,31.84848544,54.61505881,1391.246
185,31.84860745,54.61521293,1391.454
186,31.84873119,54.61536706,1391.46
187,31.84885429,54.61552082,1391.731
188,31.84897606,54.61567263,1392.129
189,31.84909902,54.61582642,1392.2
190,31.84922098,54.61597988,1392.212
191,31.84934085,54.61613007,1392.336
192,31.849405,54.61625873,1392.517
193,31.84929417,54.61642862,1391.936
194,31.84919759,54.61651121,1392.31
195,31.84906299,54.61636132,1391.653
196,31.84893789,54.61620623,1391.294
197,31.84881731,54.6160533,1390.964
198,31.84869516,54.61589974,1390.334
199,31.84857221,54.61574664,1389.747
200,31.84844916,54.6155932,1389.591
201,31.84832596,54.61543905,1389.445
202,31.84820388,54.61528577,1389.15
203,31.84808178,54.61513177,1388.782
204,31.84795941,54.61497792,1388.49
205,31.84783494,54.61482121,1388.176
206,31.84771422,54.61466874,1387.903
207,31.84759157,54.61451509,1387.7
208,31.84746954,54.61436108,1387.402
209,31.8473495,54.61420802,1386.957
210,31.84722811,54.61405465,1386.147
211,31.84712284,54.6139627,1385.609
212,31.84698209,54.61410845,1385.066
213,31.84691785,54.61422286,1385.824
214,31.84703802,54.61438868,1385.788
215,31.8471628,54.61455027,1386.074
216,31.84728241,54.61470056,1386.764
217,31.84740681,54.61485589,1387.313
218,31.84752763,54.61500658,1387.986
219,31.84765117,54.61516254,1388.672
220,31.84777366,54.61531805,1389.429
221,31.84789619,54.6154722,1390.063
222,31.848017,54.61562319,1390.434
223,31.84814073,54.61578004,1390.543
224,31.8482604,54.61593074,1390.882
225,31.8483835,54.61608359,1390.986
226,31.84850652,54.61623744,1391.067
227,31.84862839,54.61639116,1391.369
228,31.84875179,54.61654666,1391.795
229,31.84887486,54.61670089,1392.419
230,31.84895582,54.61685496,1392.974
231,31.84884205,54.61702348,1392.395
232,31.84874766,54.61710206,1392.477
233,31.84861272,54.61694961,1391.389
234,31.84848853,54.61679642,1391.061
235,31.84836715,54.61664319,1391.074
236,31.84824516,54.61648894,1390.817
237,31.84812323,54.61633541,1390.349
238,31.84800107,54.61618093,1389.925
239,31.84787858,54.61602672,1389.599
240,31.84775652,54.61587342,1389.248
241,31.84763384,54.61571918,1388.854
242,31.8475112,54.61556506,1388.585
243,31.8473899,54.61541276,1388.483
244,31.84726776,54.61525958,1388.266
245,31.84714531,54.61510544,1388.027
246,31.84702234,54.61495113,1387.807
247,31.84689958,54.61479723,1387.669
248,31.84677702,54.61464284,1387.55
249,31.84665449,54.61452829,1387.356
250,31.84651296,54.61467698,1386.262
251,31.8464497,54.6147896,1386.55
252,31.84656959,54.61495302,1385.981
253,31.8466946,54.61511567,1386.176
254,31.84681659,54.61526893,1386.908
255,31.84693778,54.61542117,1387.401
256,31.84706022,54.61557662,1388.237
257,31.84718152,54.61572957,1388.772
258,31.84730379,54.61588601,1389.286
259,31.84742667,54.61604157,1389.962
260,31.84754815,54.61619526,1390.316
261,31.84766889,54.61634504,1390.165
262,31.84779366,54.61650051,1390.243
263,31.84791385,54.61665053,1390.432
264,31.84803762,54.61680265,1390.688
265,31.84815991,54.61695613,1390.889
266,31.84828215,54.61711088,1391.196
267,31.8484046,54.61726688,1391.664
268,31.84850538,54.61742794,1392.17
269,31.84850123,54.61746164,1392.003
270,31.84839151,54.61761523,1391.039
271,31.84829734,54.61769579,1391.129
272,31.84816003,54.61754237,1390.555
273,31.84803455,54.61738756,1390.544
274,31.84791345,54.61723511,1390.636
275,31.8477923,54.61708187,1390.461
276,31.84767078,54.6169287,1390.14
277,31.84754921,54.61677497,1389.777
278,31.84742682,54.61662124,1389.21
279,31.84730466,54.61646756,1388.886
280,31.8471822,54.6163135,1388.716
281,31.84705973,54.61615978,1388.578
282,31.84693697,54.61600604,1388.346
283,31.84681418,54.61585306,1388.418
284,31.84669204,54.61569903,1388.302
285,31.8465702,54.61554561,1388.069
286,31.84644888,54.61539175,1387.718
287,31.84632547,54.61523675,1387.126
288,31.84620538,54.61509975,1386.805
289,31.84617995,54.61509999,1386.765
290,31.84604397,54.61524499,1386.716
291,31.8459789,54.61536147,1387.782
292,31.84610086,54.61552846,1387.683
293,31.84622279,54.61568704,1387.761
294,31.84634398,54.61584175,1388.532
295,31.84646712,54.61599397,1389.364
296,31.84658974,54.61614765,1390.122
297,31.84671114,54.61630025,1390.674
298,31.8468334,54.61645403,1390.768
299,31.84695393,54.61660624,1391.035
300,31.84707674,54.61676116,1391.379
301,31.84720117,54.61691759,1391.72
302,31.84732164,54.61706846,1392.08
303,31.84744434,54.61722352,1392.43
304,31.84756625,54.6173779,1392.671
305,31.84768823,54.61753125,1393.141
306,31.84781106,54.6176838,1393.39
307,31.84793374,54.61783703,1393.48
308,31.84804547,54.61799529,1393.999
309,31.84804874,54.61803383,1393.999
310,31.84792668,54.61819559,1392.569
311,31.84782801,54.61826803,1392.41
312,31.84769201,54.61811619,1391.821
313,31.84756843,54.61796098,1391.516
314,31.84744794,54.61780914,1391.434
315,31.84732333,54.61765218,1391.302
316,31.84720373,54.61750197,1391.123
317,31.84707972,54.61734568,1390.765
318,31.84695995,54.61719496,1390.302
319,31.84683738,54.61704194,1389.814
320,31.84671505,54.61688812,1389.377
321,31.84659265,54.61673356,1388.991
322,31.84646988,54.61657949,1388.725
323,31.84634741,54.61642559,1388.699
324,31.84622646,54.61627389,1388.558
325,31.84610384,54.6161193,1388.308
326,31.8459817,54.61596569,1387.902
327,31.84585713,54.61580935,1387.79
328,31.84573843,54.61567036,1387.637
329,31.8457119,54.61566896,1387.485
330,31.84557565,54.61581358,1386.33
331,31.84551042,54.61593193,1386.729
332,31.84563024,54.61609477,1386.644
333,31.84575527,54.61625737,1386.76
334,31.84587502,54.61641,1387.58
335,31.84599762,54.61656336,1388.257
336,31.84611974,54.61671627,1388.905
337,31.84624224,54.61686939,1389.197
338,31.84636456,54.61702322,1389.676
339,31.84648791,54.61717744,1390.112
340,31.84660976,54.61732991,1390.261
341,31.8467318,54.6174842,1390.541
342,31.84685458,54.6176384,1390.998
343,31.84697702,54.6177933,1391.576
344,31.84709844,54.61794674,1391.975
345,31.84722026,54.61810141,1392.222
346,31.84734124,54.61825429,1392.337
347,31.84746364,54.61840767,1392.359
348,31.84757165,54.61856699,1392.846
349,31.847571,54.61859955,1392.927
350,31.84745011,54.61875596,1392.224
351,31.84735347,54.61883024,1392.489
352,31.84721723,54.61867789,1391.811
353,31.84709275,54.61852284,1391.071
354,31.84696961,54.61836895,1390.83
355,31.84684664,54.61821598,1390.837
356,31.84672429,54.61806255,1390.916
357,31.84660321,54.61790753,1390.363
358,31.84648324,54.61775645,1389.862
359,31.84635823,54.6176002,1389.528
360,31.84623782,54.61744938,1389.352
361,31.84611367,54.61729346,1389.179
362,31.84599293,54.61714226,1389.162
363,31.84586863,54.61698591,1389.144
364,31.84574927,54.61683542,1388.808
365,31.84562532,54.61667878,1388.332
366,31.84550432,54.61652682,1387.71
367,31.8453798,54.61637141,1387.282
368,31.84525776,54.61623936,1387.324
369,31.84523265,54.61624297,1387.219
370,31.84510442,54.61638443,1386.428
371,31.84503939,54.61650141,1386.971
372,31.84516099,54.61666838,1386.892
373,31.84528146,54.61682386,1386.969
374,31.84540383,54.61697926,1387.663
375,31.84552658,54.61713376,1388.307
376,31.84564957,54.61728881,1389.022
377,31.84577223,54.61744121,1389.575
378,31.84589493,54.61759535,1389.889
379,31.84601838,54.61775105,1390.332
380,31.84613818,54.61790145,1390.835
381,31.84626056,54.6180569,1390.83
382,31.8463806,54.61820823,1390.775
383,31.84650508,54.61836401,1390.994
384,31.84662607,54.61851549,1391.449
385,31.84675104,54.61867013,1391.638
386,31.84687171,54.61882123,1391.975
387,31.84699495,54.61897571,1392.54
388,31.84709546,54.61913794,1393.23
389,31.84708909,54.61917177,1393.131
390,31.84697285,54.61931584,1392.318
391,31.84687522,54.61938939,1392.445
392,31.84673943,54.61923764,1391.995
393,31.84661327,54.61908091,1391.885
394,31.84649278,54.61892955,1391.92
395,31.84637069,54.61877631,1391.787
396,31.84624915,54.61862274,1391.384
397,31.84612609,54.61846969,1391.038
398,31.84600445,54.61831589,1390.728
399,31.84588204,54.61816102,1390.322
400,31.84576044,54.61800779,1389.822
401,31.84563798,54.61785424,1389.246
402,31.84551518,54.61769989,1388.677
403,31.84539267,54.61754621,1388.292
404,31.84527029,54.61739271,1387.906
405,31.84514718,54.61723785,1387.422
406,31.84502404,54.61708373,1386.954
407,31.84490199,54.61693032,1386.667
408,31.84477912,54.6168078,1386.423
409,31.84463302,54.61695481,1385.97
410,31.84456848,54.6170701,1386.325
411,31.84468884,54.61723721,1386.327
412,31.84481083,54.61739394,1386.508
413,31.84493225,54.61754734,1387.257
414,31.84505451,54.61770048,1387.915
415,31.84517738,54.61785517,1388.487
416,31.8452998,54.61800928,1389.219
417,31.84542239,54.61816195,1389.761
418,31.84554456,54.61831609,1389.995
419,31.84566795,54.61847068,1390.26
420,31.84579186,54.61862437,1390.369
421,31.84591274,54.61877633,1390.558
422,31.84603721,54.61893217,1390.916
423,31.84615672,54.61908347,1390.99
424,31.84628063,54.61924074,1391.203
425,31.84640109,54.61939142,1391.405
426,31.84652558,54.61954741,1391.513
427,31.84661864,54.61970764,1391.998
428,31.84649643,54.619876,1391.062
429,31.84639812,54.61994997,1391.387
430,31.84626049,54.61979724,1391.055
431,31.84613866,54.61964447,1390.52
432,31.84601665,54.61949081,1390.293
433,31.84589452,54.6193377,1389.86
434,31.84577232,54.61918406,1389.652
435,31.84564982,54.61902927,1389.527
436,31.84552706,54.61887579,1389.469
437,31.84540445,54.61872216,1389.34
438,31.84528262,54.61856851,1389.241
439,31.84516162,54.61841645,1389.02
440,31.84504024,54.61826366,1388.642
441,31.84491822,54.61811055,1388.091
442,31.84479394,54.61795473,1387.68
443,31.84467236,54.61780245,1387.264
444,31.84454971,54.61764933,1386.975
445,31.84442755,54.61749631,1386.689
446,31.84430437,54.61738147,1386.452
447,31.84416454,54.61752649,1385.614
448,31.84410023,54.61764229,1386.044
449,31.84422009,54.61780716,1385.92
450,31.84434267,54.61796579,1386.004
451,31.84446433,54.61812032,1386.624
452,31.84458676,54.61827376,1387.37
453,31.84470893,54.61842671,1387.949
454,31.84483143,54.61858045,1388.525
455,31.84495335,54.61873386,1388.902
456,31.84507533,54.61888769,1389.171
457,31.8451966,54.61903941,1389.409
458,31.84532101,54.6191959,1389.68
459,31.8454415,54.61934715,1389.961
460,31.84556513,54.61950334,1390.11
461,31.84568702,54.61965811,1390.406
462,31.84580897,54.61981212,1391.018
463,31.84593124,54.61996558,1391.285
464,31.84605362,54.62011932,1391.434
465,31.84613969,54.62027703,1391.996
466,31.84601877,54.62043889,1391.708
467,31.84592131,54.6205133,1391.914
468,31.84578417,54.62035848,1391.202
469,31.84566026,54.62020503,1390.709
470,31.84553884,54.62005182,1390.38
471,31.84541696,54.61989825,1390.075
472,31.84529552,54.61974567,1389.577
473,31.84517293,54.61959187,1389.062
474,31.84505013,54.61943834,1388.79
475,31.8449279,54.61928479,1388.546
476,31.84480593,54.61913072,1388.197
477,31.84468298,54.61897638,1387.808
478,31.84456092,54.61882334,1387.566
479,31.84443862,54.61866897,1387.298
480,31.84431753,54.61851695,1386.763
481,31.84419422,54.6183621,1386.316
482,31.84407217,54.61820881,1385.805
483,31.84395019,54.6180558,1385.466
484,31.84383344,54.61795046,1385.625
2,31.84377672,54.61800128,1388.389
3,31.84367731,54.61811915,1388.254
4,31.84362379,54.61822647,1389.017
5,31.84374436,54.61839213,1389.188
6,31.8438671,54.61854978,1389.213
7,31.8439888,54.6187037,1389.772
8,31.84411136,54.61885703,1390.444
9,31.84423387,54.61901068,1391.121
10,31.84435828,54.61916678,1391.721
11,31.84447843,54.61931794,1392.201
12,31.84460347,54.619473,1392.639
13,31.84472408,54.6196246,1393.014
14,31.84484847,54.61978098,1393.376
15,31.84496851,54.61993136,1393.53
16,31.84509138,54.62008532,1393.754
17,31.84521522,54.62024014,1394.022
18,31.84533684,54.62039198,1394.323
19,31.84545997,54.62054622,1394.622
20,31.84558267,54.62070032,1395.045
21,31.84566267,54.62084677,1395.694
22,31.84553993,54.62101085,1394.44
23,31.84544127,54.6210858,1394.687
24,31.84530609,54.62093135,1394.21
25,31.84518213,54.62077745,1393.775
26,31.84505996,54.62062384,1393.529
27,31.84493843,54.62047032,1393.231
28,31.84481548,54.62031745,1392.832
29,31.84469377,54.62016389,1392.597
30,31.8445716,54.62000958,1392.25
31,31.84444991,54.61985635,1391.985
32,31.84432793,54.61970277,1391.452
33,31.84420546,54.61954817,1391.215
34,31.8440831,54.6193946,1391.071
35,31.84395989,54.61923978,1391.019
36,31.84383779,54.61908561,1390.69
37,31.84371573,54.61893227,1390.256
38,31.84359605,54.61878096,1389.675
39,31.84347377,54.61862687,1389.19
40,31.84336128,54.61852942,1389.211
41,31.84322383,54.6186743,1388.657
42,31.84316176,54.61879113,1388.927
43,31.84328165,54.61895799,1389.056
44,31.84340391,54.6191168,1389.452
45,31.84352594,54.6192699,1390.145
46,31.84364887,54.61942135,1390.547
47,31.84377159,54.61957476,1390.952
48,31.84389492,54.61972996,1391.427
49,31.84401546,54.61988109,1391.793
50,31.84414049,54.6200372,1392.244
51,31.84426259,54.62019116,1392.598
52,31.84438462,54.6203446,1392.971
53,31.8445075,54.62049819,1393.189
54,31.84462953,54.62064967,1393.197
55,31.84475346,54.62080753,1393.528
56,31.84487402,54.62095687,1394.037
57,31.84499865,54.62111227,1394.204
58,31.84511878,54.62126472,1394.471
59,31.84519406,54.62140369,1395.249
60,31.84506993,54.62156535,1394.508
61,31.8449722,54.62164351,1394.964
62,31.84483566,54.62148562,1394.257
63,31.84471331,54.62133527,1393.633
64,31.84459092,54.62118123,1393.221
65,31.84446939,54.62102907,1392.913
66,31.84434676,54.62087542,1392.632
67,31.84422453,54.62072077,1392.645
68,31.84410284,54.62056711,1392.476
69,31.84398031,54.6204137,1392.252
70,31.84385772,54.62025894,1391.93
71,31.84373554,54.62010519,1391.615
72,31.84361319,54.61995182,1391.131
73,31.84349033,54.61979677,1390.795
74,31.84336783,54.61964233,1390.694
75,31.84324783,54.61949156,1390.522
76,31.84312314,54.61933434,1390.278
77,31.84300254,54.61918226,1389.915
78,31.84289966,54.61909583,1389.741
79,31.8427597,54.61924059,1388.878
80,31.84269638,54.61935883,1389.239
81,31.84281731,54.61952478,1389.338
82,31.84293906,54.61968152,1389.281
83,31.84306192,54.61983668,1389.502
84,31.84318252,54.61998805,1390.228
85,31.84330669,54.62014459,1390.812
86,31.84342787,54.62029522,1391.198
87,31.8435501,54.62044835,1391.469
88,31.8436744,54.62060366,1391.684
89,31.84379704,54.6207583,1392.168
90,31.84391919,54.62091122,1392.711
91,31.84404164,54.62106558,1393.139
92,31.84416377,54.6212187,1393.387
93,31.84428596,54.62137289,1393.569
94,31.84440939,54.62152878,1393.849
95,31.84453011,54.62168022,1394.164
96,31.84465168,54.62183329,1394.419
97,31.84471868,54.62196197,1394.851
98,31.84459754,54.62212358,1394.079
99,31.84449913,54.62220077,1394.202
100,31.84436398,54.62204955,1393.329
101,31.84423673,54.62189321,1392.768
102,31.8441168,54.62174224,1392.535
103,31.84399487,54.62158869,1392.173
104,31.8438728,54.62143512,1392.031
105,31.84374912,54.62127895,1391.798
106,31.84362821,54.62112736,1391.517
107,31.84350448,54.62097211,1391.339
108,31.84338417,54.62082043,1391.242
109,31.84325989,54.62066379,1390.949
110,31.84313923,54.62051224,1390.627
111,31.8430151,54.62035695,1390.374
112,31.84289453,54.62020447,1390.145
113,31.84277126,54.62005,1389.929
114,31.84264924,54.61989672,1389.808
115,31.84252608,54.61974235,1389.618
116,31.84242985,54.61966452,1389.427
117,31.84229068,54.61981101,1388.657
118,31.84222867,54.61992724,1389.201
119,31.84234998,54.62009546,1389.287
120,31.84247159,54.62025137,1389.449
121,31.84259325,54.62040391,1389.812
122,31.84271506,54.6205562,1390.161
123,31.84283754,54.62070998,1390.505
124,31.84295989,54.62086522,1390.968
125,31.84308282,54.62101967,1391.652
126,31.84320417,54.62117157,1392.321
127,31.84332824,54.62132755,1392.725
128,31.84345002,54.62147945,1392.815
129,31.8435716,54.62163184,1392.427
130,31.84369174,54.62178348,1392.566
131,31.84381485,54.62193828,1392.769
132,31.84393733,54.62209263,1393.137
133,31.84405983,54.62224684,1393.526
134,31.84418285,54.62240208,1394.005
135,31.84424204,54.6225212,1394.436
136,31.84411883,54.62268446,1393.488
137,31.84402228,54.62275962,1393.659
138,31.84388445,54.62260566,1393.121
139,31.84376206,54.62245464,1392.61
140,31.84363774,54.62229981,1392.576
141,31.84351753,54.62214895,1392.282
142,31.84339429,54.62199273,1392.023
143,31.84327444,54.62184164,1391.667
144,31.84314921,54.62168455,1391.195
145,31.84302647,54.62153083,1391.024
146,31.84290402,54.62137697,1390.805
147,31.84278144,54.62122276,1390.523
148,31.84266079,54.62107184,1390.159
149,31.84253726,54.62091658,1389.684
150,31.84241531,54.62076274,1389.413
151,31.84229445,54.62061067,1388.99
152,31.84217207,54.62045653,1388.479
153,31.84204976,54.62030291,1388.242
154,31.84195935,54.62023247,1388.276
155,31.84181876,54.62038015,1387.971
156,31.84175608,54.62049436,1388.559
157,31.84187787,54.62066297,1388.565
158,31.84199937,54.62081871,1388.603
159,31.84212117,54.62097265,1389.223
160,31.84224373,54.62112576,1389.771
161,31.84236579,54.62127854,1390.181
162,31.84248788,54.62143187,1390.404
163,31.84261103,54.62158727,1390.62
164,31.84273323,54.62174093,1391.001
165,31.84285664,54.62189615,1391.394
166,31.84297916,54.6220497,1391.805
167,31.8431013,54.62220341,1392.04
168,31.84322367,54.62235746,1392.249
169,31.84334609,54.6225113,1392.513
170,31.84346657,54.62266365,1392.919
171,31.84358899,54.62281837,1393.466
172,31.84371091,54.62297176,1394.011
173,31.84376394,54.62308286,1394.219
174,31.84364115,54.62324441,1393.406
175,31.84354311,54.62332113,1393.419
176,31.84340728,54.62316871,1392.497
177,31.84328174,54.62301339,1391.945
178,31.84316123,54.62286201,1392.005
179,31.84303979,54.62270923,1391.677
180,31.84291518,54.6225526,1391.499
181,31.84279302,54.62239907,1391.342
182,31.84267117,54.62224607,1391.07
183,31.84255,54.62209403,1390.837
184,31.84242588,54.62193731,1390.573
185,31.8423066,54.62178641,1390.0
186,31.84218374,54.62163225,1389.507
187,31.8420602,54.62147732,1389.155
188,31.84193841,54.62132357,1388.937
189,31.84181764,54.621172,1388.621
190,31.84169334,54.62101605,1388.379
191,31.84157254,54.62086528,1388.004
192,31.84148801,54.62080258,1387.953
193,31.8413421,54.62093947,1387.017
194,31.84127625,54.62105049,1387.309
195,31.84139778,54.62121958,1387.14
196,31.8415191,54.62137723,1387.544
197,31.84163872,54.62152781,1388.465
198,31.84176241,54.62168331,1389.066
199,31.84188267,54.62183448,1389.467
200,31.84200683,54.62199102,1389.729
201,31.84212723,54.62214379,1390.322
202,31.84224952,54.62229772,1390.851
203,31.84237475,54.62245314,1391.039
204,31.84249524,54.62260371,1391.108
205,31.84261992,54.62276121,1391.389
206,31.8427396,54.62291159,1391.85
207,31.84286393,54.62306741,1391.929
208,31.84298506,54.62322004,1392.202
209,31.84310739,54.62337431,1392.572
210,31.8432284,54.62352574,1392.958
211,31.84328644,54.62364112,1393.316
212,31.84316294,54.62380509,1392.009
213,31.84306683,54.62388157,1392.107
214,31.84292952,54.62372715,1391.668
215,31.84280623,54.62357575,1391.319
216,31.84268222,54.62342063,1391.197
217,31.84256166,54.62326957,1390.94
218,31.8424398,54.62311694,1390.672
219,31.84231619,54.62296268,1390.422
220,31.84219407,54.62280877,1390.545
221,31.84207167,54.62265439,1390.347
222,31.8419492,54.62250035,1390.077
223,31.84182701,54.62234678,1389.62
224,31.84170474,54.6221931,1389.176
225,31.84158212,54.62203911,1389.033
226,31.84145965,54.62188591,1388.577
227,31.84133767,54.62173247,1388.135
228,31.84121469,54.6215779,1387.788
229,31.84109182,54.62142425,1387.475
230,31.84097668,54.62132361,1387.465
231,31.84082492,54.62144955,1386.842
232,31.84075232,54.62155477,1387.342
233,31.84087231,54.62172202,1387.308
234,31.84099421,54.62187998,1387.315
235,31.84111593,54.62203383,1387.926
236,31.84124063,54.62218872,1388.549
237,31.84136105,54.6223398,1388.975
238,31.84148357,54.62249317,1389.377
239,31.84160563,54.6226479,1389.716
240,31.84172786,54.62280254,1390.321
241,31.84185053,54.62295639,1390.672
242,31.8419726,54.62311031,1391.037
243,31.84209473,54.62326362,1391.298
244,31.84221755,54.62341796,1391.594
245,31.84234051,54.6235704,1391.846
246,31.84246333,54.62372414,1392.02
247,31.8425852,54.623876,1391.849
248,31.84270896,54.62403162,1391.643
249,31.84280224,54.62418877,1392.435
250,31.84266644,54.62434413,1391.786
251,31.84256514,54.62441181,1392.091
252,31.84242771,54.6242571,1391.43
253,31.84230425,54.6241055,1390.842
254,31.84218237,54.62395344,1390.734
255,31.84205843,54.62379799,1390.602
256,31.84193885,54.62364731,1390.491
257,31.84181606,54.62349286,1390.116
258,31.84169319,54.62333843,1389.94
259,31.84157079,54.62318419,1389.65
260,31.84144864,54.62303019,1389.399
261,31.84132601,54.62287597,1389.045
262,31.84120392,54.62272187,1388.804
263,31.84108186,54.62256855,1388.654
264,31.84095953,54.62241481,1388.579
265,31.84083717,54.62226107,1388.412
266,31.8407145,54.6221078,1388.258
267,31.84059225,54.621954,1387.978
268,31.84046679,54.62182563,1388.034
269,31.8403035,54.62195171,1386.539
270,31.84023023,54.62205842,1386.506
271,31.84035294,54.62222917,1386.501
272,31.84047304,54.62238396,1386.559
273,31.84059467,54.62253741,1386.955
274,31.84071724,54.62269046,1387.292
275,31.84084028,54.62284423,1387.714
276,31.8409625,54.62299802,1388.076
277,31.84108496,54.62315282,1388.694
278,31.84120751,54.62330692,1389.225
279,31.8413294,54.62346054,1389.509
280,31.84145183,54.62361426,1389.68
281,31.84157442,54.62376868,1390.024
282,31.84169696,54.62392358,1390.366
283,31.84181952,54.62407797,1390.774
284,31.84194168,54.62423147,1391.346
285,31.84206492,54.62438544,1391.626
286,31.84218737,54.62453878,1391.509
287,31.84229072,54.62469407,1391.915
288,31.84228532,54.62472352,1391.861
289,31.84215404,54.62486348,1391.185
290,31.84205219,54.62493075,1391.352
291,31.84191552,54.62477466,1390.623
292,31.84179176,54.6246237,1390.157
293,31.84166937,54.62447066,1390.269
294,31.84154757,54.62431652,1390.049
295,31.84142581,54.62416429,1389.656
296,31.8413043,54.62401153,1389.106
297,31.84118129,54.62385617,1388.617
298,31.8410595,54.62370248,1388.309
299,31.84093715,54.62354842,1387.933
300,31.8408147,54.62339508,1387.667
301,31.84069188,54.62324116,1387.477
302,31.84057021,54.62308852,1387.356
303,31.84044777,54.62293511,1387.248
304,31.8403257,54.62278094,1386.977
305,31.84020292,54.62262684,1386.679
306,31.84008044,54.62247304,1386.355
307,31.83995754,54.62233637,1386.396
308,31.83992942,54.62233345,1386.333
309,31.83978071,54.62245825,1385.291
310,31.83970825,54.62256448,1385.628
311,31.83982755,54.62273153,1385.624
312,31.83995099,54.62289103,1385.676
313,31.84009201,54.62307057,1386.114
314,31.84019292,54.62319473,1386.173
315,31.84031634,54.62335081,1386.435
316,31.84044093,54.62350718,1387.16
317,31.84056159,54.62365848,1387.723
318,31.84068386,54.62381277,1388.318
319,31.84080804,54.62396939,1388.798
320,31.84092846,54.624121,1389.058
321,31.84105067,54.62427535,1389.408
322,31.84117331,54.62442915,1389.634
323,31.84129388,54.62458086,1390.056
324,31.84141833,54.62473737,1390.559
325,31.84154068,54.62489101,1390.904
326,31.84166351,54.62504439,1391.037
327,31.84177538,54.62519768,1391.167
328,31.84177609,54.62522914,1391.135
329,31.84164119,54.62538134,1390.412
330,31.84153881,54.62544824,1390.58
331,31.84140205,54.62529357,1389.997
332,31.84127899,54.62514208,1389.481
333,31.84115698,54.62498909,1389.282
334,31.84103395,54.62483396,1389.272
335,31.84091131,54.62468019,1389.1
336,31.84078892,54.62452701,1388.843
337,31.84066646,54.62437312,1388.692
338,31.84054389,54.62422004,1388.359
339,31.84042134,54.62406586,1388.05
340,31.84029905,54.62391332,1387.539
341,31.84017595,54.62375986,1387.194
342,31.84005479,54.62360809,1386.934
343,31.83993242,54.6234543,1386.635
344,31.83980714,54.62329698,1386.232
345,31.83968706,54.62314597,1385.875
346,31.83956473,54.62299282,1385.646
347,31.83944244,54.6228473,1385.694
348,31.8394045,54.62283743,1385.657
349,31.8392535,54.62296369,1385.066
350,31.83918149,54.6230695,1385.547
351,31.83930272,54.6232379,1385.705
352,31.83942403,54.62339467,1385.66
353,31.83954549,54.62354753,1386.243
354,31.83966724,54.6237013,1386.723
355,31.83979041,54.62385485,1387.215
356,31.8399134,54.62400927,1387.649
357,31.84003575,54.62416323,1388.205
358,31.84015825,54.62431794,1388.679
359,31.84027829,54.62446896,1389.104
360,31.84040091,54.624623,1389.516
361,31.84052556,54.624779,1389.729
362,31.84064754,54.62493313,1390.026
363,31.84076779,54.62508437,1390.379
364,31.84089047,54.62523861,1390.752
365,31.84101366,54.62539368,1391.198
366,31.84113627,54.62554767,1391.605
367,31.84125182,54.62569881,1392.201
368,31.84125853,54.62574425,1392.141
369,31.84112341,54.62589774,1390.276
370,31.84102099,54.62596454,1389.88
371,31.84088587,54.62581273,1389.16
372,31.84076137,54.62565839,1388.623
373,31.84063922,54.62550529,1388.347
374,31.84051749,54.62535139,1388.247
375,31.84039519,54.62519708,1388.077
376,31.84027303,54.62504348,1387.889
377,31.84015109,54.62488961,1387.713
378,31.84002853,54.62473574,1387.377
379,31.83990636,54.62458214,1387.103
380,31.83978362,54.62442841,1386.895
381,31.83966256,54.62427613,1386.714
382,31.83954002,54.62412137,1386.501
383,31.83941643,54.62396686,1386.348
384,31.83929318,54.62381293,1386.254
385,31.83916997,54.62365913,1386.297
386,31.83904731,54.62350535,1386.126
387,31.83892861,54.62336046,1386.119
388,31.83888145,54.62334089,1386.046
389,31.83873069,54.62346474,1385.042
390,31.83865684,54.62357177,1385.061
391,31.83877818,54.62374107,1385.038
392,31.83890001,54.62389817,1384.974
393,31.83902183,54.6240519,1385.674
394,31.83914312,54.62420205,1386.271
395,31.83926751,54.62435723,1386.461
396,31.83938922,54.6245096,1386.84
397,31.83951194,54.6246639,1387.117
398,31.83963411,54.62481774,1387.483
399,31.83975765,54.62497274,1387.716
400,31.8398802,54.62512716,1388.068
401,31.84000233,54.62528045,1388.307
402,31.84012479,54.6254335,1388.521
403,31.8402478,54.62558737,1388.762
404,31.84037032,54.62574142,1388.95
405,31.84049261,54.62589545,1389.212
406,31.84061524,54.62604858,1389.29
407,31.84073219,54.62619946,1389.486
408,31.84074696,54.62626099,1389.732
409,31.84061263,54.62640978,1388.874
410,31.84050994,54.62647902,1389.055
411,31.84037518,54.62632703,1388.425
412,31.84024886,54.62617028,1387.9
413,31.84012868,54.62601923,1387.818
414,31.84000558,54.62586511,1387.744
415,31.83988327,54.6257123,1387.661
416,31.83976142,54.62555833,1387.749
417,31.83963963,54.62540561,1387.444
418,31.83951549,54.62525008,1387.192
419,31.8393956,54.62509952,1386.901
420,31.83927324,54.62494649,1386.279
421,31.8391504,54.62479199,1385.967
422,31.8390272,54.62463742,1385.704
423,31.83890572,54.62448278,1385.471
424,31.83878327,54.62432871,1385.07
425,31.83866126,54.62417552,1384.944
426,31.83853774,54.62402048,1385.07
427,31.83841792,54.62387234,1385.013
428,31.83835945,54.62384259,1384.987
429,31.83820709,54.62396917,1384.254
430,31.83813632,54.62407368,1384.397
431,31.83825785,54.62424299,1384.278
432,31.83838097,54.62440145,1384.237
433,31.83850064,54.62455236,1384.522
434,31.8386242,54.62470746,1384.881
435,31.83874497,54.62485922,1385.338
436,31.83886702,54.62501359,1385.756
437,31.83898996,54.62516794,1386.32
438,31.83911203,54.62532124,1386.774
439,31.83923392,54.62547589,1387.268
440,31.83935678,54.62563066,1387.749
441,31.83947973,54.62578389,1387.993
442,31.83960293,54.62593778,1388.325
443,31.83972332,54.62608939,1388.412
444,31.83984591,54.62624324,1388.485
445,31.83996806,54.62639749,1388.576
446,31.8400907,54.62655237,1388.755
447,31.84021073,54.62670533,1389.437
448,31.84023505,54.62677613,1389.629
449,31.84009575,54.62692734,1388.906
450,31.83999469,54.62699142,1388.954
451,31.8398579,54.6268382,1388.385
452,31.8397324,54.62668364,1387.984
453,31.83961072,54.62652946,1387.448
454,31.83949057,54.62637864,1386.966
455,31.83936561,54.62622203,1386.847
456,31.83924573,54.62607092,1386.715
457,31.8391217,54.62591464,1386.568
458,31.83900102,54.62576292,1386.295
459,31.83887854,54.62560927,1386.118
460,31.83875585,54.62545488,1386.084
461,31.83863392,54.6253012,1385.826
462,31.83851103,54.62514743,1385.793
463,31.83838854,54.62499384,1385.615
464,31.83826634,54.62484016,1385.286
465,31.83814397,54.62468635,1384.989
466,31.83802105,54.62453234,1384.942
467,31.83790177,54.62438363,1384.749
468,31.83783658,54.62434587,1384.607
469,31.83768547,54.62447201,1383.949
470,31.8376144,54.62457788,1384.214
471,31.83773483,54.62474809,1384.149
472,31.83785603,54.62490443,1384.287
473,31.83797827,54.62505798,1385.138
474,31.83810084,54.62521182,1385.776
475,31.83822303,54.62536514,1386.298
476,31.83834495,54.62551811,1386.388
477,31.83846712,54.62567205,1386.313
478,31.83858969,54.62582586,1386.472
479,31.83871253,54.6259803,1386.694
480,31.83883287,54.62613278,1387.181
481,31.83895694,54.62628924,1387.745
482,31.83907647,54.62644077,1388.01
483,31.83920005,54.62659637,1388.093
484,31.83932148,54.62674869,1388.22
485,31.83944413,54.62690203,1388.498
486,31.83956671,54.62705565,1388.515
487,31.83968567,54.62720809,1388.926
2,31.83966442,54.62733022,1389.53
3,31.83956135,54.62742642,1389.299
4,31.83945659,54.62748564,1389.464
5,31.83932118,54.62733228,1389.103
6,31.83919579,54.62717899,1388.739
7,31.83907496,54.62703105,1388.555
8,31.83894953,54.62687675,1388.413
9,31.83882787,54.62672692,1388.267
10,31.83870317,54.62657227,1387.917
11,31.83858312,54.62642282,1387.618
12,31.83845863,54.62626814,1387.332
13,31.83833824,54.62611691,1387.148
14,31.83821559,54.62596266,1387.131
15,31.83809255,54.6258092,1387.12
16,31.83796961,54.62565494,1387.042
17,31.83784653,54.62550169,1386.887
18,31.83772438,54.62534951,1386.66
19,31.8376026,54.62519515,1386.485
20,31.83748025,54.62504164,1386.26
21,31.83735923,54.62489111,1385.984
22,31.83729657,54.62485618,1385.924
23,31.83714506,54.62498285,1385.827
24,31.8370697,54.6250887,1386.086
25,31.83719339,54.62525591,1386.04
26,31.8373143,54.62541178,1385.891
27,31.83743961,54.62556763,1385.965
28,31.83755975,54.62571795,1386.165
29,31.83768256,54.62587035,1386.37
30,31.83780569,54.62602452,1386.568
31,31.83792912,54.62617895,1386.62
32,31.8380521,54.6263315,1386.761
33,31.83817385,54.62648314,1386.953
34,31.8382957,54.62663772,1387.075
35,31.83841704,54.62678961,1387.404
36,31.83854059,54.62694413,1387.664
37,31.8386636,54.62709745,1387.953
38,31.83878682,54.62725196,1388.329
39,31.83891,54.62740538,1388.8
40,31.83903214,54.62755949,1389.15
41,31.83915072,54.6277103,1389.309
42,31.83917446,54.62778369,1389.221
43,31.83903665,54.62793258,1389.085
44,31.83893156,54.62799759,1389.532
45,31.83879659,54.62784635,1389.113
46,31.83866816,54.6276907,1388.602
47,31.83854666,54.62754034,1388.4
48,31.83842369,54.62738753,1388.286
49,31.83830196,54.62723521,1388.081
50,31.83817932,54.62708129,1387.849
51,31.838057,54.62692853,1387.687
52,31.83793508,54.62677658,1387.355
53,31.83781232,54.62662395,1387.127
54,31.83768944,54.62647095,1386.947
55,31.83756646,54.62631766,1386.813
56,31.83744348,54.62616435,1386.536
57,31.83732173,54.62601027,1386.398
58,31.8372,54.62585652,1386.21
59,31.83707788,54.62570173,1385.867
60,31.83695579,54.6255499,1385.48
61,31.83683615,54.62540137,1385.267
62,31.83677236,54.62536324,1385.19
63,31.83661919,54.62548889,1384.799
64,31.83654507,54.62559458,1384.9
65,31.83666811,54.62576224,1384.658
66,31.8367909,54.62591931,1384.575
67,31.83691273,54.62607235,1384.883
68,31.83703569,54.62622499,1385.209
69,31.83715853,54.62637882,1385.567
70,31.83728171,54.62653197,1385.955
71,31.83740474,54.62668523,1386.297
72,31.83752794,54.6268384,1386.593
73,31.83765108,54.62699094,1386.788
74,31.837774,54.62714446,1386.983
75,31.83789656,54.62729897,1387.205
76,31.83801887,54.62745288,1387.513
77,31.83814181,54.62760661,1387.721
78,31.83826471,54.62775953,1387.827
79,31.83838612,54.62791339,1388.131
80,31.83850705,54.62806491,1388.488
81,31.83862689,54.62821701,1389.126
82,31.83865059,54.62829153,1389.493
83,31.83851214,54.62843952,1389.429
84,31.8384089,54.62850201,1389.726
85,31.8382707,54.62834685,1389.452
86,31.8381489,54.62819578,1388.843
87,31.83802587,54.628043,1388.513
88,31.83790258,54.62789006,1388.194
89,31.837779,54.62773527,1387.877
90,31.83765883,54.62758364,1387.616
91,31.83753592,54.62743046,1387.329
92,31.83741379,54.62727722,1386.975
93,31.83729026,54.62712193,1386.758
94,31.83716973,54.62697132,1386.664
95,31.83704774,54.62681725,1386.43
96,31.83692679,54.62666264,1386.223
97,31.83680236,54.626507,1385.991
98,31.8366825,54.62635656,1385.89
99,31.83655864,54.62620041,1385.625
100,31.83643694,54.62604654,1385.299
101,31.83631681,54.62589748,1384.997
102,31.83625412,54.62586165,1384.912
103,31.83610041,54.62598794,1384.653
104,31.83602628,54.62609185,1384.791
105,31.83615097,54.62625956,1384.589
106,31.83627194,54.62641471,1384.514
107,31.83639445,54.62656775,1384.821
108,31.83651733,54.62672196,1385.222
109,31.83663984,54.62687665,1385.778
110,31.83676232,54.62702955,1386.287
111,31.8368853,54.62718397,1386.619
112,31.8370089,54.62733779,1386.851
113,31.83712886,54.62748848,1387.009
114,31.83725242,54.62764308,1387.135
115,31.83737406,54.62779623,1387.201
116,31.83749677,54.62795034,1387.37
117,31.83762055,54.62810503,1387.517
118,31.83774285,54.62825844,1387.736
119,31.83786511,54.62841231,1388.116
120,31.83798733,54.6285659,1388.372
121,31.83810464,54.62871646,1388.703
122,31.83812778,54.62879024,1388.912
123,31.83798906,54.62894045,1388.602
124,31.83788511,54.62900373,1388.815
125,31.83775034,54.62885153,1388.372
126,31.83762592,54.62869919,1387.871
127,31.83750348,54.62854724,1387.676
128,31.83738014,54.62839317,1387.59
129,31.83725751,54.62823914,1387.571
130,31.83713471,54.62808517,1387.409
131,31.8370123,54.62793054,1387.262
132,31.83688987,54.62777753,1387.1
133,31.83676726,54.62762444,1386.783
134,31.83664471,54.62747104,1386.595
135,31.83652112,54.62731713,1386.29
136,31.8363975,54.62716368,1386.157
137,31.83627615,54.62701295,1386.146
138,31.83615176,54.62685699,1386.117
139,31.83602967,54.62670251,1385.888
140,31.83590743,54.62654833,1385.617
141,31.83578851,54.62640075,1385.387
142,31.83572496,54.62636381,1385.359
143,31.83557238,54.6264912,1384.831
144,31.83549998,54.62659751,1385.042
145,31.8356234,54.62676683,1385.133
146,31.83574369,54.62692328,1385.404
147,31.83586767,54.62707891,1385.921
148,31.83598749,54.62723146,1386.329
149,31.83611097,54.62738487,1386.776
150,31.83623436,54.62753773,1386.922
151,31.83635706,54.62769068,1387.008
152,31.8364785,54.62784551,1387.191
153,31.83660151,54.62800176,1387.765
154,31.83672392,54.62815469,1388.389
155,31.8368461,54.62830758,1388.482
156,31.83696896,54.6284619,1388.618
157,31.83709132,54.62861481,1388.745
158,31.83721351,54.6287669,1388.781
159,31.8373364,54.62892099,1388.888
160,31.83745873,54.62907633,1389.113
161,31.83757672,54.62922777,1389.6
162,31.83759917,54.62929841,1389.939
163,31.83745809,54.62944727,1389.466
164,31.83735608,54.62950939,1389.724
165,31.83721999,54.62935452,1389.13
166,31.83709611,54.62920011,1388.55
167,31.83697398,54.62904844,1388.251
168,31.83685159,54.62889491,1388.076
169,31.83672827,54.62873974,1388.097
170,31.83660628,54.62858598,1387.995
171,31.83648384,54.62843296,1387.726
172,31.83636221,54.6282805,1387.276
173,31.83624017,54.62812593,1386.954
174,31.83611967,54.62797387,1386.729
175,31.8359961,54.62781778,1386.512
176,31.83587571,54.62766615,1386.016
177,31.83575265,54.62751117,1385.525
178,31.83563138,54.62735847,1385.146
179,31.83550626,54.62720211,1384.891
180,31.83538592,54.62705177,1384.778
181,31.83526589,54.6269016,1384.716
182,31.83520366,54.62686627,1384.76
183,31.83505056,54.62699422,1384.187
184,31.83497932,54.62709834,1384.553
185,31.83510128,54.62726839,1384.658
186,31.83522302,54.6274257,1384.709
187,31.83534397,54.62757874,1385.083
188,31.83546585,54.62773091,1385.356
189,31.8355892,54.62788548,1385.639
190,31.83571233,54.62803996,1385.991
191,31.83583437,54.62819334,1386.342
192,31.83595694,54.6283477,1386.575
193,31.83607891,54.62850158,1386.874
194,31.83620162,54.6286557,1387.124
195,31.83632269,54.6288076,1387.478
196,31.83644742,54.62896405,1387.709
197,31.83656829,54.62911572,1388.002
198,31.83669298,54.62927144,1388.353
199,31.83681376,54.62942125,1388.484
200,31.83693607,54.62957545,1388.759
201,31.83705314,54.62972766,1389.185
202,31.83706221,54.62977905,1389.251
203,31.83691692,54.62991788,1388.481
204,31.83680814,54.62997711,1388.854
205,31.83667416,54.62982548,1388.408
206,31.83654861,54.62967004,1387.813
207,31.83642711,54.62951745,1387.66
208,31.8363052,54.6293639,1387.427
209,31.83618327,54.6292107,1387.201
210,31.83606167,54.62905659,1386.723
211,31.83593889,54.62890136,1386.372
212,31.83581625,54.62874877,1386.124
213,31.8356935,54.628594,1385.906
214,31.83557114,54.62844039,1385.779
215,31.83544791,54.62828658,1385.753
216,31.83532616,54.62813292,1385.521
217,31.83520386,54.62797925,1385.229
218,31.835082,54.62782505,1384.786
219,31.83495896,54.6276705,1384.551
220,31.83483611,54.62751665,1384.467
221,31.83471758,54.62737436,1384.397
222,31.83468179,54.6273658,1384.364
223,31.83452959,54.62749149,1383.719
224,31.83445726,54.62759656,1384.07
225,31.83457933,54.62776464,1383.973
226,31.83470054,54.62792071,1384.012
227,31.83482222,54.62807451,1384.595
228,31.83494651,54.62823006,1385.039
229,31.835069,54.62838453,1385.555
230,31.83519176,54.62853895,1386.111
231,31.83531408,54.62869278,1386.282
232,31.83543427,54.62884436,1386.353
233,31.83555849,54.62900006,1386.662
234,31.83568004,54.62915136,1386.845
235,31.83580495,54.62930744,1386.797
236,31.83592434,54.62945824,1386.929
237,31.83604748,54.62961297,1387.106
238,31.83617015,54.6297674,1387.286
239,31.8362931,54.62992086,1387.598
240,31.83641579,54.63007428,1387.754
241,31.83651765,54.63022979,1388.231
242,31.83651114,54.630257,1388.159
243,31.83637169,54.63038405,1387.58
244,31.83626272,54.63044251,1387.697
245,31.83612642,54.63028856,1387.408
246,31.83600216,54.63013488,1386.835
247,31.8358801,54.62998166,1386.6
248,31.83575803,54.62982807,1386.418
249,31.83563563,54.62967436,1386.281
250,31.83551378,54.6295203,1386.085
251,31.8353928,54.62936799,1385.696
252,31.83527055,54.62921521,1385.518
253,31.83514853,54.62906247,1385.173
254,31.835026,54.62890807,1385.068
255,31.83490313,54.62875379,1384.924
256,31.83478042,54.62859949,1384.788
257,31.83465802,54.62844646,1384.555
258,31.83453509,54.62829147,1384.23
259,31.83441354,54.62813815,1383.807
260,31.83429108,54.62798452,1383.406
261,31.8341636,54.62786554,1383.228
262,31.83400895,54.62799334,1382.607
263,31.8339364,54.62809835,1383.168
264,31.8340589,54.6282687,1383.231
265,31.83418067,54.6284251,1383.292
266,31.83430173,54.62857856,1383.673
267,31.83442395,54.62873272,1384.205
268,31.83454688,54.62888742,1384.857
269,31.8346693,54.62904098,1385.318
270,31.83479164,54.62919492,1385.691
271,31.83491325,54.62934905,1386.022
272,31.83503477,54.62950204,1386.541
273,31.83515986,54.62965828,1386.796
274,31.83527971,54.62980914,1386.898
275,31.83540513,54.62996567,1387.046
276,31.8355257,54.63011676,1387.377
277,31.83564828,54.63026979,1387.517
278,31.83577128,54.63042459,1387.465
279,31.83589344,54.63057789,1387.779
280,31.83596804,54.63071659,1388.32
281,31.83582118,54.63085857,1387.671
282,31.83571504,54.63091543,1387.83
283,31.83557935,54.63076158,1387.259
284,31.83545465,54.63060773,1386.709
285,31.83533403,54.63045674,1386.623
286,31.83520907,54.63030117,1386.582
287,31.83508897,54.63015018,1386.56
288,31.83496414,54.62999378,1386.337
289,31.83484325,54.62984194,1386.011
290,31.83472138,54.6296885,1385.789
291,31.83460081,54.62953577,1385.517
292,31.83447734,54.62938048,1385.229
293,31.83435477,54.62922649,1385.202
294,31.83423108,54.62907131,1385.067
295,31.83410888,54.62891755,1384.902
296,31.83398658,54.62876363,1384.317
297,31.83386629,54.62861286,1383.815
298,31.83374193,54.62845636,1383.588
299,31.83363811,54.62837005,1383.521
300,31.83348593,54.62849755,1383.081
301,31.8334128,54.62860143,1383.748
302,31.83353536,54.62877121,1383.536
303,31.83365698,54.62892885,1383.529
304,31.83377888,54.62908312,1384.253
305,31.83390155,54.62923502,1384.59
306,31.83402373,54.62938828,1384.816
307,31.83414604,54.62954146,1385.177
308,31.83426777,54.62969532,1385.53
309,31.83439044,54.62984972,1386.088
310,31.83451209,54.63000556,1386.43
311,31.83463528,54.6301593,1386.795
312,31.8347581,54.63031215,1386.895
313,31.83487949,54.6304635,1387.07
314,31.83500314,54.63061925,1387.196
315,31.83512602,54.63077291,1387.098
316,31.835248,54.63092593,1387.182
317,31.83536704,54.63107678,1387.311
318,31.83541914,54.63118467,1387.682
319,31.83527668,54.6313243,1386.847
320,31.8351653,54.6313859,1387.127
321,31.83502963,54.6312339,1386.758
322,31.83490456,54.63107889,1386.347
323,31.83478391,54.6309263,1386.259
324,31.83466067,54.63077133,1386.134
325,31.83453771,54.63061804,1386.194
326,31.83441502,54.63046502,1386.209
327,31.83429286,54.6303109,1386.17
328,31.83417029,54.63015715,1385.881
329,31.83404782,54.63000449,1385.555
330,31.83392576,54.62985032,1384.997
331,31.83380384,54.62969586,1384.37
332,31.83368011,54.62954074,1384.048
333,31.83355852,54.62938905,1383.715
334,31.83343504,54.6292343,1383.441
335,31.83331195,54.62908101,1383.482
336,31.83319167,54.62893112,1383.391
337,31.83311193,54.62887297,1383.299
338,31.83295912,54.62899934,1382.578
339,31.8328864,54.62910434,1382.932
340,31.83300756,54.62927292,1382.968
341,31.83313106,54.6294326,1383.104
342,31.8332503,54.62958357,1383.762
343,31.83337298,54.62973731,1384.446
344,31.83349556,54.62989136,1384.997
345,31.8336189,54.63004606,1385.557
346,31.83374123,54.63019922,1385.875
347,31.83386378,54.6303521,1385.983
348,31.83398624,54.63050542,1385.889
349,31.83410878,54.63065928,1385.999
350,31.83423187,54.6308131,1386.263
351,31.83435489,54.63096762,1386.481
352,31.83447676,54.63112107,1386.7
353,31.83460026,54.63127588,1387.099
354,31.83472274,54.63142945,1387.517
355,31.83484085,54.63158192,1387.863
356,31.83486784,54.63165737,1388.118
357,31.83472508,54.63179695,1387.207
358,31.83461459,54.63185557,1387.193
359,31.83448071,54.63170352,1386.619
360,31.83435508,54.63154896,1386.076
361,31.83423309,54.6313964,1386.115
362,31.83411127,54.63124284,1386.007
363,31.83398898,54.631089,1386.004
364,31.83386652,54.63093555,1385.903
365,31.8337458,54.63078378,1385.745
366,31.8336222,54.63062681,1385.497
367,31.83349979,54.63047321,1385.024
368,31.83337844,54.63032143,1384.714
369,31.83325394,54.63016511,1384.632
370,31.83313407,54.63001414,1384.311
371,31.83300988,54.62985806,1383.997
372,31.83288911,54.62970587,1383.827
373,31.83276661,54.62955138,1383.575
374,31.83264774,54.62940286,1383.524
375,31.83259076,54.62937334,1383.446
376,31.83243767,54.62950069,1382.752
377,31.83236505,54.62960462,1383.09
378,31.83248625,54.62977282,1382.872
379,31.83260799,54.62993061,1382.902
380,31.83273205,54.63008602,1383.586
381,31.83285255,54.63023597,1384.076
382,31.83297686,54.63039315,1384.627
383,31.83309748,54.63054463,1384.994
384,31.83321953,54.63069764,1385.234
385,31.83334188,54.6308512,1385.394
386,31.83346411,54.63100509,1385.565
387,31.83358711,54.63115979,1385.763
388,31.83370983,54.63131463,1386.056
389,31.83383055,54.63146486,1386.235
390,31.83395504,54.63162108,1386.386
391,31.83407544,54.63177335,1386.703
392,31.83419903,54.63192818,1387.21
393,31.83431463,54.63208158,1387.804
394,31.83432024,54.63212605,1387.943
395,31.83417638,54.63226552,1387.158
396,31.83406847,54.63232472,1387.179
397,31.83393352,54.63217119,1386.354
398,31.83380873,54.63201766,1385.666
399,31.83368655,54.63186551,1385.515
400,31.83356396,54.63171263,1385.619
401,31.83344207,54.63155961,1385.746
402,31.83332031,54.6314059,1385.662
403,31.83319758,54.63125172,1385.462
404,31.83307477,54.63109736,1385.282
405,31.83295228,54.63094214,1384.943
406,31.83283258,54.63079127,1384.385
407,31.83270759,54.63063454,1383.995
408,31.83258591,54.63048276,1383.981
409,31.83246162,54.63032631,1383.881
410,31.8323423,54.630176,1383.531
411,31.83221677,54.63001896,1383.151
412,31.83209555,54.62988004,1383.148
413,31.83206691,54.62987551,1383.132
414,31.8319155,54.63000157,1382.566
415,31.83184282,54.63010534,1382.735
416,31.83196568,54.63027618,1382.702
417,31.83208475,54.63043149,1382.967
418,31.8322064,54.63058515,1383.733
419,31.83232982,54.63073954,1384.414
420,31.83245343,54.63089217,1384.824
421,31.83257649,54.63104551,1384.954
422,31.83269692,54.63119792,1385.174
423,31.83282074,54.63135415,1385.457
424,31.83294341,54.63150856,1385.662
425,31.83306535,54.63166294,1386.122
426,31.83318796,54.63181664,1386.315
427,31.83331079,54.63197016,1386.48
428,31.83343097,54.6321217,1386.698
429,31.83355581,54.63227875,1387.033
430,31.83367656,54.63243021,1387.239
431,31.83377418,54.6325868,1387.514
432,31.83362752,54.63273702,1386.898
433,31.83351937,54.63279347,1386.977
434,31.83338205,54.63263964,1386.507
435,31.83325974,54.63248841,1386.059
436,31.83313663,54.63233506,1385.9
437,31.8330152,54.63218154,1385.456
438,31.83289259,54.63202802,1385.177
439,31.83277027,54.63187424,1384.946
440,31.83264756,54.63172,1384.622
441,31.8325248,54.63156567,1384.327
442,31.83240143,54.63141043,1384.104
443,31.83228088,54.6312596,1383.895
444,31.83215663,54.63110357,1383.609
445,31.8320355,54.63095212,1383.366
446,31.83191223,54.63079787,1383.286
447,31.83178984,54.6306447,1383.256
448,31.8316652,54.63048848,1382.969
449,31.83154015,54.63036638,1383.136
450,31.83136723,54.63046824,1382.538
451,31.83128054,54.63056215,1382.696
452,31.83140189,54.6307329,1382.846
453,31.83152555,54.630892,1383.065
454,31.83164626,54.6310439,1383.569
455,31.83176869,54.63119694,1383.741
456,31.83189033,54.63135102,1383.962
457,31.8320131,54.6315054,1384.444
458,31.83213575,54.63165897,1384.849
459,31.83225803,54.63181276,1385.063
460,31.83238009,54.63196674,1385.225
461,31.83250071,54.63211784,1385.347
462,31.83262493,54.63227453,1385.604
463,31.83274789,54.63242812,1385.9
464,31.83286884,54.63258085,1386.244
465,31.83299376,54.63273782,1386.636
466,31.83311391,54.63288828,1386.802
467,31.83322183,54.63304226,1387.255
468,31.83321849,54.63307119,1387.228
469,31.83307338,54.63320729,1386.943
470,31.83296773,54.63326516,1387.204
471,31.83283245,54.63311145,1386.909
472,31.83270638,54.63295485,1386.36
473,31.83258451,54.63280297,1386.251
474,31.83246304,54.63265,1386.138
475,31.83234122,54.63249638,1385.848
476,31.8322192,54.63234328,1385.585
477,31.83209427,54.63218698,1385.222
478,31.8319737,54.6320351,1384.961
479,31.83185159,54.63188142,1384.53
480,31.83172916,54.63172748,1384.239
481,31.8316069,54.63157459,1383.995
482,31.83148472,54.63142084,1383.845
483,31.83136257,54.63126686,1383.515
484,31.83123874,54.63111169,1383.164
485,31.83111575,54.6309578,1382.862
486,31.83099718,54.6308115,1382.599
487,31.8309447,54.63078814,1382.578
488,31.83077868,54.6308927,1382.103
489,31.83069226,54.63098602,1382.346
490,31.83081602,54.63115714,1382.21
491,31.83093763,54.63131294,1382.154
492,31.83105836,54.63146636,1382.491
493,31.83118004,54.63162032,1383.075
494,31.83130228,54.63177305,1383.53
495,31.83142482,54.63192698,1383.99
496,31.83154721,54.63208042,1384.373
497,31.83167049,54.63223415,1384.589
498,31.83179101,54.63238565,1384.694
499,31.83191548,54.63254352,1385.044
500,31.83203867,54.63269877,1385.673
501,31.83216027,54.63285195,1386.248
502,31.83228247,54.63300555,1386.63
503,31.83240565,54.63315948,1386.715
504,31.83252736,54.6333118,1386.626
505,31.83264631,54.63346373,1386.846
506,31.83266871,54.63353518,1387.095
507,31.83252487,54.63367413,1386.724
508,31.8324149,54.63373342,1386.91
509,31.83227864,54.63357917,1386.482
510,31.83215529,54.63342773,1386.125
511,31.83203322,54.63327509,1386.05
512,31.83191143,54.63312195,1385.947
513,31.83178909,54.63296843,1385.668
514,31.83166442,54.63281164,1385.376
515,31.83154449,54.63266084,1385.244
516,31.83142031,54.63250407,1385.188
517,31.83129918,54.63235224,1384.89
518,31.83117635,54.6321998,1384.649
519,31.83105414,54.63204593,1384.347
520,31.83093176,54.63189109,1384.05
521,31.83080909,54.63173719,1383.77
522,31.83068582,54.63158293,1383.529
523,31.83056359,54.63142914,1383.321
524,31.83044248,54.63127724,1383.044
525,31.83035484,54.63121214,1382.959
2,31.83018965,54.63131302,1386.793
3,31.83009559,54.63140206,1386.307
4,31.83022744,54.63157179,1386.44
5,31.83034986,54.6317278,1386.483
6,31.83047185,54.63188042,1386.644
7,31.83059406,54.63203415,1386.809
8,31.83071699,54.63218808,1386.936
9,31.83083986,54.63234246,1386.945
10,31.83096258,54.63249442,1387.11
11,31.83108557,54.63264764,1387.292
12,31.8312093,54.63280225,1387.447
13,31.83133217,54.63295612,1387.606
14,31.83145429,54.63310928,1387.942
15,31.83157681,54.63326295,1388.362
16,31.83169971,54.63341733,1388.808
17,31.83182183,54.63357074,1389.327
18,31.83194428,54.6337241,1389.855
19,31.83206698,54.63387799,1390.143
20,31.83212832,54.6339979,1390.343
21,31.83198066,54.63413921,1390.083
22,31.83187307,54.63419836,1389.92
23,31.8317355,54.63404242,1389.743
24,31.83161192,54.63388944,1389.547
25,31.83148967,54.63373792,1389.396
26,31.83136769,54.63358409,1389.156
27,31.83124426,54.63342906,1388.758
28,31.83112436,54.6332786,1388.407
29,31.83099945,54.63312311,1388.201
30,31.83087869,54.6329712,1387.821
31,31.83075493,54.63281487,1387.618
32,31.8306342,54.63266323,1387.408
33,31.83051165,54.63250948,1387.089
34,31.83038972,54.63235596,1386.921
35,31.83026633,54.63220237,1386.794
36,31.83014311,54.6320479,1386.627
37,31.83002115,54.63189468,1386.391
38,31.82989897,54.63174184,1386.104
39,31.82977608,54.63163068,1385.972
40,31.82961058,54.63173677,1385.931
41,31.82952493,54.63182879,1386.388
42,31.82964974,54.63200089,1386.791
43,31.82977357,54.63215792,1386.854
44,31.82989354,54.63230651,1386.953
45,31.83001742,54.63245999,1387.133
46,31.83014094,54.63261259,1387.392
47,31.83026289,54.63276608,1387.95
48,31.8303842,54.63291885,1388.404
49,31.83050707,54.63307306,1388.943
50,31.8306291,54.63322812,1389.457
51,31.83075126,54.63338219,1389.89
52,31.83087473,54.63353787,1390.331
53,31.83099683,54.63369177,1390.73
54,31.83111887,54.63384491,1390.875
55,31.83124093,54.63399979,1391.132
56,31.83136442,54.6341542,1391.537
57,31.83148586,54.63430656,1392.01
58,31.83157973,54.63446176,1392.274
59,31.83143276,54.63461032,1391.003
60,31.83132363,54.63466805,1390.507
61,31.83118759,54.6345148,1390.063
62,31.83106225,54.6343589,1389.901
63,31.83094075,54.63420507,1389.829
64,31.83081912,54.63405328,1389.503
65,31.83069568,54.6338994,1389.28
66,31.83057424,54.63374798,1389.039
67,31.83045196,54.63359456,1388.726
68,31.83032949,54.63344146,1388.428
69,31.83020687,54.63328823,1388.207
70,31.83008474,54.63313441,1387.981
71,31.82996231,54.63298077,1387.667
72,31.82983973,54.63282735,1387.486
73,31.82971652,54.6326733,1387.246
74,31.82959268,54.63251743,1387.222
75,31.82947048,54.63236467,1387.08
76,31.82934793,54.6322113,1386.769
77,31.82922812,54.6320666,1386.652
78,31.82918865,54.6320538,1386.586
79,31.8290224,54.63215833,1385.639
80,31.82893475,54.63225185,1385.685
81,31.82905807,54.63242271,1385.606
82,31.82918012,54.63258075,1385.672
83,31.8293016,54.63273404,1385.909
84,31.82942357,54.63288649,1385.957
85,31.82954396,54.63303874,1386.178
86,31.82966851,54.63319501,1386.551
87,31.82978939,54.63334662,1386.933
88,31.82991399,54.63350308,1387.25
89,31.8300342,54.63365536,1387.529
90,31.83015638,54.6338094,1387.769
91,31.83027964,54.63396419,1388.08
92,31.83040224,54.63411786,1388.418
93,31.83052483,54.63427183,1388.653
94,31.83064737,54.63442502,1388.76
95,31.83076951,54.63457828,1388.926
96,31.83089171,54.63473196,1389.003
97,31.83100652,54.63488023,1389.232
98,31.83102129,54.63494233,1389.449
99,31.83087578,54.63508413,1389.363
100,31.83076852,54.63514043,1389.342
101,31.8301915,54.63460792,1389.088
102,31.8306468,54.63499196,1387.458
103,31.83054808,54.63486715,1387.289
104,31.83042497,54.63471143,1387.017
105,31.83030407,54.6345598,1386.892
106,31.83017998,54.63440632,1386.7
107,31.83005683,54.63425339,1386.689
108,31.82993348,54.63409948,1386.678
109,31.82981051,54.63394578,1386.436
110,31.82968844,54.63379263,1386.149
111,31.82956566,54.63363703,1385.638
112,31.82944326,54.6334823,1385.15
113,31.82932057,54.63332844,1384.908
114,31.82919738,54.63317414,1384.599
115,31.82907382,54.63301973,1384.353
116,31.82895083,54.63286539,1384.329
117,31.82882786,54.6327119,1384.326
118,31.82870549,54.63255873,1384.211
119,31.82860304,54.63247225,1383.916
120,31.82843669,54.63257862,1383.114
121,31.82835066,54.63267042,1383.239
122,31.82847409,54.63284184,1383.204
123,31.82859746,54.63299886,1382.96
124,31.82871987,54.63315329,1383.242
125,31.82884417,54.6333087,1383.505
126,31.8289663,54.63346207,1383.789
127,31.82908876,54.63361483,1384.128
128,31.82921047,54.63376808,1384.446
129,31.82933082,54.63391956,1384.869
130,31.82945531,54.63407299,1385.23
131,31.82957939,54.63422687,1385.345
132,31.82970293,54.63437992,1385.362
133,31.82982619,54.63453545,1385.476
134,31.82994881,54.63468936,1385.598
135,31.83007036,54.6348413,1385.747
136,31.83019296,54.63499337,1386.134
137,31.83031595,54.63514798,1386.446
138,31.83043632,54.63530177,1386.809
139,31.83048325,54.63540754,1386.77
140,31.83033791,54.63554843,1386.409
2,31.83025556,54.63562169,1388.277
3,31.83022708,54.63563573,1388.096
4,31.83009435,54.63546573,1388.042
5,31.82997139,54.63530834,1387.995
6,31.82985027,54.63515508,1388.127
7,31.82972789,54.63500163,1388.171
8,31.82960542,54.63484845,1388.098
9,31.82948301,54.63469452,1388.044
10,31.82936016,54.63454146,1388.002
11,31.82923699,54.63438744,1388.162
12,31.82911427,54.63423256,1388.278
13,31.82899427,54.63408106,1388.022
14,31.82887007,54.63392439,1387.692
15,31.82875025,54.63377369,1387.298
16,31.82862581,54.63361663,1386.924
17,31.82850589,54.63346477,1386.55
18,31.82838108,54.63330773,1386.238
19,31.82826143,54.63315769,1385.997
20,31.82813864,54.63300317,1385.787
21,31.82801826,54.63289328,1385.666
22,31.82785367,54.63299596,1384.87
23,31.82776644,54.63309048,1384.643
24,31.82788931,54.63326181,1384.754
25,31.82801221,54.63341947,1384.582
26,31.82813211,54.63357138,1384.603
27,31.82825691,54.63372766,1384.972
28,31.82837992,54.63388176,1385.423
29,31.82850243,54.63403556,1385.884
30,31.82862525,54.63418931,1386.064
31,31.82874785,54.63434305,1386.227
32,31.82886999,54.63449754,1386.432
33,31.82899193,54.63465106,1386.786
34,31.82911408,54.63480483,1387.14
35,31.82923595,54.6349589,1387.555
36,31.82935823,54.63511265,1387.968
37,31.82948138,54.63526642,1388.191
38,31.82960333,54.63541953,1388.567
39,31.82972524,54.63557366,1388.833
40,31.82984869,54.6357281,1388.915
41,31.82993389,54.63587854,1389.1
42,31.82978846,54.63601832,1388.36
43,31.82968105,54.63607665,1388.21
44,31.8295436,54.63592182,1388.097
45,31.8294171,54.63576533,1387.674
46,31.82929709,54.63561522,1387.755
47,31.82917395,54.63545934,1387.93
48,31.82905143,54.63530523,1387.937
49,31.82892949,54.6351531,1387.723
50,31.82880781,54.6349993,1387.545
51,31.8286845,54.63484357,1387.347
52,31.82856241,54.63469043,1387.138
53,31.82843913,54.6345352,1386.871
54,31.82831646,54.63438135,1386.562
55,31.82819487,54.63422915,1386.298
56,31.82807249,54.6340755,1386.145
57,31.82795053,54.63392133,1385.969
58,31.82782563,54.6337639,1385.61
59,31.82770539,54.63361242,1385.311
60,31.82758265,54.63345846,1385.2
61,31.82746087,54.63331724,1385.242
62,31.82743019,54.63331104,1385.241
63,31.8272641,54.63341751,1384.73
64,31.82717879,54.63351214,1384.708
65,31.82730264,54.63368384,1384.83
66,31.82742448,54.63384218,1384.899
67,31.82754473,54.63399415,1385.206
68,31.82766924,54.63415152,1385.444
69,31.82779009,54.63430276,1385.885
70,31.8279128,54.63445635,1386.234
71,31.82803488,54.63460999,1386.585
72,31.82815772,54.63476343,1386.746
73,31.82828054,54.63491997,1387.071
74,31.82840289,54.63507445,1387.332
75,31.82852483,54.63522699,1387.344
76,31.82864735,54.63538058,1387.297
77,31.82876905,54.63553522,1387.225
78,31.82889039,54.63568888,1387.369
79,31.82901382,54.63584219,1387.556
80,31.82913607,54.63599599,1387.773
81,31.82925892,54.63615099,1387.935
82,31.82937565,54.63630311,1388.079
83,31.82938064,54.63634917,1388.079
84,31.82922296,54.63646975,1387.554
85,31.82910439,54.63651908,1387.372
86,31.82896824,54.63636611,1387.615
87,31.82884128,54.63620954,1387.424
88,31.82872148,54.63605896,1387.281
89,31.82859746,54.63590205,1387.238
90,31.82847711,54.63575011,1387.19
91,31.8283553,54.63559676,1387.067
92,31.82823338,54.63544296,1386.949
93,31.82811138,54.63528757,1386.814
94,31.82798825,54.63513308,1386.857
95,31.82786622,54.63497918,1386.784
96,31.82774369,54.63482499,1386.682
97,31.82762056,54.63467151,1386.599
98,31.82750003,54.63452034,1386.399
99,31.82737796,54.63436693,1386.253
100,31.82725505,54.63421242,1386.068
101,31.82713304,54.6340595,1385.969
102,31.82701112,54.63390547,1385.737
103,31.82689195,54.63375741,1385.578
104,31.82684596,54.63374147,1385.644
105,31.82668233,54.6338463,1385.656
106,31.82659668,54.63393814,1385.929
107,31.8267179,54.63410836,1385.992
108,31.82684038,54.63426857,1386.198
109,31.82696095,54.63442189,1386.757
110,31.82708377,54.63457609,1387.11
111,31.82720645,54.63473204,1387.459
112,31.82732763,54.6348852,1387.85
113,31.82744931,54.63503842,1388.006
114,31.82757084,54.6351906,1388.006
115,31.82769523,54.63534568,1388.015
116,31.82781502,54.63549693,1388.275
117,31.82793761,54.6356522,1388.525
118,31.82805927,54.63580577,1388.609
119,31.82818096,54.63595964,1388.725
120,31.82830277,54.63611375,1388.783
121,31.82842455,54.63626785,1388.827
122,31.82854538,54.63642169,1389.018
123,31.82867032,54.63658008,1389.374
124,31.828772,54.63673325,1389.794
125,31.82876406,54.63675731,1389.731
126,31.82860979,54.6368632,1388.565
127,31.8284891,54.63691036,1387.693
128,31.82835526,54.63675731,1387.389
129,31.82822901,54.63659944,1387.356
130,31.82810905,54.6364493,1387.554
131,31.82798479,54.63629325,1387.749
132,31.8278647,54.6361424,1387.773
133,31.82774031,54.63598593,1387.652
134,31.82762,54.63583472,1387.27
135,31.82749649,54.63567995,1387.033
136,31.82737406,54.63552506,1386.997
137,31.82725143,54.63537071,1386.927
138,31.82712659,54.63521488,1386.919
139,31.82700634,54.6350634,1386.731
140,31.8268823,54.63490927,1386.461
141,31.82675879,54.63475389,1386.303
142,31.82663661,54.63459935,1386.174
143,31.82651476,54.6344454,1385.797
144,31.82639193,54.63429093,1385.357
145,31.82626937,54.63416452,1385.058
146,31.82609327,54.634268,1384.545
147,31.82600625,54.63436103,1384.308
148,31.82613142,54.63453433,1383.99
149,31.82625234,54.63469087,1384.009
150,31.82637427,54.63484497,1384.484
151,31.82649667,54.63499934,1384.889
152,31.82661925,54.63515242,1385.449
153,31.82674173,54.63530665,1385.954
154,31.82686462,54.63546223,1386.427
155,31.82698473,54.63561483,1386.721
156,31.82710735,54.63576819,1386.729
157,31.82722966,54.63592171,1386.807
158,31.82735264,54.63607596,1386.786
159,31.8274761,54.63623058,1386.975
160,31.82759771,54.63638297,1387.165
161,31.82772018,54.63653698,1387.314
162,31.82784239,54.63669119,1387.524
163,31.82796444,54.63684575,1387.602
164,31.82808733,54.63699862,1387.684
165,31.82815768,54.63713202,1388.03
166,31.82799735,54.63724823,1388.397
167,31.82787595,54.63729525,1388.818
168,31.82774116,54.63714232,1388.604
169,31.8276156,54.63698776,1388.286
170,31.8274938,54.63683544,1388.065
171,31.82736996,54.63668106,1387.993
172,31.82724697,54.63652689,1387.823
173,31.82712667,54.6363757,1387.589
174,31.82700168,54.63621896,1387.339
175,31.82688102,54.63606796,1387.171
176,31.82675776,54.63591244,1386.953
177,31.82663536,54.63575847,1386.831
178,31.82651224,54.63560476,1386.578
179,31.82638988,54.6354512,1386.414
180,31.8262679,54.63529829,1386.073
181,31.82614557,54.63514489,1385.743
182,31.82602307,54.63499129,1385.539
183,31.82590121,54.63483764,1385.399
184,31.82577877,54.63468345,1385.158
185,31.82567068,54.63458856,1385.22
186,31.82550372,54.63469256,1384.684
187,31.82541596,54.63478421,1384.925
188,31.82553737,54.6349544,1384.546
189,31.82566187,54.63511432,1384.54
190,31.82578158,54.6352659,1384.962
191,31.82590424,54.63541939,1385.497
192,31.82602746,54.63557234,1385.946
193,31.82614958,54.6357265,1386.127
194,31.82627216,54.63588075,1386.482
195,31.82639297,54.63603246,1386.856
196,31.82651531,54.6361858,1387.145
197,31.82663731,54.63633941,1387.285
198,31.82675978,54.63649319,1387.355
199,31.82688255,54.6366473,1387.507
200,31.82700504,54.63680175,1387.766
201,31.82712682,54.6369561,1387.979
202,31.82724943,54.63711048,1388.197
203,31.82737298,54.6372659,1388.461
204,31.82749437,54.63741942,1389.033
205,31.82754041,54.63751928,1389.396
206,31.82738019,54.6376345,1388.423
207,31.82725689,54.63767986,1388.352
208,31.82712232,54.63752642,1387.904
209,31.8269977,54.63737327,1387.524
210,31.82687565,54.63722024,1387.532
211,31.8267536,54.63706724,1387.272
212,31.82663126,54.63691278,1386.963
213,31.82650955,54.63675906,1386.506
214,31.82638638,54.63660467,1386.287
215,31.82626366,54.63645139,1386.301
216,31.82614108,54.63629767,1386.074
217,31.82602081,54.6361465,1385.852
218,31.8258963,54.63599038,1385.697
219,31.8257749,54.63583821,1385.558
220,31.82565198,54.63568411,1385.233
221,31.82552956,54.63553052,1385.072
222,31.82540555,54.63537476,1385.037
223,31.82528447,54.635223,1384.866
224,31.82516359,54.63507103,1384.769
225,31.82507948,54.63500817,1384.664
226,31.82491425,54.63511128,1383.882
227,31.82482796,54.6352048,1384.254
228,31.82494926,54.63537483,1384.04
229,31.82507256,54.63553345,1383.982
230,31.82519424,54.63568699,1384.526
231,31.82531599,54.63584006,1384.994
232,31.82543867,54.63599478,1385.37
233,31.82555841,54.63614497,1385.613
234,31.82568184,54.63629996,1385.884
235,31.82580485,54.63645416,1386.155
236,31.82592708,54.63660682,1386.403
237,31.82604958,54.6367609,1386.38
238,31.82617303,54.6369156,1386.474
239,31.82629343,54.63706677,1386.641
240,31.82641612,54.63722069,1386.83
241,31.82653963,54.63737547,1387.084
242,31.82666196,54.6375289,1387.305
243,31.82678406,54.63768233,1387.417
244,31.82690277,54.63783391,1387.532
245,31.82692451,54.63790325,1387.654
246,31.82676351,54.63802067,1386.829
247,31.82664244,54.63806496,1386.653
248,31.82650702,54.63791189,1386.42
249,31.82638252,54.63775917,1386.22
250,31.8262598,54.63760637,1386.077
251,31.82613888,54.63745445,1386.131
252,31.82601648,54.6373005,1386.125
253,31.82589251,54.63714469,1385.913
254,31.82576984,54.63699112,1385.514
255,31.82564741,54.63683724,1385.244
256,31.82552493,54.63668385,1385.132
257,31.82540203,54.63653022,1385.176
258,31.82528121,54.63637906,1385.11
259,31.82515642,54.63622249,1385.068
260,31.82503554,54.63607067,1384.862
261,31.82491267,54.63591689,1384.68
262,31.82479009,54.63576344,1384.297
263,31.82466768,54.63560948,1384.16
264,31.82454773,54.63545918,1384.214
265,31.82449076,54.63542839,1384.424
266,31.82432588,54.63553063,1385.057
267,31.82423759,54.63562485,1386.36
268,31.82435854,54.63579463,1386.12
269,31.8244814,54.63595239,1385.881
270,31.82460319,54.63610586,1386.215
271,31.82472519,54.63625961,1386.641
272,31.82484721,54.63641279,1387.086
273,31.82496953,54.6365662,1387.426
274,31.82509146,54.63672015,1387.651
275,31.8252134,54.63687445,1387.816
276,31.82533684,54.63702976,1387.949
277,31.8254593,54.63718344,1388.133
278,31.82558235,54.63733814,1388.266
279,31.82570365,54.63749094,1388.255
280,31.82582584,54.63764469,1388.269
281,31.82594827,54.63779818,1388.352
282,31.82606999,54.63795041,1388.237
283,31.82619242,54.6381049,1388.266
284,31.82630747,54.63825979,1388.743
285,31.82630669,54.63829431,1388.735
286,31.82614732,54.63840904,1387.836
287,31.82602428,54.63845525,1387.567
288,31.82589031,54.63830309,1387.044
289,31.82576497,54.63814778,1386.593
290,31.8256429,54.63799539,1386.493
291,31.82552076,54.63784249,1386.315
292,31.825398,54.63768815,1386.277
293,31.82527596,54.63753486,1386.17
294,31.82515338,54.63738129,1386.067
295,31.82503076,54.63722758,1385.874
296,31.82490816,54.63707363,1385.514
297,31.82478606,54.63691996,1385.208
298,31.82466331,54.63676636,1384.944
299,31.82454092,54.63661236,1384.592
300,31.8244182,54.63645726,1384.278
301,31.82429527,54.63630279,1384.078
302,31.82417473,54.63615104,1383.688
303,31.82405218,54.63599747,1383.577
304,31.8239305,54.63585188,1383.533
305,31.82388998,54.63583844,1383.418
306,31.82371901,54.63592068,1382.322
307,31.82361695,54.63600791,1382.394
308,31.82373677,54.63617679,1382.128
309,31.82386138,54.63633693,1382.121
310,31.82398154,54.63648824,1382.635
311,31.82410453,54.63664223,1383.233
312,31.82422684,54.63679671,1383.862
313,31.824349,54.63695073,1384.184
314,31.8244704,54.63710361,1384.295
315,31.82459353,54.63725781,1384.292
316,31.8247166,54.63741291,1384.497
317,31.82483949,54.63756634,1384.762
318,31.82496178,54.63771919,1384.856
319,31.82508366,54.63787259,1384.886
320,31.82520603,54.63802681,1385.065
321,31.82532875,54.63818106,1385.277
322,31.82545073,54.63833464,1385.393
323,31.82557324,54.63848952,1385.683
324,31.8256891,54.63864395,1386.406
325,31.82569162,54.63868433,1386.512
326,31.82553087,54.63880072,1385.833
327,31.82541125,54.63884644,1386.046
328,31.82527608,54.63869439,1385.798
329,31.82515066,54.63853958,1385.469
330,31.82502938,54.63838686,1385.332
331,31.82490737,54.63823269,1385.048
332,31.82478436,54.63807761,1385.083
333,31.82466271,54.6379252,1385.01
334,31.82453971,54.63777075,1384.949
335,31.82441724,54.63761806,1384.641
336,31.8242945,54.63746445,1384.433
337,31.8241717,54.63731021,1384.444
338,31.8240494,54.63715613,1384.517
339,31.82392738,54.63700272,1384.425
340,31.82380513,54.6368494,1384.164
341,31.82368271,54.63669483,1383.772
342,31.82356208,54.6365435,1383.493
343,31.82343715,54.63638714,1383.215
344,31.82331893,54.63623894,1383.071
345,31.82325317,54.63619862,1383.034
346,31.82308198,54.63628028,1382.271
347,31.82297874,54.63636703,1382.45
348,31.82310202,54.63654064,1382.259
349,31.82322376,54.63669775,1382.359
350,31.82334454,54.63685068,1382.574
351,31.82346745,54.63700361,1382.957
352,31.8235896,54.63715654,1383.45
353,31.82371165,54.63731013,1383.957
354,31.82383332,54.63746281,1384.019
355,31.82395559,54.63761546,1384.297
356,31.82407814,54.63776968,1384.602
357,31.82420063,54.63792459,1384.877
358,31.82432222,54.63807758,1385.178
359,31.82444446,54.63823161,1385.538
360,31.82456645,54.6383864,1385.807
361,31.82468903,54.63853953,1385.968
362,31.82481164,54.6386927,1386.041
363,31.82493417,54.63884647,1386.125
364,31.82505403,54.63899922,1386.522
365,31.82507818,54.63907045,1386.784
366,31.82491874,54.63918846,1386.828
367,31.82479684,54.63923391,1387.488
368,31.82466338,54.63908434,1387.232
369,31.82453668,54.63892757,1386.756
370,31.82441625,54.63877696,1386.719
371,31.82429216,54.63862154,1386.596
372,31.82416984,54.63846787,1386.344
373,31.8240478,54.63831431,1386.118
374,31.82392541,54.63816098,1385.848
375,31.82380444,54.63800847,1385.618
376,31.82368013,54.63785243,1385.397
377,31.82355977,54.6377013,1385.004
378,31.82343524,54.63754506,1384.731
379,31.82331428,54.63739247,1384.557
380,31.82319189,54.63723855,1384.44
381,31.82306883,54.63708525,1384.045
382,31.82294605,54.63693094,1383.7
383,31.82282379,54.63677663,1383.459
384,31.82270167,54.63662319,1383.42
385,31.82261441,54.63655574,1383.479
386,31.822443,54.636637,1383.324
387,31.82233919,54.63672316,1383.95
388,31.82245995,54.6368936,1383.616
389,31.82258367,54.63705181,1383.806
390,31.82270503,54.63720499,1384.47
391,31.82282711,54.63735883,1384.711
392,31.82294941,54.63751202,1385.057
393,31.82307117,54.63766549,1385.156
394,31.82319409,54.63781995,1385.384
395,31.82331429,54.63797113,1385.693
396,31.82343951,54.63812798,1386.287
397,31.82355966,54.63827759,1386.518
398,31.82368238,54.63843252,1386.761
399,31.82380467,54.63858644,1387.143
400,31.82392698,54.63874081,1387.493
401,31.82405062,54.63889605,1387.739
402,31.82417302,54.63904975,1387.952
403,31.82429544,54.63920324,1388.261
404,31.82441623,54.63935573,1388.532
405,31.82446349,54.63945919,1388.768
406,31.82430342,54.6395762,1387.949
407,31.82418134,54.63962251,1387.919
408,31.82404526,54.63946935,1387.559
409,31.82392278,54.63931813,1387.108
410,31.82380022,54.63916418,1387.012
411,31.82367788,54.63901059,1386.809
412,31.82355577,54.63885708,1386.621
413,31.82343332,54.63870336,1386.304
414,31.823311,54.63854965,1386.112
415,31.82318879,54.63839533,1385.992
416,31.8230661,54.63824263,1385.696
417,31.82294375,54.63808936,1385.497
418,31.82281908,54.63793322,1385.299
419,31.82269831,54.63778221,1385.27
420,31.82257435,54.63762552,1385.092
421,31.82245402,54.63747395,1384.818
422,31.82233171,54.6373194,1384.531
423,31.82220844,54.63716508,1384.185
424,31.82208682,54.63701261,1383.857
425,31.82197332,54.63691467,1383.655
426,31.82180115,54.63699637,1382.434
427,31.82169804,54.63708248,1382.278
428,31.82181902,54.63725257,1382.151
429,31.82194065,54.63740876,1382.443
430,31.82206263,54.63756268,1383.205
431,31.82218537,54.6377163,1383.855
432,31.82230774,54.63786989,1384.471
433,31.82242957,54.63802357,1384.871
434,31.82255387,54.63818163,1385.325
435,31.82267411,54.63833261,1385.849
436,31.82279637,54.63848588,1386.122
437,31.82291938,54.63864,1386.29
438,31.82304208,54.63879464,1386.606
439,31.82316355,54.63894906,1386.985
440,31.82328495,54.63910269,1387.212
441,31.82340764,54.63925697,1387.458
442,31.82352951,54.63941025,1387.859
443,31.8236517,54.63956469,1388.118
444,31.82377405,54.63971829,1388.577
445,31.82384487,54.63985078,1388.778
446,31.82368522,54.63996746,1387.629
447,31.82356275,54.64001464,1387.659
448,31.82342914,54.63986315,1387.255
449,31.82330293,54.63970542,1386.768
450,31.8231817,54.63955412,1386.565
451,31.82305778,54.63939975,1386.173
452,31.82293744,54.63924814,1385.965
453,31.8228133,54.6390921,1385.725
454,31.82269306,54.63894177,1385.446
455,31.822568,54.6387852,1385.194
456,31.82244821,54.63863442,1384.906
457,31.82232404,54.63847784,1384.471
458,31.822204,54.63832632,1384.185
459,31.82208081,54.63817178,1383.825
460,31.8219583,54.63801852,1383.556
461,31.8218333,54.63786274,1383.549
462,31.82171225,54.6377099,1383.362
463,31.82158938,54.63755574,1383.221
464,31.82146699,54.63740246,1383.103
465,31.82133987,54.63727459,1383.054
466,31.82115728,54.63735613,1382.926
467,31.82105553,54.63744167,1383.527
468,31.82117695,54.63761267,1382.965
469,31.82129958,54.63777044,1382.871
470,31.82142144,54.63792399,1383.243
471,31.82154378,54.63807729,1383.69
472,31.82166571,54.63823134,1384.053
473,31.82178792,54.63838479,1384.239
474,31.82191063,54.63853979,1384.379
475,31.82203331,54.63869358,1384.388
476,31.82215495,54.63884627,1384.394
477,31.82227808,54.63900116,1384.601
478,31.82240128,54.63915498,1384.739
479,31.82252321,54.63930773,1384.886
480,31.82264508,54.63946068,1384.898
481,31.82276891,54.63961581,1384.841
482,31.8228888,54.63976677,1384.951
483,31.82301164,54.63992178,1384.941
484,31.82313379,54.64007591,1385.006
485,31.82323088,54.64023257,1385.659
486,31.82306828,54.64035608,1385.22
487,31.82294789,54.64040352,1385.417
488,31.82281278,54.64025035,1385.164
489,31.82268867,54.64009698,1385.02
490,31.8225677,54.63994484,1385.073
491,31.8224471,54.639793,1385.258
492,31.82232259,54.63963628,1385.302
493,31.82219959,54.63948184,1385.421
494,31.82207927,54.63933069,1385.396
495,31.82195566,54.63917505,1385.299
496,31.82183291,54.63902148,1385.143
497,31.82171064,54.63886854,1384.931
498,31.82158752,54.63871472,1384.753
499,31.82146489,54.63856026,1384.587
500,31.82134389,54.63840883,1384.601
501,31.82122157,54.63825558,1384.587
502,31.82109871,54.63810187,1384.589
503,31.82097558,54.63794809,1384.572
504,31.82085353,54.63779497,1384.405
505,31.82073253,54.63764957,1384.228
506,31.82069223,54.63763462,1384.161
507,31.82051851,54.63771668,1383.686
508,31.82041691,54.63780256,1384.227
2,31.8205462,54.63803035,1385.06
3,31.82064733,54.63815268,1384.864
4,31.82077584,54.63829949,1385.059
5,31.82089888,54.63845139,1385.6
6,31.82102036,54.63860573,1385.878
7,31.82114228,54.63875977,1386.214
8,31.8212633,54.63891477,1386.362
9,31.8213853,54.63906903,1386.478
10,31.82150692,54.63922267,1386.592
11,31.82162875,54.6393764,1386.506
12,31.82174931,54.63952808,1386.569
13,31.82187377,54.63968457,1386.63
14,31.82199395,54.63983641,1386.74
15,31.82211646,54.63999066,1386.882
16,31.82223915,54.64014543,1386.957
17,31.82236086,54.64029866,1387.055
18,31.82248301,54.64045249,1387.176
19,31.82260504,54.64059559,1387.461
20,31.82260069,54.64063058,1387.424
21,31.82243587,54.64075152,1387.026
22,31.82231831,54.64080372,1387.452
23,31.82218196,54.64064739,1387.731
24,31.82205425,54.64049165,1387.603
25,31.82193221,54.64033945,1387.595
26,31.82181062,54.64018604,1387.489
27,31.82168853,54.64003293,1387.366
28,31.82156636,54.63987914,1387.251
29,31.82144396,54.63972478,1387.263
30,31.82132218,54.63957101,1387.277
31,31.82119933,54.63941662,1386.915
32,31.82107661,54.63926263,1386.671
33,31.82095436,54.63910884,1386.484
34,31.82083285,54.63895635,1386.385
35,31.82070986,54.63880205,1386.261
36,31.82058748,54.63864844,1386.168
37,31.82046518,54.63849531,1386.132
38,31.82034294,54.63834188,1386.021
39,31.82022045,54.63818821,1385.814
40,31.82009921,54.63804252,1385.657
41,31.82002814,54.63800209,1385.585
42,31.81986063,54.63807739,1384.75
43,31.81976218,54.63817098,1384.869
44,31.81988024,54.63833959,1384.634
45,31.82000526,54.63849583,1384.628
46,31.82012708,54.63865036,1385.308
47,31.82024686,54.63880158,1385.635
48,31.82037182,54.63895811,1386.009
49,31.8204934,54.63911156,1386.586
50,31.82061454,54.63926416,1386.834
51,31.82073678,54.63941825,1386.917
52,31.82085844,54.63957142,1386.923
53,31.82098086,54.63972588,1387.026
54,31.82110318,54.63988026,1387.392
55,31.8212247,54.64003365,1387.538
56,31.82134618,54.64018669,1387.615
57,31.8214687,54.64033975,1387.837
58,31.82159084,54.6404932,1388.037
59,31.82171329,54.64064728,1388.111
60,31.82183598,54.64080139,1388.448
61,31.82195822,54.64094847,1388.922
62,31.82198426,54.64101841,1389.089
63,31.82181948,54.64113986,1387.995
64,31.82170216,54.64119111,1387.984
65,31.82156506,54.64103352,1388.171
66,31.82143937,54.64088032,1387.911
67,31.82131887,54.64073021,1387.735
68,31.82119655,54.64057621,1387.615
69,31.82107464,54.64042282,1387.512
70,31.82095229,54.64026865,1387.396
71,31.8208305,54.64011498,1387.411
72,31.82070806,54.63996114,1387.301
73,31.82058623,54.63980778,1387.089
74,31.82046355,54.63965327,1386.811
75,31.82034274,54.63950147,1386.658
76,31.82022008,54.63934744,1386.391
77,31.82009589,54.63919228,1386.101
78,31.81997481,54.63904021,1385.741
79,31.81985284,54.63888632,1385.633
80,31.81973069,54.63873109,1385.47
81,31.81960817,54.6385776,1385.114
82,31.81948695,54.63842794,1384.769
83,31.81939057,54.63836072,1384.727
84,31.81922309,54.63843662,1384.977
85,31.81912426,54.63853054,1385.992
86,31.81924174,54.63869967,1386.003
87,31.81936265,54.63885379,1386.195
88,31.81948755,54.63901004,1386.826
89,31.81961043,54.63916392,1387.302
90,31.8197326,54.63931664,1387.452
91,31.81985263,54.63946945,1387.481
92,31.8199768,54.63962606,1387.56
93,31.82009683,54.63977677,1387.658
94,31.82022191,54.63993374,1387.425
95,31.82034439,54.64008726,1387.364
96,31.82046455,54.64023806,1387.264
97,31.82058801,54.64039352,1387.521
98,31.82070778,54.64054476,1387.475
99,31.82083253,54.64070087,1387.62
100,31.82095281,54.64085111,1387.656
101,31.82107716,54.64100805,1387.547
102,31.8211969,54.64115967,1387.625
103,31.82131833,54.6413112,1387.9
104,31.82137117,54.64140687,1388.296
105,31.82120564,54.64153032,1388.284
106,31.82108853,54.64158316,1388.935
107,31.82095291,54.64142606,1389.018
108,31.82082549,54.64127045,1388.744
109,31.82070392,54.64111873,1388.74
110,31.82058277,54.64096592,1388.465
111,31.82046065,54.6408117,1388.351
112,31.82033846,54.64065833,1388.249
113,31.82021624,54.64050445,1388.063
114,31.82009418,54.6403513,1387.878
115,31.81997047,54.64019598,1387.638
116,31.81984952,54.64004408,1387.405
117,31.81972692,54.63989001,1387.241
118,31.81960424,54.63973547,1386.98
119,31.81948198,54.63958171,1386.576
120,31.81936011,54.63942928,1385.92
121,31.81923855,54.63927594,1385.58
122,31.81911715,54.63912444,1385.333
123,31.8189928,54.63896868,1385.08
124,31.81887151,54.63881623,1384.963
125,31.81874953,54.63872108,1385.009
126,31.81858258,54.6387962,1384.563
127,31.8184851,54.63888988,1384.634
128,31.8186003,54.63905632,1384.186
129,31.81872593,54.63921403,1384.031
130,31.81884811,54.63936778,1384.462
131,31.81896976,54.63952207,1384.728
132,31.81909289,54.63967776,1385.308
133,31.81921599,54.63983232,1386.1
134,31.81933643,54.63998286,1386.503
135,31.81946124,54.64014032,1386.774
136,31.81958247,54.64029312,1387.307
137,31.8197048,54.64044643,1387.363
138,31.81982445,54.64059747,1387.086
139,31.81994839,54.64075375,1386.922
140,31.82006861,54.6409047,1386.816
141,31.82019201,54.64105908,1387.125
142,31.82031451,54.64121259,1387.406
143,31.82043612,54.64136597,1387.717
144,31.82055805,54.64152015,1387.878
145,31.82068154,54.64167482,1387.962
146,31.82075775,54.64179867,1388.059
147,31.82058734,54.64191153,1387.176
148,31.82046479,54.6419587,1387.391
149,31.82032987,54.64180342,1387.77
150,31.82020142,54.64164738,1387.637
151,31.82008123,54.64149717,1387.585
152,31.81995901,54.64134348,1387.494
153,31.8198372,54.64118932,1387.454
154,31.8197144,54.64103456,1387.449
155,31.81959363,54.6408834,1387.283
156,31.81946962,54.64072789,1387.034
157,31.81934876,54.64057455,1386.897
158,31.81922655,54.64042116,1386.699
159,31.81910416,54.6402677,1386.521
160,31.81898134,54.64011402,1386.195
161,31.81885874,54.63995924,1385.935
162,31.81873679,54.63980614,1385.768
163,31.81861662,54.63965563,1385.499
164,31.81849226,54.63949863,1385.145
165,31.81837194,54.63934821,1385.178
166,31.81824759,54.63919136,1385.197
167,31.81811458,54.639081,1385.356
168,31.81794828,54.63915623,1385.112
169,31.81784828,54.63924918,1385.618
170,31.81796591,54.63941913,1385.267
171,31.81809162,54.63957566,1385.45
172,31.81821343,54.639729,1385.824
173,31.81833305,54.63987995,1386.121
174,31.81845673,54.64003613,1386.421
175,31.81857708,54.64018838,1386.586
176,31.81869926,54.640343,1386.418
177,31.81882208,54.64049712,1386.49
178,31.81894457,54.64065092,1386.652
179,31.81906686,54.64080463,1386.951
180,31.8191891,54.64095863,1387.215
181,31.81930928,54.64111,1387.374
182,31.81943253,54.64126393,1387.555
183,31.8195544,54.64141743,1387.688
184,31.81967703,54.64157202,1387.746
185,31.81979977,54.64172551,1387.915
186,31.8199218,54.64187918,1388.172
187,31.82004236,54.64203079,1388.232
188,31.82010513,54.64213774,1388.342
189,31.81993001,54.64223886,1387.427
190,31.81979842,54.64228158,1387.422
191,31.81966251,54.64212575,1387.65
192,31.81953581,54.64197162,1387.699
193,31.81941342,54.64181972,1387.842
194,31.81929177,54.64166622,1387.829
195,31.8191695,54.64151185,1387.857
196,31.81904785,54.6413581,1387.724
197,31.81892715,54.64120605,1387.494
198,31.81880287,54.64105022,1387.181
199,31.81868063,54.64089699,1386.952
200,31.81855843,54.64074336,1386.656
201,31.81843586,54.64058997,1386.431
202,31.81831329,54.64043684,1386.206
203,31.8181914,54.64028369,1386.0
204,31.81806939,54.64012999,1385.906
205,31.81794658,54.63997589,1385.786
206,31.81782376,54.63982252,1385.557
207,31.81770352,54.63967142,1385.372
208,31.81758145,54.63951917,1385.173
209,31.81747437,54.63944109,1385.082
210,31.81730683,54.63951627,1384.714
211,31.81720996,54.63961032,1384.261
212,31.81732629,54.63977942,1383.735
213,31.81745004,54.6399346,1384.024
214,31.81757201,54.64008766,1384.763
215,31.81769449,54.64024153,1385.488
216,31.81781717,54.64039613,1386.165
217,31.81793796,54.64054924,1386.596
218,31.81806003,54.64070329,1386.679
219,31.81818329,54.64085843,1387.127
220,31.81830601,54.64101246,1387.466
221,31.81842831,54.64116619,1387.625
222,31.81855201,54.64132108,1388.063
223,31.81867462,54.64147468,1388.479
224,31.81879768,54.64162791,1388.638
225,31.81892004,54.64178152,1388.869
226,31.81904227,54.64193551,1389.117
227,31.81916392,54.64208976,1389.165
228,31.81928628,54.64224432,1389.118
229,31.81940844,54.64239176,1389.563
230,31.8194394,54.64246239,1389.84
231,31.81926268,54.6425641,1388.452
232,31.81912975,54.64260678,1388.25
233,31.81899565,54.64244895,1388.449
234,31.8188687,54.64229425,1388.355
235,31.81874704,54.64214265,1388.21
236,31.81862531,54.64198914,1388.127
237,31.81850311,54.64183477,1387.983
238,31.81838071,54.64168092,1388.003
239,31.81826087,54.64152988,1387.765
240,31.81813841,54.641376,1387.547
241,31.81801604,54.64122227,1387.498
242,31.81789304,54.64106887,1387.371
243,31.81777148,54.64091587,1387.191
244,31.81764913,54.64076284,1386.951
245,31.8175264,54.64060915,1386.795
246,31.81740318,54.64045488,1386.713
247,31.81728109,54.64030182,1386.711
248,31.81715827,54.64014703,1386.707
249,31.81703522,54.63999387,1386.535
250,31.81691367,54.63984583,1386.363
251,31.81683806,54.63980171,1386.156
252,31.81667124,54.63987701,1384.816
253,31.8165739,54.63997234,1384.212
254,31.81668986,54.6401397,1383.758
255,31.81681671,54.6402995,1384.033
256,31.81693865,54.64045313,1384.884
257,31.81706002,54.64060624,1385.361
258,31.8171804,54.64075779,1385.682
259,31.81730228,54.64091198,1386.015
260,31.81742396,54.64106563,1386.39
261,31.81754641,54.64121952,1386.569
262,31.81766907,54.64137346,1387.175
263,31.81779092,54.64152744,1387.737
264,31.81791381,54.64168118,1388.139
265,31.81803593,54.64183455,1388.594
266,31.81815762,54.64198807,1388.768
267,31.81828001,54.64214229,1388.799
268,31.81840304,54.64229655,1388.979
269,31.81852621,54.64245034,1389.453
270,31.81864635,54.64260167,1389.637
271,31.81877272,54.64274638,1390.151
272,31.8187713,54.642785,1390.143
273,31.81859569,54.64288525,1389.004
274,31.81846246,54.64292803,1389.285
275,31.81832831,54.64277112,1389.458
276,31.81820089,54.64261696,1389.231
277,31.8180801,54.64246756,1389.21
278,31.81795571,54.64231138,1389.231
279,31.81783477,54.64215971,1388.939
280,31.81771085,54.64200405,1388.609
281,31.81758933,54.64185212,1388.26
282,31.81746663,54.64169851,1388.014
283,31.81734201,54.64154267,1387.897
284,31.81722169,54.64139046,1387.806
285,31.81709841,54.64123626,1387.655
286,31.81697577,54.64108164,1387.355
287,31.81685262,54.64092776,1387.22
288,31.81673147,54.64077604,1386.953
289,31.81660877,54.64062181,1386.749
290,31.81648653,54.64046833,1386.543
291,31.81636458,54.6403154,1386.209
292,31.81623743,54.64017437,1385.97
293,31.81619612,54.64016049,1385.82
294,31.81602951,54.6402377,1385.283
295,31.8159321,54.64033059,1385.955
296,31.81604686,54.64049772,1385.565
297,31.81617138,54.64065507,1385.761
298,31.81629374,54.64080852,1386.318
299,31.81641713,54.64096259,1386.846
300,31.81654139,54.64111877,1387.339
301,31.8166621,54.64126986,1387.594
302,31.81678667,54.6414259,1387.972
303,31.8169078,54.64157834,1388.133
304,31.81702962,54.64173219,1388.242
305,31.81714994,54.64188382,1388.615
306,31.81727429,54.64204038,1388.984
307,31.81739411,54.6421917,1389.118
308,31.81751869,54.64234711,1389.407
309,31.8176403,54.64249824,1389.579
310,31.81776207,54.64265251,1389.768
311,31.81788484,54.64280764,1390.282
312,31.81800897,54.64296362,1390.828
313,31.81809939,54.64310755,1391.309
314,31.81792425,54.64320855,1390.392
315,31.81779289,54.64324989,1390.373
316,31.81765965,54.64309524,1390.541
317,31.81753373,54.64294151,1390.421
318,31.81741192,54.64278927,1390.327
319,31.81728803,54.64263227,1390.149
320,31.81716803,54.6424806,1390.045
321,31.8170433,54.64232411,1389.911
322,31.81692269,54.64217276,1389.682
323,31.81679908,54.64201775,1389.346
324,31.81667659,54.64186372,1388.964
325,31.81655387,54.64170952,1388.663
326,31.81643127,54.6415549,1388.211
327,31.81630847,54.641402,1387.818
328,31.81618548,54.64124778,1387.474
329,31.81606241,54.64109333,1387.153
330,31.81594136,54.6409408,1386.816
331,31.81581883,54.64078718,1386.526
332,31.81569534,54.64063242,1386.31
333,31.81555872,54.64051627,1386.212
334,31.81539015,54.64059185,1385.928
335,31.81529205,54.64068508,1386.178
336,31.81540995,54.64085605,1386.26
337,31.81553144,54.6410093,1386.409
338,31.8156561,54.64116514,1386.968
339,31.81577643,54.64131725,1387.612
340,31.81589876,54.64147093,1388.206
341,31.81602082,54.64162463,1388.536
342,31.81614312,54.64178011,1389.09
343,31.81626686,54.64193618,1389.355
344,31.81638742,54.64208801,1389.699
345,31.81651209,54.64224309,1390.154
346,31.81663458,54.64239749,1390.507
347,31.81675622,54.6425503,1390.715
348,31.8168784,54.64270426,1390.885
349,31.81700038,54.64285834,1391.06
350,31.81712082,54.64300905,1391.201
351,31.81724545,54.64316457,1391.453
352,31.8173669,54.64331637,1391.913
353,31.8174316,54.64342613,1392.489
354,31.81725502,54.64352869,1391.954
355,31.81712383,54.64356932,1392.426
356,31.81699003,54.64341527,1392.67
357,31.81686389,54.64326123,1392.319
358,31.81673927,54.64310585,1392.039
359,31.81661907,54.6429547,1391.733
360,31.81649625,54.6427996,1391.482
361,31.81637389,54.64264651,1391.18
362,31.81625161,54.64249271,1390.828
363,31.81612934,54.64233863,1390.509
364,31.81600539,54.64218444,1390.261
365,31.81588532,54.64203363,1390.031
366,31.81576099,54.64187681,1389.801
367,31.8156403,54.64172495,1389.52
368,31.81551613,54.64156884,1389.268
369,31.8153957,54.64141716,1388.85
370,31.81527376,54.64126411,1388.523
371,31.81515163,54.64111074,1388.099
372,31.8150292,54.64095754,1387.823
373,31.81492045,54.64087579,1387.598
374,31.81475204,54.64095221,1387.586
375,31.81465483,54.64104606,1387.896
376,31.81477206,54.64121527,1387.772
377,31.81489602,54.6413713,1388.15
378,31.81501875,54.64152596,1388.911
379,31.81513883,54.64167784,1389.567
380,31.81526379,54.64183426,1390.047
381,31.81538606,54.64198775,1390.385
382,31.81550672,54.64213927,1390.594
383,31.81563128,54.64229557,1391.005
384,31.81575265,54.64244729,1391.405
385,31.81587552,54.64260167,1391.934
386,31.8159975,54.64275625,1392.448
387,31.81611931,54.64291033,1392.676
388,31.81624072,54.64306404,1392.868
389,31.81636485,54.64321876,1393.105
390,31.81648596,54.6433705,1393.48
391,31.81661044,54.64352631,1393.699
392,31.81673114,54.64367457,1394.041
393,31.81676512,54.64375107,1394.142
394,31.81659057,54.64385237,1393.523
395,31.81645852,54.64389477,1393.781
396,31.81632319,54.64373785,1393.753
397,31.81619679,54.64358384,1393.54
398,31.81607496,54.64343078,1393.362
399,31.81595435,54.64327936,1393.18
400,31.81583206,54.64312627,1393.065
401,31.81570944,54.64297217,1392.884
402,31.81558646,54.64281769,1392.743
403,31.81546375,54.64266363,1392.491
404,31.81534108,54.64250974,1392.267
405,31.81521839,54.64235572,1391.972
406,31.81509554,54.64220146,1391.685
407,31.81497408,54.64204822,1391.114
408,31.81485146,54.64189444,1390.912
409,31.81472901,54.64174103,1390.565
410,31.81460638,54.64158697,1390.212
411,31.8144845,54.64143451,1390.018
412,31.81436246,54.64128429,1389.754
413,31.81428182,54.64123346,1389.63
414,31.8141071,54.64129266,1389.306
415,31.81399418,54.64137748,1389.287
416,31.81411138,54.64154881,1389.004
417,31.81423605,54.64170463,1389.347
418,31.81435773,54.64185744,1390.153
419,31.81447926,54.64201139,1390.658
420,31.81460176,54.64216493,1391.195
421,31.81472449,54.64231907,1391.82
422,31.81484718,54.64247294,1392.276
423,31.81496863,54.64262632,1392.548
424,31.81509079,54.64278071,1392.813
425,31.81521279,54.64293446,1393.015
426,31.81533445,54.64308873,1393.099
427,31.81545784,54.64324301,1393.496
428,31.81558046,54.64339684,1394.075
429,31.81570441,54.64355184,1394.593
430,31.81582735,54.64370574,1395.139
431,31.81594962,54.64385872,1395.171
432,31.81607156,54.64400569,1395.36
433,31.81609876,54.64407444,1395.486
434,31.81592423,54.64417528,1395.132
435,31.81579218,54.64421864,1395.473
436,31.81565501,54.64406018,1395.357
437,31.81552841,54.64390685,1395.07
438,31.81540604,54.64375407,1394.885
439,31.81528534,54.64360137,1394.652
440,31.8151626,54.64344762,1394.408
441,31.81504068,54.64329468,1394.213
442,31.8149189,54.64314092,1393.908
443,31.81479655,54.6429861,1393.717
444,31.81467368,54.64283098,1393.654
445,31.81455111,54.6426785,1393.277
446,31.8144291,54.64252486,1392.791
447,31.81430732,54.64237063,1392.486
448,31.81418428,54.64221615,1392.213
449,31.81406148,54.64206332,1391.926
450,31.81394163,54.64191329,1391.62
451,31.81381677,54.64175601,1391.244
452,31.81369547,54.64160397,1390.941
453,31.81359199,54.64152837,1390.912
454,31.81341784,54.64158463,1390.854
455,31.8133017,54.6416671,1390.739
2,31.81336673,54.64175438,1389.807
3,31.81346604,54.64187617,1389.934
4,31.81359011,54.64203298,1390.27
5,31.81371103,54.64218713,1390.914
6,31.81383265,54.64234101,1391.269
7,31.81395375,54.64249344,1391.651
8,31.81407627,54.64264854,1392.146
9,31.8141982,54.64280184,1392.533
10,31.81431989,54.64295495,1392.804
11,31.81444223,54.64310771,1393.003
12,31.81456529,54.6432614,1393.231
13,31.8146881,54.64341559,1393.66
14,31.81481073,54.64356991,1394.162
15,31.81493288,54.64372317,1394.64
16,31.81505603,54.64387735,1394.908
17,31.81517928,54.64403113,1395.286
18,31.81530207,54.64418314,1395.437
19,31.81542105,54.64433412,1395.744
20,31.81545702,54.64442582,1396.187
21,31.8152863,54.64452193,1396.556
22,31.8151512,54.64455708,1396.955
23,31.81501646,54.64440591,1396.454
24,31.81488911,54.64424842,1395.814
25,31.81476939,54.64409911,1395.372
26,31.8146472,54.6439458,1395.003
27,31.81452345,54.64379154,1394.875
28,31.8144005,54.64363836,1394.79
29,31.81427825,54.6434853,1394.482
30,31.8141551,54.64333131,1394.107
31,31.81403283,54.64317749,1393.786
32,31.81391035,54.64302404,1393.206
33,31.81378998,54.64287364,1392.832
34,31.81366499,54.64271768,1392.543
35,31.81354273,54.64256419,1392.342
36,31.81342057,54.64241076,1392.128
37,31.81330075,54.64225893,1391.74
38,31.81317795,54.64210387,1391.405
39,31.81305406,54.64194709,1390.946
40,31.81293278,54.64183924,1390.827
41,31.81275324,54.64190013,1390.707
42,31.81263426,54.64197586,1390.757
43,31.81275334,54.64214697,1390.521
44,31.81287674,54.64230567,1390.814
45,31.81299852,54.64245859,1391.418
46,31.81312213,54.642612,1391.917
47,31.81324554,54.64276626,1392.503
48,31.81336882,54.64291988,1393.213
49,31.81349231,54.64307322,1393.707
50,31.81361483,54.64322718,1394.031
51,31.8137358,54.64337955,1394.293
52,31.81385792,54.64353461,1394.59
53,31.81398042,54.64368919,1395.098
54,31.81410223,54.64384244,1395.394
55,31.81422506,54.64399626,1395.611
56,31.81434666,54.64414805,1395.887
57,31.81446921,54.64430254,1396.141
58,31.81458956,54.64445418,1396.524
59,31.81471368,54.64461094,1397.01
60,31.81478734,54.64474855,1397.548
61,31.81461708,54.64484341,1397.781
62,31.8144829,54.64487858,1398.208
63,31.8143462,54.6447236,1397.932
64,31.81422436,54.64457287,1397.52
65,31.81410047,54.64441805,1397.132
66,31.81398007,54.64426637,1396.891
67,31.81385727,54.64411182,1396.543
68,31.81373582,54.64395787,1396.275
69,31.81361395,54.64380431,1395.862
70,31.81349185,54.64365078,1395.444
71,31.81337007,54.64349727,1395.084
72,31.8132459,54.64334092,1394.685
73,31.81312542,54.64318884,1394.43
74,31.81300287,54.64303498,1394.101
75,31.81288086,54.64288153,1393.875
76,31.81275811,54.64272754,1393.309
77,31.81263616,54.64257594,1392.646
78,31.81251109,54.64241976,1392.177
79,31.8123908,54.64226876,1391.649
80,31.81226663,54.64213236,1391.309
81,31.81222949,54.64212541,1391.269
82,31.81206468,54.64218721,1391.014
83,31.81194338,54.64226583,1391.282
84,31.81206606,54.64243942,1391.626
85,31.81218785,54.6425966,1391.946
86,31.81230839,54.64274904,1392.5
87,31.81243031,54.6429019,1393.006
88,31.8125524,54.64305381,1393.309
89,31.81267457,54.64320877,1393.752
90,31.81279673,54.643362,1394.144
91,31.81291894,54.64351629,1394.587
92,31.81304136,54.64367091,1395.065
93,31.81316208,54.64382432,1395.498
94,31.813284,54.6439784,1395.919
95,31.81340624,54.64413237,1396.302
96,31.81352922,54.64428668,1396.752
97,31.8136513,54.644441,1397.364
98,31.8137735,54.64459477,1397.756
99,31.81389468,54.64474667,1398.09
100,31.81401879,54.64490298,1398.509
101,31.81412214,54.64505699,1399.275
102,31.81411536,54.64507991,1399.34
103,31.81394828,54.64516847,1399.372
104,31.81381392,54.64520336,1399.595
105,31.81367929,54.64505131,1399.092
106,31.81355536,54.6448967,1398.597
107,31.81343448,54.6447433,1398.342
108,31.81331227,54.64458865,1398.002
109,31.81318981,54.64443496,1397.537
110,31.81306727,54.64428081,1397.174
111,31.81294728,54.64412934,1396.846
112,31.81282443,54.64397532,1396.303
113,31.81270162,54.64382221,1395.736
114,31.81257851,54.64366963,1395.122
115,31.81245614,54.64351632,1394.677
116,31.81233406,54.64336352,1394.163
117,31.81221144,54.64321013,1393.673
118,31.81208934,54.64305667,1393.291
119,31.81196711,54.64290343,1392.844
120,31.81184581,54.64275009,1392.333
121,31.81172377,54.64259647,1391.841
122,31.8116036,54.64244848,1391.353
123,31.81154602,54.64241973,1391.298
124,31.81136943,54.64248077,1391.394
125,31.81125044,54.64255703,1391.754
126,31.81137086,54.64272689,1391.791
127,31.81149226,54.64288406,1392.188
128,31.81161497,54.64303994,1392.847
129,31.81173736,54.64319323,1393.468
130,31.8118603,54.64334911,1393.953
131,31.81198282,54.64350329,1394.633
132,31.81210578,54.64365772,1395.219
133,31.81222743,54.64381076,1395.6
134,31.81234979,54.64396518,1396.119
135,31.81247245,54.64411813,1396.701
136,31.81259456,54.64427163,1397.009
137,31.81271715,54.64442582,1397.346
138,31.81283687,54.644577,1397.725
139,31.81296013,54.64473186,1398.158
140,31.81308026,54.64488248,1398.445
141,31.81320329,54.6450377,1398.891
142,31.8133245,54.64518915,1399.247
143,31.81344134,54.64534074,1399.717
144,31.81345167,54.64539803,1399.979
145,31.81328029,54.64549244,1399.732
146,31.81314476,54.64552808,1400.003
147,31.81300948,54.64537676,1399.662
148,31.81288232,54.64522034,1399.198
149,31.81275968,54.64506691,1398.872
150,31.81263755,54.64491298,1398.559
151,31.81251573,54.64475944,1398.233
152,31.81239545,54.64460787,1398.023
153,31.81226957,54.64445228,1397.834
154,31.81214693,54.64429952,1397.528
155,31.81202594,54.64414748,1397.175
156,31.8119031,54.64399347,1396.756
157,31.81178023,54.64383931,1396.315
158,31.81165643,54.64368444,1395.955
159,31.81153373,54.64353,1395.702
160,31.81141275,54.64337864,1395.353
161,31.81128731,54.64322194,1395.161
162,31.81116646,54.64307029,1394.984
163,31.81104228,54.64291405,1394.651
164,31.81092285,54.64276559,1394.133
165,31.81083853,54.64270522,1394.005
166,31.81066184,54.642766,1393.726
167,31.81054155,54.64284269,1393.751
168,31.81066212,54.64301544,1393.395
169,31.81078577,54.64317534,1393.776
170,31.81090412,54.64332531,1394.378
171,31.81102795,54.64348084,1394.964
172,31.81114767,54.64363174,1395.471
173,31.81127206,54.64378781,1396.046
174,31.81139247,54.643939,1396.426
175,31.81151372,54.64409126,1396.73
176,31.81163646,54.64424448,1396.97
177,31.81175863,54.64439831,1397.323
178,31.81188056,54.64455346,1397.848
179,31.81200201,54.64470673,1398.369
180,31.81212404,54.64485952,1398.898
181,31.8122462,54.64501245,1399.149
182,31.81236838,54.64516598,1399.326
183,31.81249119,54.64532058,1399.534
184,31.81261099,54.64547269,1399.88
185,31.8127325,54.64562834,1400.644
186,31.81276471,54.64571579,1401.082
187,31.81259379,54.64581027,1400.355
188,31.81245838,54.6458446,1400.343
189,31.81232299,54.64569208,1400.2
190,31.81219882,54.6455394,1399.907
191,31.81207626,54.64538598,1399.503
192,31.81195423,54.64523314,1399.131
193,31.81183218,54.64508002,1398.829
194,31.81170995,54.64492674,1398.562
195,31.81158709,54.64477285,1398.22
196,31.81146484,54.64461935,1397.899
197,31.81134247,54.64446582,1397.518
198,31.81121999,54.64431163,1397.261
199,31.81109746,54.6441581,1396.983
200,31.81097611,54.64400617,1396.678
201,31.81085328,54.64385322,1396.351
202,31.81073074,54.64370023,1396.031
203,31.81060605,54.64354455,1395.738
204,31.81048566,54.64339336,1395.425
205,31.81036181,54.64323916,1395.154
206,31.81023954,54.6430864,1395.064
207,31.81013404,54.64299507,1395.003
208,31.80995643,54.64305588,1394.533
209,31.80983707,54.64313311,1394.802
210,31.8099562,54.64330352,1394.429
211,31.81008063,54.64346268,1394.878
212,31.81020268,54.64361638,1395.563
213,31.8103241,54.64376761,1396.014
214,31.81044884,54.64392296,1396.693
215,31.81056923,54.64407462,1397.076
216,31.81069163,54.64422879,1397.411
217,31.81081367,54.64438245,1397.784
218,31.81093602,54.64453673,1398.171
219,31.81105767,54.64469099,1398.547
220,31.8111801,54.64484551,1398.923
221,31.81130188,54.64499887,1399.377
222,31.81142484,54.64515298,1399.694
223,31.81154591,54.6453041,1399.988
224,31.81166885,54.64545893,1400.157
225,31.81179103,54.64561263,1400.428
226,31.8119134,54.64576638,1400.776
227,31.81203449,54.64591912,1401.149
228,31.81209368,54.64603925,1401.459
229,31.81192331,54.6461347,1401.124
230,31.81178675,54.64616954,1401.42
231,31.81165289,54.64601848,1401.269
232,31.81152811,54.64586426,1400.873
233,31.81140616,54.6457113,1400.654
234,31.81128284,54.64555628,1400.465
235,31.81116232,54.64540487,1400.339
236,31.81104021,54.64525175,1400.02
237,31.81091748,54.64509802,1399.772
238,31.81079544,54.64494402,1399.693
239,31.81067262,54.64479028,1399.535
240,31.81055012,54.6446367,1399.329
241,31.81042734,54.64448257,1398.91
242,31.81030538,54.64432997,1398.566
243,31.8101822,54.64417633,1398.217
244,31.81005992,54.64402223,1397.79
245,31.80993994,54.64387054,1397.393
246,31.8098178,54.64371717,1397.072
247,31.80969543,54.64356332,1396.742
248,31.80957271,54.64340945,1396.399
249,31.80944228,54.64328731,1396.227
250,31.80926352,54.64334614,1395.976
251,31.80914216,54.64342535,1396.815
252,31.80926065,54.64359339,1396.634
253,31.80938614,54.6437559,1396.831
254,31.80950628,54.6439088,1397.522
255,31.80962887,54.64406196,1398.062
256,31.80975199,54.64421599,1398.736
257,31.80987342,54.64436944,1399.283
258,31.80999536,54.64452258,1399.417
259,31.81011827,54.6446765,1399.639
260,31.81024011,54.64483016,1400.063
261,31.8103621,54.64498294,1400.421
262,31.81048448,54.64513455,1400.429
263,31.81060737,54.64529007,1400.667
264,31.81072979,54.64544395,1401.054
265,31.81085231,54.64559787,1401.48
266,31.81097448,54.64575094,1401.931
267,31.81109603,54.64590382,1402.017
268,31.81121879,54.64605907,1402.211
269,31.81134077,54.64621228,1402.582
270,31.8114223,54.64635626,1402.884
271,31.81124452,54.64643301,1402.719
272,31.81109103,54.64645977,1402.913
273,31.81095618,54.64630559,1402.827
274,31.81083298,54.64615368,1402.584
275,31.81071099,54.64600045,1402.307
276,31.810591,54.6458498,1402.082
277,31.81046722,54.64569331,1401.695
278,31.81034706,54.64554221,1401.267
279,31.8102243,54.64538805,1400.994
280,31.81010191,54.6452347,1400.75
281,31.80997951,54.64508114,1400.45
282,31.80985665,54.64492753,1399.997
283,31.80973392,54.64477425,1399.773
284,31.80961258,54.64462168,1399.543
285,31.80949069,54.64446795,1399.242
286,31.80936848,54.64431414,1398.904
287,31.80924593,54.64416026,1398.593
288,31.80912348,54.64400663,1398.277
289,31.8090007,54.64385283,1397.962
290,31.80887808,54.64369905,1397.705
291,31.80874615,54.64357867,1397.582
292,31.80856969,54.64363788,1397.252
293,31.80845029,54.64371653,1397.748
294,31.80856954,54.64388573,1397.927
295,31.80869261,54.64404405,1398.393
296,31.80881523,54.64419913,1399.195
297,31.80893697,54.64435251,1399.742
298,31.8090596,54.64450567,1400.083
299,31.80918264,54.64465901,1400.369
300,31.8093057,54.6448134,1400.705
301,31.80942745,54.64496755,1401.03
302,31.80955,54.64512032,1401.163
303,31.80967086,54.64527181,1401.43
304,31.8097951,54.64542801,1401.767
305,31.80991594,54.64557889,1402.106
306,31.81003993,54.6457356,1402.433
307,31.81016049,54.64588756,1402.934
308,31.81028404,54.64604193,1403.382
309,31.81040658,54.64619573,1403.706
310,31.81052872,54.64634817,1403.949
311,31.81065021,54.64650127,1404.227
312,31.81070048,54.6466095,1404.444
313,31.81052159,54.64668301,1403.894
314,31.81036716,54.64670789,1404.141
315,31.8102328,54.64655494,1404.031
316,31.81010911,54.64640195,1403.636
317,31.80998707,54.64624889,1403.304
318,31.80986512,54.64609575,1402.992
319,31.80974306,54.64594242,1402.659
320,31.80962068,54.64578912,1402.387
321,31.80949823,54.64563552,1402.16
322,31.80937626,54.64548136,1401.835
323,31.80925406,54.64532776,1401.465
324,31.80913117,54.64517449,1401.247
325,31.80900914,54.64502132,1401.152
326,31.80888658,54.64486665,1401.117
327,31.80876442,54.64471278,1400.971
328,31.80864213,54.64455942,1400.47
329,31.80851993,54.64440637,1399.955
330,31.80839759,54.64425246,1399.473
331,31.80827552,54.64409921,1399.121
332,31.80815487,54.64394779,1398.921
333,31.80805758,54.64387026,1398.674
334,31.80787996,54.64392959,1398.21
335,31.80775951,54.64400786,1398.953
336,31.80787827,54.64417388,1398.978
337,31.80800169,54.64433315,1399.147
338,31.80812397,54.64448776,1399.832
339,31.80824654,54.644642,1400.498
340,31.80836923,54.64479571,1401.084
341,31.80849144,54.64494884,1401.391
342,31.80861431,54.64510267,1401.869
343,31.80873639,54.64525613,1402.347
344,31.80885854,54.64540906,1402.693
345,31.80898036,54.64556309,1402.954
346,31.80910312,54.64571717,1403.315
347,31.80922545,54.6458712,1403.749
348,31.80934746,54.64602456,1404.077
349,31.80947036,54.64617834,1404.311
350,31.80959318,54.64633251,1404.585
351,31.80971366,54.64648399,1404.955
352,31.80983792,54.64664089,1405.461
353,31.80995492,54.64679209,1405.963
354,31.80997378,54.6468589,1406.089
355,31.80979493,54.64693206,1405.47
356,31.80964113,54.64695515,1405.69
